WTA,Location,Tournament,Date,Tier,Court,surface,Round,best_of,winner_name,loser_name,winner_rank,loser_rank,winner_rank_points,loser_rank_points,W1,L1,W2,L2,W3,L3,Wsets,Lsets,Comment,B365W,B365L,PSW,PSL,MaxW,MaxL,AvgW,AvgL,tourney_date
1,Adelaide,Adelaide International 1,2022-01-03,WTA500,Outdoor,Hard,1st Round,3,Sakkari M.,Zidansek T.,6.0,30.0,4385.0,1876.0,6.0,2.0,0.0,6.0,6.0,4.0,2.0,1.0,Completed,1.14,5.5,1.15,6.34,1.16,7.0,1.13,5.75,20220103
1,Adelaide,Adelaide International 1,2022-01-03,WTA500,Outdoor,Hard,1st Round,3,Rybakina E.,Sanders S.,14.0,132.0,2855.0,581.0,6.0,4.0,1.0,6.0,6.0,1.0,2.0,1.0,Completed,1.2,4.5,1.22,4.7,1.24,5.52,1.2,4.4,20220103
1,Adelaide,Adelaide International 1,2022-01-03,WTA500,Outdoor,Hard,1st Round,3,Juvan K.,Paquet C.,100.0,119.0,788.0,628.0,6.0,4.0,6.0,2.0,,,2.0,0.0,Completed,1.5,2.62,1.47,2.89,1.52,2.9,1.45,2.71,20220103
1,Adelaide,Adelaide International 1,2022-01-03,WTA500,Outdoor,Hard,1st Round,3,Tomljanovic A.,Watson H.,45.0,72.0,1395.0,949.0,6.0,4.0,7.0,6.0,,,2.0,0.0,Completed,1.3,3.5,1.33,3.64,1.34,3.65,1.3,3.45,20220103
1,Adelaide,Adelaide International 1,2022-01-03,WTA500,Outdoor,Hard,1st Round,3,Fernandez L.A.,Alexandrova E.,24.0,34.0,2284.0,1736.0,6.0,3.0,6.0,4.0,,,2.0,0.0,Completed,1.57,2.37,1.76,2.17,1.86,2.43,1.65,2.21,20220103
1,Adelaide,Adelaide International 1,2022-01-03,WTA500,Outdoor,Hard,1st Round,3,Hon P.,Kvitova P.,263.0,17.0,266.0,2660.0,6.0,7.0,7.0,5.0,6.0,2.0,2.0,1.0,Completed,6.0,1.12,6.84,1.13,7.25,1.15,6.02,1.12,20220103
1,Adelaide,Adelaide International 1,2022-01-04,WTA500,Outdoor,Hard,1st Round,3,Gasanova A.,Svitolina E.,130.0,15.0,587.0,2726.0,5.0,7.0,6.0,4.0,6.0,3.0,2.0,1.0,Completed,5.5,1.14,8.12,1.1,8.75,1.14,6.77,1.1,20220104
1,Adelaide,Adelaide International 1,2022-01-04,WTA500,Outdoor,Hard,1st Round,3,Rogers S.,Inglis M.,40.0,141.0,1583.0,549.0,6.0,1.0,6.0,3.0,,,2.0,0.0,Completed,1.22,4.33,1.27,4.18,1.27,4.4,1.23,4.07,20220104
1,Adelaide,Adelaide International 1,2022-01-04,WTA500,Outdoor,Hard,1st Round,3,Gauff C.,Eikeri U.,22.0,306.0,2550.0,220.0,6.0,2.0,6.0,1.0,,,2.0,0.0,Completed,1.06,10.0,1.05,13.55,1.06,13.55,1.04,10.51,20220104
1,Adelaide,Adelaide International 1,2022-01-04,WTA500,Outdoor,Hard,1st Round,3,Kenin S.,Bronzetti L.,12.0,148.0,2971.0,495.0,7.0,5.0,7.0,5.0,,,2.0,0.0,Completed,1.3,3.5,1.35,3.49,1.36,3.6,1.32,3.35,20220104
1,Adelaide,Adelaide International 1,2022-01-04,WTA500,Outdoor,Hard,1st Round,3,Swiatek I.,Saville D.,9.0,419.0,3786.0,126.0,6.0,3.0,6.0,3.0,,,2.0,0.0,Completed,1.2,4.5,1.21,4.94,1.25,5.5,1.21,4.4,20220104
1,Adelaide,Adelaide International 1,2022-01-04,WTA500,Outdoor,Hard,1st Round,3,Doi M.,Kucova K.,105.0,97.0,771.0,807.0,6.0,3.0,3.0,6.0,6.0,1.0,2.0,1.0,Completed,2.0,1.8,2.12,1.79,2.12,1.89,1.99,1.8,20220104
1,Adelaide,Adelaide International 1,2022-01-04,WTA500,Outdoor,Hard,1st Round,3,Bouzkova M.,Papamichail D.,90.0,182.0,838.0,370.0,6.0,3.0,6.0,0.0,,,2.0,0.0,Completed,1.14,5.5,1.17,5.65,1.18,6.0,1.15,5.38,20220104
1,Adelaide,Adelaide International 1,2022-01-04,WTA500,Outdoor,Hard,1st Round,3,Azarenka V.,Badosa P.,27.0,8.0,2166.0,3849.0,6.0,3.0,6.0,2.0,,,2.0,0.0,Completed,2.0,1.8,2.1,1.81,2.14,1.95,1.98,1.81,20220104
1,Adelaide,Adelaide International 1,2022-01-05,WTA500,Outdoor,Hard,2nd Round,3,Juvan K.,Sabalenka A.,100.0,2.0,788.0,6380.0,7.0,6.0,6.0,1.0,,,2.0,0.0,Completed,4.5,1.2,4.76,1.23,5.5,1.25,4.36,1.21,20220105
1,Adelaide,Adelaide International 1,2022-01-05,WTA500,Outdoor,Hard,2nd Round,3,Rogers S.,Sakkari M.,40.0,6.0,1583.0,4385.0,7.0,6.0,2.0,6.0,6.0,4.0,2.0,1.0,Completed,3.0,1.4,3.09,1.43,3.27,1.49,2.93,1.4,20220105
1,Adelaide,Adelaide International 1,2022-01-05,WTA500,Outdoor,Hard,2nd Round,3,Rybakina E.,Bouzkova M.,14.0,90.0,2855.0,838.0,6.0,3.0,6.0,4.0,,,2.0,0.0,Completed,1.28,3.75,1.33,3.69,1.35,4.05,1.29,3.53,20220105
1,Adelaide,Adelaide International 1,2022-01-05,WTA500,Outdoor,Hard,2nd Round,3,Barty A.,Gauff C.,1.0,22.0,7582.0,2550.0,4.0,6.0,7.0,5.0,6.0,1.0,2.0,1.0,Completed,1.4,3.0,1.41,3.19,1.45,3.25,1.38,3.0,20220105
1,Adelaide,Adelaide International 1,2022-01-06,WTA500,Outdoor,Hard,2nd Round,3,Swiatek I.,Fernandez L.A.,9.0,24.0,3786.0,2284.0,6.0,1.0,6.0,2.0,,,2.0,0.0,Completed,1.53,2.5,1.48,2.87,1.62,2.92,1.52,2.5,20220106
1,Adelaide,Adelaide International 1,2022-01-06,WTA500,Outdoor,Hard,2nd Round,3,Azarenka V.,Hon P.,27.0,263.0,2166.0,266.0,6.0,3.0,7.0,5.0,,,2.0,0.0,Completed,1.14,5.5,1.12,7.65,1.19,7.65,1.13,5.89,20220106
1,Adelaide,Adelaide International 1,2022-01-06,WTA500,Outdoor,Hard,2nd Round,3,Doi M.,Gasanova A.,105.0,130.0,771.0,587.0,7.0,6.0,6.0,3.0,,,2.0,0.0,Completed,1.8,2.0,1.99,1.92,1.99,2.1,1.84,1.96,20220106
1,Adelaide,Adelaide International 1,2022-01-06,WTA500,Outdoor,Hard,2nd Round,3,Kenin S.,Tomljanovic A.,12.0,45.0,2971.0,1395.0,3.0,6.0,7.0,6.0,6.0,3.0,2.0,1.0,Completed,1.9,1.9,2.1,1.83,2.1,1.95,1.95,1.85,20220106
1,Adelaide,Adelaide International 1,2022-01-07,WTA500,Outdoor,Hard,Quarterfinals,3,Rybakina E.,Rogers S.,14.0,40.0,2855.0,1583.0,3.0,6.0,6.0,3.0,6.0,2.0,2.0,1.0,Completed,1.57,2.37,1.54,2.67,1.62,2.81,1.53,2.47,20220107
1,Adelaide,Adelaide International 1,2022-01-07,WTA500,Outdoor,Hard,Quarterfinals,3,Doi M.,Juvan K.,105.0,100.0,771.0,788.0,6.0,3.0,4.0,6.0,7.0,6.0,2.0,1.0,Completed,2.62,1.5,2.71,1.53,2.9,1.55,2.6,1.49,20220107
1,Adelaide,Adelaide International 1,2022-01-07,WTA500,Outdoor,Hard,Quarterfinals,3,Barty A.,Kenin S.,1.0,12.0,7582.0,2971.0,6.0,3.0,6.0,4.0,,,2.0,0.0,Completed,1.25,4.0,1.26,4.36,1.31,4.36,1.25,3.9,20220107
1,Adelaide,Adelaide International 1,2022-01-07,WTA500,Outdoor,Hard,Quarterfinals,3,Swiatek I.,Azarenka V.,9.0,27.0,3786.0,2166.0,6.0,3.0,2.0,6.0,6.0,1.0,2.0,1.0,Completed,1.8,2.0,1.79,2.14,1.83,2.2,1.77,2.05,20220107
1,Adelaide,Adelaide International 1,2022-01-08,WTA500,Outdoor,Hard,Semifinals,3,Rybakina E.,Doi M.,14.0,105.0,2855.0,771.0,6.0,4.0,6.0,3.0,,,2.0,0.0,Completed,1.14,5.5,1.17,5.92,1.19,6.0,1.15,5.31,20220108
1,Adelaide,Adelaide International 1,2022-01-08,WTA500,Outdoor,Hard,Semifinals,3,Barty A.,Swiatek I.,1.0,9.0,7582.0,3786.0,6.0,2.0,6.0,4.0,,,2.0,0.0,Completed,1.57,2.37,1.58,2.54,1.62,2.61,1.55,2.44,20220108
1,Adelaide,Adelaide International 1,2022-01-09,WTA500,Outdoor,Hard,The Final,3,Barty A.,Rybakina E.,1.0,14.0,7582.0,2855.0,6.0,3.0,6.0,2.0,,,2.0,0.0,Completed,1.25,4.0,1.33,3.69,1.33,4.03,1.27,3.72,20220109
2,Melbourne,Melbourne Summer Set 1,2022-01-04,WTA250,Outdoor,Hard,1st Round,3,Osaka N.,Cornet A.,13.0,61.0,2956.0,1080.0,6.0,4.0,3.0,6.0,6.0,3.0,2.0,1.0,Completed,1.16,5.0,1.26,4.17,1.26,5.0,1.22,4.16,20220104
2,Melbourne,Melbourne Summer Set 1,2022-01-04,WTA250,Outdoor,Hard,1st Round,3,Ruse E.G.,Rodionova Ar.,87.0,152.0,859.0,478.0,6.0,3.0,6.0,2.0,,,2.0,0.0,Completed,1.14,5.5,1.15,6.06,1.15,6.75,1.13,5.65,20220104
2,Melbourne,Melbourne Summer Set 1,2022-01-04,WTA250,Outdoor,Hard,1st Round,3,Zanevska M.,Martic P.,82.0,54.0,871.0,1171.0,6.0,3.0,6.0,4.0,,,2.0,0.0,Completed,,,2.02,1.86,2.1,1.91,1.99,1.79,20220104
2,Melbourne,Melbourne Summer Set 1,2022-01-04,WTA250,Outdoor,Hard,1st Round,3,Kanepi K.,Cristian J.,73.0,71.0,948.0,954.0,6.0,7.0,7.0,6.0,6.0,2.0,2.0,1.0,Completed,1.61,2.3,1.74,2.19,1.74,2.35,1.66,2.18,20220104
2,Melbourne,Melbourne Summer Set 1,2022-01-04,WTA250,Outdoor,Hard,1st Round,3,Zvonareva V.,Riske A.,81.0,51.0,876.0,1191.0,7.0,5.0,6.0,3.0,,,2.0,0.0,Completed,1.72,2.1,1.78,2.12,1.85,2.2,1.75,2.06,20220104
2,Melbourne,Melbourne Summer Set 1,2022-01-04,WTA250,Outdoor,Hard,1st Round,3,Petkovic A.,Samsonova L.,75.0,38.0,919.0,1597.0,6.0,3.0,7.0,6.0,,,2.0,0.0,Completed,2.62,1.5,2.79,1.48,2.8,1.57,2.63,1.48,20220104
2,Melbourne,Melbourne Summer Set 1,2022-01-04,WTA250,Outdoor,Hard,1st Round,3,Konjuh A.,Martincova T.,67.0,48.0,998.0,1226.0,6.0,4.0,6.0,4.0,,,2.0,0.0,Completed,1.9,1.9,1.93,1.93,1.98,2.05,1.89,1.88,20220104
2,Melbourne,Melbourne Summer Set 1,2022-01-04,WTA250,Outdoor,Hard,1st Round,3,Golubic V.,Davis L.,43.0,89.0,1422.0,839.0,7.0,5.0,6.0,1.0,,,2.0,0.0,Completed,1.5,2.62,1.43,2.97,1.5,3.0,1.43,2.77,20220104
2,Melbourne,Melbourne Summer Set 1,2022-01-05,WTA250,Outdoor,Hard,1st Round,3,Kudermetova V.,Kuzmova V.,31.0,162.0,1870.0,441.0,7.0,6.0,7.0,6.0,,,2.0,0.0,Completed,1.4,3.0,1.39,3.2,1.44,3.35,1.38,2.98,20220105
2,Melbourne,Melbourne Summer Set 1,2022-01-05,WTA250,Outdoor,Hard,1st Round,3,Zheng Q.,Hontama M.,126.0,150.0,596.0,483.0,4.0,6.0,6.0,2.0,6.0,3.0,2.0,1.0,Completed,,,,,,,,,20220105
2,Melbourne,Melbourne Summer Set 1,2022-01-05,WTA250,Outdoor,Hard,1st Round,3,Potapova A.,Cabrera L.,69.0,173.0,985.0,409.0,5.0,7.0,6.0,2.0,6.0,2.0,2.0,1.0,Completed,1.25,4.0,1.23,4.5,1.33,4.65,1.24,4.02,20220105
2,Melbourne,Melbourne Summer Set 1,2022-01-05,WTA250,Outdoor,Hard,1st Round,3,Burel C.,Zhang S.,76.0,60.0,913.0,1096.0,6.0,3.0,7.0,6.0,,,2.0,0.0,Completed,2.0,1.8,2.2,1.72,2.2,1.83,2.06,1.75,20220105
2,Melbourne,Melbourne Summer Set 1,2022-01-05,WTA250,Outdoor,Hard,1st Round,3,Pattinama Kerkhove L.,Mendez S.,158.0,239.0,450.0,301.0,6.0,3.0,6.0,4.0,,,2.0,0.0,Completed,1.16,5.0,1.22,4.61,1.25,5.0,1.2,4.48,20220105
2,Melbourne,Melbourne Summer Set 1,2022-01-05,WTA250,Outdoor,Hard,1st Round,3,Bondar A.,Siniakova K.,92.0,49.0,821.0,1220.0,7.0,5.0,7.0,6.0,,,2.0,0.0,Completed,2.75,1.44,2.63,1.53,2.9,1.54,2.65,1.47,20220105
2,Melbourne,Melbourne Summer Set 1,2022-01-05,WTA250,Outdoor,Hard,1st Round,3,Brengle M.,Hibino N.,59.0,129.0,1102.0,590.0,7.0,6.0,7.0,6.0,,,2.0,0.0,Completed,1.44,2.75,1.4,3.12,1.46,3.65,1.38,2.98,20220105
2,Melbourne,Melbourne Summer Set 1,2022-01-05,WTA250,Outdoor,Hard,1st Round,3,Halep S.,Aiava D.,20.0,316.0,2576.0,208.0,6.0,4.0,6.0,2.0,,,2.0,0.0,Completed,1.11,6.5,1.09,8.63,1.13,9.0,1.09,7.29,20220105
2,Melbourne,Melbourne Summer Set 1,2022-01-06,WTA250,Outdoor,Hard,2nd Round,3,Konjuh A.,Kanepi K.,67.0,73.0,998.0,948.0,6.0,2.0,3.0,6.0,6.0,3.0,2.0,1.0,Completed,1.72,2.1,1.79,2.14,1.8,2.3,1.73,2.09,20220106
2,Melbourne,Melbourne Summer Set 1,2022-01-06,WTA250,Outdoor,Hard,2nd Round,3,Petkovic A.,Burel C.,75.0,76.0,919.0,913.0,7.0,5.0,2.0,6.0,6.0,4.0,2.0,1.0,Completed,1.61,2.3,1.71,2.27,1.74,2.3,1.64,2.24,20220106
2,Melbourne,Melbourne Summer Set 1,2022-01-06,WTA250,Outdoor,Hard,2nd Round,3,Golubic V.,Pattinama Kerkhove L.,43.0,158.0,1422.0,450.0,6.0,3.0,6.0,0.0,,,2.0,0.0,Completed,1.28,3.75,1.3,3.92,1.33,4.35,1.28,3.61,20220106
2,Melbourne,Melbourne Summer Set 1,2022-01-06,WTA250,Outdoor,Hard,2nd Round,3,Potapova A.,Bondar A.,69.0,92.0,985.0,821.0,6.0,4.0,6.0,7.0,7.0,5.0,2.0,1.0,Completed,1.72,2.1,1.74,2.22,1.8,2.23,1.72,2.11,20220106
2,Melbourne,Melbourne Summer Set 1,2022-01-06,WTA250,Outdoor,Hard,2nd Round,3,Halep S.,Ruse E.G.,20.0,87.0,2576.0,859.0,6.0,2.0,6.0,1.0,,,2.0,0.0,Completed,1.16,5.0,1.14,6.74,1.19,6.74,1.14,5.53,20220106
2,Melbourne,Melbourne Summer Set 1,2022-01-06,WTA250,Outdoor,Hard,2nd Round,3,Zheng Q.,Zvonareva V.,126.0,81.0,596.0,876.0,5.0,7.0,6.0,3.0,6.0,4.0,2.0,1.0,Completed,2.1,1.72,2.09,1.83,2.33,1.83,2.12,1.71,20220106
2,Melbourne,Melbourne Summer Set 1,2022-01-06,WTA250,Outdoor,Hard,2nd Round,3,Osaka N.,Zanevska M.,13.0,82.0,2956.0,871.0,6.0,1.0,6.0,1.0,,,2.0,0.0,Completed,1.16,5.0,1.19,5.45,1.2,5.5,1.17,4.93,20220106
2,Melbourne,Melbourne Summer Set 1,2022-01-06,WTA250,Outdoor,Hard,2nd Round,3,Kudermetova V.,Brengle M.,31.0,59.0,1870.0,1102.0,6.0,0.0,3.0,6.0,7.0,5.0,2.0,1.0,Completed,1.36,3.2,1.33,3.65,1.44,3.67,1.34,3.21,20220106
2,Melbourne,Melbourne Summer Set 1,2022-01-07,WTA250,Outdoor,Hard,Quarterfinals,3,Zheng Q.,Konjuh A.,126.0,67.0,596.0,998.0,7.0,6.0,7.0,6.0,,,2.0,0.0,Completed,2.2,1.66,2.17,1.78,2.29,1.85,2.15,1.7,20220107
2,Melbourne,Melbourne Summer Set 1,2022-01-07,WTA250,Outdoor,Hard,Quarterfinals,3,Halep S.,Golubic V.,20.0,43.0,2576.0,1422.0,6.0,2.0,5.0,7.0,6.0,4.0,2.0,1.0,Completed,1.2,4.5,1.21,5.03,1.22,5.5,1.19,4.65,20220107
2,Melbourne,Melbourne Summer Set 1,2022-01-07,WTA250,Outdoor,Hard,Quarterfinals,3,Kudermetova V.,Potapova A.,31.0,69.0,1870.0,985.0,6.0,2.0,4.0,6.0,6.0,0.0,2.0,1.0,Completed,1.57,2.37,1.59,2.52,1.67,2.54,1.58,2.37,20220107
2,Melbourne,Melbourne Summer Set 1,2022-01-07,WTA250,Outdoor,Hard,Quarterfinals,3,Osaka N.,Petkovic A.,13.0,75.0,2956.0,919.0,6.0,1.0,7.0,5.0,,,2.0,0.0,Completed,1.12,6.0,1.15,6.47,1.16,6.75,1.13,5.87,20220107
2,Melbourne,Melbourne Summer Set 1,2022-01-08,WTA250,Outdoor,Hard,Semifinals,3,Halep S.,Zheng Q.,20.0,126.0,2576.0,596.0,6.0,3.0,6.0,2.0,,,2.0,0.0,Completed,1.22,4.33,1.27,4.22,1.29,4.5,1.23,4.05,20220108
2,Melbourne,Melbourne Summer Set 1,2022-01-08,WTA250,Outdoor,Hard,Semifinals,3,Kudermetova V.,Osaka N.,31.0,13.0,1870.0,2956.0,,,,,,,,,Walkover,4.33,1.22,4.67,1.23,5.0,1.25,4.31,1.21,20220108
2,Melbourne,Melbourne Summer Set 1,2022-01-09,WTA250,Outdoor,Hard,The Final,3,Halep S.,Kudermetova V.,20.0,31.0,2576.0,1870.0,6.0,2.0,6.0,3.0,,,2.0,0.0,Completed,1.3,3.5,1.31,3.86,1.33,3.9,1.29,3.58,20220109
3,Melbourne,Melbourne Summer Set 2,2022-01-04,WTA250,Outdoor,Hard,1st Round,3,Begu I.,Pegula J.,62.0,18.0,1076.0,2650.0,7.0,6.0,6.0,3.0,,,2.0,0.0,Completed,4.0,1.25,4.07,1.27,4.33,1.28,3.91,1.24,20220104
3,Melbourne,Melbourne Summer Set 2,2022-01-04,WTA250,Outdoor,Hard,1st Round,3,Paolini J.,Schmiedlova A.,53.0,85.0,1178.0,867.0,2.0,6.0,6.0,3.0,6.0,4.0,2.0,1.0,Completed,1.5,2.62,1.63,2.38,1.65,2.62,1.57,2.39,20220104
3,Melbourne,Melbourne Summer Set 2,2022-01-04,WTA250,Outdoor,Hard,1st Round,3,Anisimova A.,Van Uytvanck A.,78.0,58.0,890.0,1125.0,7.0,6.0,1.0,6.0,7.0,5.0,2.0,1.0,Completed,1.61,2.3,1.54,2.6,1.62,2.6,1.54,2.42,20220104
3,Melbourne,Melbourne Summer Set 2,2022-01-04,WTA250,Outdoor,Hard,1st Round,3,Li A.,Sherif M.,47.0,63.0,1314.0,1049.0,6.0,2.0,6.0,0.0,,,2.0,0.0,Completed,1.28,3.75,1.31,3.7,1.33,4.15,1.28,3.57,20220104
3,Melbourne,Melbourne Summer Set 2,2022-01-04,WTA250,Outdoor,Hard,1st Round,3,Sevastova A.,Garcia C.,70.0,74.0,956.0,945.0,6.0,4.0,6.0,4.0,,,2.0,0.0,Completed,2.1,1.72,1.97,1.9,2.02,1.95,1.95,1.83,20220104
3,Melbourne,Melbourne Summer Set 2,2022-01-04,WTA250,Outdoor,Hard,1st Round,3,Cirstea S.,Gracheva V.,39.0,77.0,1589.0,912.0,6.0,0.0,6.0,0.0,,,2.0,0.0,Completed,1.66,2.2,1.68,2.27,1.73,2.34,1.66,2.19,20220104
3,Melbourne,Melbourne Summer Set 2,2022-01-04,WTA250,Outdoor,Hard,1st Round,3,Tauson C.,Kalinina A.,44.0,52.0,1421.0,1188.0,7.0,5.0,6.0,3.0,,,2.0,0.0,Completed,1.3,3.5,1.34,3.47,1.4,4.33,1.33,3.22,20220104
3,Melbourne,Melbourne Summer Set 2,2022-01-04,WTA250,Outdoor,Hard,1st Round,3,Sorribes Tormo S.,Haddad Maia B.,36.0,83.0,1645.0,868.0,6.0,4.0,5.0,7.0,6.0,3.0,2.0,1.0,Completed,1.57,2.37,1.54,2.6,1.57,2.6,1.53,2.45,20220104
3,Melbourne,Melbourne Summer Set 2,2022-01-05,WTA250,Outdoor,Hard,1st Round,3,Parrizas Diaz N.,Perez E.,66.0,196.0,1008.0,348.0,6.0,0.0,6.0,3.0,,,2.0,0.0,Completed,1.44,2.75,1.46,2.88,1.5,3.0,1.44,2.76,20220105
3,Melbourne,Melbourne Summer Set 2,2022-01-05,WTA250,Outdoor,Hard,1st Round,3,Keys M.,Dart H.,56.0,123.0,1149.0,616.0,6.0,3.0,7.0,6.0,,,2.0,0.0,Completed,1.4,3.0,1.45,2.92,1.5,3.2,1.4,2.9,20220105
3,Melbourne,Melbourne Summer Set 2,2022-01-05,WTA250,Outdoor,Hard,1st Round,3,Peterson R.,Sharma A.,88.0,98.0,853.0,806.0,6.0,1.0,3.0,6.0,6.0,2.0,2.0,1.0,Completed,1.53,2.5,1.5,2.72,1.58,2.72,1.5,2.54,20220105
3,Melbourne,Melbourne Summer Set 2,2022-01-05,WTA250,Outdoor,Hard,1st Round,3,Kasatkina D.,Kalinskaya A.,26.0,111.0,2180.0,716.0,6.0,1.0,3.0,0.0,,,1.0,0.0,Retired,1.5,2.62,1.55,2.57,1.65,2.7,1.52,2.51,20220105
3,Melbourne,Melbourne Summer Set 2,2022-01-05,WTA250,Outdoor,Hard,1st Round,3,Zhu L.,Stosur S.,114.0,382.0,683.0,153.0,7.0,6.0,7.0,6.0,,,2.0,0.0,Completed,1.14,5.5,1.12,6.94,1.17,7.0,1.12,5.96,20220105
3,Melbourne,Melbourne Summer Set 2,2022-01-05,WTA250,Outdoor,Hard,1st Round,3,Liu C.,Kostyuk M.,94.0,50.0,815.0,1215.0,4.0,6.0,6.0,4.0,6.0,3.0,2.0,1.0,Completed,2.37,1.57,2.44,1.6,2.67,1.62,2.4,1.56,20220105
3,Melbourne,Melbourne Summer Set 2,2022-01-05,WTA250,Outdoor,Hard,1st Round,3,Sasnovich A.,Wang Xin.,107.0,101.0,755.0,786.0,6.0,4.0,6.0,2.0,,,2.0,0.0,Completed,1.66,2.2,1.72,2.2,1.79,2.46,1.65,2.23,20220105
3,Melbourne,Melbourne Summer Set 2,2022-01-05,WTA250,Outdoor,Hard,1st Round,3,Rakhimova K.,Minnen G.,120.0,80.0,626.0,877.0,7.0,5.0,7.0,5.0,,,2.0,0.0,Completed,2.1,1.72,2.17,1.75,2.32,2.0,2.07,1.75,20220105
3,Melbourne,Melbourne Summer Set 2,2022-01-06,WTA250,Outdoor,Hard,2nd Round,3,Anisimova A.,Cirstea S.,78.0,39.0,890.0,1589.0,6.0,4.0,6.0,1.0,,,2.0,0.0,Completed,1.66,2.2,1.7,2.27,1.74,2.35,1.68,2.17,20220106
3,Melbourne,Melbourne Summer Set 2,2022-01-06,WTA250,Outdoor,Hard,2nd Round,3,Kasatkina D.,Keys M.,26.0,56.0,2180.0,1149.0,7.0,6.0,2.0,6.0,6.0,3.0,2.0,1.0,Completed,1.66,2.2,1.66,2.35,1.83,2.4,1.7,2.14,20220106
3,Melbourne,Melbourne Summer Set 2,2022-01-06,WTA250,Outdoor,Hard,2nd Round,3,Begu I.,Paolini J.,62.0,53.0,1076.0,1178.0,3.0,6.0,6.0,2.0,6.0,3.0,2.0,1.0,Completed,1.61,2.3,1.63,2.41,1.74,2.55,1.61,2.29,20220106
3,Melbourne,Melbourne Summer Set 2,2022-01-06,WTA250,Outdoor,Hard,2nd Round,3,Rakhimova K.,Sorribes Tormo S.,120.0,36.0,626.0,1645.0,7.0,6.0,6.0,4.0,,,2.0,0.0,Completed,2.37,1.57,2.48,1.6,2.55,1.66,2.38,1.57,20220106
3,Melbourne,Melbourne Summer Set 2,2022-01-06,WTA250,Outdoor,Hard,2nd Round,3,Sasnovich A.,Peterson R.,107.0,88.0,755.0,853.0,6.0,2.0,6.0,4.0,,,2.0,0.0,Completed,1.8,2.0,1.82,2.08,1.95,2.08,1.82,1.98,20220106
3,Melbourne,Melbourne Summer Set 2,2022-01-06,WTA250,Outdoor,Hard,2nd Round,3,Parrizas Diaz N.,Liu C.,66.0,94.0,1008.0,815.0,3.0,6.0,7.0,5.0,6.0,1.0,2.0,1.0,Completed,1.9,1.9,2.03,1.86,2.11,2.0,1.95,1.84,20220106
3,Melbourne,Melbourne Summer Set 2,2022-01-06,WTA250,Outdoor,Hard,2nd Round,3,Tauson C.,Zhu L.,44.0,114.0,1421.0,683.0,6.0,1.0,6.0,0.0,,,2.0,0.0,Completed,1.25,4.0,1.31,3.77,1.33,4.0,1.28,3.56,20220106
3,Melbourne,Melbourne Summer Set 2,2022-01-06,WTA250,Outdoor,Hard,2nd Round,3,Li A.,Sevastova A.,47.0,70.0,1314.0,956.0,6.0,1.0,6.0,4.0,,,2.0,0.0,Completed,1.5,2.62,1.52,2.69,1.6,2.7,1.5,2.55,20220106
3,Melbourne,Melbourne Summer Set 2,2022-01-07,WTA250,Outdoor,Hard,Quarterfinals,3,Anisimova A.,Begu I.,78.0,62.0,890.0,1076.0,2.0,6.0,6.0,3.0,6.0,2.0,2.0,1.0,Completed,1.57,2.37,1.54,2.66,1.6,2.7,1.52,2.49,20220107
3,Melbourne,Melbourne Summer Set 2,2022-01-07,WTA250,Outdoor,Hard,Quarterfinals,3,Kasatkina D.,Parrizas Diaz N.,26.0,66.0,2180.0,1008.0,7.0,5.0,6.0,1.0,,,2.0,0.0,Completed,1.3,3.5,1.3,3.95,1.35,3.95,1.3,3.49,20220107
3,Melbourne,Melbourne Summer Set 2,2022-01-07,WTA250,Outdoor,Hard,Quarterfinals,3,Sasnovich A.,Tauson C.,107.0,44.0,755.0,1421.0,6.0,3.0,2.0,0.0,,,1.0,0.0,Retired,2.75,1.44,3.0,1.45,3.0,1.5,2.79,1.43,20220107
3,Melbourne,Melbourne Summer Set 2,2022-01-07,WTA250,Outdoor,Hard,Quarterfinals,3,Li A.,Rakhimova K.,47.0,120.0,1314.0,626.0,6.0,1.0,7.0,5.0,,,2.0,0.0,Completed,1.25,4.0,1.31,3.83,1.31,4.0,1.28,3.64,20220107
3,Melbourne,Melbourne Summer Set 2,2022-01-08,WTA250,Outdoor,Hard,Semifinals,3,Anisimova A.,Kasatkina D.,78.0,26.0,890.0,2180.0,6.0,2.0,6.0,0.0,,,2.0,0.0,Completed,1.9,1.9,1.9,2.0,2.03,2.15,1.88,1.92,20220108
3,Melbourne,Melbourne Summer Set 2,2022-01-08,WTA250,Outdoor,Hard,Semifinals,3,Sasnovich A.,Li A.,107.0,47.0,755.0,1314.0,7.0,6.0,2.0,6.0,6.0,3.0,2.0,1.0,Completed,2.5,1.53,2.48,1.61,2.74,1.7,2.47,1.53,20220108
3,Melbourne,Melbourne Summer Set 2,2022-01-09,WTA250,Outdoor,Hard,The Final,3,Anisimova A.,Sasnovich A.,78.0,107.0,890.0,755.0,7.0,5.0,1.0,6.0,6.0,4.0,2.0,1.0,Completed,1.4,3.0,1.41,3.16,1.45,3.16,1.39,2.95,20220109
4,Adelaide,Adelaide International 1,2022-01-10,WTA500,Outdoor,Hard,1st Round,3,Konjuh A.,Saville D.,65.0,385.0,1033.0,151.0,6.0,2.0,7.0,6.0,,,2.0,0.0,Completed,1.44,2.75,1.51,2.74,1.51,2.95,1.46,2.69,20220110
4,Adelaide,Adelaide International 1,2022-01-10,WTA500,Outdoor,Hard,1st Round,3,Vondrousova M.,Golubic V.,34.0,42.0,1701.0,1452.0,5.0,7.0,6.0,4.0,6.0,3.0,2.0,1.0,Completed,1.44,2.75,1.51,2.74,1.56,2.8,1.48,2.62,20220110
4,Adelaide,Adelaide International 1,2022-01-10,WTA500,Outdoor,Hard,1st Round,3,Parrizas Diaz N.,Cornet A.,64.0,62.0,1043.0,1050.0,6.0,4.0,6.0,4.0,,,2.0,0.0,Completed,2.2,1.66,2.49,1.6,2.55,1.7,2.32,1.6,20220110
4,Adelaide,Adelaide International 1,2022-01-10,WTA500,Outdoor,Hard,1st Round,3,Riske A.,Linette M.,57.0,55.0,1121.0,1142.0,6.0,4.0,6.0,4.0,,,2.0,0.0,Completed,1.61,2.3,1.58,2.52,1.67,2.75,1.55,2.43,20220110
4,Adelaide,Adelaide International 1,2022-01-10,WTA500,Outdoor,Hard,1st Round,3,Keys M.,Svitolina E.,87.0,16.0,874.0,2726.0,6.0,2.0,6.0,4.0,,,2.0,0.0,Completed,2.62,1.5,2.65,1.53,2.83,1.57,2.52,1.51,20220110
4,Adelaide,Adelaide International 1,2022-01-10,WTA500,Outdoor,Hard,1st Round,3,Kostyuk M.,Rogers S.,50.0,36.0,1215.0,1643.0,6.0,3.0,6.0,4.0,,,2.0,0.0,Completed,2.62,1.5,2.81,1.49,2.9,1.53,1.47,2.64,20220110
4,Adelaide,Adelaide International 1,2022-01-11,WTA500,Outdoor,Hard,1st Round,3,Inglis M.,Kovinic D.,139.0,99.0,559.0,808.0,6.0,4.0,1.0,6.0,6.0,2.0,2.0,1.0,Completed,1.72,2.1,1.7,2.27,1.8,2.3,1.7,2.14,20220111
4,Adelaide,Adelaide International 1,2022-01-11,WTA500,Outdoor,Hard,1st Round,3,Zidansek T.,Watson H.,31.0,74.0,1876.0,949.0,2.0,6.0,6.0,2.0,7.0,6.0,2.0,1.0,Completed,1.57,2.37,1.54,2.63,1.64,2.63,1.58,2.35,20220111
4,Adelaide,Adelaide International 1,2022-01-11,WTA500,Outdoor,Hard,1st Round,3,Peterson R.,Sabalenka A.,93.0,2.0,853.0,6351.0,5.0,7.0,6.0,1.0,7.0,5.0,2.0,1.0,Completed,4.33,1.22,4.45,1.24,4.6,1.26,4.17,1.22,20220111
4,Adelaide,Adelaide International 1,2022-01-11,WTA500,Outdoor,Hard,1st Round,3,Brengle M.,Potapova A.,59.0,67.0,1102.0,1025.0,7.0,5.0,4.0,6.0,6.0,1.0,2.0,1.0,Completed,2.37,1.57,2.48,1.6,2.55,1.67,2.38,1.58,20220111
4,Adelaide,Adelaide International 1,2022-01-11,WTA500,Outdoor,Hard,1st Round,3,Martincova T.,Yastremska D.,48.0,102.0,1226.0,789.0,6.0,4.0,3.0,6.0,6.0,3.0,2.0,1.0,Completed,1.9,1.9,1.96,1.92,2.0,1.95,1.93,1.86,20220111
4,Adelaide,Adelaide International 1,2022-01-11,WTA500,Outdoor,Hard,1st Round,3,Davis L.,Teichmann J.,95.0,37.0,834.0,1620.0,1.0,6.0,7.0,6.0,6.0,4.0,2.0,1.0,Completed,2.62,1.5,2.87,1.47,3.0,1.53,2.69,1.46,20220111
4,Adelaide,Adelaide International 1,2022-01-11,WTA500,Outdoor,Hard,1st Round,3,Paolini J.,Sanders S.,52.0,135.0,1178.0,573.0,7.0,5.0,6.0,2.0,,,2.0,0.0,Completed,1.9,1.9,1.93,1.95,1.95,2.21,1.88,1.92,20220111
4,Adelaide,Adelaide International 1,2022-01-11,WTA500,Outdoor,Hard,1st Round,3,Samsonova L.,Sherif M.,39.0,63.0,1542.0,1049.0,7.0,6.0,6.0,4.0,,,2.0,0.0,Completed,1.28,3.75,1.3,3.88,1.33,3.92,1.29,3.54,20220111
4,Adelaide,Adelaide International 1,2022-01-11,WTA500,Outdoor,Hard,1st Round,3,Kalinina A.,Cirstea S.,51.0,38.0,1188.0,1618.0,6.0,3.0,6.0,2.0,,,2.0,0.0,Completed,2.1,1.72,2.13,1.79,2.29,1.8,2.11,1.72,20220111
4,Adelaide,Adelaide International 1,2022-01-11,WTA500,Outdoor,Hard,1st Round,3,Gauff C.,Siniakova K.,19.0,49.0,2575.0,1220.0,6.0,1.0,6.0,2.0,,,2.0,0.0,Completed,1.28,3.75,1.33,3.62,1.33,4.15,1.28,3.61,20220111
4,Adelaide,Adelaide International 1,2022-01-12,WTA500,Outdoor,Hard,2nd Round,3,Brengle M.,Peterson R.,59.0,93.0,1102.0,853.0,6.0,3.0,6.0,2.0,,,2.0,0.0,Completed,2.75,1.44,2.8,1.5,2.85,1.5,2.72,1.45,20220112
4,Adelaide,Adelaide International 1,2022-01-12,WTA500,Outdoor,Hard,2nd Round,3,Konjuh A.,Vondrousova M.,65.0,34.0,1033.0,1701.0,4.0,6.0,6.0,2.0,7.0,6.0,2.0,1.0,Completed,2.75,1.44,2.93,1.47,2.95,1.51,2.75,1.44,20220112
4,Adelaide,Adelaide International 1,2022-01-12,WTA500,Outdoor,Hard,2nd Round,3,Davis L.,Paolini J.,95.0,52.0,834.0,1178.0,4.0,6.0,6.0,4.0,6.0,4.0,2.0,1.0,Completed,2.62,1.5,2.74,1.52,3.0,1.52,2.67,1.47,20220112
4,Adelaide,Adelaide International 1,2022-01-12,WTA500,Outdoor,Hard,2nd Round,3,Keys M.,Martincova T.,87.0,48.0,874.0,1226.0,6.0,1.0,6.0,3.0,,,2.0,0.0,Completed,1.5,2.62,1.43,3.1,1.5,3.25,1.4,2.92,20220112
4,Adelaide,Adelaide International 1,2022-01-12,WTA500,Outdoor,Hard,2nd Round,3,Samsonova L.,Parrizas Diaz N.,39.0,64.0,1542.0,1043.0,6.0,2.0,6.0,1.0,,,2.0,0.0,Completed,1.5,2.62,1.56,2.6,1.56,2.7,1.5,2.58,20220112
4,Adelaide,Adelaide International 1,2022-01-12,WTA500,Outdoor,Hard,2nd Round,3,Riske A.,Kalinina A.,57.0,51.0,1121.0,1188.0,6.0,1.0,6.0,3.0,,,2.0,0.0,Completed,1.9,1.9,1.98,1.93,1.98,2.05,1.89,1.91,20220112
4,Adelaide,Adelaide International 1,2022-01-12,WTA500,Outdoor,Hard,2nd Round,3,Gauff C.,Kostyuk M.,19.0,50.0,2575.0,1215.0,6.0,3.0,5.0,7.0,6.0,3.0,2.0,1.0,Completed,1.33,3.4,1.35,3.5,1.36,3.84,1.32,3.33,20220112
4,Adelaide,Adelaide International 1,2022-01-12,WTA500,Outdoor,Hard,2nd Round,3,Zidansek T.,Inglis M.,31.0,139.0,1876.0,559.0,6.0,2.0,6.0,1.0,,,2.0,0.0,Completed,1.3,3.5,1.28,4.08,1.33,4.08,1.28,3.67,20220112
4,Adelaide,Adelaide International 1,2022-01-13,WTA500,Outdoor,Hard,Quarterfinals,3,Riske A.,Brengle M.,57.0,59.0,1121.0,1102.0,3.0,3.0,,,,,0.0,0.0,Retired,1.61,2.3,1.6,2.51,1.69,2.51,1.59,2.34,20220113
4,Adelaide,Adelaide International 1,2022-01-13,WTA500,Outdoor,Hard,Quarterfinals,3,Gauff C.,Konjuh A.,19.0,65.0,2575.0,1033.0,6.0,3.0,6.0,4.0,,,2.0,0.0,Completed,1.3,3.5,1.35,3.55,1.35,3.74,1.31,3.43,20220113
4,Adelaide,Adelaide International 1,2022-01-13,WTA500,Outdoor,Hard,Quarterfinals,3,Zidansek T.,Davis L.,31.0,95.0,1876.0,834.0,7.0,6.0,7.0,6.0,,,2.0,0.0,Completed,1.57,2.37,1.66,2.37,1.67,2.5,1.59,2.36,20220113
4,Adelaide,Adelaide International 1,2022-01-13,WTA500,Outdoor,Hard,Quarterfinals,3,Keys M.,Samsonova L.,87.0,39.0,874.0,1542.0,6.0,3.0,3.0,6.0,6.0,3.0,2.0,1.0,Completed,1.61,2.3,1.63,2.43,1.67,2.49,1.61,2.31,20220113
4,Adelaide,Adelaide International 1,2022-01-14,WTA500,Outdoor,Hard,Semifinals,3,Riske A.,Zidansek T.,57.0,31.0,1121.0,1876.0,,,,,,,,,Walkover,1.8,2.0,1.78,2.16,1.83,2.2,1.75,2.08,20220114
4,Adelaide,Adelaide International 1,2022-01-14,WTA500,Outdoor,Hard,Semifinals,3,Keys M.,Gauff C.,87.0,19.0,874.0,2575.0,3.0,6.0,6.0,2.0,7.0,5.0,2.0,1.0,Completed,2.3,1.61,2.43,1.63,2.51,1.67,2.34,1.6,20220114
4,Adelaide,Adelaide International 1,2022-01-15,WTA500,Outdoor,Hard,The Final,3,Keys M.,Riske A.,87.0,57.0,874.0,1121.0,6.0,1.0,6.0,2.0,,,2.0,0.0,Completed,1.28,3.75,1.37,3.38,1.37,3.82,1.3,3.52,20220115
5,Sydney,Sydney Tennis Classic,2022-01-10,WTA500,Outdoor,Hard,1st Round,3,Badosa P.,Ostapenko J.,9.0,28.0,3849.0,2060.0,7.0,6.0,6.0,1.0,,,2.0,0.0,Completed,1.36,3.2,1.44,2.98,1.52,3.2,1.4,2.89,20220110
5,Sydney,Sydney Tennis Classic,2022-01-10,WTA500,Outdoor,Hard,1st Round,3,Kontaveit A.,Zhang S.,7.0,60.0,4351.0,1096.0,6.0,3.0,6.0,3.0,,,2.0,0.0,Completed,1.14,5.5,1.14,6.48,1.16,6.5,1.13,5.72,20220110
5,Sydney,Sydney Tennis Classic,2022-01-10,WTA500,Outdoor,Hard,1st Round,3,Kvitova P.,Rus A.,21.0,66.0,2530.0,1031.0,3.0,6.0,7.0,6.0,7.0,5.0,2.0,1.0,Completed,1.22,4.33,1.25,4.42,1.25,4.66,1.22,4.19,20220110
5,Sydney,Sydney Tennis Classic,2022-01-10,WTA500,Outdoor,Hard,1st Round,3,Cristian J.,Hon P.,73.0,223.0,954.0,320.0,7.0,6.0,7.0,5.0,,,2.0,0.0,Completed,1.66,2.2,1.69,2.27,1.83,2.35,1.72,2.1,20220110
5,Sydney,Sydney Tennis Classic,2022-01-10,WTA500,Outdoor,Hard,1st Round,3,Kasatkina D.,Kenin S.,26.0,12.0,2235.0,3016.0,6.0,4.0,6.0,0.0,,,2.0,0.0,Completed,1.9,1.9,1.94,1.94,2.06,1.96,1.9,1.88,20220110
5,Sydney,Sydney Tennis Classic,2022-01-10,WTA500,Outdoor,Hard,1st Round,3,Jabeur O.,Sharma A.,10.0,101.0,3455.0,806.0,6.0,1.0,6.0,3.0,,,2.0,0.0,Completed,1.2,4.5,1.18,5.6,1.2,5.75,1.17,4.95,20220110
5,Sydney,Sydney Tennis Classic,2022-01-11,WTA500,Outdoor,Hard,1st Round,3,Tomljanovic A.,Schmiedlova A.,45.0,90.0,1395.0,867.0,6.0,2.0,6.0,3.0,,,2.0,0.0,Completed,1.3,3.5,1.37,3.33,1.42,3.6,1.34,3.22,20220111
5,Sydney,Sydney Tennis Classic,2022-01-11,WTA500,Outdoor,Hard,1st Round,3,Ruse E.G.,Frech M.,82.0,105.0,880.0,769.0,6.0,2.0,3.0,6.0,6.0,4.0,2.0,1.0,Completed,1.61,2.3,1.73,2.21,1.75,2.34,1.66,2.2,20220111
5,Sydney,Sydney Tennis Classic,2022-01-11,WTA500,Outdoor,Hard,1st Round,3,Bencic B.,Haddad Maia B.,23.0,88.0,2415.0,868.0,6.0,3.0,6.0,2.0,,,2.0,0.0,Completed,1.3,3.5,1.32,3.71,1.33,4.0,1.3,3.48,20220111
5,Sydney,Sydney Tennis Classic,2022-01-11,WTA500,Outdoor,Hard,1st Round,3,Alexandrova E.,Shibahara E.,40.0,589.0,1511.0,72.0,6.0,4.0,6.0,4.0,,,2.0,0.0,Completed,1.11,6.5,1.14,6.61,1.19,6.61,1.13,5.98,20220111
5,Sydney,Sydney Tennis Classic,2022-01-11,WTA500,Outdoor,Hard,1st Round,3,Mertens E.,Ferro F.,20.0,104.0,2565.0,775.0,6.0,2.0,7.0,6.0,,,2.0,0.0,Completed,1.3,3.5,1.32,3.69,1.36,3.69,1.31,3.39,20220111
5,Sydney,Sydney Tennis Classic,2022-01-11,WTA500,Outdoor,Hard,1st Round,3,Dodin O.,Olmos G.,96.0,685.0,823.0,51.0,6.0,4.0,6.0,1.0,,,2.0,0.0,Completed,1.3,3.5,1.32,3.65,1.35,3.95,1.3,3.47,20220111
5,Sydney,Sydney Tennis Classic,2022-01-11,WTA500,Outdoor,Hard,1st Round,3,Garcia C.,Pegula J.,75.0,22.0,945.0,2500.0,6.0,4.0,7.0,6.0,,,2.0,0.0,Completed,4.5,1.2,3.86,1.3,6.0,1.3,4.16,1.22,20220111
5,Sydney,Sydney Tennis Classic,2022-01-11,WTA500,Outdoor,Hard,1st Round,3,Rybakina E.,Raducanu E.,13.0,18.0,2980.0,2595.0,6.0,0.0,6.0,1.0,,,2.0,0.0,Completed,1.5,2.62,1.48,2.83,1.6,2.92,1.5,2.58,20220111
5,Sydney,Sydney Tennis Classic,2022-01-12,WTA500,Outdoor,Hard,2nd Round,3,Kontaveit A.,Ruse E.G.,7.0,82.0,4351.0,880.0,6.0,3.0,6.0,1.0,,,2.0,0.0,Completed,1.12,6.0,1.12,7.48,1.16,7.48,1.12,6.18,20220112
5,Sydney,Sydney Tennis Classic,2022-01-12,WTA500,Outdoor,Hard,2nd Round,3,Jabeur O.,Kvitova P.,10.0,21.0,3455.0,2530.0,6.0,4.0,6.0,4.0,,,2.0,0.0,Completed,1.53,2.5,1.54,2.66,1.83,2.7,1.55,2.45,20220112
5,Sydney,Sydney Tennis Classic,2022-01-12,WTA500,Outdoor,Hard,2nd Round,3,Kasatkina D.,Mertens E.,26.0,20.0,2235.0,2565.0,6.0,3.0,6.0,4.0,,,2.0,0.0,Completed,1.72,2.1,1.72,2.25,1.8,2.49,1.68,2.17,20220112
5,Sydney,Sydney Tennis Classic,2022-01-12,WTA500,Outdoor,Hard,2nd Round,3,Muguruza G.,Alexandrova E.,3.0,40.0,5635.0,1511.0,6.0,1.0,7.0,6.0,,,2.0,0.0,Completed,1.4,3.0,1.4,3.22,1.42,3.3,1.38,3.0,20220112
5,Sydney,Sydney Tennis Classic,2022-01-12,WTA500,Outdoor,Hard,2nd Round,3,Krejcikova B.,Cristian J.,4.0,73.0,5008.0,954.0,6.0,1.0,7.0,5.0,,,2.0,0.0,Completed,1.22,4.33,1.27,4.18,1.32,4.4,1.24,3.96,20220112
5,Sydney,Sydney Tennis Classic,2022-01-12,WTA500,Outdoor,Hard,2nd Round,3,Garcia C.,Rybakina E.,75.0,13.0,945.0,2980.0,,,,,,,,,Walkover,5.0,1.16,5.89,1.17,6.0,1.2,5.17,1.16,20220112
5,Sydney,Sydney Tennis Classic,2022-01-12,WTA500,Outdoor,Hard,2nd Round,3,Badosa P.,Tomljanovic A.,9.0,45.0,3849.0,1395.0,6.0,3.0,6.0,4.0,,,2.0,0.0,Completed,1.36,3.2,1.39,3.29,1.4,3.35,1.35,3.12,20220112
5,Sydney,Sydney Tennis Classic,2022-01-13,WTA500,Outdoor,Hard,2nd Round,3,Bencic B.,Dodin O.,23.0,96.0,2415.0,823.0,2.0,6.0,7.0,5.0,6.0,3.0,2.0,1.0,Completed,1.16,5.0,1.17,5.95,1.2,6.0,1.16,5.21,20220113
5,Sydney,Sydney Tennis Classic,2022-01-13,WTA500,Outdoor,Hard,Quarterfinals,3,Kontaveit A.,Jabeur O.,7.0,10.0,4351.0,3455.0,6.0,4.0,,,,,1.0,0.0,Retired,1.61,2.3,1.61,2.47,1.7,2.5,1.61,2.3,20220113
5,Sydney,Sydney Tennis Classic,2022-01-13,WTA500,Outdoor,Hard,Quarterfinals,3,Krejcikova B.,Garcia C.,4.0,75.0,5008.0,945.0,6.0,0.0,6.0,2.0,,,2.0,0.0,Completed,1.2,4.5,1.22,4.97,1.23,5.3,1.2,4.51,20220113
5,Sydney,Sydney Tennis Classic,2022-01-13,WTA500,Outdoor,Hard,Quarterfinals,3,Badosa P.,Bencic B.,9.0,23.0,3849.0,2415.0,7.0,6.0,3.0,6.0,6.0,3.0,2.0,1.0,Completed,1.57,2.37,1.5,2.77,1.57,3.02,1.49,2.61,20220113
5,Sydney,Sydney Tennis Classic,2022-01-13,WTA500,Outdoor,Hard,Quarterfinals,3,Kasatkina D.,Muguruza G.,26.0,3.0,2235.0,5635.0,6.0,4.0,6.0,4.0,,,2.0,0.0,Completed,2.62,1.5,2.65,1.54,2.94,1.55,2.62,1.49,20220113
5,Sydney,Sydney Tennis Classic,2022-01-14,WTA500,Outdoor,Hard,Semifinals,3,Krejcikova B.,Kontaveit A.,4.0,7.0,5008.0,4351.0,0.0,6.0,6.0,4.0,7.0,6.0,2.0,1.0,Completed,2.3,1.61,2.42,1.64,2.55,1.64,2.36,1.59,20220114
5,Sydney,Sydney Tennis Classic,2022-01-14,WTA500,Outdoor,Hard,Semifinals,3,Badosa P.,Kasatkina D.,9.0,26.0,3849.0,2235.0,6.0,2.0,6.0,2.0,,,2.0,0.0,Completed,1.8,2.0,1.76,2.2,1.82,2.3,1.74,2.1,20220114
5,Sydney,Sydney Tennis Classic,2022-01-15,WTA500,Outdoor,Hard,The Final,3,Badosa P.,Krejcikova B.,9.0,4.0,3849.0,5008.0,6.0,3.0,4.0,6.0,7.0,6.0,2.0,1.0,Completed,1.53,2.5,1.64,2.41,1.69,2.51,1.6,2.34,20220115
6,Melbourne,Australian Open,2022-01-17,Grand Slam,Outdoor,Hard,1st Round,3,Anisimova A.,Hartono A.,60.0,189.0,1060.0,363.0,2.0,6.0,6.0,4.0,6.0,3.0,2.0,1.0,Completed,1.1,7.0,1.09,8.85,1.11,9.0,1.08,7.85,20220117
6,Melbourne,Australian Open,2022-01-17,Grand Slam,Outdoor,Hard,1st Round,3,Zheng Q.,Sasnovich A.,108.0,76.0,719.0,923.0,6.0,3.0,1.0,6.0,7.0,6.0,2.0,1.0,Completed,2.1,1.72,2.26,1.7,2.28,1.8,2.15,1.71,20220117
6,Melbourne,Australian Open,2022-01-17,Grand Slam,Outdoor,Hard,1st Round,3,Svitolina E.,Ferro F.,17.0,101.0,2641.0,758.0,6.0,1.0,7.0,6.0,,,2.0,0.0,Completed,1.22,4.33,1.25,4.38,1.25,4.59,1.22,4.26,20220117
6,Melbourne,Australian Open,2022-01-17,Grand Slam,Outdoor,Hard,1st Round,3,Tan H.,Putintseva Y.,107.0,42.0,721.0,1400.0,6.0,3.0,6.0,3.0,,,2.0,0.0,Completed,3.4,1.33,3.58,1.33,3.66,1.35,3.44,1.31,20220117
6,Melbourne,Australian Open,2022-01-17,Grand Slam,Outdoor,Hard,1st Round,3,Bencic B.,Mladenovic K.,22.0,88.0,2415.0,860.0,6.0,4.0,6.0,3.0,,,2.0,0.0,Completed,1.14,5.5,1.12,7.43,1.17,7.5,1.13,6.02,20220117
6,Melbourne,Australian Open,2022-01-17,Grand Slam,Outdoor,Hard,1st Round,3,Giorgi C.,Potapova A.,33.0,68.0,1692.0,1015.0,6.0,4.0,6.0,0.0,,,2.0,0.0,Completed,1.8,2.0,1.79,2.13,1.9,2.13,1.8,2.01,20220117
6,Melbourne,Australian Open,2022-01-17,Grand Slam,Outdoor,Hard,1st Round,3,Sakkari M.,Maria T.,8.0,287.0,4071.0,234.0,6.0,4.0,7.0,6.0,,,2.0,0.0,Completed,1.03,15.0,1.03,17.17,1.03,19.0,1.02,14.68,20220117
6,Melbourne,Australian Open,2022-01-17,Grand Slam,Outdoor,Hard,1st Round,3,Sorribes Tormo S.,Flipkens K.,35.0,326.0,1588.0,192.0,6.0,4.0,6.0,1.0,,,2.0,0.0,Completed,1.22,4.33,1.28,3.99,1.28,4.5,1.24,4.03,20220117
6,Melbourne,Australian Open,2022-01-17,Grand Slam,Outdoor,Hard,1st Round,3,Pera B.,Alexandrova E.,105.0,45.0,728.0,1356.0,7.0,5.0,6.0,3.0,,,2.0,0.0,Completed,2.62,1.5,2.97,1.44,3.0,1.52,2.83,1.43,20220117
6,Melbourne,Australian Open,2022-01-17,Grand Slam,Outdoor,Hard,1st Round,3,Osaka N.,Osorio M.,14.0,50.0,2696.0,1167.0,6.0,3.0,6.0,3.0,,,2.0,0.0,Completed,1.07,9.0,1.08,9.32,1.1,11.0,1.07,8.53,20220117
6,Melbourne,Australian Open,2022-01-17,Grand Slam,Outdoor,Hard,1st Round,3,Kostyuk M.,Parry D.,66.0,114.0,1030.0,682.0,6.0,1.0,7.0,6.0,,,2.0,0.0,Completed,1.2,4.5,1.17,5.78,1.2,6.0,1.16,5.14,20220117
6,Melbourne,Australian Open,2022-01-17,Grand Slam,Outdoor,Hard,1st Round,3,Martincova T.,Davis L.,47.0,90.0,1226.0,852.0,7.0,5.0,6.0,2.0,,,2.0,0.0,Completed,1.61,2.3,1.69,2.28,1.69,2.33,1.65,2.24,20220117
6,Melbourne,Australian Open,2022-01-17,Grand Slam,Outdoor,Hard,1st Round,3,Brengle M.,Yastremska D.,54.0,144.0,1132.0,502.0,6.0,1.0,0.0,6.0,5.0,0.0,1.0,1.0,Retired,2.2,1.66,2.17,1.76,2.3,1.76,2.17,1.69,20220117
6,Melbourne,Australian Open,2022-01-17,Grand Slam,Outdoor,Hard,1st Round,3,Zanevska M.,Juvan K.,80.0,89.0,892.0,858.0,7.0,6.0,7.0,6.0,,,2.0,0.0,Completed,2.2,1.66,2.38,1.64,2.45,1.7,2.26,1.63,20220117
6,Melbourne,Australian Open,2022-01-17,Grand Slam,Outdoor,Hard,1st Round,3,Van Uytvanck A.,Bucsa C.,55.0,154.0,1125.0,444.0,6.0,3.0,6.0,4.0,,,2.0,0.0,Completed,1.33,3.4,1.31,3.74,1.35,4.0,1.3,3.51,20220117
6,Melbourne,Australian Open,2022-01-17,Grand Slam,Outdoor,Hard,1st Round,3,Bronzetti L.,Gracheva V.,142.0,78.0,511.0,907.0,3.0,6.0,6.0,2.0,6.0,3.0,2.0,1.0,Completed,2.3,1.61,2.09,1.82,2.36,1.83,2.12,1.73,20220117
6,Melbourne,Australian Open,2022-01-17,Grand Slam,Outdoor,Hard,1st Round,3,Parrizas Diaz N.,Bara I.,63.0,134.0,1043.0,573.0,6.0,3.0,6.0,1.0,,,2.0,0.0,Completed,1.33,3.4,,,1.5,2.5,1.5,2.5,20220117
6,Melbourne,Australian Open,2022-01-17,Grand Slam,Outdoor,Hard,1st Round,3,Pegula J.,Kalinina A.,21.0,49.0,2474.0,1188.0,4.0,6.0,7.0,6.0,7.0,5.0,2.0,1.0,Completed,1.33,3.4,1.38,3.29,1.41,3.6,1.35,3.19,20220117
6,Melbourne,Australian Open,2022-01-17,Grand Slam,Outdoor,Hard,1st Round,3,Azarenka V.,Udvardy P.,25.0,95.0,2166.0,811.0,6.0,3.0,6.0,1.0,,,2.0,0.0,Completed,1.05,11.0,1.03,18.64,1.07,18.64,1.05,11.0,20220117
6,Melbourne,Australian Open,2022-01-17,Grand Slam,Outdoor,Hard,1st Round,3,Kudermetova V.,Liu C.,32.0,93.0,1695.0,838.0,6.0,4.0,6.0,4.0,,,2.0,0.0,Completed,1.33,3.4,1.4,3.17,1.4,3.8,1.34,3.29,20220117
6,Melbourne,Australian Open,2022-01-17,Grand Slam,Outdoor,Hard,1st Round,3,Wang Q.,Gauff C.,110.0,16.0,714.0,2655.0,6.0,4.0,6.0,2.0,,,2.0,0.0,Completed,8.0,1.08,8.33,1.1,11.0,1.12,8.22,1.08,20220117
6,Melbourne,Australian Open,2022-01-17,Grand Slam,Outdoor,Hard,1st Round,3,Wang Xiy.,Kuzmova V.,139.0,160.0,547.0,429.0,7.0,5.0,6.0,3.0,,,2.0,0.0,Completed,2.2,1.66,2.35,1.65,2.45,1.66,2.3,1.62,20220117
6,Melbourne,Australian Open,2022-01-17,Grand Slam,Outdoor,Hard,1st Round,3,Ostapenko J.,Schmiedlova A.,27.0,87.0,2035.0,862.0,6.0,7.0,6.0,4.0,6.0,1.0,2.0,1.0,Completed,1.25,4.0,1.28,4.07,1.28,4.4,1.25,3.91,20220117
6,Melbourne,Australian Open,2022-01-17,Grand Slam,Outdoor,Hard,1st Round,3,Krejcikova B.,Petkovic A.,4.0,73.0,5213.0,949.0,6.0,2.0,6.0,0.0,,,2.0,0.0,Completed,1.16,5.0,1.2,5.13,1.21,5.7,1.16,5.14,20220117
6,Melbourne,Australian Open,2022-01-17,Grand Slam,Outdoor,Hard,1st Round,3,Ruse E.G.,Paolini J.,72.0,52.0,951.0,1153.0,6.0,1.0,6.0,3.0,,,2.0,0.0,Completed,2.0,1.8,2.22,1.73,2.22,1.84,2.07,1.75,20220117
6,Melbourne,Australian Open,2022-01-17,Grand Slam,Outdoor,Hard,1st Round,3,Riske A.,Vekic D.,46.0,79.0,1271.0,896.0,6.0,2.0,6.0,2.0,,,2.0,0.0,Completed,1.66,2.2,1.85,2.04,1.86,2.2,1.76,2.07,20220117
6,Melbourne,Australian Open,2022-01-17,Grand Slam,Outdoor,Hard,1st Round,3,Trevisan M.,Hibino N.,111.0,125.0,713.0,598.0,6.0,2.0,6.0,3.0,,,2.0,0.0,Completed,1.5,2.62,1.54,2.6,1.58,2.67,1.53,2.48,20220117
6,Melbourne,Australian Open,2022-01-17,Grand Slam,Outdoor,Hard,1st Round,3,Keys M.,Kenin S.,51.0,13.0,1153.0,2762.0,7.0,6.0,7.0,5.0,,,2.0,0.0,Completed,1.53,2.5,1.48,2.82,1.65,3.05,1.48,2.67,20220117
6,Melbourne,Australian Open,2022-01-17,Grand Slam,Outdoor,Hard,1st Round,3,Teichmann J.,Martic P.,34.0,57.0,1620.0,1097.0,6.0,3.0,6.0,3.0,,,2.0,0.0,Completed,1.44,2.75,1.44,3.0,1.48,3.15,1.42,2.85,20220117
6,Melbourne,Australian Open,2022-01-17,Grand Slam,Outdoor,Hard,1st Round,3,Barty A.,Tsurenko L.,1.0,119.0,7111.0,634.0,6.0,0.0,6.0,1.0,,,2.0,0.0,Completed,1.05,11.0,1.03,16.3,1.05,20.0,1.03,12.92,20220117
6,Melbourne,Australian Open,2022-01-17,Grand Slam,Outdoor,Hard,1st Round,3,Cristian J.,Minnen G.,69.0,84.0,991.0,867.0,7.0,5.0,6.0,4.0,,,2.0,0.0,Completed,1.8,2.0,1.76,2.16,1.82,2.16,1.75,2.07,20220117
6,Melbourne,Australian Open,2022-01-17,Grand Slam,Outdoor,Hard,1st Round,3,Badosa P.,Tomljanovic A.,6.0,43.0,4264.0,1395.0,6.0,4.0,6.0,0.0,,,2.0,0.0,Completed,1.22,4.33,1.23,4.5,1.26,5.16,1.21,4.28,20220117
6,Melbourne,Australian Open,2022-01-18,Grand Slam,Outdoor,Hard,1st Round,3,Cornet A.,Tomova V.,61.0,118.0,1050.0,639.0,6.0,3.0,6.0,3.0,,,2.0,0.0,Completed,1.33,3.4,1.38,3.29,1.38,3.45,1.34,3.24,20220118
6,Melbourne,Australian Open,2022-01-18,Grand Slam,Outdoor,Hard,1st Round,3,Peterson R.,Saville D.,82.0,426.0,871.0,122.0,6.0,2.0,6.0,3.0,,,2.0,0.0,Completed,1.57,2.37,1.7,2.26,1.7,2.44,1.63,2.28,20220118
6,Melbourne,Australian Open,2022-01-18,Grand Slam,Outdoor,Hard,1st Round,3,Stosur S.,Anderson R.,487.0,169.0,97.0,412.0,6.0,7.0,6.0,3.0,6.0,3.0,2.0,1.0,Completed,2.1,1.72,2.03,1.86,2.21,1.86,2.08,1.76,20220118
6,Melbourne,Australian Open,2022-01-18,Grand Slam,Outdoor,Hard,1st Round,3,Kucova K.,Doi M.,96.0,75.0,807.0,926.0,6.0,3.0,7.0,5.0,,,2.0,0.0,Completed,2.3,1.61,2.36,1.65,2.44,1.68,2.31,1.61,20220118
6,Melbourne,Australian Open,2022-01-18,Grand Slam,Outdoor,Hard,1st Round,3,Cirstea S.,Kvitova P.,38.0,19.0,1502.0,2530.0,6.0,2.0,6.0,2.0,,,2.0,0.0,Completed,2.75,1.44,2.67,1.53,2.8,1.58,2.56,1.51,20220118
6,Melbourne,Australian Open,2022-01-18,Grand Slam,Outdoor,Hard,1st Round,3,Begu I.,Dodin O.,64.0,85.0,1033.0,866.0,2.0,6.0,7.0,5.0,6.0,3.0,2.0,1.0,Completed,1.4,3.0,1.43,3.04,1.44,3.26,1.4,2.96,20220118
6,Melbourne,Australian Open,2022-01-18,Grand Slam,Outdoor,Hard,1st Round,3,Mertens E.,Zvonareva V.,26.0,91.0,2091.0,846.0,6.0,4.0,7.0,5.0,,,2.0,0.0,Completed,1.36,3.2,1.38,3.28,1.4,3.52,1.35,3.18,20220118
6,Melbourne,Australian Open,2022-01-18,Grand Slam,Outdoor,Hard,1st Round,3,Muguruza G.,Burel C.,3.0,77.0,5425.0,914.0,6.0,3.0,6.0,4.0,,,2.0,0.0,Completed,1.11,6.5,1.09,8.66,1.12,8.75,1.1,7.18,20220118
6,Melbourne,Australian Open,2022-01-18,Grand Slam,Outdoor,Hard,1st Round,3,Kontaveit A.,Siniakova K.,7.0,48.0,4231.0,1220.0,6.0,2.0,6.0,3.0,,,2.0,0.0,Completed,1.1,7.0,1.1,8.3,1.13,8.5,1.09,7.45,20220118
6,Melbourne,Australian Open,2022-01-18,Grand Slam,Outdoor,Hard,1st Round,3,Vondrousova M.,Hon P.,41.0,221.0,1447.0,320.0,6.0,2.0,6.0,3.0,,,2.0,0.0,Completed,1.14,5.5,1.17,5.73,1.18,5.99,1.16,5.27,20220118
6,Melbourne,Australian Open,2022-01-18,Grand Slam,Outdoor,Hard,1st Round,3,Swiatek I.,Dart H.,9.0,123.0,3916.0,619.0,6.0,3.0,6.0,0.0,,,2.0,0.0,Completed,1.07,9.0,1.07,10.75,1.09,11.0,1.06,9.3,20220118
6,Melbourne,Australian Open,2022-01-18,Grand Slam,Outdoor,Hard,1st Round,3,Baptiste H.,Garcia C.,165.0,70.0,420.0,990.0,4.0,6.0,7.0,6.0,6.0,3.0,2.0,1.0,Completed,3.0,1.4,2.72,1.51,3.0,1.54,2.72,1.46,20220118
6,Melbourne,Australian Open,2022-01-18,Grand Slam,Outdoor,Hard,1st Round,3,Linette M.,Sevastova A.,53.0,71.0,1142.0,956.0,6.0,4.0,7.0,5.0,,,2.0,0.0,Completed,2.0,1.8,1.98,1.91,2.16,1.95,1.99,1.82,20220118
6,Melbourne,Australian Open,2022-01-18,Grand Slam,Outdoor,Hard,1st Round,3,Inglis M.,Fernandez L.A.,133.0,24.0,573.0,2279.0,6.0,4.0,6.0,2.0,,,2.0,0.0,Completed,7.0,1.1,8.41,1.1,8.75,1.13,7.33,1.09,20220118
6,Melbourne,Australian Open,2022-01-18,Grand Slam,Outdoor,Hard,1st Round,3,Kasatkina D.,Voegele S.,23.0,145.0,2360.0,497.0,6.0,3.0,6.0,1.0,,,2.0,0.0,Completed,1.14,5.5,1.13,7.07,1.16,7.07,1.12,6.18,20220118
6,Melbourne,Australian Open,2022-01-18,Grand Slam,Outdoor,Hard,1st Round,3,Samsonova L.,Bektas E.,37.0,212.0,1577.0,331.0,7.0,5.0,6.0,4.0,,,2.0,0.0,Completed,1.16,5.0,1.21,4.95,1.21,5.6,1.17,4.96,20220118
6,Melbourne,Australian Open,2022-01-18,Grand Slam,Outdoor,Hard,1st Round,3,Pavlyuchenkova A.,Bondar A.,11.0,92.0,2968.0,844.0,6.0,2.0,6.0,1.0,,,2.0,0.0,Completed,1.36,3.2,1.39,3.21,1.4,3.25,1.36,3.12,20220118
6,Melbourne,Australian Open,2022-01-18,Grand Slam,Outdoor,Hard,1st Round,3,Halep S.,Frech M.,15.0,102.0,2657.0,744.0,6.0,4.0,6.0,3.0,,,2.0,0.0,Completed,1.05,11.0,1.05,12.95,1.05,15.0,1.04,11.38,20220118
6,Melbourne,Australian Open,2022-01-18,Grand Slam,Outdoor,Hard,1st Round,3,Rybakina E.,Diyas Z.,12.0,104.0,2765.0,732.0,6.0,7.0,7.0,6.0,6.0,1.0,2.0,1.0,Completed,1.11,6.5,1.12,7.44,1.15,7.5,1.11,6.45,20220118
6,Melbourne,Australian Open,2022-01-18,Grand Slam,Outdoor,Hard,1st Round,3,Watson H.,Sherif M.,94.0,62.0,819.0,1049.0,6.0,3.0,5.0,7.0,6.0,2.0,2.0,1.0,Completed,1.72,2.1,1.7,2.26,1.77,2.5,1.68,2.2,20220118
6,Melbourne,Australian Open,2022-01-18,Grand Slam,Outdoor,Hard,1st Round,3,Zidansek T.,Rus A.,29.0,65.0,1931.0,1031.0,3.0,6.0,6.0,3.0,7.0,6.0,2.0,1.0,Completed,1.61,2.3,1.67,2.32,1.7,2.38,1.63,2.27,20220118
6,Melbourne,Australian Open,2022-01-18,Grand Slam,Outdoor,Hard,1st Round,3,Konjuh A.,Rogers S.,58.0,36.0,1063.0,1583.0,4.0,6.0,6.0,3.0,7.0,5.0,2.0,1.0,Completed,2.1,1.72,2.25,1.71,2.28,1.77,2.16,1.7,20220118
6,Melbourne,Australian Open,2022-01-18,Grand Slam,Outdoor,Hard,1st Round,3,Zhang S.,Golubic V.,74.0,40.0,946.0,1452.0,6.0,3.0,6.0,4.0,,,2.0,0.0,Completed,3.2,1.36,2.94,1.45,3.3,1.45,3.02,1.38,20220118
6,Melbourne,Australian Open,2022-01-18,Grand Slam,Outdoor,Hard,1st Round,3,Tauson C.,Sharma A.,39.0,97.0,1459.0,806.0,6.0,3.0,6.0,4.0,,,2.0,0.0,Completed,1.16,5.0,1.21,4.95,1.25,5.0,1.19,4.61,20220118
6,Melbourne,Australian Open,2022-01-18,Grand Slam,Outdoor,Hard,1st Round,3,Haddad Maia B.,Volynets K.,83.0,176.0,868.0,390.0,3.0,6.0,6.0,2.0,6.0,3.0,2.0,1.0,Completed,1.66,2.2,1.66,2.34,1.8,2.35,1.68,2.2,20220118
6,Melbourne,Australian Open,2022-01-18,Grand Slam,Outdoor,Hard,1st Round,3,Wang Xin.,Li A.,100.0,56.0,786.0,1119.0,7.0,6.0,6.0,3.0,,,2.0,0.0,Completed,3.5,1.3,3.97,1.29,4.2,1.31,3.7,1.28,20220118
6,Melbourne,Australian Open,2022-01-18,Grand Slam,Outdoor,Hard,1st Round,3,Kovinic D.,Jang S.,98.0,210.0,799.0,333.0,6.0,3.0,2.0,6.0,6.0,4.0,2.0,1.0,Completed,2.0,1.8,2.08,1.82,2.1,1.91,2.01,1.81,20220118
6,Melbourne,Australian Open,2022-01-18,Grand Slam,Outdoor,Hard,1st Round,3,Sabalenka A.,Sanders S.,2.0,128.0,5698.0,581.0,5.0,7.0,6.0,3.0,6.0,2.0,2.0,1.0,Completed,1.33,3.4,1.31,3.78,1.35,4.03,1.31,3.47,20220118
6,Melbourne,Australian Open,2022-01-18,Grand Slam,Outdoor,Hard,1st Round,3,Bouzkova M.,Marino R.,86.0,143.0,863.0,504.0,6.0,1.0,6.0,3.0,,,2.0,0.0,Completed,1.5,2.62,1.57,2.56,1.57,2.71,1.51,2.54,20220118
6,Melbourne,Australian Open,2022-01-18,Grand Slam,Outdoor,Hard,1st Round,3,Collins D.,Dolehide C.,30.0,200.0,1911.0,342.0,6.0,1.0,6.0,3.0,,,2.0,0.0,Completed,1.16,5.0,1.18,5.52,1.24,5.52,1.18,4.87,20220118
6,Melbourne,Australian Open,2022-01-18,Grand Slam,Outdoor,Hard,1st Round,3,Kanepi K.,Kerber A.,115.0,20.0,673.0,2517.0,6.0,4.0,6.0,3.0,,,2.0,0.0,Completed,2.62,1.5,2.59,1.56,2.75,1.59,2.58,1.51,20220118
6,Melbourne,Australian Open,2022-01-18,Grand Slam,Outdoor,Hard,1st Round,3,Raducanu E.,Stephens S.,18.0,67.0,2595.0,1023.0,6.0,0.0,2.0,6.0,6.0,1.0,2.0,1.0,Completed,2.0,1.8,2.12,1.79,2.15,1.88,2.04,1.79,20220118
6,Melbourne,Australian Open,2022-01-19,Grand Slam,Outdoor,Hard,2nd Round,3,Azarenka V.,Teichmann J.,25.0,34.0,2166.0,1620.0,6.0,1.0,6.0,2.0,,,2.0,0.0,Completed,1.28,3.75,1.28,4.01,1.31,4.09,1.27,3.76,20220119
6,Melbourne,Australian Open,2022-01-19,Grand Slam,Outdoor,Hard,2nd Round,3,Giorgi C.,Martincova T.,33.0,47.0,1692.0,1226.0,6.0,2.0,7.0,6.0,,,2.0,0.0,Completed,1.44,2.75,1.54,2.64,1.55,3.03,1.48,2.67,20220119
6,Melbourne,Australian Open,2022-01-19,Grand Slam,Outdoor,Hard,2nd Round,3,Kostyuk M.,Sorribes Tormo S.,66.0,35.0,1030.0,1588.0,7.0,6.0,6.0,3.0,,,2.0,0.0,Completed,1.57,2.37,1.59,2.5,1.67,2.6,1.57,2.4,20220119
6,Melbourne,Australian Open,2022-01-19,Grand Slam,Outdoor,Hard,2nd Round,3,Svitolina E.,Tan H.,17.0,107.0,2641.0,721.0,6.0,3.0,5.0,7.0,5.0,1.0,1.0,1.0,Retired,1.14,5.5,1.16,5.92,1.19,6.0,1.15,5.54,20220119
6,Melbourne,Australian Open,2022-01-19,Grand Slam,Outdoor,Hard,2nd Round,3,Badosa P.,Trevisan M.,6.0,111.0,4264.0,713.0,6.0,0.0,6.0,3.0,,,2.0,0.0,Completed,1.08,8.0,1.1,8.34,1.11,9.0,1.08,7.78,20220119
6,Melbourne,Australian Open,2022-01-19,Grand Slam,Outdoor,Hard,2nd Round,3,Barty A.,Bronzetti L.,1.0,142.0,7111.0,511.0,6.0,1.0,6.0,1.0,,,2.0,0.0,Completed,1.01,21.0,1.02,20.2,1.04,30.0,1.01,18.49,20220119
6,Melbourne,Australian Open,2022-01-19,Grand Slam,Outdoor,Hard,2nd Round,3,Keys M.,Cristian J.,51.0,69.0,1153.0,991.0,6.0,2.0,7.0,5.0,,,2.0,0.0,Completed,1.2,4.5,1.17,5.66,1.22,6.0,1.18,4.92,20220119
6,Melbourne,Australian Open,2022-01-19,Grand Slam,Outdoor,Hard,2nd Round,3,Pegula J.,Pera B.,21.0,105.0,2474.0,728.0,6.0,4.0,6.0,4.0,,,2.0,0.0,Completed,1.36,3.2,1.4,3.19,1.45,3.32,1.37,3.07,20220119
6,Melbourne,Australian Open,2022-01-19,Grand Slam,Outdoor,Hard,2nd Round,3,Ostapenko J.,Riske A.,27.0,46.0,2035.0,1271.0,4.0,6.0,6.0,2.0,6.0,4.0,2.0,1.0,Completed,1.61,2.3,1.63,2.42,1.67,2.49,1.6,2.34,20220119
6,Melbourne,Australian Open,2022-01-19,Grand Slam,Outdoor,Hard,2nd Round,3,Parrizas Diaz N.,Zanevska M.,63.0,80.0,1043.0,892.0,,,,,,,,,Retired,1.72,2.1,1.68,2.31,1.78,2.4,1.68,2.21,20220119
6,Melbourne,Australian Open,2022-01-19,Grand Slam,Outdoor,Hard,2nd Round,3,Wang Q.,Van Uytvanck A.,110.0,55.0,714.0,1125.0,2.0,6.0,7.0,6.0,6.0,3.0,2.0,1.0,Completed,2.37,1.57,2.49,1.59,2.62,1.69,2.39,1.58,20220119
6,Melbourne,Australian Open,2022-01-19,Grand Slam,Outdoor,Hard,2nd Round,3,Anisimova A.,Bencic B.,60.0,22.0,1060.0,2415.0,6.0,2.0,7.0,5.0,,,2.0,0.0,Completed,2.3,1.61,2.42,1.63,2.47,1.65,2.36,1.59,20220119
6,Melbourne,Australian Open,2022-01-19,Grand Slam,Outdoor,Hard,2nd Round,3,Kudermetova V.,Ruse E.G.,32.0,72.0,1695.0,951.0,6.0,2.0,7.0,5.0,,,2.0,0.0,Completed,1.36,3.2,1.38,3.31,1.4,3.4,1.35,3.18,20220119
6,Melbourne,Australian Open,2022-01-19,Grand Slam,Outdoor,Hard,2nd Round,3,Krejcikova B.,Wang Xiy.,4.0,139.0,5213.0,547.0,6.0,2.0,6.0,3.0,,,2.0,0.0,Completed,1.11,6.5,1.1,8.61,1.14,8.61,1.11,6.86,20220119
6,Melbourne,Australian Open,2022-01-19,Grand Slam,Outdoor,Hard,2nd Round,3,Osaka N.,Brengle M.,14.0,54.0,2696.0,1132.0,6.0,0.0,6.0,4.0,,,2.0,0.0,Completed,1.08,8.0,1.08,9.84,1.11,10.09,1.08,7.93,20220119
6,Melbourne,Australian Open,2022-01-19,Grand Slam,Outdoor,Hard,2nd Round,3,Sakkari M.,Zheng Q.,8.0,108.0,4071.0,719.0,6.0,1.0,6.0,4.0,,,2.0,0.0,Completed,1.25,4.0,1.3,3.82,1.3,4.33,1.26,3.87,20220119
6,Melbourne,Australian Open,2022-01-20,Grand Slam,Outdoor,Hard,2nd Round,3,Vondrousova M.,Samsonova L.,41.0,37.0,1447.0,1577.0,6.0,2.0,7.0,5.0,,,2.0,0.0,Completed,1.44,2.75,1.55,2.61,1.56,2.8,1.49,2.61,20220120
6,Melbourne,Australian Open,2022-01-20,Grand Slam,Outdoor,Hard,2nd Round,3,Tauson C.,Kontaveit A.,39.0,7.0,1459.0,4231.0,6.0,2.0,6.0,4.0,,,2.0,0.0,Completed,4.0,1.25,4.08,1.28,4.5,1.28,4.05,1.24,20220120
6,Melbourne,Australian Open,2022-01-20,Grand Slam,Outdoor,Hard,2nd Round,3,Swiatek I.,Peterson R.,9.0,82.0,3916.0,871.0,6.0,2.0,6.0,2.0,,,2.0,0.0,Completed,1.08,8.0,1.1,8.13,1.12,9.5,1.08,7.99,20220120
6,Melbourne,Australian Open,2022-01-20,Grand Slam,Outdoor,Hard,2nd Round,3,Collins D.,Konjuh A.,30.0,58.0,1911.0,1063.0,6.0,4.0,6.0,3.0,,,2.0,0.0,Completed,1.44,2.75,1.44,2.97,1.49,2.97,1.45,2.76,20220120
6,Melbourne,Australian Open,2022-01-20,Grand Slam,Outdoor,Hard,2nd Round,3,Cornet A.,Muguruza G.,61.0,3.0,1050.0,5425.0,6.0,3.0,6.0,3.0,,,2.0,0.0,Completed,5.0,1.16,5.89,1.16,6.0,1.21,5.22,1.16,20220120
6,Melbourne,Australian Open,2022-01-20,Grand Slam,Outdoor,Hard,2nd Round,3,Inglis M.,Baptiste H.,133.0,165.0,573.0,420.0,7.0,6.0,2.0,6.0,6.0,2.0,2.0,1.0,Completed,2.0,1.8,2.07,1.83,2.07,1.9,2.01,1.81,20220120
6,Melbourne,Australian Open,2022-01-20,Grand Slam,Outdoor,Hard,2nd Round,3,Sabalenka A.,Wang Xin.,2.0,100.0,5698.0,786.0,1.0,6.0,6.0,4.0,6.0,2.0,2.0,1.0,Completed,1.25,4.0,1.3,3.85,1.32,4.44,1.25,3.88,20220120
6,Melbourne,Australian Open,2022-01-20,Grand Slam,Outdoor,Hard,2nd Round,3,Cirstea S.,Kucova K.,38.0,96.0,1502.0,807.0,6.0,2.0,6.0,4.0,,,2.0,0.0,Completed,1.33,3.4,1.31,3.75,1.39,3.75,1.31,3.47,20220120
6,Melbourne,Australian Open,2022-01-20,Grand Slam,Outdoor,Hard,2nd Round,3,Mertens E.,Begu I.,26.0,64.0,2091.0,1033.0,6.0,3.0,6.0,2.0,,,2.0,0.0,Completed,1.44,2.75,1.41,3.13,1.48,3.21,1.4,2.94,20220120
6,Melbourne,Australian Open,2022-01-20,Grand Slam,Outdoor,Hard,2nd Round,3,Pavlyuchenkova A.,Stosur S.,11.0,487.0,2968.0,97.0,6.0,2.0,6.0,2.0,,,2.0,0.0,Completed,1.07,9.0,1.08,9.78,1.11,11.0,1.07,8.75,20220120
6,Melbourne,Australian Open,2022-01-20,Grand Slam,Outdoor,Hard,2nd Round,3,Zidansek T.,Watson H.,29.0,94.0,1931.0,819.0,7.0,6.0,6.0,4.0,,,2.0,0.0,Completed,1.5,2.62,1.53,2.65,1.67,2.72,1.51,2.59,20220120
6,Melbourne,Australian Open,2022-01-20,Grand Slam,Outdoor,Hard,2nd Round,3,Kasatkina D.,Linette M.,23.0,53.0,2360.0,1142.0,6.0,2.0,6.0,3.0,,,2.0,0.0,Completed,1.25,4.0,1.27,4.15,1.28,4.5,1.24,4.02,20220120
6,Melbourne,Australian Open,2022-01-20,Grand Slam,Outdoor,Hard,2nd Round,3,Zhang S.,Rybakina E.,74.0,12.0,946.0,2765.0,6.0,4.0,1.0,0.0,,,1.0,0.0,Retired,5.5,1.14,4.65,1.23,5.5,1.23,4.84,1.18,20220120
6,Melbourne,Australian Open,2022-01-20,Grand Slam,Outdoor,Hard,2nd Round,3,Kanepi K.,Bouzkova M.,115.0,86.0,673.0,863.0,6.0,2.0,7.0,6.0,,,2.0,0.0,Completed,1.66,2.2,1.72,2.22,1.8,2.28,1.71,2.15,20220120
6,Melbourne,Australian Open,2022-01-20,Grand Slam,Outdoor,Hard,2nd Round,3,Kovinic D.,Raducanu E.,98.0,18.0,799.0,2595.0,6.0,4.0,4.0,6.0,6.0,3.0,2.0,1.0,Completed,5.0,1.16,5.16,1.2,6.1,1.2,5.22,1.16,20220120
6,Melbourne,Australian Open,2022-01-20,Grand Slam,Outdoor,Hard,2nd Round,3,Halep S.,Haddad Maia B.,15.0,83.0,2657.0,868.0,6.0,2.0,6.0,0.0,,,2.0,0.0,Completed,1.08,8.0,1.07,10.19,1.1,10.37,1.07,8.69,20220120
6,Melbourne,Australian Open,2022-01-21,Grand Slam,Outdoor,Hard,3rd Round,3,Pegula J.,Parrizas Diaz N.,21.0,63.0,2474.0,1043.0,7.0,6.0,6.0,2.0,,,2.0,0.0,Completed,1.16,5.0,1.23,4.56,1.26,5.0,1.21,4.43,20220121
6,Melbourne,Australian Open,2022-01-21,Grand Slam,Outdoor,Hard,3rd Round,3,Azarenka V.,Svitolina E.,25.0,17.0,2166.0,2641.0,6.0,0.0,6.0,2.0,,,2.0,0.0,Completed,1.33,3.4,1.3,3.71,1.35,3.82,1.31,3.46,20220121
6,Melbourne,Australian Open,2022-01-21,Grand Slam,Outdoor,Hard,3rd Round,3,Krejcikova B.,Ostapenko J.,4.0,27.0,5213.0,2035.0,2.0,6.0,6.0,4.0,6.0,4.0,2.0,1.0,Completed,1.22,4.33,1.25,4.4,1.25,4.7,1.22,4.21,20220121
6,Melbourne,Australian Open,2022-01-21,Grand Slam,Outdoor,Hard,3rd Round,3,Badosa P.,Kostyuk M.,6.0,66.0,4264.0,1030.0,6.0,2.0,5.0,7.0,6.0,4.0,2.0,1.0,Completed,1.22,4.33,1.27,4.13,1.27,4.6,1.23,4.16,20220121
6,Melbourne,Australian Open,2022-01-21,Grand Slam,Outdoor,Hard,3rd Round,3,Sakkari M.,Kudermetova V.,8.0,32.0,4071.0,1695.0,6.0,4.0,6.0,1.0,,,2.0,0.0,Completed,1.5,2.62,1.46,2.89,1.5,3.06,1.43,2.81,20220121
6,Melbourne,Australian Open,2022-01-21,Grand Slam,Outdoor,Hard,3rd Round,3,Keys M.,Wang Q.,51.0,110.0,1153.0,714.0,4.0,6.0,6.0,3.0,7.0,6.0,2.0,1.0,Completed,1.2,4.5,1.22,4.82,1.25,4.85,1.21,4.4,20220121
6,Melbourne,Australian Open,2022-01-21,Grand Slam,Outdoor,Hard,3rd Round,3,Anisimova A.,Osaka N.,60.0,14.0,1060.0,2696.0,4.0,6.0,6.0,3.0,7.0,6.0,2.0,1.0,Completed,3.2,1.36,3.1,1.41,3.62,1.44,3.11,1.37,20220121
6,Melbourne,Australian Open,2022-01-21,Grand Slam,Outdoor,Hard,3rd Round,3,Barty A.,Giorgi C.,1.0,33.0,7111.0,1692.0,6.0,2.0,6.0,3.0,,,2.0,0.0,Completed,1.07,9.0,1.06,11.32,1.1,12.5,1.07,9.1,20220121
6,Melbourne,Australian Open,2022-01-22,Grand Slam,Outdoor,Hard,3rd Round,3,Cornet A.,Zidansek T.,61.0,29.0,1050.0,1931.0,4.0,6.0,6.0,4.0,6.0,2.0,2.0,1.0,Completed,1.61,2.3,1.6,2.47,1.73,2.47,1.63,2.29,20220122
6,Melbourne,Australian Open,2022-01-22,Grand Slam,Outdoor,Hard,3rd Round,3,Collins D.,Tauson C.,30.0,39.0,1911.0,1459.0,4.0,6.0,6.0,4.0,7.0,5.0,2.0,1.0,Completed,2.0,1.8,2.04,1.85,2.05,1.9,1.98,1.83,20220122
6,Melbourne,Australian Open,2022-01-22,Grand Slam,Outdoor,Hard,3rd Round,3,Halep S.,Kovinic D.,15.0,98.0,2657.0,799.0,6.0,2.0,6.0,1.0,,,2.0,0.0,Completed,1.06,10.0,1.03,17.54,1.08,17.54,1.05,11.16,20220122
6,Melbourne,Australian Open,2022-01-22,Grand Slam,Outdoor,Hard,3rd Round,3,Mertens E.,Zhang S.,26.0,74.0,2091.0,946.0,6.0,2.0,6.0,2.0,,,2.0,0.0,Completed,1.28,3.75,1.27,4.13,1.34,4.2,1.28,3.67,20220122
6,Melbourne,Australian Open,2022-01-22,Grand Slam,Outdoor,Hard,3rd Round,3,Kanepi K.,Inglis M.,115.0,133.0,673.0,573.0,2.0,6.0,6.0,2.0,6.0,0.0,2.0,1.0,Completed,1.28,3.75,1.32,3.67,1.32,3.8,1.29,3.61,20220122
6,Melbourne,Australian Open,2022-01-22,Grand Slam,Outdoor,Hard,3rd Round,3,Sabalenka A.,Vondrousova M.,2.0,41.0,5698.0,1447.0,4.0,6.0,6.0,3.0,6.0,1.0,2.0,1.0,Completed,2.2,1.66,2.29,1.68,2.4,1.76,2.2,1.67,20220122
6,Melbourne,Australian Open,2022-01-22,Grand Slam,Outdoor,Hard,3rd Round,3,Swiatek I.,Kasatkina D.,9.0,23.0,3916.0,2360.0,6.0,2.0,6.0,3.0,,,2.0,0.0,Completed,1.36,3.2,1.38,3.3,1.4,3.85,1.35,3.23,20220122
6,Melbourne,Australian Open,2022-01-22,Grand Slam,Outdoor,Hard,3rd Round,3,Cirstea S.,Pavlyuchenkova A.,38.0,11.0,1502.0,2968.0,6.0,3.0,2.0,6.0,6.0,2.0,2.0,1.0,Completed,2.5,1.53,2.5,1.59,2.78,1.59,2.5,1.53,20220122
6,Melbourne,Australian Open,2022-01-23,Grand Slam,Outdoor,Hard,4th Round,3,Keys M.,Badosa P.,51.0,6.0,1153.0,4264.0,6.0,3.0,6.0,1.0,,,2.0,0.0,Completed,2.5,1.53,2.39,1.65,2.71,1.65,2.47,1.55,20220123
6,Melbourne,Australian Open,2022-01-23,Grand Slam,Outdoor,Hard,4th Round,3,Krejcikova B.,Azarenka V.,4.0,25.0,5213.0,2166.0,6.0,2.0,6.0,2.0,,,2.0,0.0,Completed,2.75,1.44,2.91,1.47,2.91,1.55,2.75,1.46,20220123
6,Melbourne,Australian Open,2022-01-23,Grand Slam,Outdoor,Hard,4th Round,3,Pegula J.,Sakkari M.,21.0,8.0,2474.0,4071.0,7.0,6.0,6.0,3.0,,,2.0,0.0,Completed,3.0,1.4,2.95,1.46,3.1,1.46,2.88,1.42,20220123
6,Melbourne,Australian Open,2022-01-23,Grand Slam,Outdoor,Hard,4th Round,3,Barty A.,Anisimova A.,1.0,60.0,7111.0,1060.0,6.0,4.0,6.0,3.0,,,2.0,0.0,Completed,1.2,4.5,1.22,4.82,1.25,5.0,1.21,4.49,20220123
6,Melbourne,Australian Open,2022-01-24,Grand Slam,Outdoor,Hard,4th Round,3,Collins D.,Mertens E.,30.0,26.0,1911.0,2091.0,4.0,6.0,6.0,4.0,6.0,4.0,2.0,1.0,Completed,1.66,2.2,1.71,2.27,1.73,2.35,1.68,2.21,20220124
6,Melbourne,Australian Open,2022-01-24,Grand Slam,Outdoor,Hard,4th Round,3,Cornet A.,Halep S.,61.0,15.0,1050.0,2657.0,6.0,4.0,3.0,6.0,6.0,4.0,2.0,1.0,Completed,6.0,1.12,6.75,1.14,7.59,1.14,6.41,1.12,20220124
6,Melbourne,Australian Open,2022-01-24,Grand Slam,Outdoor,Hard,4th Round,3,Swiatek I.,Cirstea S.,9.0,38.0,3916.0,1502.0,5.0,7.0,6.0,3.0,6.0,3.0,2.0,1.0,Completed,1.16,5.0,1.18,5.74,1.21,5.75,1.16,5.22,20220124
6,Melbourne,Australian Open,2022-01-24,Grand Slam,Outdoor,Hard,4th Round,3,Kanepi K.,Sabalenka A.,115.0,2.0,673.0,5698.0,5.0,7.0,6.0,2.0,7.0,6.0,2.0,1.0,Completed,3.2,1.36,3.1,1.43,3.43,1.43,3.13,1.37,20220124
6,Melbourne,Australian Open,2022-01-25,Grand Slam,Outdoor,Hard,Quarterfinals,3,Keys M.,Krejcikova B.,51.0,4.0,1153.0,5213.0,6.0,3.0,6.0,2.0,,,2.0,0.0,Completed,2.0,1.8,2.11,1.81,2.19,1.84,2.04,1.78,20220125
6,Melbourne,Australian Open,2022-01-25,Grand Slam,Outdoor,Hard,Quarterfinals,3,Barty A.,Pegula J.,1.0,21.0,7111.0,2474.0,6.0,2.0,6.0,0.0,,,2.0,0.0,Completed,1.11,6.5,1.13,7.05,1.16,7.05,1.12,6.34,20220125
6,Melbourne,Australian Open,2022-01-26,Grand Slam,Outdoor,Hard,Quarterfinals,3,Collins D.,Cornet A.,30.0,61.0,1911.0,1050.0,7.0,5.0,6.0,1.0,,,2.0,0.0,Completed,1.36,3.2,1.4,3.25,1.4,3.32,1.37,3.14,20220126
6,Melbourne,Australian Open,2022-01-26,Grand Slam,Outdoor,Hard,Quarterfinals,3,Swiatek I.,Kanepi K.,9.0,115.0,3916.0,673.0,4.0,6.0,7.0,6.0,6.0,3.0,2.0,1.0,Completed,1.25,4.0,1.25,4.5,1.27,4.7,1.23,4.22,20220126
6,Melbourne,Australian Open,2022-01-27,Grand Slam,Outdoor,Hard,Semifinals,3,Barty A.,Keys M.,1.0,51.0,7111.0,1153.0,6.0,1.0,6.0,3.0,,,2.0,0.0,Completed,1.2,4.5,1.24,4.55,1.28,4.73,1.22,4.3,20220127
6,Melbourne,Australian Open,2022-01-27,Grand Slam,Outdoor,Hard,Semifinals,3,Collins D.,Swiatek I.,30.0,9.0,1911.0,3916.0,6.0,4.0,6.0,1.0,,,2.0,0.0,Completed,2.2,1.66,2.4,1.65,2.47,1.7,2.3,1.63,20220127
6,Melbourne,Australian Open,2022-01-29,Grand Slam,Outdoor,Hard,The Final,3,Barty A.,Collins D.,1.0,30.0,7111.0,1911.0,6.0,3.0,7.0,6.0,,,2.0,0.0,Completed,1.2,4.8,1.22,4.83,1.26,5.0,1.21,4.51,20220129
7,St. Petersburg,Ladies Trophy,2022-02-07,WTA500,Indoor,Hard,1st Round,3,Alexandrova E.,Giorgi C.,43.0,30.0,1236.0,1692.0,6.0,2.0,1.0,6.0,6.0,2.0,2.0,1.0,Completed,2.1,1.72,2.24,1.72,2.4,1.75,2.14,1.7,20220207
7,St. Petersburg,Ladies Trophy,2022-02-07,WTA500,Indoor,Hard,1st Round,3,Mertens E.,Cornet A.,26.0,37.0,2091.0,1410.0,3.0,6.0,6.0,2.0,6.0,4.0,2.0,1.0,Completed,1.44,2.75,1.49,2.79,1.49,3.1,1.44,2.73,20220207
7,St. Petersburg,Ladies Trophy,2022-02-07,WTA500,Indoor,Hard,1st Round,3,Kontaveit A.,Teichmann J.,9.0,35.0,3871.0,1470.0,6.0,3.0,1.0,6.0,6.0,3.0,2.0,1.0,Completed,1.14,5.5,1.16,6.04,1.22,6.25,1.14,5.48,20220207
7,St. Petersburg,Ladies Trophy,2022-02-07,WTA500,Indoor,Hard,1st Round,3,Bencic B.,Kudermetova V.,24.0,29.0,2110.0,1695.0,6.0,2.0,4.0,6.0,7.0,6.0,2.0,1.0,Completed,1.57,2.37,1.57,2.55,1.68,2.55,1.57,2.4,20220207
7,St. Petersburg,Ladies Trophy,2022-02-07,WTA500,Indoor,Hard,1st Round,3,Sasnovich A.,Linette M.,71.0,45.0,923.0,1202.0,7.0,5.0,4.0,6.0,6.0,4.0,2.0,1.0,Completed,1.53,2.5,1.58,2.51,1.73,2.6,1.56,2.41,20220207
7,St. Petersburg,Ladies Trophy,2022-02-07,WTA500,Indoor,Hard,1st Round,3,Kvitova P.,Niemeier J.,23.0,118.0,2110.0,596.0,6.0,2.0,6.0,1.0,,,2.0,0.0,Completed,1.44,2.75,1.46,2.91,1.5,2.91,1.44,2.74,20220207
7,St. Petersburg,Ladies Trophy,2022-02-07,WTA500,Indoor,Hard,1st Round,3,Cristian J.,Pera B.,58.0,100.0,1013.0,728.0,7.0,6.0,6.0,4.0,,,2.0,0.0,Completed,,,,,1.5,2.4,1.5,2.4,20220207
7,St. Petersburg,Ladies Trophy,2022-02-07,WTA500,Indoor,Hard,1st Round,3,Petkovic A.,Peterson R.,65.0,74.0,949.0,901.0,7.0,6.0,6.0,2.0,,,2.0,0.0,Completed,2.75,1.44,2.92,1.46,3.0,1.47,2.79,1.43,20220207
7,St. Petersburg,Ladies Trophy,2022-02-08,WTA500,Indoor,Hard,1st Round,3,Ostapenko J.,Wang Xin.,25.0,86.0,2095.0,826.0,6.0,1.0,6.0,4.0,,,2.0,0.0,Completed,1.36,3.2,1.31,3.75,1.39,3.8,1.32,3.37,20220208
7,St. Petersburg,Ladies Trophy,2022-02-08,WTA500,Indoor,Hard,1st Round,3,Cirstea S.,Vondrousova M.,31.0,38.0,1612.0,1337.0,7.0,5.0,3.0,6.0,6.0,4.0,2.0,1.0,Completed,3.0,1.4,3.22,1.39,3.22,1.42,2.99,1.38,20220208
7,St. Petersburg,Ladies Trophy,2022-02-08,WTA500,Indoor,Hard,1st Round,3,Martincova T.,Zvonareva V.,42.0,82.0,1248.0,846.0,2.0,6.0,6.0,1.0,6.0,4.0,2.0,1.0,Completed,2.2,1.66,2.28,1.69,2.38,1.73,2.19,1.66,20220208
7,St. Petersburg,Ladies Trophy,2022-02-08,WTA500,Indoor,Hard,1st Round,3,Martic P.,Rakhimova K.,70.0,104.0,924.0,686.0,6.0,4.0,2.0,6.0,6.0,4.0,2.0,1.0,Completed,2.1,1.72,2.18,1.76,2.22,1.8,2.11,1.73,20220208
7,St. Petersburg,Ladies Trophy,2022-02-08,WTA500,Indoor,Hard,1st Round,3,Sakkari M.,Potapova A.,7.0,75.0,4071.0,895.0,6.0,4.0,6.0,4.0,,,2.0,0.0,Completed,1.16,5.0,1.23,4.65,1.23,5.4,1.19,4.64,20220208
7,St. Petersburg,Ladies Trophy,2022-02-08,WTA500,Indoor,Hard,1st Round,3,Juvan K.,Van Uytvanck A.,102.0,52.0,697.0,1125.0,4.0,6.0,6.0,4.0,6.0,3.0,2.0,1.0,Completed,2.5,1.53,2.64,1.54,2.64,1.61,2.48,1.53,20220208
7,St. Petersburg,Ladies Trophy,2022-02-08,WTA500,Indoor,Hard,1st Round,3,Begu I.,Zhang S.,56.0,67.0,1043.0,946.0,6.0,3.0,6.0,1.0,,,2.0,0.0,Completed,1.66,2.2,1.64,2.38,1.73,2.4,1.65,2.23,20220208
7,St. Petersburg,Ladies Trophy,2022-02-08,WTA500,Indoor,Hard,1st Round,3,Rybakina E.,Gracheva V.,12.0,81.0,2705.0,847.0,6.0,2.0,6.0,1.0,,,2.0,0.0,Completed,1.2,4.5,1.19,5.21,1.24,5.21,1.19,4.55,20220208
7,St. Petersburg,Ladies Trophy,2022-02-08,WTA500,Indoor,Hard,2nd Round,3,Kontaveit A.,Cirstea S.,9.0,31.0,3871.0,1612.0,6.0,4.0,7.0,5.0,,,2.0,0.0,Completed,1.3,3.5,1.32,3.72,1.37,3.75,1.3,3.5,20220208
7,St. Petersburg,Ladies Trophy,2022-02-08,WTA500,Indoor,Hard,2nd Round,3,Mertens E.,Martic P.,26.0,70.0,2091.0,924.0,6.0,4.0,3.0,6.0,6.0,2.0,2.0,1.0,Completed,1.22,4.33,1.23,4.79,1.29,4.79,1.21,4.33,20220208
7,St. Petersburg,Ladies Trophy,2022-02-08,WTA500,Indoor,Hard,2nd Round,3,Sakkari M.,Alexandrova E.,7.0,43.0,4071.0,1236.0,6.0,2.0,6.0,4.0,,,2.0,0.0,Completed,1.5,2.62,1.54,2.66,1.54,2.81,1.5,2.57,20220208
7,St. Petersburg,Ladies Trophy,2022-02-09,WTA500,Indoor,Hard,2nd Round,3,Bencic B.,Juvan K.,24.0,102.0,2110.0,697.0,6.0,1.0,7.0,6.0,,,2.0,0.0,Completed,1.22,4.33,1.29,4.03,1.29,4.5,1.24,3.93,20220209
7,St. Petersburg,Ladies Trophy,2022-02-09,WTA500,Indoor,Hard,2nd Round,3,Martincova T.,Rybakina E.,42.0,12.0,1248.0,2705.0,,,,,,,,,Walkover,4.5,1.2,4.74,1.23,4.9,1.23,4.45,1.2,20220209
7,St. Petersburg,Ladies Trophy,2022-02-09,WTA500,Indoor,Hard,2nd Round,3,Begu I.,Kvitova P.,56.0,23.0,1043.0,2110.0,6.0,4.0,6.0,0.0,,,2.0,0.0,Completed,3.2,1.36,3.25,1.4,3.32,1.41,3.11,1.36,20220209
7,St. Petersburg,Ladies Trophy,2022-02-09,WTA500,Indoor,Hard,2nd Round,3,Sasnovich A.,Cristian J.,71.0,58.0,923.0,1013.0,6.0,2.0,6.0,3.0,,,2.0,0.0,Completed,1.61,2.3,1.59,2.53,1.65,2.53,1.59,2.35,20220209
7,St. Petersburg,Ladies Trophy,2022-02-09,WTA500,Indoor,Hard,2nd Round,3,Ostapenko J.,Petkovic A.,25.0,65.0,2095.0,949.0,6.0,1.0,6.0,2.0,,,2.0,0.0,Completed,1.36,3.2,1.39,3.29,1.39,3.4,1.35,3.16,20220209
7,St. Petersburg,Ladies Trophy,2022-02-10,WTA500,Indoor,Hard,Quarterfinals,3,Begu I.,Martincova T.,56.0,42.0,1043.0,1248.0,6.0,4.0,6.0,2.0,,,2.0,0.0,Completed,1.61,2.3,1.71,2.27,1.72,2.33,1.64,2.25,20220210
7,St. Petersburg,Ladies Trophy,2022-02-10,WTA500,Indoor,Hard,Quarterfinals,3,Sakkari M.,Mertens E.,7.0,26.0,4071.0,2091.0,7.0,6.0,6.0,2.0,,,2.0,0.0,Completed,1.53,2.5,1.52,2.72,1.57,2.85,1.5,2.58,20220210
7,St. Petersburg,Ladies Trophy,2022-02-10,WTA500,Indoor,Hard,Quarterfinals,3,Ostapenko J.,Sasnovich A.,25.0,71.0,2095.0,923.0,7.0,6.0,4.0,6.0,6.0,3.0,2.0,1.0,Completed,1.44,2.75,1.47,2.92,1.49,3.25,1.43,2.8,20220210
7,St. Petersburg,Ladies Trophy,2022-02-10,WTA500,Indoor,Hard,Quarterfinals,3,Kontaveit A.,Bencic B.,9.0,24.0,3871.0,2110.0,7.0,6.0,6.0,2.0,,,2.0,0.0,Completed,1.44,2.75,1.54,2.66,1.54,3.1,1.47,2.65,20220210
7,St. Petersburg,Ladies Trophy,2022-02-11,WTA500,Indoor,Hard,Semifinals,3,Sakkari M.,Begu I.,7.0,56.0,4071.0,1043.0,6.0,4.0,6.0,7.0,6.0,4.0,2.0,1.0,Completed,1.3,3.5,1.34,3.61,1.34,3.75,1.3,3.47,20220211
7,St. Petersburg,Ladies Trophy,2022-02-11,WTA500,Indoor,Hard,Semifinals,3,Kontaveit A.,Ostapenko J.,9.0,25.0,3871.0,2095.0,6.0,3.0,6.0,4.0,,,2.0,0.0,Completed,1.44,2.75,1.42,3.13,1.49,3.13,1.43,2.82,20220211
7,St. Petersburg,Ladies Trophy,2022-02-11,WTA500,Indoor,Hard,The Final,3,Kontaveit A.,Sakkari M.,9.0,7.0,3871.0,4071.0,5.0,7.0,7.0,6.0,7.0,5.0,2.0,1.0,Completed,1.5,2.62,1.52,2.72,1.57,2.72,1.5,2.59,20220211
8,Dubai,Dubai Duty Free Tennis Championships,2022-02-14,WTA500,Outdoor,Hard,1st Round,3,Krejcikova B.,Garcia C.,3.0,70.0,5533.0,930.0,6.0,4.0,7.0,6.0,,,2.0,0.0,Completed,1.14,5.5,1.19,5.14,1.19,6.3,1.15,5.29,20220214
8,Dubai,Dubai Duty Free Tennis Championships,2022-02-14,WTA500,Outdoor,Hard,1st Round,3,Swiatek I.,Kasatkina D.,9.0,28.0,3986.0,1760.0,6.0,1.0,6.0,2.0,,,2.0,0.0,Completed,1.28,3.75,1.31,3.69,1.33,3.85,1.28,3.64,20220214
8,Dubai,Dubai Duty Free Tennis Championships,2022-02-14,WTA500,Outdoor,Hard,1st Round,3,Pegula J.,Gauff C.,14.0,20.0,2474.0,2231.0,6.0,4.0,6.0,4.0,,,2.0,0.0,Completed,1.72,2.1,1.82,2.06,1.87,2.2,1.76,2.06,20220214
8,Dubai,Dubai Duty Free Tennis Championships,2022-02-14,WTA500,Outdoor,Hard,1st Round,3,Halep S.,Riske A.,23.0,53.0,2117.0,1101.0,6.0,2.0,6.0,4.0,,,2.0,0.0,Completed,1.16,5.0,1.17,5.83,1.18,5.83,1.16,5.11,20220214
8,Dubai,Dubai Duty Free Tennis Championships,2022-02-14,WTA500,Outdoor,Hard,1st Round,3,Kvitova P.,Giorgi C.,25.0,29.0,2065.0,1692.0,6.0,2.0,6.0,0.0,,,2.0,0.0,Completed,2.1,1.72,2.04,1.84,2.17,1.9,2.05,1.77,20220214
8,Dubai,Dubai Duty Free Tennis Championships,2022-02-15,WTA500,Outdoor,Hard,1st Round,3,Yastremska D.,Begu I.,146.0,54.0,442.0,1088.0,4.0,6.0,6.0,2.0,6.0,3.0,2.0,1.0,Completed,1.9,1.9,1.88,2.1,2.1,2.13,1.85,1.94,20220215
8,Dubai,Dubai Duty Free Tennis Championships,2022-02-15,WTA500,Outdoor,Hard,1st Round,3,Ostapenko J.,Kenin S.,21.0,90.0,2225.0,771.0,6.0,1.0,6.0,2.0,,,2.0,0.0,Completed,1.66,2.2,1.68,2.28,1.73,2.38,1.66,2.21,20220215
8,Dubai,Dubai Duty Free Tennis Championships,2022-02-15,WTA500,Outdoor,Hard,1st Round,3,Ruse E.G.,Badosa P.,59.0,5.0,991.0,4429.0,6.0,3.0,5.0,7.0,6.0,4.0,2.0,1.0,Completed,5.0,1.16,5.23,1.19,6.0,1.22,5.05,1.16,20220215
8,Dubai,Dubai Duty Free Tennis Championships,2022-02-15,WTA500,Outdoor,Hard,1st Round,3,Svitolina E.,Sherif M.,15.0,322.0,2472.0,149.0,6.0,2.0,6.0,3.0,,,2.0,0.0,Completed,1.12,6.0,1.14,6.58,1.16,6.58,1.13,5.82,20220215
8,Dubai,Dubai Duty Free Tennis Championships,2022-02-15,WTA500,Outdoor,Hard,1st Round,3,Teichmann J.,Mertens E.,35.0,22.0,1470.0,2190.0,6.0,2.0,6.0,4.0,,,2.0,0.0,Completed,3.0,1.4,3.15,1.4,3.26,1.45,2.94,1.4,20220215
8,Dubai,Dubai Duty Free Tennis Championships,2022-02-15,WTA500,Outdoor,Hard,1st Round,3,Jabeur O.,Zvonareva V.,10.0,103.0,3070.0,681.0,6.0,2.0,2.0,6.0,7.0,5.0,2.0,1.0,Completed,1.25,4.0,1.34,3.48,1.34,4.65,1.25,3.88,20220215
8,Dubai,Dubai Duty Free Tennis Championships,2022-02-15,WTA500,Outdoor,Hard,1st Round,3,Gracheva V.,Tomljanovic A.,80.0,39.0,847.0,1310.0,6.0,1.0,7.0,5.0,,,2.0,0.0,Completed,2.1,1.72,2.34,1.67,2.34,1.75,2.19,1.67,20220215
8,Dubai,Dubai Duty Free Tennis Championships,2022-02-15,WTA500,Outdoor,Hard,1st Round,3,Kudermetova V.,Azarenka V.,31.0,17.0,1655.0,2396.0,6.0,3.0,6.0,4.0,,,2.0,0.0,Completed,3.75,1.28,3.76,1.27,4.65,1.33,3.77,1.26,20220215
8,Dubai,Dubai Duty Free Tennis Championships,2022-02-15,WTA500,Outdoor,Hard,1st Round,3,Collins D.,Vondrousova M.,11.0,38.0,2971.0,1337.0,6.0,2.0,0.0,3.0,,,1.0,0.0,Retired,1.53,2.5,1.56,2.56,1.65,2.58,1.56,2.42,20220215
8,Dubai,Dubai Duty Free Tennis Championships,2022-02-15,WTA500,Outdoor,Hard,1st Round,3,Muguruza G.,Siniakova K.,7.0,45.0,4195.0,1175.0,7.0,6.0,2.0,6.0,6.0,2.0,2.0,1.0,Completed,1.36,3.2,1.39,3.25,1.4,3.32,1.35,3.15,20220215
8,Dubai,Dubai Duty Free Tennis Championships,2022-02-15,WTA500,Outdoor,Hard,1st Round,3,Sabalenka A.,Kostyuk M.,2.0,49.0,5698.0,1135.0,6.0,4.0,6.0,1.0,,,2.0,0.0,Completed,1.5,2.62,1.57,2.54,1.58,2.63,1.52,2.49,20220215
8,Dubai,Dubai Duty Free Tennis Championships,2022-02-16,WTA500,Outdoor,Hard,2nd Round,3,Ostapenko J.,Swiatek I.,21.0,9.0,2225.0,3986.0,4.0,6.0,6.0,1.0,7.0,6.0,2.0,1.0,Completed,3.0,1.4,3.03,1.44,3.03,1.45,2.92,1.4,20220216
8,Dubai,Dubai Duty Free Tennis Championships,2022-02-16,WTA500,Outdoor,Hard,2nd Round,3,Teichmann J.,Svitolina E.,35.0,15.0,1470.0,2472.0,7.0,6.0,6.0,2.0,,,2.0,0.0,Completed,2.2,1.66,2.3,1.69,2.4,1.69,2.21,1.65,20220216
8,Dubai,Dubai Duty Free Tennis Championships,2022-02-16,WTA500,Outdoor,Hard,2nd Round,3,Kudermetova V.,Muguruza G.,31.0,7.0,1655.0,4195.0,3.0,6.0,6.0,4.0,6.0,4.0,2.0,1.0,Completed,2.62,1.5,2.74,1.52,2.96,1.53,2.62,1.49,20220216
8,Dubai,Dubai Duty Free Tennis Championships,2022-02-16,WTA500,Outdoor,Hard,2nd Round,3,Yastremska D.,Krejcikova B.,146.0,3.0,442.0,5533.0,6.0,3.0,7.0,6.0,,,2.0,0.0,Completed,4.0,1.25,4.25,1.27,4.25,1.32,3.93,1.25,20220216
8,Dubai,Dubai Duty Free Tennis Championships,2022-02-16,WTA500,Outdoor,Hard,2nd Round,3,Kvitova P.,Sabalenka A.,25.0,2.0,2065.0,5698.0,6.0,4.0,6.0,4.0,,,2.0,0.0,Completed,2.62,1.5,2.73,1.52,2.75,1.54,2.59,1.49,20220216
8,Dubai,Dubai Duty Free Tennis Championships,2022-02-16,WTA500,Outdoor,Hard,2nd Round,3,Vondrousova M.,Gracheva V.,38.0,80.0,1337.0,847.0,6.0,2.0,6.0,0.0,,,2.0,0.0,Completed,1.25,4.0,1.27,4.24,1.32,4.24,1.24,3.92,20220216
8,Dubai,Dubai Duty Free Tennis Championships,2022-02-16,WTA500,Outdoor,Hard,2nd Round,3,Jabeur O.,Pegula J.,10.0,14.0,3070.0,2474.0,6.0,3.0,6.0,1.0,,,2.0,0.0,Completed,2.37,1.57,2.31,1.69,2.4,1.69,2.25,1.63,20220216
8,Dubai,Dubai Duty Free Tennis Championships,2022-02-16,WTA500,Outdoor,Hard,2nd Round,3,Halep S.,Ruse E.G.,23.0,59.0,2117.0,991.0,6.0,3.0,6.0,2.0,,,2.0,0.0,Completed,1.11,6.5,1.12,7.76,1.24,7.76,1.11,6.41,20220216
8,Dubai,Dubai Duty Free Tennis Championships,2022-02-17,WTA500,Outdoor,Hard,Quarterfinals,3,Ostapenko J.,Kvitova P.,21.0,25.0,2225.0,2065.0,5.0,7.0,7.0,5.0,7.0,6.0,2.0,1.0,Completed,2.0,1.8,1.97,1.93,2.19,1.93,2.0,1.81,20220217
8,Dubai,Dubai Duty Free Tennis Championships,2022-02-17,WTA500,Outdoor,Hard,Quarterfinals,3,Kudermetova V.,Teichmann J.,31.0,35.0,1655.0,1470.0,6.0,2.0,5.0,7.0,6.0,4.0,2.0,1.0,Completed,1.66,2.2,1.68,2.32,1.7,2.38,1.63,2.25,20220217
8,Dubai,Dubai Duty Free Tennis Championships,2022-02-17,WTA500,Outdoor,Hard,Quarterfinals,3,Halep S.,Jabeur O.,23.0,10.0,2117.0,3070.0,6.0,4.0,6.0,3.0,,,2.0,0.0,Completed,1.44,2.75,1.44,3.03,1.5,3.03,1.45,2.73,20220217
8,Dubai,Dubai Duty Free Tennis Championships,2022-02-17,WTA500,Outdoor,Hard,Quarterfinals,3,Vondrousova M.,Yastremska D.,38.0,146.0,1337.0,442.0,7.0,5.0,6.0,4.0,,,2.0,0.0,Completed,1.57,2.37,1.58,2.56,1.7,2.56,1.59,2.34,20220217
8,Dubai,Dubai Duty Free Tennis Championships,2022-02-18,WTA500,Outdoor,Hard,Semifinals,3,Ostapenko J.,Halep S.,21.0,23.0,2225.0,2117.0,2.0,6.0,7.0,6.0,6.0,0.0,2.0,1.0,Completed,3.4,1.33,3.33,1.38,3.41,1.5,3.18,1.35,20220218
8,Dubai,Dubai Duty Free Tennis Championships,2022-02-18,WTA500,Outdoor,Hard,Semifinals,3,Vondrousova M.,Kudermetova V.,38.0,31.0,1337.0,1655.0,,,,,,,,,Retired,1.57,2.37,1.64,2.41,1.67,2.45,1.6,2.34,20220218
8,Dubai,Dubai Duty Free Tennis Championships,2022-02-19,WTA500,Outdoor,Hard,The Final,3,Ostapenko J.,Kudermetova V.,21.0,31.0,2225.0,1655.0,6.0,0.0,6.0,4.0,,,2.0,0.0,Completed,1.53,2.5,1.6,2.5,1.6,2.63,1.53,2.5,20220219
9,Doha,Qatar Open,2022-02-20,WTA1000,Outdoor,Hard,1st Round,3,Cirstea S.,Sherif M.,31.0,64.0,1607.0,949.0,6.0,2.0,6.0,1.0,,,2.0,0.0,Completed,1.22,4.33,1.23,4.57,1.24,5.0,1.21,4.26,20220220
9,Doha,Qatar Open,2022-02-20,WTA1000,Outdoor,Hard,1st Round,3,Van Uytvanck A.,Zvonareva V.,53.0,103.0,1083.0,676.0,6.0,4.0,6.0,4.0,,,2.0,0.0,Completed,1.9,1.9,1.84,2.06,1.91,2.13,1.82,1.97,20220220
9,Doha,Qatar Open,2022-02-20,WTA1000,Outdoor,Hard,1st Round,3,Tauson C.,Bencic B.,33.0,22.0,1536.0,2060.0,6.0,4.0,3.0,6.0,6.0,3.0,2.0,1.0,Completed,2.0,1.8,2.13,1.81,2.2,1.89,2.05,1.76,20220220
9,Doha,Qatar Open,2022-02-20,WTA1000,Outdoor,Hard,1st Round,3,Konjuh A.,Kostyuk M.,51.0,54.0,1103.0,1080.0,4.0,6.0,7.0,5.0,6.0,3.0,2.0,1.0,Completed,2.75,1.44,3.05,1.43,3.1,1.52,2.83,1.42,20220220
9,Doha,Qatar Open,2022-02-20,WTA1000,Outdoor,Hard,1st Round,3,Brengle M.,Oz I.,60.0,277.0,982.0,247.0,7.0,5.0,6.0,3.0,,,2.0,0.0,Completed,1.06,10.0,1.07,10.37,1.08,12.25,1.06,8.93,20220220
9,Doha,Qatar Open,2022-02-20,WTA1000,Outdoor,Hard,1st Round,3,Li A.,Kenin S.,58.0,89.0,999.0,771.0,6.0,3.0,6.0,7.0,6.0,3.0,2.0,1.0,Completed,2.0,1.8,2.05,1.85,2.26,1.92,2.0,1.81,20220220
9,Doha,Qatar Open,2022-02-20,WTA1000,Outdoor,Hard,1st Round,3,Juvan K.,Voegele S.,90.0,154.0,765.0,424.0,6.0,4.0,6.0,2.0,,,2.0,0.0,Completed,1.3,3.5,1.29,3.91,1.32,4.71,1.28,3.61,20220220
9,Doha,Qatar Open,2022-02-20,WTA1000,Outdoor,Hard,1st Round,3,Pegula J.,Siniakova K.,17.0,48.0,2339.0,1120.0,6.0,3.0,6.0,2.0,,,2.0,0.0,Completed,1.4,3.0,1.42,3.08,1.5,3.08,1.4,2.91,20220220
9,Doha,Qatar Open,2022-02-20,WTA1000,Outdoor,Hard,1st Round,3,Sasnovich A.,Zhang S.,61.0,65.0,968.0,946.0,6.0,1.0,6.0,1.0,,,2.0,0.0,Completed,1.4,3.0,1.37,3.35,1.42,3.35,1.36,3.08,20220220
9,Doha,Qatar Open,2022-02-20,WTA1000,Outdoor,Hard,1st Round,3,Azarenka V.,Putintseva Y.,16.0,39.0,2397.0,1255.0,5.0,7.0,6.0,2.0,7.0,5.0,2.0,1.0,Completed,1.33,3.4,1.35,3.49,1.35,3.98,1.32,3.34,20220220
9,Doha,Qatar Open,2022-02-20,WTA1000,Outdoor,Hard,1st Round,3,Anisimova A.,Haddad Maia B.,40.0,70.0,1245.0,913.0,7.0,5.0,6.0,4.0,,,2.0,0.0,Completed,1.25,4.0,1.25,4.33,1.3,4.54,1.24,4.03,20220220
9,Doha,Qatar Open,2022-02-20,WTA1000,Outdoor,Hard,1st Round,3,Cornet A.,Samsonova L.,37.0,34.0,1330.0,1532.0,3.0,6.0,6.0,4.0,7.0,5.0,2.0,1.0,Completed,2.1,1.72,2.07,1.83,2.1,1.98,2.02,1.79,20220220
9,Doha,Qatar Open,2022-02-21,WTA1000,Outdoor,Hard,1st Round,3,Martincova T.,Svitolina E.,42.0,15.0,1206.0,2526.0,6.0,7.0,7.0,5.0,7.0,6.0,2.0,1.0,Completed,3.2,1.36,3.2,1.4,3.84,1.4,3.22,1.34,20220221
9,Doha,Qatar Open,2022-02-21,WTA1000,Outdoor,Hard,1st Round,3,Ostapenko J.,Dodin O.,13.0,93.0,2635.0,751.0,6.0,4.0,6.0,2.0,,,2.0,0.0,Completed,1.12,6.0,1.19,5.25,1.24,6.15,1.15,5.34,20220221
9,Doha,Qatar Open,2022-02-21,WTA1000,Outdoor,Hard,1st Round,3,Golubic V.,Petkovic A.,36.0,59.0,1413.0,992.0,6.0,4.0,6.0,4.0,,,2.0,0.0,Completed,1.72,2.1,1.88,2.01,1.99,2.15,1.79,2.02,20220221
9,Doha,Qatar Open,2022-02-21,WTA1000,Outdoor,Hard,1st Round,3,Linette M.,Riske A.,67.0,52.0,935.0,1101.0,2.0,6.0,7.0,6.0,6.0,1.0,2.0,1.0,Completed,2.5,1.53,2.5,1.59,2.7,1.59,2.46,1.54,20220221
9,Doha,Qatar Open,2022-02-21,WTA1000,Outdoor,Hard,1st Round,3,Garcia C.,Halep S.,76.0,27.0,855.0,1832.0,6.0,4.0,6.0,3.0,,,2.0,0.0,Completed,7.0,1.1,8.16,1.1,8.7,1.13,7.23,1.09,20220221
9,Doha,Qatar Open,2022-02-21,WTA1000,Outdoor,Hard,1st Round,3,Kasatkina D.,Tomljanovic A.,28.0,38.0,1760.0,1310.0,6.0,4.0,6.0,7.0,6.0,2.0,2.0,1.0,Completed,1.4,3.0,1.46,2.9,1.46,3.38,1.4,2.92,20220221
9,Doha,Qatar Open,2022-02-21,WTA1000,Outdoor,Hard,1st Round,3,Gauff C.,Rogers S.,23.0,46.0,2051.0,1124.0,6.0,2.0,6.0,3.0,,,2.0,0.0,Completed,1.5,2.62,1.51,2.74,1.55,2.77,1.47,2.64,20220221
9,Doha,Qatar Open,2022-02-21,WTA1000,Outdoor,Hard,1st Round,3,Mertens E.,Paolini J.,26.0,44.0,1841.0,1153.0,6.0,3.0,2.0,6.0,7.0,5.0,2.0,1.0,Completed,1.22,4.33,1.23,4.6,1.25,4.6,1.22,4.26,20220221
9,Doha,Qatar Open,2022-02-21,WTA1000,Outdoor,Hard,1st Round,3,Kvitova P.,Begu I.,21.0,55.0,2110.0,1059.0,6.0,3.0,6.0,1.0,,,2.0,0.0,Completed,1.44,2.75,1.47,2.87,1.47,3.1,1.42,2.84,20220221
9,Doha,Qatar Open,2022-02-21,WTA1000,Outdoor,Hard,1st Round,3,Teichmann J.,Kerber A.,41.0,18.0,1238.0,2286.0,4.0,6.0,6.0,3.0,6.0,2.0,2.0,1.0,Completed,1.9,1.9,1.84,2.03,2.02,2.04,1.84,1.95,20220221
9,Doha,Qatar Open,2022-02-21,WTA1000,Outdoor,Hard,1st Round,3,Cristian J.,Rybakina E.,71.0,20.0,911.0,2205.0,6.0,4.0,6.0,3.0,,,2.0,0.0,Completed,4.5,1.2,4.98,1.21,5.09,1.22,4.55,1.19,20220221
9,Doha,Qatar Open,2022-02-21,WTA1000,Outdoor,Hard,1st Round,3,Rus A.,Kudermetova V.,66.0,25.0,938.0,1880.0,7.0,6.0,6.0,4.0,,,2.0,0.0,Completed,4.0,1.25,4.32,1.25,4.33,1.25,4.03,1.23,20220221
9,Doha,Qatar Open,2022-02-21,WTA1000,Outdoor,Hard,2nd Round,3,Muguruza G.,Cirstea S.,9.0,31.0,3350.0,1607.0,7.0,6.0,6.0,1.0,,,2.0,0.0,Completed,1.44,2.75,1.51,2.75,1.51,2.85,1.46,2.68,20220221
9,Doha,Qatar Open,2022-02-21,WTA1000,Outdoor,Hard,2nd Round,3,Kontaveit A.,Konjuh A.,7.0,51.0,4137.0,1103.0,6.0,2.0,6.0,3.0,,,2.0,0.0,Completed,1.22,4.33,1.22,4.86,1.3,5.0,1.21,4.41,20220221
9,Doha,Qatar Open,2022-02-22,WTA1000,Outdoor,Hard,2nd Round,3,Badosa P.,Tauson C.,78.0,33.0,821.0,1536.0,6.0,1.0,6.0,2.0,,,2.0,0.0,Completed,1.5,2.62,1.51,2.76,1.56,3.0,1.49,2.59,20220222
9,Doha,Qatar Open,2022-02-22,WTA1000,Outdoor,Hard,2nd Round,3,Mertens E.,Kvitova P.,26.0,21.0,1841.0,2110.0,7.0,5.0,1.0,2.0,,,1.0,0.0,Retired,2.62,1.5,2.64,1.55,2.95,1.55,2.65,1.48,20220222
9,Doha,Qatar Open,2022-02-22,WTA1000,Outdoor,Hard,2nd Round,3,Kasatkina D.,Cristian J.,28.0,71.0,1760.0,911.0,2.0,6.0,2.0,2.0,,,0.0,1.0,Retired,1.36,3.2,1.36,3.43,1.42,3.43,1.34,3.23,20220222
9,Doha,Qatar Open,2022-02-22,WTA1000,Outdoor,Hard,2nd Round,3,Pegula J.,Juvan K.,17.0,90.0,2339.0,765.0,6.0,3.0,6.0,3.0,,,2.0,0.0,Completed,1.33,3.4,1.37,3.38,1.38,3.68,1.32,3.38,20220222
9,Doha,Qatar Open,2022-02-22,WTA1000,Outdoor,Hard,2nd Round,3,Krejcikova B.,Linette M.,3.0,67.0,5003.0,935.0,6.0,1.0,6.0,3.0,,,2.0,0.0,Completed,1.2,4.5,1.21,5.03,1.22,5.07,1.2,4.55,20220222
9,Doha,Qatar Open,2022-02-22,WTA1000,Outdoor,Hard,2nd Round,3,Gauff C.,Garcia C.,23.0,76.0,2051.0,855.0,6.0,2.0,7.0,6.0,,,2.0,0.0,Completed,1.33,3.4,1.33,3.67,1.39,3.67,1.32,3.34,20220222
9,Doha,Qatar Open,2022-02-22,WTA1000,Outdoor,Hard,2nd Round,3,Martincova T.,Rus A.,42.0,66.0,1206.0,938.0,6.0,2.0,6.0,4.0,,,2.0,0.0,Completed,1.66,2.2,1.7,2.28,1.74,2.3,1.67,2.19,20220222
9,Doha,Qatar Open,2022-02-22,WTA1000,Outdoor,Hard,2nd Round,3,Jabeur O.,Sasnovich A.,10.0,61.0,3065.0,968.0,1.0,6.0,7.0,5.0,6.0,3.0,2.0,1.0,Completed,1.5,2.62,1.6,2.52,1.61,2.7,1.53,2.48,20220222
9,Doha,Qatar Open,2022-02-22,WTA1000,Outdoor,Hard,2nd Round,3,Ostapenko J.,Anisimova A.,13.0,40.0,2635.0,1245.0,6.0,3.0,4.0,6.0,6.0,4.0,2.0,1.0,Completed,1.8,2.0,1.81,2.11,1.87,2.5,1.77,2.04,20220222
9,Doha,Qatar Open,2022-02-22,WTA1000,Outdoor,Hard,2nd Round,3,Teichmann J.,Van Uytvanck A.,41.0,53.0,1238.0,1083.0,7.0,6.0,7.0,5.0,,,2.0,0.0,Completed,1.36,3.2,1.42,3.11,1.53,3.27,1.42,2.85,20220222
9,Doha,Qatar Open,2022-02-22,WTA1000,Outdoor,Hard,2nd Round,3,Brengle M.,Azarenka V.,60.0,16.0,982.0,2397.0,,,,,,,,,Walkover,5.0,1.16,5.96,1.17,6.15,1.2,5.3,1.15,20220222
9,Doha,Qatar Open,2022-02-22,WTA1000,Outdoor,Hard,2nd Round,3,Sabalenka A.,Cornet A.,2.0,37.0,5563.0,1330.0,6.0,2.0,6.0,2.0,,,2.0,0.0,Completed,1.36,3.2,1.39,3.29,1.39,3.52,1.34,3.21,20220222
9,Doha,Qatar Open,2022-02-22,WTA1000,Outdoor,Hard,2nd Round,3,Swiatek I.,Golubic V.,8.0,36.0,3936.0,1413.0,6.0,2.0,3.0,6.0,6.0,2.0,2.0,1.0,Completed,1.16,5.0,1.17,5.99,1.18,6.0,1.16,5.21,20220222
9,Doha,Qatar Open,2022-02-22,WTA1000,Outdoor,Hard,2nd Round,3,Sakkari M.,Li A.,6.0,58.0,4191.0,999.0,6.0,3.0,6.0,3.0,,,2.0,0.0,Completed,1.2,4.5,1.27,4.26,1.27,5.0,1.21,4.32,20220222
9,Doha,Qatar Open,2022-02-23,WTA1000,Outdoor,Hard,3rd Round,3,Gauff C.,Badosa P.,23.0,78.0,2051.0,821.0,6.0,2.0,6.0,3.0,,,2.0,0.0,Completed,3.0,1.4,3.08,1.43,3.08,1.45,2.86,1.42,20220223
9,Doha,Qatar Open,2022-02-23,WTA1000,Outdoor,Hard,3rd Round,3,Kontaveit A.,Mertens E.,7.0,26.0,4137.0,1841.0,6.0,3.0,0.0,6.0,6.0,2.0,2.0,1.0,Completed,1.36,3.2,1.41,3.17,1.42,3.38,1.37,3.08,20220223
9,Doha,Qatar Open,2022-02-23,WTA1000,Outdoor,Hard,3rd Round,3,Ostapenko J.,Krejcikova B.,13.0,3.0,2635.0,5003.0,6.0,3.0,6.0,2.0,,,2.0,0.0,Completed,2.3,1.61,2.4,1.65,2.51,1.67,2.29,1.61,20220223
9,Doha,Qatar Open,2022-02-23,WTA1000,Outdoor,Hard,3rd Round,3,Jabeur O.,Martincova T.,10.0,42.0,3065.0,1206.0,6.0,1.0,3.0,6.0,6.0,3.0,2.0,1.0,Completed,1.25,4.0,1.3,3.94,1.3,4.1,1.27,3.75,20220223
9,Doha,Qatar Open,2022-02-23,WTA1000,Outdoor,Hard,3rd Round,3,Sakkari M.,Pegula J.,6.0,17.0,4191.0,2339.0,6.0,4.0,7.0,5.0,,,2.0,0.0,Completed,1.57,2.37,1.61,2.49,1.65,2.49,1.57,2.37,20220223
9,Doha,Qatar Open,2022-02-23,WTA1000,Outdoor,Hard,3rd Round,3,Sabalenka A.,Teichmann J.,2.0,41.0,5563.0,1238.0,6.0,2.0,6.0,1.0,,,2.0,0.0,Completed,1.4,3.0,1.4,3.23,1.42,3.38,1.39,3.0,20220223
9,Doha,Qatar Open,2022-02-23,WTA1000,Outdoor,Hard,3rd Round,3,Swiatek I.,Kasatkina D.,8.0,28.0,3936.0,1760.0,6.0,3.0,6.0,0.0,,,2.0,0.0,Completed,1.22,4.33,1.25,4.38,1.25,4.6,1.22,4.25,20220223
9,Doha,Qatar Open,2022-02-23,WTA1000,Outdoor,Hard,3rd Round,3,Muguruza G.,Brengle M.,9.0,60.0,3350.0,982.0,6.0,0.0,6.0,2.0,,,2.0,0.0,Completed,1.14,5.5,1.19,5.37,1.19,10.0,1.15,5.59,20220223
9,Doha,Qatar Open,2022-02-24,WTA1000,Outdoor,Hard,Quarterfinals,3,Sakkari M.,Gauff C.,6.0,23.0,4191.0,2051.0,6.0,3.0,6.0,3.0,,,2.0,0.0,Completed,1.57,2.37,1.57,2.59,1.69,2.59,1.58,2.37,20220224
9,Doha,Qatar Open,2022-02-24,WTA1000,Outdoor,Hard,Quarterfinals,3,Kontaveit A.,Jabeur O.,7.0,10.0,4137.0,3065.0,6.0,4.0,6.0,1.0,,,2.0,0.0,Completed,1.57,2.37,1.53,2.69,1.6,2.71,1.53,2.5,20220224
9,Doha,Qatar Open,2022-02-24,WTA1000,Outdoor,Hard,Quarterfinals,3,Ostapenko J.,Muguruza G.,13.0,9.0,2635.0,3350.0,6.0,2.0,6.0,2.0,,,2.0,0.0,Completed,2.1,1.72,2.12,1.81,2.22,1.81,2.09,1.74,20220224
9,Doha,Qatar Open,2022-02-24,WTA1000,Outdoor,Hard,Quarterfinals,3,Swiatek I.,Sabalenka A.,8.0,2.0,3936.0,5563.0,6.0,2.0,6.0,3.0,,,2.0,0.0,Completed,2.2,1.66,2.21,1.75,2.34,1.78,2.17,1.7,20220224
9,Doha,Qatar Open,2022-02-25,WTA1000,Outdoor,Hard,Semifinals,3,Kontaveit A.,Ostapenko J.,7.0,13.0,4137.0,2635.0,6.0,1.0,6.0,4.0,,,2.0,0.0,Completed,1.57,2.37,1.58,2.55,1.62,2.7,1.57,2.41,20220225
9,Doha,Qatar Open,2022-02-25,WTA1000,Outdoor,Hard,Semifinals,3,Swiatek I.,Sakkari M.,8.0,6.0,3936.0,4191.0,6.0,4.0,6.0,3.0,,,2.0,0.0,Completed,2.1,1.72,2.13,1.8,2.25,1.83,2.13,1.72,20220225
9,Doha,Qatar Open,2022-02-26,WTA1000,Outdoor,Hard,The Final,3,Swiatek I.,Kontaveit A.,8.0,7.0,3936.0,4137.0,6.0,2.0,6.0,0.0,,,2.0,0.0,Completed,2.1,1.72,2.02,1.88,2.27,1.88,2.09,1.75,20220226
10,Guadalajara,Abierto Zapopan,2022-02-21,WTA250,Outdoor,Hard,1st Round,3,Schmiedlova A.,Parrizas Diaz N.,88.0,47.0,772.0,1123.0,6.0,1.0,6.0,4.0,,,2.0,0.0,Completed,2.37,1.57,2.45,1.61,2.49,1.67,2.35,1.59,20220221
10,Guadalajara,Abierto Zapopan,2022-02-21,WTA250,Outdoor,Hard,1st Round,3,Potapova A.,Tsurenko L.,111.0,127.0,611.0,542.0,6.0,4.0,2.0,2.0,,,1.0,0.0,Retired,1.9,1.9,1.94,1.94,1.95,2.02,1.87,1.91,20220221
10,Guadalajara,Abierto Zapopan,2022-02-21,WTA250,Outdoor,Hard,1st Round,3,Kalinskaya A.,Zheng Q.,100.0,77.0,694.0,852.0,6.0,3.0,2.0,6.0,6.0,2.0,2.0,1.0,Completed,3.0,1.4,3.06,1.42,3.1,1.45,2.9,1.4,20220221
10,Guadalajara,Abierto Zapopan,2022-02-21,WTA250,Outdoor,Hard,1st Round,3,Wang Q.,Davis L.,144.0,87.0,459.0,792.0,6.0,2.0,6.0,1.0,,,2.0,0.0,Completed,1.53,2.5,1.63,2.41,1.63,2.5,1.57,2.38,20220221
10,Guadalajara,Abierto Zapopan,2022-02-21,WTA250,Outdoor,Hard,1st Round,3,Stephens S.,Fruhvirtova B.,57.0,435.0,1023.0,116.0,6.0,2.0,6.0,2.0,,,2.0,0.0,Completed,1.57,2.37,1.67,2.33,1.67,2.5,1.59,2.33,20220221
10,Guadalajara,Abierto Zapopan,2022-02-21,WTA250,Outdoor,Hard,1st Round,3,Bronzetti L.,Mcnally C.,112.0,156.0,611.0,423.0,6.0,7.0,6.0,3.0,6.0,3.0,2.0,1.0,Completed,2.1,1.72,2.06,1.84,2.2,1.84,2.05,1.77,20220221
10,Guadalajara,Abierto Zapopan,2022-02-22,WTA250,Outdoor,Hard,1st Round,3,Tan H.,Keys M.,104.0,29.0,668.0,1744.0,6.0,4.0,1.0,6.0,6.0,1.0,2.0,1.0,Completed,6.0,1.12,7.75,1.11,7.75,1.14,6.5,1.11,20220222
10,Guadalajara,Abierto Zapopan,2022-02-22,WTA250,Outdoor,Hard,1st Round,3,Bouzkova M.,Doi M.,96.0,78.0,743.0,832.0,4.0,6.0,7.0,5.0,6.0,4.0,2.0,1.0,Completed,1.57,2.37,1.65,2.37,1.65,2.4,1.59,2.34,20220222
10,Guadalajara,Abierto Zapopan,2022-02-22,WTA250,Outdoor,Hard,1st Round,3,Baptiste H.,Kuzmova V.,131.0,140.0,513.0,465.0,6.0,3.0,6.0,3.0,,,2.0,0.0,Completed,1.9,1.9,1.93,1.96,1.95,2.03,1.88,1.91,20220222
10,Guadalajara,Abierto Zapopan,2022-02-22,WTA250,Outdoor,Hard,1st Round,3,Osorio M.,Tomova V.,45.0,105.0,1147.0,647.0,6.0,4.0,6.0,3.0,,,2.0,0.0,Completed,1.4,3.0,1.39,3.23,1.44,3.24,1.38,3.02,20220222
10,Guadalajara,Abierto Zapopan,2022-02-22,WTA250,Outdoor,Hard,1st Round,3,Wang Xin.,Udvardy P.,94.0,83.0,750.0,801.0,6.0,4.0,4.0,6.0,6.0,1.0,2.0,1.0,Completed,1.2,4.5,1.2,5.19,1.23,5.19,1.19,4.56,20220222
10,Guadalajara,Abierto Zapopan,2022-02-22,WTA250,Outdoor,Hard,1st Round,3,Sorribes Tormo S.,Volynets K.,32.0,155.0,1588.0,424.0,6.0,4.0,6.0,1.0,,,2.0,0.0,Completed,1.3,3.5,1.42,3.09,1.42,3.58,1.34,3.24,20220222
10,Guadalajara,Abierto Zapopan,2022-02-22,WTA250,Outdoor,Hard,1st Round,3,Paquet C.,Masarova R.,118.0,142.0,582.0,460.0,7.0,5.0,7.0,5.0,,,2.0,0.0,Completed,2.62,1.5,2.64,1.54,2.66,1.62,2.51,1.52,20220222
10,Guadalajara,Abierto Zapopan,2022-02-23,WTA250,Outdoor,Hard,1st Round,3,Dolehide C.,Zhu L.,180.0,109.0,368.0,614.0,4.0,6.0,6.0,3.0,6.0,4.0,2.0,1.0,Completed,1.57,2.37,1.64,2.38,1.71,2.38,1.63,2.27,20220223
10,Guadalajara,Abierto Zapopan,2022-02-23,WTA250,Outdoor,Hard,1st Round,3,Saville D.,Raducanu E.,610.0,12.0,67.0,2664.0,5.0,7.0,7.0,6.0,4.0,3.0,1.0,1.0,Retired,3.75,1.28,3.75,1.31,3.8,1.32,3.56,1.29,20220223
10,Guadalajara,Abierto Zapopan,2022-02-23,WTA250,Outdoor,Hard,1st Round,3,Frech M.,Zarazua R.,97.0,121.0,734.0,558.0,7.0,6.0,4.0,6.0,6.0,4.0,2.0,1.0,Completed,1.25,4.0,1.27,4.09,1.27,4.4,1.24,3.91,20220223
10,Guadalajara,Abierto Zapopan,2022-02-23,WTA250,Outdoor,Hard,2nd Round,3,Wang Q.,Tan H.,144.0,104.0,459.0,668.0,6.0,4.0,6.0,2.0,,,2.0,0.0,Completed,1.44,2.75,1.47,2.93,1.5,2.93,1.45,2.7,20220223
10,Guadalajara,Abierto Zapopan,2022-02-23,WTA250,Outdoor,Hard,2nd Round,3,Kalinskaya A.,Wang Xin.,100.0,94.0,694.0,750.0,6.0,4.0,0.0,6.0,6.0,4.0,2.0,1.0,Completed,1.8,2.0,1.74,2.22,2.05,2.22,1.77,2.05,20220223
10,Guadalajara,Abierto Zapopan,2022-02-24,WTA250,Outdoor,Hard,2nd Round,3,Bouzkova M.,Bronzetti L.,96.0,112.0,743.0,611.0,7.0,6.0,6.0,2.0,,,2.0,0.0,Completed,1.5,2.62,1.57,2.56,1.58,2.64,1.53,2.48,20220224
10,Guadalajara,Abierto Zapopan,2022-02-24,WTA250,Outdoor,Hard,2nd Round,3,Schmiedlova A.,Potapova A.,88.0,111.0,772.0,611.0,6.0,3.0,7.0,6.0,,,2.0,0.0,Completed,2.37,1.57,2.43,1.63,2.5,1.65,2.36,1.58,20220224
10,Guadalajara,Abierto Zapopan,2022-02-24,WTA250,Outdoor,Hard,2nd Round,3,Sorribes Tormo S.,Frech M.,32.0,97.0,1588.0,734.0,6.0,0.0,6.0,2.0,,,2.0,0.0,Completed,1.4,3.0,1.4,3.25,1.41,3.42,1.36,3.12,20220224
10,Guadalajara,Abierto Zapopan,2022-02-24,WTA250,Outdoor,Hard,2nd Round,3,Stephens S.,Paquet C.,57.0,118.0,1023.0,582.0,7.0,5.0,6.0,4.0,,,2.0,0.0,Completed,1.36,3.2,1.32,3.77,1.36,3.77,1.32,3.31,20220224
10,Guadalajara,Abierto Zapopan,2022-02-25,WTA250,Outdoor,Hard,2nd Round,3,Saville D.,Dolehide C.,610.0,180.0,67.0,368.0,6.0,1.0,6.0,3.0,,,2.0,0.0,Completed,1.8,2.0,1.93,1.97,1.95,2.0,1.86,1.93,20220225
10,Guadalajara,Abierto Zapopan,2022-02-25,WTA250,Outdoor,Hard,2nd Round,3,Osorio M.,Baptiste H.,45.0,131.0,1147.0,513.0,1.0,6.0,6.0,3.0,6.0,3.0,2.0,1.0,Completed,1.72,2.1,1.64,2.41,1.8,2.41,1.69,2.15,20220225
10,Guadalajara,Abierto Zapopan,2022-02-25,WTA250,Outdoor,Hard,Quarterfinals,3,Wang Q.,Schmiedlova A.,144.0,88.0,459.0,772.0,6.0,2.0,6.0,3.0,,,2.0,0.0,Completed,1.53,2.5,1.53,2.71,1.66,2.78,1.54,2.45,20220225
10,Guadalajara,Abierto Zapopan,2022-02-25,WTA250,Outdoor,Hard,Quarterfinals,3,Kalinskaya A.,Osorio M.,100.0,45.0,694.0,1147.0,6.0,4.0,6.0,1.0,,,2.0,0.0,Completed,2.1,1.72,1.95,1.95,2.25,1.96,2.04,1.78,20220225
10,Guadalajara,Abierto Zapopan,2022-02-26,WTA250,Outdoor,Hard,Quarterfinals,3,Stephens S.,Saville D.,57.0,610.0,1023.0,67.0,4.0,6.0,6.0,3.0,6.0,2.0,2.0,1.0,Completed,1.53,2.5,1.62,2.45,1.65,2.53,1.59,2.36,20220226
10,Guadalajara,Abierto Zapopan,2022-02-26,WTA250,Outdoor,Hard,Quarterfinals,3,Bouzkova M.,Sorribes Tormo S.,96.0,32.0,743.0,1588.0,6.0,4.0,6.0,1.0,,,2.0,0.0,Completed,2.37,1.57,2.48,1.61,2.5,1.62,2.38,1.57,20220226
10,Guadalajara,Abierto Zapopan,2022-02-27,WTA250,Outdoor,Hard,Semifinals,3,Stephens S.,Kalinskaya A.,57.0,100.0,1023.0,694.0,3.0,6.0,7.0,5.0,,,1.0,1.0,Retired,1.61,2.3,1.81,2.11,1.86,2.3,1.71,2.14,20220227
10,Guadalajara,Abierto Zapopan,2022-02-27,WTA250,Outdoor,Hard,Semifinals,3,Bouzkova M.,Wang Q.,96.0,144.0,743.0,459.0,6.0,3.0,6.0,3.0,,,2.0,0.0,Completed,2.2,1.66,2.35,1.67,2.35,1.73,2.2,1.67,20220227
10,Guadalajara,Abierto Zapopan,2022-02-28,WTA250,Outdoor,Hard,The Final,3,Stephens S.,Bouzkova M.,57.0,96.0,1023.0,743.0,7.0,5.0,1.0,6.0,6.0,2.0,2.0,1.0,Completed,2.1,1.72,1.96,1.94,2.13,1.94,2.01,1.8,20220228
11,Lyon,Lyon Open,2022-02-28,WTA250,Indoor,Hard,1st Round,3,Paolini J.,Bara I.,48.0,114.0,1124.0,585.0,4.0,6.0,7.0,5.0,6.0,3.0,2.0,1.0,Completed,1.2,4.5,1.23,4.59,1.28,4.59,1.22,4.13,20220228
11,Lyon,Lyon Open,2022-02-28,WTA250,Indoor,Hard,1st Round,3,Gracheva V.,Kucova K.,71.0,76.0,902.0,861.0,7.0,6.0,7.0,6.0,,,2.0,0.0,Completed,1.4,3.0,1.44,2.99,1.44,3.13,1.4,2.88,20220228
11,Lyon,Lyon Open,2022-02-28,WTA250,Indoor,Hard,1st Round,3,Bucsa C.,Cornet A.,139.0,37.0,466.0,1360.0,1.0,6.0,6.0,4.0,6.0,1.0,2.0,1.0,Completed,3.75,1.28,4.14,1.26,4.5,1.31,3.71,1.27,20220228
11,Lyon,Lyon Open,2022-02-28,WTA250,Indoor,Hard,1st Round,3,Bondar A.,Miyazaki Y.,79.0,206.0,830.0,319.0,6.0,7.0,6.0,3.0,7.0,5.0,2.0,1.0,Completed,1.53,2.5,1.46,2.85,1.55,2.87,1.47,2.64,20220228
11,Lyon,Lyon Open,2022-02-28,WTA250,Indoor,Hard,1st Round,3,Voegele S.,Jacquemot E.,144.0,239.0,442.0,279.0,4.0,6.0,6.0,2.0,6.0,3.0,2.0,1.0,Completed,1.53,2.5,1.56,2.58,1.57,2.75,1.53,2.46,20220228
11,Lyon,Lyon Open,2022-02-28,WTA250,Indoor,Hard,1st Round,3,Boulter K.,Konjuh A.,136.0,46.0,469.0,1133.0,5.0,7.0,6.0,0.0,6.0,3.0,2.0,1.0,Completed,2.75,1.44,2.98,1.44,3.0,1.48,2.81,1.42,20220228
11,Lyon,Lyon Open,2022-03-01,WTA250,Indoor,Hard,1st Round,3,Cirstea S.,Bolkvadze M.,30.0,156.0,1666.0,416.0,6.0,3.0,6.0,1.0,,,2.0,0.0,Completed,1.16,5.0,,,1.23,5.5,1.18,4.78,20220301
11,Lyon,Lyon Open,2022-03-01,WTA250,Indoor,Hard,1st Round,3,Van Uytvanck A.,Zvonareva V.,55.0,107.0,1083.0,617.0,6.0,0.0,6.0,3.0,,,2.0,0.0,Completed,1.44,2.75,1.41,3.14,1.48,3.14,1.42,2.85,20220301
11,Lyon,Lyon Open,2022-03-01,WTA250,Indoor,Hard,1st Round,3,Zhang S.,Mladenovic K.,64.0,98.0,975.0,690.0,7.0,6.0,7.0,5.0,,,2.0,0.0,Completed,1.53,2.5,1.59,2.51,1.59,2.61,1.54,2.45,20220301
11,Lyon,Lyon Open,2022-03-01,WTA250,Indoor,Hard,1st Round,3,Rus A.,Kovinic D.,63.0,70.0,988.0,904.0,6.0,2.0,6.0,0.0,,,2.0,0.0,Completed,1.33,3.4,1.36,3.42,1.36,3.66,1.33,3.29,20220301
11,Lyon,Lyon Open,2022-03-01,WTA250,Indoor,Hard,1st Round,3,Garcia C.,Giorgi C.,74.0,29.0,885.0,1673.0,5.0,7.0,6.0,4.0,6.0,0.0,2.0,1.0,Completed,2.37,1.57,2.36,1.65,2.55,1.65,2.39,1.56,20220301
11,Lyon,Lyon Open,2022-03-01,WTA250,Indoor,Hard,1st Round,3,Trevisan M.,Cocciaretto E.,92.0,232.0,754.0,285.0,6.0,3.0,6.0,2.0,,,2.0,0.0,Completed,1.44,2.75,1.43,3.05,1.54,3.05,1.42,2.84,20220301
11,Lyon,Lyon Open,2022-03-01,WTA250,Indoor,Hard,1st Round,3,Yastremska D.,Bogdan A.,140.0,97.0,462.0,710.0,3.0,6.0,7.0,6.0,7.0,6.0,2.0,1.0,Completed,1.8,2.0,1.74,2.2,1.83,2.2,1.78,2.02,20220301
11,Lyon,Lyon Open,2022-03-01,WTA250,Indoor,Hard,1st Round,3,Korpatsch T.,Dodin O.,167.0,93.0,388.0,751.0,6.0,3.0,1.0,6.0,6.0,2.0,2.0,1.0,Completed,3.4,1.33,3.01,1.43,3.41,1.5,3.06,1.37,20220301
11,Lyon,Lyon Open,2022-03-02,WTA250,Indoor,Hard,1st Round,3,Diatchenko V.,Friedsam A.L.,118.0,125.0,556.0,534.0,6.0,3.0,2.0,6.0,6.0,4.0,2.0,1.0,Completed,1.8,2.0,1.88,2.01,1.88,2.22,1.77,2.02,20220302
11,Lyon,Lyon Open,2022-03-02,WTA250,Indoor,Hard,1st Round,3,Golubic V.,Hontama M.,35.0,130.0,1452.0,504.0,1.0,6.0,6.0,4.0,6.0,4.0,2.0,1.0,Completed,,,,,1.51,5.0,1.23,4.14,20220302
11,Lyon,Lyon Open,2022-03-02,WTA250,Indoor,Hard,2nd Round,3,Bondar A.,Boulter K.,79.0,136.0,830.0,469.0,6.0,3.0,,,,,1.0,0.0,Retired,2.75,1.44,3.22,1.4,3.22,1.52,2.79,1.43,20220302
11,Lyon,Lyon Open,2022-03-02,WTA250,Indoor,Hard,2nd Round,3,Cirstea S.,Voegele S.,30.0,144.0,1666.0,442.0,6.0,3.0,7.0,5.0,,,2.0,0.0,Completed,1.2,4.5,1.24,4.59,1.25,5.0,1.22,4.23,20220302
11,Lyon,Lyon Open,2022-03-02,WTA250,Indoor,Hard,2nd Round,3,Van Uytvanck A.,Gracheva V.,55.0,71.0,1083.0,902.0,6.0,2.0,6.0,4.0,,,2.0,0.0,Completed,1.33,3.4,1.4,3.18,1.4,3.68,1.34,3.19,20220302
11,Lyon,Lyon Open,2022-03-03,WTA250,Indoor,Hard,2nd Round,3,Zhang S.,Rus A.,64.0,63.0,975.0,988.0,6.0,4.0,6.0,4.0,,,2.0,0.0,Completed,2.37,1.57,2.53,1.58,2.73,1.62,2.43,1.55,20220303
11,Lyon,Lyon Open,2022-03-03,WTA250,Indoor,Hard,2nd Round,3,Diatchenko V.,Golubic V.,118.0,35.0,556.0,1452.0,7.0,6.0,4.0,6.0,6.0,4.0,2.0,1.0,Completed,4.0,1.25,4.06,1.28,4.15,1.37,3.75,1.27,20220303
11,Lyon,Lyon Open,2022-03-03,WTA250,Indoor,Hard,2nd Round,3,Garcia C.,Trevisan M.,74.0,92.0,885.0,754.0,6.0,4.0,2.0,6.0,6.0,3.0,2.0,1.0,Completed,1.28,3.75,1.31,3.8,1.36,4.05,1.29,3.52,20220303
11,Lyon,Lyon Open,2022-03-03,WTA250,Indoor,Hard,2nd Round,3,Yastremska D.,Bucsa C.,140.0,139.0,462.0,466.0,6.0,2.0,6.0,3.0,,,2.0,0.0,Completed,1.36,3.2,1.37,3.31,1.39,3.31,1.36,3.08,20220303
11,Lyon,Lyon Open,2022-03-03,WTA250,Indoor,Hard,2nd Round,3,Paolini J.,Korpatsch T.,48.0,167.0,1124.0,388.0,6.0,1.0,6.0,2.0,,,2.0,0.0,Completed,1.25,4.0,1.29,3.96,1.29,4.2,1.25,3.89,20220303
11,Lyon,Lyon Open,2022-03-04,WTA250,Indoor,Hard,Quarterfinals,3,Zhang S.,Diatchenko V.,64.0,118.0,975.0,556.0,3.0,0.0,,,,,0.0,0.0,Retired,1.4,3.0,1.37,3.38,1.44,3.41,1.39,2.97,20220304
11,Lyon,Lyon Open,2022-03-04,WTA250,Indoor,Hard,Quarterfinals,3,Yastremska D.,Paolini J.,140.0,48.0,462.0,1124.0,6.0,4.0,7.0,6.0,,,2.0,0.0,Completed,1.72,2.1,1.92,1.99,1.92,2.23,1.75,2.05,20220304
11,Lyon,Lyon Open,2022-03-04,WTA250,Indoor,Hard,Quarterfinals,3,Garcia C.,Van Uytvanck A.,74.0,55.0,885.0,1083.0,4.0,6.0,6.0,3.0,7.0,5.0,2.0,1.0,Completed,2.75,1.44,2.9,1.47,3.0,1.54,2.75,1.44,20220304
11,Lyon,Lyon Open,2022-03-04,WTA250,Indoor,Hard,Quarterfinals,3,Cirstea S.,Bondar A.,30.0,79.0,1666.0,830.0,6.0,3.0,6.0,3.0,,,2.0,0.0,Completed,1.22,4.33,1.24,4.54,1.24,4.66,1.22,4.28,20220304
11,Lyon,Lyon Open,2022-03-05,WTA250,Indoor,Hard,Semifinals,3,Zhang S.,Garcia C.,64.0,74.0,975.0,885.0,6.0,2.0,7.0,5.0,,,2.0,0.0,Completed,1.72,2.1,1.81,2.12,1.84,2.13,1.76,2.07,20220305
11,Lyon,Lyon Open,2022-03-05,WTA250,Indoor,Hard,Semifinals,3,Yastremska D.,Cirstea S.,140.0,30.0,462.0,1666.0,7.0,6.0,4.0,6.0,6.0,4.0,2.0,1.0,Completed,1.72,2.1,1.78,2.17,1.83,2.21,1.73,2.1,20220305
11,Lyon,Lyon Open,2022-03-06,WTA250,Indoor,Hard,The Final,3,Zhang S.,Yastremska D.,64.0,140.0,975.0,462.0,3.0,6.0,6.0,3.0,6.0,4.0,2.0,1.0,Completed,2.1,1.72,2.11,1.81,2.19,1.81,2.07,1.76,20220306
12,Monterrey,Monterrey Open,2022-02-28,WTA250,Outdoor,Hard,1st Round,3,Sorribes Tormo S.,Rakhimova K.,36.0,106.0,1368.0,619.0,7.0,5.0,6.0,7.0,6.0,1.0,2.0,1.0,Completed,1.44,2.75,1.43,3.01,1.46,3.02,1.42,2.84,20220228
12,Monterrey,Monterrey Open,2022-02-28,WTA250,Outdoor,Hard,1st Round,3,Haddad Maia B.,Udvardy P.,69.0,83.0,914.0,801.0,1.0,6.0,6.0,1.0,7.0,5.0,2.0,1.0,Completed,1.28,3.75,1.23,4.64,1.36,4.71,1.25,3.86,20220228
12,Monterrey,Monterrey Open,2022-02-28,WTA250,Outdoor,Hard,1st Round,3,Osorio M.,Frech M.,44.0,94.0,1192.0,739.0,6.0,3.0,7.0,6.0,,,2.0,0.0,Completed,1.66,2.2,1.62,2.43,1.75,2.46,1.6,2.31,20220228
12,Monterrey,Monterrey Open,2022-02-28,WTA250,Outdoor,Hard,1st Round,3,Watson H.,Niemeier J.,120.0,110.0,552.0,606.0,6.0,3.0,2.0,6.0,7.0,6.0,2.0,1.0,Completed,2.1,1.72,2.22,1.73,2.24,1.76,2.14,1.69,20220228
12,Monterrey,Monterrey Open,2022-02-28,WTA250,Outdoor,Hard,1st Round,3,Tomova V.,Parry D.,103.0,100.0,624.0,679.0,6.0,4.0,6.0,0.0,,,2.0,0.0,Completed,2.0,1.8,2.14,1.78,2.2,1.89,2.07,1.75,20220228
12,Monterrey,Monterrey Open,2022-03-01,WTA250,Outdoor,Hard,1st Round,3,Zacarias M.,Navarro E.,262.0,202.0,261.0,325.0,6.0,1.0,6.0,7.0,6.0,3.0,2.0,1.0,Completed,2.3,1.61,2.37,1.65,2.4,1.67,2.29,1.61,20220301
12,Monterrey,Monterrey Open,2022-03-01,WTA250,Outdoor,Hard,1st Round,3,Fernandez L.A.,Schmiedlova A.,21.0,88.0,2066.0,772.0,6.0,2.0,6.0,2.0,,,2.0,0.0,Completed,1.3,3.5,1.35,3.45,1.41,3.54,1.34,3.18,20220301
12,Monterrey,Monterrey Open,2022-03-01,WTA250,Outdoor,Hard,1st Round,3,Tan H.,Zarazua R.,99.0,143.0,687.0,447.0,6.0,0.0,1.0,0.0,,,1.0,0.0,Retired,1.28,3.75,1.34,3.52,1.35,3.75,1.31,3.42,20220301
12,Monterrey,Monterrey Open,2022-03-01,WTA250,Outdoor,Hard,1st Round,3,Wang Q.,Galfi D.,116.0,104.0,568.0,622.0,6.0,7.0,6.0,1.0,6.0,4.0,2.0,1.0,Completed,1.33,3.4,1.35,3.45,1.35,3.6,1.32,3.32,20220301
12,Monterrey,Monterrey Open,2022-03-01,WTA250,Outdoor,Hard,1st Round,3,Bouzkova M.,Errani S.,81.0,154.0,813.0,417.0,4.0,6.0,6.0,2.0,6.0,4.0,2.0,1.0,Completed,1.28,3.75,1.3,3.84,1.31,4.49,1.27,3.7,20220301
12,Monterrey,Monterrey Open,2022-03-01,WTA250,Outdoor,Hard,1st Round,3,Zheng Q.,Bronzetti L.,77.0,102.0,852.0,649.0,6.0,2.0,6.0,3.0,,,2.0,0.0,Completed,1.3,3.5,1.28,4.05,1.32,4.15,1.26,3.76,20220301
12,Monterrey,Monterrey Open,2022-03-01,WTA250,Outdoor,Hard,1st Round,3,Wang Xin.,Li A.,90.0,59.0,765.0,1034.0,6.0,2.0,6.0,1.0,,,2.0,0.0,Completed,2.5,1.53,2.79,1.49,2.88,1.55,2.59,1.49,20220301
12,Monterrey,Monterrey Open,2022-03-01,WTA250,Outdoor,Hard,1st Round,3,Parrizas Diaz N.,Doi M.,51.0,87.0,1103.0,780.0,6.0,2.0,6.0,1.0,,,2.0,0.0,Completed,1.66,2.2,1.61,2.46,1.74,2.46,1.63,2.27,20220301
12,Monterrey,Monterrey Open,2022-03-01,WTA250,Outdoor,Hard,1st Round,3,Martic P.,Keys M.,85.0,28.0,794.0,1690.0,5.0,7.0,7.0,6.0,6.0,3.0,2.0,1.0,Completed,4.5,1.2,4.84,1.22,5.0,1.25,4.47,1.2,20220301
12,Monterrey,Monterrey Open,2022-03-02,WTA250,Outdoor,Hard,1st Round,3,Svitolina E.,Potapova A.,15.0,115.0,2427.0,581.0,6.0,2.0,6.0,1.0,,,2.0,0.0,Completed,1.3,3.5,1.36,3.42,1.36,3.6,1.32,3.3,20220302
12,Monterrey,Monterrey Open,2022-03-02,WTA250,Outdoor,Hard,1st Round,3,Sherif M.,Mendez S.,67.0,211.0,930.0,315.0,6.0,1.0,6.0,7.0,6.0,4.0,2.0,1.0,Completed,1.4,3.0,1.41,3.06,1.42,3.56,1.38,3.01,20220302
12,Monterrey,Monterrey Open,2022-03-02,WTA250,Outdoor,Hard,2nd Round,3,Haddad Maia B.,Wang Xin.,69.0,90.0,914.0,765.0,6.0,2.0,6.0,2.0,,,2.0,0.0,Completed,2.0,1.8,2.07,1.85,2.1,1.85,1.99,1.8,20220302
12,Monterrey,Monterrey Open,2022-03-02,WTA250,Outdoor,Hard,2nd Round,3,Osorio M.,Zacarias M.,44.0,262.0,1192.0,261.0,7.0,6.0,6.0,3.0,,,2.0,0.0,Completed,1.2,4.5,1.25,4.35,1.25,4.72,1.22,4.2,20220302
12,Monterrey,Monterrey Open,2022-03-03,WTA250,Outdoor,Hard,2nd Round,3,Fernandez L.A.,Zheng Q.,21.0,77.0,2066.0,852.0,6.0,1.0,4.0,6.0,7.0,6.0,2.0,1.0,Completed,1.53,2.5,1.62,2.46,1.67,2.63,1.56,2.4,20220303
12,Monterrey,Monterrey Open,2022-03-03,WTA250,Outdoor,Hard,2nd Round,3,Sorribes Tormo S.,Tan H.,36.0,99.0,1368.0,687.0,6.0,2.0,6.0,2.0,,,2.0,0.0,Completed,1.36,3.2,1.36,3.43,1.44,3.45,1.38,3.0,20220303
12,Monterrey,Monterrey Open,2022-03-03,WTA250,Outdoor,Hard,2nd Round,3,Wang Q.,Sherif M.,116.0,67.0,568.0,930.0,6.0,0.0,6.0,7.0,6.0,3.0,2.0,1.0,Completed,1.2,4.5,1.2,5.07,1.23,5.07,1.2,4.51,20220303
12,Monterrey,Monterrey Open,2022-03-03,WTA250,Outdoor,Hard,2nd Round,3,Parrizas Diaz N.,Watson H.,51.0,120.0,1103.0,552.0,6.0,4.0,7.0,6.0,,,2.0,0.0,Completed,1.57,2.37,1.63,2.4,1.7,2.45,1.62,2.29,20220303
12,Monterrey,Monterrey Open,2022-03-04,WTA250,Outdoor,Hard,2nd Round,3,Svitolina E.,Tomova V.,15.0,103.0,2427.0,624.0,7.0,6.0,3.0,6.0,6.0,2.0,2.0,1.0,Completed,1.08,8.0,1.11,7.97,1.11,8.5,1.09,7.46,20220304
12,Monterrey,Monterrey Open,2022-03-04,WTA250,Outdoor,Hard,2nd Round,3,Bouzkova M.,Martic P.,81.0,85.0,813.0,794.0,6.0,4.0,6.0,2.0,,,2.0,0.0,Completed,1.57,2.37,1.7,2.27,1.8,2.37,1.63,2.25,20220304
12,Monterrey,Monterrey Open,2022-03-04,WTA250,Outdoor,Hard,Quarterfinals,3,Parrizas Diaz N.,Sorribes Tormo S.,51.0,36.0,1103.0,1368.0,6.0,3.0,1.0,6.0,6.0,4.0,2.0,1.0,Completed,2.75,1.44,3.03,1.44,3.06,1.53,2.71,1.46,20220304
12,Monterrey,Monterrey Open,2022-03-05,WTA250,Outdoor,Hard,Quarterfinals,3,Haddad Maia B.,Bouzkova M.,69.0,81.0,914.0,813.0,4.0,6.0,6.0,4.0,7.0,6.0,2.0,1.0,Completed,2.37,1.57,2.46,1.59,2.46,1.64,2.36,1.57,20220305
12,Monterrey,Monterrey Open,2022-03-05,WTA250,Outdoor,Hard,Quarterfinals,3,Osorio M.,Svitolina E.,44.0,15.0,1192.0,2427.0,1.0,6.0,7.0,5.0,7.0,6.0,2.0,1.0,Completed,3.4,1.33,3.28,1.39,3.4,1.42,3.04,1.37,20220305
12,Monterrey,Monterrey Open,2022-03-05,WTA250,Outdoor,Hard,Quarterfinals,3,Fernandez L.A.,Wang Q.,21.0,116.0,2066.0,568.0,7.0,6.0,6.0,4.0,,,2.0,0.0,Completed,1.44,2.75,1.45,2.98,1.55,2.98,1.47,2.66,20220305
12,Monterrey,Monterrey Open,2022-03-06,WTA250,Outdoor,Hard,Semifinals,3,Osorio M.,Parrizas Diaz N.,44.0,51.0,1192.0,1103.0,6.0,4.0,6.0,4.0,,,2.0,0.0,Completed,1.72,2.1,1.79,2.14,1.8,2.21,1.74,2.09,20220306
12,Monterrey,Monterrey Open,2022-03-06,WTA250,Outdoor,Hard,Semifinals,3,Fernandez L.A.,Haddad Maia B.,21.0,69.0,2066.0,914.0,6.0,1.0,6.0,4.0,,,2.0,0.0,Completed,1.36,3.2,1.38,3.36,1.43,3.65,1.38,3.07,20220306
12,Monterrey,Monterrey Open,2022-03-06,WTA250,Outdoor,Hard,The Final,3,Fernandez L.A.,Osorio M.,21.0,44.0,2066.0,1192.0,6.0,7.0,6.0,4.0,7.0,6.0,2.0,1.0,Completed,1.3,3.5,1.36,3.44,1.39,3.5,1.34,3.28,20220306
13,Indian Wells,BNP Paribas Open,2022-03-09,WTA1000,Outdoor,Hard,1st Round,3,Alexandrova E.,Kalieva E.,52.0,317.0,1106.0,198.0,4.0,6.0,6.0,2.0,7.0,6.0,2.0,1.0,Completed,1.1,7.0,1.15,6.35,1.15,8.1,1.11,6.62,20220309
13,Indian Wells,BNP Paribas Open,2022-03-09,WTA1000,Outdoor,Hard,1st Round,3,Martic P.,Bondar A.,79.0,75.0,823.0,875.0,7.0,5.0,6.0,3.0,,,2.0,0.0,Completed,1.5,2.62,1.57,2.55,1.62,2.64,1.53,2.5,20220309
13,Indian Wells,BNP Paribas Open,2022-03-09,WTA1000,Outdoor,Hard,1st Round,3,Kanepi K.,Montgomery R.,63.0,361.0,950.0,153.0,6.0,3.0,6.0,3.0,,,2.0,0.0,Completed,1.2,4.5,1.22,4.84,1.27,4.92,1.21,4.44,20220309
13,Indian Wells,BNP Paribas Open,2022-03-09,WTA1000,Outdoor,Hard,1st Round,3,Riske A.,Mcnally C.,53.0,172.0,1101.0,373.0,6.0,0.0,6.0,3.0,,,2.0,0.0,Completed,1.36,3.2,1.4,3.16,1.41,3.33,1.38,3.07,20220309
13,Indian Wells,BNP Paribas Open,2022-03-09,WTA1000,Outdoor,Hard,1st Round,3,Doi M.,Potapova A.,95.0,121.0,695.0,531.0,0.0,6.0,6.0,4.0,6.0,3.0,2.0,1.0,Completed,2.5,1.53,2.71,1.52,2.71,1.62,2.47,1.54,20220309
13,Indian Wells,BNP Paribas Open,2022-03-09,WTA1000,Outdoor,Hard,1st Round,3,Liu C.,Tomova V.,87.0,111.0,750.0,599.0,7.0,6.0,6.0,4.0,,,2.0,0.0,Completed,1.57,2.37,1.62,2.43,1.63,2.45,1.58,2.37,20220309
13,Indian Wells,BNP Paribas Open,2022-03-09,WTA1000,Outdoor,Hard,1st Round,3,Tomljanovic A.,Baptiste H.,39.0,119.0,1251.0,537.0,6.0,2.0,2.0,6.0,6.0,2.0,2.0,1.0,Completed,1.4,3.0,1.42,3.08,1.44,3.17,1.4,2.95,20220309
13,Indian Wells,BNP Paribas Open,2022-03-09,WTA1000,Outdoor,Hard,1st Round,3,Zheng Q.,Zvonareva V.,74.0,114.0,875.0,561.0,6.0,3.0,6.0,2.0,,,2.0,0.0,Completed,1.33,3.4,1.33,3.57,1.34,3.57,1.31,3.39,20220309
13,Indian Wells,BNP Paribas Open,2022-03-10,WTA1000,Outdoor,Hard,1st Round,3,Kalinina A.,Burel C.,50.0,81.0,1113.0,806.0,6.0,3.0,6.0,2.0,,,2.0,0.0,Completed,1.57,2.37,1.57,2.54,1.66,2.55,1.58,2.38,20220310
13,Indian Wells,BNP Paribas Open,2022-03-10,WTA1000,Outdoor,Hard,1st Round,3,Volynets K.,Rus A.,158.0,69.0,405.0,908.0,4.0,6.0,6.0,4.0,6.0,1.0,2.0,1.0,Completed,2.37,1.57,2.45,1.61,2.66,1.63,2.39,1.57,20220310
13,Indian Wells,BNP Paribas Open,2022-03-10,WTA1000,Outdoor,Hard,1st Round,3,Dart H.,Konjuh A.,122.0,48.0,525.0,1133.0,6.0,1.0,3.0,1.0,,,1.0,0.0,Retired,3.0,1.4,3.09,1.42,3.1,1.42,2.96,1.4,20220310
13,Indian Wells,BNP Paribas Open,2022-03-10,WTA1000,Outdoor,Hard,1st Round,3,Kovinic D.,Teichmann J.,71.0,37.0,904.0,1292.0,7.0,5.0,7.0,5.0,,,2.0,0.0,Completed,5.0,1.16,4.8,1.22,5.9,1.21,4.81,1.18,20220310
13,Indian Wells,BNP Paribas Open,2022-03-10,WTA1000,Outdoor,Hard,1st Round,3,Garcia C.,Yastremska D.,66.0,103.0,935.0,641.0,6.0,4.0,6.0,7.0,7.0,5.0,2.0,1.0,Completed,2.1,1.72,2.24,1.71,2.28,1.8,2.16,1.7,20220310
13,Indian Wells,BNP Paribas Open,2022-03-10,WTA1000,Outdoor,Hard,1st Round,3,Li A.,Brengle M.,64.0,56.0,949.0,1057.0,1.0,6.0,7.0,6.0,6.0,0.0,2.0,1.0,Completed,1.61,2.3,1.69,2.28,1.76,2.3,1.68,2.17,20220310
13,Indian Wells,BNP Paribas Open,2022-03-10,WTA1000,Outdoor,Hard,1st Round,3,Kalinskaya A.,Tan H.,90.0,91.0,726.0,717.0,6.0,2.0,1.0,0.0,,,1.0,0.0,Retired,1.57,2.37,1.66,2.34,1.67,2.5,1.62,2.28,20220310
13,Indian Wells,BNP Paribas Open,2022-03-10,WTA1000,Outdoor,Hard,1st Round,3,Haddad Maia B.,Kenin S.,61.0,130.0,995.0,491.0,6.0,3.0,7.0,5.0,,,2.0,0.0,Completed,2.1,1.72,2.08,1.82,2.1,1.93,2.01,1.8,20220310
13,Indian Wells,BNP Paribas Open,2022-03-10,WTA1000,Outdoor,Hard,1st Round,3,Martincova T.,Watson H.,42.0,113.0,1203.0,572.0,6.0,2.0,6.0,1.0,,,2.0,0.0,Completed,1.5,2.62,1.49,2.8,1.53,2.8,1.48,2.65,20220310
13,Indian Wells,BNP Paribas Open,2022-03-10,WTA1000,Outdoor,Hard,1st Round,3,Frech M.,Sherif M.,88.0,67.0,739.0,934.0,6.0,2.0,7.0,5.0,,,2.0,0.0,Completed,1.36,3.2,1.42,3.06,1.5,3.39,1.41,2.91,20220310
13,Indian Wells,BNP Paribas Open,2022-03-10,WTA1000,Outdoor,Hard,1st Round,3,Van Uytvanck A.,Galfi D.,58.0,105.0,1033.0,628.0,7.0,6.0,6.0,4.0,,,2.0,0.0,Completed,1.33,3.4,1.37,3.35,1.38,3.41,1.34,3.24,20220310
13,Indian Wells,BNP Paribas Open,2022-03-10,WTA1000,Outdoor,Hard,1st Round,3,Putintseva Y.,Krueger A.,47.0,542.0,1151.0,81.0,6.0,3.0,6.0,2.0,,,2.0,0.0,Completed,1.22,4.33,1.28,4.04,1.33,4.5,1.25,3.93,20220310
13,Indian Wells,BNP Paribas Open,2022-03-10,WTA1000,Outdoor,Hard,1st Round,3,Saville D.,Zhang S.,409.0,41.0,127.0,1225.0,6.0,3.0,6.0,2.0,,,2.0,0.0,Completed,2.0,1.8,2.08,1.82,2.14,1.93,2.03,1.79,20220310
13,Indian Wells,BNP Paribas Open,2022-03-10,WTA1000,Outdoor,Hard,1st Round,3,Paolini J.,Boulter K.,46.0,127.0,1154.0,502.0,6.0,3.0,6.0,2.0,,,2.0,0.0,Completed,1.8,2.0,1.86,2.03,1.86,2.1,1.8,2.01,20220310
13,Indian Wells,BNP Paribas Open,2022-03-10,WTA1000,Outdoor,Hard,1st Round,3,Kucova K.,Ruse E.G.,77.0,57.0,837.0,1052.0,4.0,6.0,6.0,4.0,6.0,1.0,2.0,1.0,Completed,3.4,1.33,3.77,1.31,4.05,1.36,3.53,1.3,20220310
13,Indian Wells,BNP Paribas Open,2022-03-10,WTA1000,Outdoor,Hard,1st Round,3,Kostyuk M.,Zanevska M.,54.0,68.0,1085.0,930.0,6.0,7.0,7.0,6.0,7.0,5.0,2.0,1.0,Completed,1.4,3.0,1.44,2.99,1.5,3.2,1.4,2.9,20220310
13,Indian Wells,BNP Paribas Open,2022-03-10,WTA1000,Outdoor,Hard,1st Round,3,Osaka N.,Stephens S.,78.0,38.0,826.0,1272.0,3.0,6.0,6.0,1.0,6.0,2.0,2.0,1.0,Completed,1.33,3.4,1.37,3.35,1.43,3.4,1.35,3.21,20220310
13,Indian Wells,BNP Paribas Open,2022-03-11,WTA1000,Outdoor,Hard,1st Round,3,Juvan K.,Dodin O.,85.0,94.0,771.0,696.0,6.0,3.0,6.0,3.0,,,2.0,0.0,Completed,1.4,3.0,1.43,3.04,1.45,3.05,1.4,2.91,20220311
13,Indian Wells,BNP Paribas Open,2022-03-11,WTA1000,Outdoor,Hard,1st Round,3,Siniakova K.,Begu I.,55.0,72.0,1078.0,900.0,6.0,2.0,4.0,6.0,6.0,4.0,2.0,1.0,Completed,1.9,1.9,2.01,1.88,2.01,2.0,1.91,1.89,20220311
13,Indian Wells,BNP Paribas Open,2022-03-11,WTA1000,Outdoor,Hard,1st Round,3,Sharma A.,Linette M.,96.0,62.0,693.0,994.0,6.0,4.0,7.0,6.0,,,2.0,0.0,Completed,2.75,1.44,,,2.9,1.74,2.7,1.47,20220311
13,Indian Wells,BNP Paribas Open,2022-03-11,WTA1000,Outdoor,Hard,1st Round,3,Rogers S.,Parrizas Diaz N.,49.0,45.0,1124.0,1183.0,6.0,1.0,5.0,7.0,7.0,6.0,2.0,1.0,Completed,1.53,2.5,1.66,2.35,1.66,2.75,1.6,2.35,20220311
13,Indian Wells,BNP Paribas Open,2022-03-11,WTA1000,Outdoor,Hard,1st Round,3,Sasnovich A.,Osorio M.,59.0,35.0,1028.0,1354.0,6.0,4.0,5.0,0.0,,,1.0,0.0,Retired,1.44,2.75,1.51,2.73,1.56,2.8,1.48,2.64,20220311
13,Indian Wells,BNP Paribas Open,2022-03-11,WTA1000,Outdoor,Hard,1st Round,3,Bouzkova M.,Wang Q.,97.0,104.0,693.0,628.0,6.0,3.0,7.0,6.0,,,2.0,0.0,Completed,1.9,1.9,2.02,1.87,2.04,2.13,1.91,1.89,20220311
13,Indian Wells,BNP Paribas Open,2022-03-11,WTA1000,Outdoor,Hard,1st Round,3,Anisimova A.,Navarro E.,43.0,200.0,1200.0,325.0,6.0,2.0,6.0,2.0,,,2.0,0.0,Completed,1.08,8.0,1.1,8.36,1.1,9.37,1.08,8.08,20220311
13,Indian Wells,BNP Paribas Open,2022-03-11,WTA1000,Outdoor,Hard,2nd Round,3,Martic P.,Zidansek T.,79.0,22.0,823.0,1936.0,7.0,5.0,7.0,6.0,,,2.0,0.0,Completed,1.8,2.0,1.83,2.09,1.87,2.17,1.79,2.02,20220311
13,Indian Wells,BNP Paribas Open,2022-03-11,WTA1000,Outdoor,Hard,2nd Round,3,Halep S.,Alexandrova E.,26.0,52.0,1832.0,1106.0,6.0,2.0,4.0,6.0,6.0,2.0,2.0,1.0,Completed,1.16,5.0,1.22,4.87,1.22,5.7,1.19,4.78,20220311
13,Indian Wells,BNP Paribas Open,2022-03-11,WTA1000,Outdoor,Hard,2nd Round,3,Kovinic D.,Pliskova Ka.,71.0,8.0,904.0,4242.0,2.0,6.0,7.0,5.0,6.0,4.0,2.0,1.0,Completed,3.4,1.33,3.8,1.31,3.8,1.36,3.4,1.32,20220311
13,Indian Wells,BNP Paribas Open,2022-03-11,WTA1000,Outdoor,Hard,2nd Round,3,Swiatek I.,Kalinina A.,4.0,50.0,4776.0,1113.0,5.0,7.0,6.0,0.0,6.0,1.0,2.0,1.0,Completed,1.14,5.5,1.18,5.72,1.18,7.7,1.15,5.51,20220311
13,Indian Wells,BNP Paribas Open,2022-03-11,WTA1000,Outdoor,Hard,2nd Round,3,Cirstea S.,Tomljanovic A.,27.0,39.0,1775.0,1251.0,6.0,4.0,7.0,5.0,,,2.0,0.0,Completed,1.61,2.3,1.57,2.57,1.67,2.7,1.56,2.41,20220311
13,Indian Wells,BNP Paribas Open,2022-03-11,WTA1000,Outdoor,Hard,2nd Round,3,Samsonova L.,Li A.,32.0,64.0,1527.0,949.0,4.0,6.0,6.0,4.0,6.0,3.0,2.0,1.0,Completed,1.9,1.9,1.83,2.1,1.9,2.1,1.82,1.98,20220311
13,Indian Wells,BNP Paribas Open,2022-03-11,WTA1000,Outdoor,Hard,2nd Round,3,Tauson C.,Haddad Maia B.,40.0,61.0,1229.0,995.0,6.0,4.0,6.0,3.0,,,2.0,0.0,Completed,1.4,3.0,1.44,3.02,1.45,3.25,1.4,2.93,20220311
13,Indian Wells,BNP Paribas Open,2022-03-11,WTA1000,Outdoor,Hard,2nd Round,3,Raducanu E.,Garcia C.,13.0,66.0,2635.0,935.0,6.0,1.0,3.0,6.0,6.0,1.0,2.0,1.0,Completed,1.9,1.9,1.9,2.01,1.98,2.01,1.9,1.9,20220311
13,Indian Wells,BNP Paribas Open,2022-03-11,WTA1000,Outdoor,Hard,2nd Round,3,Kalinskaya A.,Cornet A.,90.0,34.0,726.0,1360.0,6.0,4.0,0.0,6.0,6.0,2.0,2.0,1.0,Completed,2.1,1.72,2.09,1.83,2.15,1.85,2.06,1.77,20220311
13,Indian Wells,BNP Paribas Open,2022-03-11,WTA1000,Outdoor,Hard,2nd Round,3,Riske A.,Muguruza G.,53.0,9.0,1101.0,3235.0,0.0,6.0,6.0,3.0,6.0,1.0,2.0,1.0,Completed,3.75,1.28,3.94,1.3,3.94,1.32,3.64,1.29,20220311
13,Indian Wells,BNP Paribas Open,2022-03-11,WTA1000,Outdoor,Hard,2nd Round,3,Kasatkina D.,Volynets K.,28.0,158.0,1755.0,405.0,6.0,4.0,4.0,6.0,7.0,5.0,2.0,1.0,Completed,1.2,4.5,1.21,4.99,1.21,4.99,1.2,4.56,20220311
13,Indian Wells,BNP Paribas Open,2022-03-12,WTA1000,Outdoor,Hard,2nd Round,3,Dart H.,Svitolina E.,122.0,18.0,525.0,2207.0,2.0,6.0,6.0,3.0,6.0,3.0,2.0,1.0,Completed,4.33,1.22,4.39,1.26,4.4,1.27,4.11,1.23,20220312
13,Indian Wells,BNP Paribas Open,2022-03-12,WTA1000,Outdoor,Hard,2nd Round,3,Gauff C.,Liu C.,17.0,87.0,2231.0,750.0,6.0,1.0,7.0,6.0,,,2.0,0.0,Completed,1.16,5.0,1.17,5.82,1.18,5.82,1.16,5.22,20220312
13,Indian Wells,BNP Paribas Open,2022-03-12,WTA1000,Outdoor,Hard,2nd Round,3,Kanepi K.,Bencic B.,63.0,25.0,950.0,1871.0,6.0,4.0,6.0,3.0,,,2.0,0.0,Completed,2.1,1.72,2.12,1.81,2.25,1.81,2.12,1.72,20220312
13,Indian Wells,BNP Paribas Open,2022-03-12,WTA1000,Outdoor,Hard,2nd Round,3,Keys M.,Doi M.,29.0,95.0,1690.0,695.0,6.0,4.0,3.0,6.0,6.0,1.0,2.0,1.0,Completed,1.12,6.0,1.17,6.0,1.17,6.25,1.14,5.61,20220312
13,Indian Wells,BNP Paribas Open,2022-03-12,WTA1000,Outdoor,Hard,2nd Round,3,Kerber A.,Zheng Q.,16.0,74.0,2232.0,875.0,6.0,2.0,5.0,7.0,6.0,4.0,2.0,1.0,Completed,2.0,1.8,2.04,1.87,2.05,1.92,1.96,1.84,20220312
13,Indian Wells,BNP Paribas Open,2022-03-12,WTA1000,Outdoor,Hard,2nd Round,3,Paolini J.,Sabalenka A.,46.0,3.0,1154.0,4853.0,2.0,6.0,6.0,3.0,6.0,3.0,2.0,1.0,Completed,4.5,1.2,4.87,1.22,4.95,1.25,4.52,1.2,20220312
13,Indian Wells,BNP Paribas Open,2022-03-12,WTA1000,Outdoor,Hard,2nd Round,3,Kvitova P.,Sasnovich A.,31.0,59.0,1585.0,1028.0,6.0,7.0,6.0,4.0,6.0,4.0,2.0,1.0,Completed,1.72,2.1,1.76,2.18,1.83,2.18,1.75,2.07,20220312
13,Indian Wells,BNP Paribas Open,2022-03-12,WTA1000,Outdoor,Hard,2nd Round,3,Mertens E.,Kostyuk M.,23.0,54.0,1886.0,1085.0,6.0,2.0,6.0,1.0,,,2.0,0.0,Completed,1.61,2.3,1.68,2.32,1.68,2.45,1.62,2.29,20220312
13,Indian Wells,BNP Paribas Open,2022-03-12,WTA1000,Outdoor,Hard,2nd Round,3,Vondrousova M.,Frech M.,33.0,88.0,1487.0,739.0,6.0,1.0,6.0,3.0,,,2.0,0.0,Completed,1.16,5.0,1.21,5.13,1.21,5.4,1.18,4.88,20220312
13,Indian Wells,BNP Paribas Open,2022-03-12,WTA1000,Outdoor,Hard,2nd Round,3,Rybakina E.,Van Uytvanck A.,20.0,58.0,2101.0,1033.0,6.0,1.0,7.0,5.0,,,2.0,0.0,Completed,1.4,3.0,1.44,3.04,1.46,3.1,1.4,2.91,20220312
13,Indian Wells,BNP Paribas Open,2022-03-12,WTA1000,Outdoor,Hard,2nd Round,3,Golubic V.,Putintseva Y.,51.0,47.0,1107.0,1151.0,6.0,3.0,2.0,6.0,6.0,4.0,2.0,1.0,Completed,2.2,1.66,2.38,1.65,2.38,1.74,2.24,1.64,20220312
13,Indian Wells,BNP Paribas Open,2022-03-12,WTA1000,Outdoor,Hard,2nd Round,3,Sakkari M.,Siniakova K.,6.0,55.0,4436.0,1078.0,6.0,3.0,7.0,5.0,,,2.0,0.0,Completed,1.22,4.33,1.19,5.5,1.24,5.5,1.21,4.53,20220312
13,Indian Wells,BNP Paribas Open,2022-03-12,WTA1000,Outdoor,Hard,2nd Round,3,Kontaveit A.,Kucova K.,5.0,77.0,4721.0,837.0,6.0,4.0,6.0,1.0,,,2.0,0.0,Completed,1.08,8.0,1.08,10.22,1.1,11.0,1.07,8.81,20220312
13,Indian Wells,BNP Paribas Open,2022-03-12,WTA1000,Outdoor,Hard,2nd Round,3,Saville D.,Jabeur O.,409.0,10.0,127.0,3065.0,7.0,5.0,6.0,7.0,6.0,4.0,2.0,1.0,Completed,5.0,1.16,4.28,1.26,5.0,1.26,4.32,1.21,20220312
13,Indian Wells,BNP Paribas Open,2022-03-12,WTA1000,Outdoor,Hard,2nd Round,3,Rogers S.,Ostapenko J.,49.0,12.0,1124.0,2880.0,7.0,5.0,7.0,6.0,,,2.0,0.0,Completed,3.2,1.36,3.61,1.34,3.61,1.38,3.38,1.32,20220312
13,Indian Wells,BNP Paribas Open,2022-03-12,WTA1000,Outdoor,Hard,2nd Round,3,Sorribes Tormo S.,Juvan K.,36.0,85.0,1318.0,771.0,3.0,6.0,7.0,5.0,6.0,3.0,2.0,1.0,Completed,1.8,2.0,1.81,2.11,1.91,2.11,1.8,2.02,20220312
13,Indian Wells,BNP Paribas Open,2022-03-12,WTA1000,Outdoor,Hard,2nd Round,3,Badosa P.,Martincova T.,7.0,42.0,4424.0,1203.0,6.0,2.0,7.0,6.0,,,2.0,0.0,Completed,1.22,4.33,1.24,4.64,1.25,5.08,1.22,4.27,20220312
13,Indian Wells,BNP Paribas Open,2022-03-13,WTA1000,Outdoor,Hard,2nd Round,3,Azarenka V.,Sharma A.,15.0,96.0,2271.0,693.0,6.0,3.0,7.0,5.0,,,2.0,0.0,Completed,1.07,9.0,1.07,10.8,1.1,10.8,1.06,8.8,20220313
13,Indian Wells,BNP Paribas Open,2022-03-13,WTA1000,Outdoor,Hard,2nd Round,3,Fernandez L.A.,Anisimova A.,21.0,43.0,2066.0,1200.0,2.0,6.0,7.0,6.0,,,1.0,1.0,Retired,2.3,1.61,2.18,1.77,2.3,1.77,2.22,1.66,20220313
13,Indian Wells,BNP Paribas Open,2022-03-13,WTA1000,Outdoor,Hard,2nd Round,3,Bouzkova M.,Pegula J.,97.0,19.0,693.0,2206.0,5.0,7.0,6.0,2.0,6.0,0.0,2.0,1.0,Completed,2.75,1.44,2.73,1.52,2.85,1.53,2.71,1.46,20220313
13,Indian Wells,BNP Paribas Open,2022-03-13,WTA1000,Outdoor,Hard,2nd Round,3,Kudermetova V.,Osaka N.,24.0,78.0,1875.0,826.0,6.0,0.0,6.0,4.0,,,2.0,0.0,Completed,4.0,1.25,3.94,1.3,4.25,1.3,3.89,1.26,20220313
13,Indian Wells,BNP Paribas Open,2022-03-13,WTA1000,Outdoor,Hard,3rd Round,3,Martic P.,Raducanu E.,79.0,13.0,823.0,2635.0,6.0,7.0,6.0,4.0,7.0,5.0,2.0,1.0,Completed,2.75,1.44,2.89,1.46,3.0,1.48,2.77,1.44,20220313
13,Indian Wells,BNP Paribas Open,2022-03-13,WTA1000,Outdoor,Hard,3rd Round,3,Samsonova L.,Kovinic D.,32.0,71.0,1527.0,904.0,6.0,4.0,7.0,6.0,,,2.0,0.0,Completed,1.25,4.0,1.3,3.85,1.33,4.03,1.28,3.7,20220313
13,Indian Wells,BNP Paribas Open,2022-03-13,WTA1000,Outdoor,Hard,3rd Round,3,Swiatek I.,Tauson C.,4.0,40.0,4776.0,1229.0,6.0,7.0,6.0,2.0,6.0,1.0,2.0,1.0,Completed,1.22,4.33,1.25,4.38,1.27,4.8,1.22,4.24,20220313
13,Indian Wells,BNP Paribas Open,2022-03-13,WTA1000,Outdoor,Hard,3rd Round,3,Cirstea S.,Kalinskaya A.,27.0,90.0,1775.0,726.0,5.0,7.0,6.0,1.0,6.0,0.0,2.0,1.0,Completed,1.57,2.37,1.58,2.53,1.62,2.63,1.54,2.46,20220313
13,Indian Wells,BNP Paribas Open,2022-03-13,WTA1000,Outdoor,Hard,3rd Round,3,Keys M.,Riske A.,29.0,53.0,1690.0,1101.0,7.0,6.0,6.0,1.0,,,2.0,0.0,Completed,1.4,3.0,1.41,3.13,1.42,3.2,1.38,3.03,20220313
13,Indian Wells,BNP Paribas Open,2022-03-13,WTA1000,Outdoor,Hard,3rd Round,3,Dart H.,Kanepi K.,122.0,63.0,525.0,950.0,7.0,6.0,6.0,3.0,,,2.0,0.0,Completed,4.0,1.25,4.36,1.25,4.36,1.26,4.01,1.24,20220313
13,Indian Wells,BNP Paribas Open,2022-03-14,WTA1000,Outdoor,Hard,3rd Round,3,Halep S.,Gauff C.,26.0,17.0,1832.0,2231.0,6.0,3.0,6.0,4.0,,,2.0,0.0,Completed,1.5,2.62,1.6,2.48,1.62,2.62,1.55,2.44,20220314
13,Indian Wells,BNP Paribas Open,2022-03-14,WTA1000,Outdoor,Hard,3rd Round,3,Kerber A.,Kasatkina D.,16.0,28.0,2232.0,1755.0,6.0,2.0,6.0,1.0,,,2.0,0.0,Completed,1.9,1.9,2.01,1.88,2.05,1.92,1.95,1.85,20220314
13,Indian Wells,BNP Paribas Open,2022-03-14,WTA1000,Outdoor,Hard,3rd Round,3,Saville D.,Mertens E.,409.0,23.0,127.0,1886.0,6.0,3.0,4.0,6.0,6.0,3.0,2.0,1.0,Completed,3.2,1.36,3.27,1.39,3.29,1.39,3.14,1.36,20220314
13,Indian Wells,BNP Paribas Open,2022-03-14,WTA1000,Outdoor,Hard,3rd Round,3,Sakkari M.,Kvitova P.,6.0,31.0,4436.0,1585.0,6.0,3.0,6.0,0.0,,,2.0,0.0,Completed,1.4,3.0,1.43,3.09,1.45,3.2,1.41,2.91,20220314
13,Indian Wells,BNP Paribas Open,2022-03-14,WTA1000,Outdoor,Hard,3rd Round,3,Kudermetova V.,Bouzkova M.,24.0,97.0,1875.0,693.0,6.0,4.0,0.0,2.0,,,1.0,0.0,Retired,1.72,2.1,1.85,2.06,1.85,2.2,1.79,2.03,20220314
13,Indian Wells,BNP Paribas Open,2022-03-14,WTA1000,Outdoor,Hard,3rd Round,3,Vondrousova M.,Kontaveit A.,33.0,5.0,1487.0,4721.0,3.0,6.0,7.0,5.0,7.0,6.0,2.0,1.0,Completed,2.75,1.44,3.02,1.44,3.02,1.54,2.72,1.46,20220314
13,Indian Wells,BNP Paribas Open,2022-03-14,WTA1000,Outdoor,Hard,3rd Round,3,Golubic V.,Paolini J.,51.0,46.0,1107.0,1154.0,7.0,5.0,1.0,6.0,7.0,6.0,2.0,1.0,Completed,1.9,1.9,1.95,1.95,1.95,2.01,1.87,1.93,20220314
13,Indian Wells,BNP Paribas Open,2022-03-14,WTA1000,Outdoor,Hard,3rd Round,3,Rybakina E.,Azarenka V.,20.0,15.0,2101.0,2271.0,6.0,3.0,6.0,4.0,,,2.0,0.0,Completed,2.37,1.57,2.49,1.61,2.6,1.83,2.42,1.55,20220314
13,Indian Wells,BNP Paribas Open,2022-03-15,WTA1000,Outdoor,Hard,3rd Round,3,Badosa P.,Sorribes Tormo S.,7.0,36.0,4424.0,1318.0,7.0,6.0,6.0,1.0,,,2.0,0.0,Completed,1.25,4.0,1.29,3.98,1.3,4.12,1.26,3.83,20220315
13,Indian Wells,BNP Paribas Open,2022-03-15,WTA1000,Outdoor,Hard,3rd Round,3,Fernandez L.A.,Rogers S.,21.0,49.0,2066.0,1124.0,6.0,1.0,3.0,6.0,6.0,3.0,2.0,1.0,Completed,1.66,2.2,1.71,2.27,1.72,2.38,1.66,2.21,20220315
13,Indian Wells,BNP Paribas Open,2022-03-15,WTA1000,Outdoor,Hard,4th Round,3,Martic P.,Samsonova L.,79.0,32.0,823.0,1527.0,7.0,6.0,6.0,4.0,,,2.0,0.0,Completed,2.37,1.57,2.44,1.63,2.45,1.65,2.33,1.59,20220315
13,Indian Wells,BNP Paribas Open,2022-03-15,WTA1000,Outdoor,Hard,4th Round,3,Halep S.,Cirstea S.,26.0,27.0,1832.0,1775.0,6.0,1.0,6.0,4.0,,,2.0,0.0,Completed,1.22,4.33,1.25,4.4,1.28,4.5,1.23,4.13,20220315
13,Indian Wells,BNP Paribas Open,2022-03-15,WTA1000,Outdoor,Hard,4th Round,3,Swiatek I.,Kerber A.,4.0,16.0,4776.0,2232.0,4.0,6.0,6.0,2.0,6.0,3.0,2.0,1.0,Completed,1.2,4.5,1.17,5.81,1.23,5.81,1.18,4.92,20220315
13,Indian Wells,BNP Paribas Open,2022-03-15,WTA1000,Outdoor,Hard,4th Round,3,Keys M.,Dart H.,29.0,122.0,1690.0,525.0,6.0,1.0,6.0,4.0,,,2.0,0.0,Completed,1.22,4.33,1.26,4.33,1.28,4.33,1.24,4.07,20220315
13,Indian Wells,BNP Paribas Open,2022-03-15,WTA1000,Outdoor,Hard,4th Round,3,Sakkari M.,Saville D.,6.0,409.0,4436.0,127.0,4.0,1.0,,,,,0.0,0.0,Retired,1.22,4.33,1.25,4.52,1.25,4.52,1.22,4.24,20220315
13,Indian Wells,BNP Paribas Open,2022-03-16,WTA1000,Outdoor,Hard,4th Round,3,Badosa P.,Fernandez L.A.,7.0,21.0,4424.0,2066.0,6.0,4.0,6.0,4.0,,,2.0,0.0,Completed,1.57,2.37,1.61,2.49,1.64,2.63,1.57,2.39,20220316
13,Indian Wells,BNP Paribas Open,2022-03-16,WTA1000,Outdoor,Hard,4th Round,3,Rybakina E.,Golubic V.,20.0,51.0,2101.0,1107.0,7.0,6.0,6.0,2.0,,,2.0,0.0,Completed,1.3,3.5,1.35,3.5,1.36,4.91,1.31,3.48,20220316
13,Indian Wells,BNP Paribas Open,2022-03-16,WTA1000,Outdoor,Hard,4th Round,3,Kudermetova V.,Vondrousova M.,24.0,33.0,1875.0,1487.0,7.0,6.0,6.0,7.0,7.0,5.0,2.0,1.0,Completed,2.2,1.66,2.13,1.8,2.23,1.8,2.1,1.74,20220316
13,Indian Wells,BNP Paribas Open,2022-03-16,WTA1000,Outdoor,Hard,Quarterfinals,3,Halep S.,Martic P.,26.0,79.0,1832.0,823.0,6.0,1.0,6.0,1.0,,,2.0,0.0,Completed,1.12,6.0,1.18,5.71,1.18,6.0,1.15,5.52,20220316
13,Indian Wells,BNP Paribas Open,2022-03-17,WTA1000,Outdoor,Hard,Quarterfinals,3,Swiatek I.,Keys M.,4.0,29.0,4776.0,1690.0,6.0,1.0,6.0,0.0,,,2.0,0.0,Completed,1.28,3.75,1.3,3.92,1.34,3.92,1.29,3.64,20220317
13,Indian Wells,BNP Paribas Open,2022-03-17,WTA1000,Outdoor,Hard,Quarterfinals,3,Sakkari M.,Rybakina E.,6.0,20.0,4436.0,2101.0,7.0,5.0,6.0,4.0,,,2.0,0.0,Completed,1.66,2.2,1.75,2.21,1.75,2.35,1.69,2.18,20220317
13,Indian Wells,BNP Paribas Open,2022-03-17,WTA1000,Outdoor,Hard,Quarterfinals,3,Badosa P.,Kudermetova V.,7.0,24.0,4424.0,1875.0,6.0,3.0,6.0,2.0,,,2.0,0.0,Completed,1.44,2.75,1.49,2.83,1.53,2.9,1.46,2.75,20220317
13,Indian Wells,BNP Paribas Open,2022-03-19,WTA1000,Outdoor,Hard,Semifinals,3,Swiatek I.,Halep S.,4.0,26.0,4776.0,1832.0,7.0,6.0,6.0,4.0,,,2.0,0.0,Completed,1.53,2.5,1.56,2.61,1.65,2.61,1.57,2.43,20220319
13,Indian Wells,BNP Paribas Open,2022-03-19,WTA1000,Outdoor,Hard,Semifinals,3,Sakkari M.,Badosa P.,6.0,7.0,4436.0,4424.0,6.0,2.0,4.0,6.0,6.0,1.0,2.0,1.0,Completed,2.1,1.72,2.08,1.84,2.19,1.85,2.08,1.76,20220319
13,Indian Wells,BNP Paribas Open,2022-03-20,WTA1000,Outdoor,Hard,The Final,3,Swiatek I.,Sakkari M.,4.0,7.0,4776.0,4424.0,6.0,4.0,6.0,6.0,1.0,,2.0,0.0,Completed,1.53,2.5,1.61,2.44,1.61,2.68,1.55,2.47,20220320
14,Miami,Miami Open,2022-03-22,WTA1000,Outdoor,Hard,1st Round,3,Watson H.,Rus A.,115.0,75.0,589.0,888.0,6.0,7.0,7.0,5.0,6.0,4.0,2.0,1.0,Completed,2.1,1.72,2.21,1.73,2.25,1.8,2.13,1.71,20220322
14,Miami,Miami Open,2022-03-22,WTA1000,Outdoor,Hard,1st Round,3,Kostyuk M.,Van Uytvanck A.,55.0,56.0,1090.0,1055.0,4.0,6.0,6.0,2.0,6.0,1.0,2.0,1.0,Completed,1.72,2.1,1.74,2.2,1.75,2.35,1.7,2.15,20220322
14,Miami,Miami Open,2022-03-22,WTA1000,Outdoor,Hard,1st Round,3,Bondar A.,Garcia C.,76.0,67.0,867.0,940.0,7.0,5.0,,,,,1.0,0.0,Retired,3.0,1.4,3.03,1.43,3.2,1.49,2.86,1.41,20220322
14,Miami,Miami Open,2022-03-22,WTA1000,Outdoor,Hard,1st Round,3,Saville D.,Minnen G.,249.0,81.0,277.0,810.0,7.0,5.0,6.0,3.0,,,2.0,0.0,Completed,1.5,2.62,1.51,2.72,1.58,2.9,1.5,2.59,20220322
14,Miami,Miami Open,2022-03-22,WTA1000,Outdoor,Hard,1st Round,3,Kanepi K.,Zanevska M.,61.0,68.0,1008.0,931.0,6.0,2.0,,,,,1.0,0.0,Retired,1.61,2.3,1.65,2.36,1.67,2.47,1.59,2.33,20220322
14,Miami,Miami Open,2022-03-22,WTA1000,Outdoor,Hard,1st Round,3,Linette M.,Zheng Q.,63.0,72.0,991.0,900.0,7.0,6.0,6.0,4.0,,,2.0,0.0,Completed,2.62,1.5,2.79,1.49,2.85,1.53,2.63,1.48,20220322
14,Miami,Miami Open,2022-03-22,WTA1000,Outdoor,Hard,1st Round,3,Alexandrova E.,Paolini J.,54.0,45.0,1111.0,1189.0,6.0,1.0,6.0,2.0,,,2.0,0.0,Completed,1.8,2.0,1.75,2.19,1.84,2.15,1.74,2.06,20220322
14,Miami,Miami Open,2022-03-22,WTA1000,Outdoor,Hard,1st Round,3,Rogers S.,Anisimova A.,48.0,41.0,1154.0,1220.0,3.0,6.0,6.0,0.0,6.0,3.0,2.0,1.0,Completed,2.75,1.44,3.19,1.4,3.19,1.48,2.92,1.4,20220322
14,Miami,Miami Open,2022-03-22,WTA1000,Outdoor,Hard,1st Round,3,Ruse E.G.,Konjuh A.,57.0,52.0,1047.0,1113.0,6.0,3.0,6.0,4.0,,,2.0,0.0,Completed,2.0,1.8,1.97,1.92,2.07,1.92,1.95,1.84,20220322
14,Miami,Miami Open,2022-03-22,WTA1000,Outdoor,Hard,1st Round,3,Haddad Maia B.,Parrizas Diaz N.,62.0,49.0,1000.0,1143.0,7.0,6.0,6.0,2.0,,,2.0,0.0,Completed,1.8,2.0,1.81,2.09,1.86,2.22,1.77,2.04,20220322
14,Miami,Miami Open,2022-03-22,WTA1000,Outdoor,Hard,1st Round,3,Li A.,Sherif M.,65.0,73.0,959.0,894.0,2.0,6.0,6.0,3.0,6.0,4.0,2.0,1.0,Completed,1.4,3.0,1.4,3.19,1.4,3.58,1.37,3.05,20220322
14,Miami,Miami Open,2022-03-22,WTA1000,Outdoor,Hard,1st Round,3,Putintseva Y.,Schunk N.,47.0,243.0,1156.0,279.0,4.0,6.0,6.0,3.0,6.0,1.0,2.0,1.0,Completed,1.12,6.0,1.14,6.64,1.14,7.0,1.12,6.09,20220322
14,Miami,Miami Open,2022-03-23,WTA1000,Outdoor,Hard,1st Round,3,Sasnovich A.,Wang Xin.,60.0,87.0,1033.0,777.0,7.0,6.0,6.0,4.0,,,2.0,0.0,Completed,1.36,3.2,1.39,3.21,1.4,3.4,1.36,3.13,20220323
14,Miami,Miami Open,2022-03-23,WTA1000,Outdoor,Hard,1st Round,3,Begu I.,Baptiste H.,70.0,122.0,909.0,535.0,6.0,7.0,6.0,1.0,6.0,1.0,2.0,1.0,Completed,1.4,3.0,1.4,3.19,1.44,3.19,1.39,2.97,20220323
14,Miami,Miami Open,2022-03-23,WTA1000,Outdoor,Hard,1st Round,3,Brengle M.,Eala A.,59.0,565.0,1037.0,74.0,6.0,2.0,6.0,1.0,,,2.0,0.0,Completed,1.08,8.0,1.09,9.21,1.12,9.75,1.07,8.3,20220323
14,Miami,Miami Open,2022-03-23,WTA1000,Outdoor,Hard,1st Round,3,Fruhvirtova L.,Kovinic D.,279.0,66.0,237.0,954.0,6.0,0.0,6.0,4.0,,,2.0,0.0,Completed,2.0,1.8,1.95,1.93,2.35,1.93,2.03,1.79,20220323
14,Miami,Miami Open,2022-03-23,WTA1000,Outdoor,Hard,1st Round,3,Osaka N.,Sharma A.,77.0,96.0,861.0,708.0,6.0,3.0,6.0,4.0,,,2.0,0.0,Completed,1.07,9.0,1.08,9.7,1.09,11.0,1.06,9.08,20220323
14,Miami,Miami Open,2022-03-23,WTA1000,Outdoor,Hard,1st Round,3,Bronzetti L.,Tomljanovic A.,102.0,39.0,657.0,1256.0,4.0,6.0,7.0,6.0,6.0,2.0,2.0,1.0,Completed,3.0,1.4,3.33,1.37,3.33,1.45,3.02,1.38,20220323
14,Miami,Miami Open,2022-03-23,WTA1000,Outdoor,Hard,1st Round,3,Zvonareva V.,Doi M.,117.0,93.0,570.0,720.0,6.0,4.0,6.0,1.0,,,2.0,0.0,Completed,1.66,2.2,1.61,2.46,1.68,2.5,1.59,2.35,20220323
14,Miami,Miami Open,2022-03-23,WTA1000,Outdoor,Hard,1st Round,3,Kalinskaya A.,Montgomery R.,84.0,439.0,798.0,112.0,4.0,6.0,6.0,4.0,7.0,6.0,2.0,1.0,Completed,1.12,6.0,1.18,5.5,1.18,6.5,1.15,5.42,20220323
14,Miami,Miami Open,2022-03-23,WTA1000,Outdoor,Hard,1st Round,3,Zhang S.,Tauson C.,43.0,40.0,1205.0,1254.0,6.0,4.0,4.0,6.0,2.0,1.0,1.0,1.0,Retired,3.5,1.3,3.65,1.32,3.7,1.35,3.46,1.3,20220323
14,Miami,Miami Open,2022-03-23,WTA1000,Outdoor,Hard,1st Round,3,Muchova K.,Martincova T.,74.0,46.0,893.0,1183.0,7.0,6.0,7.0,6.0,,,2.0,0.0,Completed,2.2,1.66,2.27,1.7,2.3,1.74,2.18,1.68,20220323
14,Miami,Miami Open,2022-03-23,WTA1000,Outdoor,Hard,1st Round,3,Kalinina A.,Gorgodze E.,51.0,123.0,1118.0,532.0,6.0,2.0,3.0,6.0,6.0,3.0,2.0,1.0,Completed,1.12,6.0,1.14,6.62,1.15,6.75,1.12,6.02,20220323
14,Miami,Miami Open,2022-03-23,WTA1000,Outdoor,Hard,1st Round,3,Galfi D.,Kucova K.,107.0,78.0,628.0,854.0,6.0,0.0,6.0,0.0,,,2.0,0.0,Completed,1.9,1.9,1.81,2.09,1.92,2.1,1.82,1.99,20220323
14,Miami,Miami Open,2022-03-23,WTA1000,Outdoor,Hard,1st Round,3,Burel C.,Frech M.,82.0,89.0,801.0,769.0,6.0,3.0,7.0,5.0,,,2.0,0.0,Completed,2.62,1.5,2.63,1.54,2.7,1.63,2.54,1.51,20220323
14,Miami,Miami Open,2022-03-23,WTA1000,Outdoor,Hard,1st Round,3,Riske A.,Teichmann J.,50.0,37.0,1136.0,1293.0,7.0,6.0,6.0,3.0,,,2.0,0.0,Completed,2.62,1.5,2.54,1.57,2.7,1.57,2.49,1.53,20220323
14,Miami,Miami Open,2022-03-23,WTA1000,Outdoor,Hard,1st Round,3,Siniakova K.,Marino R.,53.0,116.0,1111.0,577.0,3.0,6.0,6.0,2.0,6.0,1.0,2.0,1.0,Completed,1.5,2.62,1.52,2.7,1.61,2.7,1.5,2.56,20220323
14,Miami,Miami Open,2022-03-23,WTA1000,Outdoor,Hard,1st Round,3,Bouzkova M.,Siegemund L.,86.0,203.0,778.0,319.0,6.0,1.0,6.0,2.0,,,2.0,0.0,Completed,1.25,4.0,1.28,4.05,1.29,4.1,1.26,3.81,20220323
14,Miami,Miami Open,2022-03-23,WTA1000,Outdoor,Hard,1st Round,3,Wang Q.,Krueger A.,101.0,448.0,658.0,109.0,4.0,6.0,7.0,5.0,6.0,2.0,2.0,1.0,Completed,1.08,8.0,1.1,8.39,1.1,8.5,1.08,7.55,20220323
14,Miami,Miami Open,2022-03-23,WTA1000,Outdoor,Hard,1st Round,3,Davis L.,Yuan Y.,94.0,145.0,714.0,436.0,6.0,4.0,6.0,1.0,,,2.0,0.0,Completed,1.44,2.75,1.5,2.77,1.56,2.77,1.49,2.61,20220323
14,Miami,Miami Open,2022-03-23,WTA1000,Outdoor,Hard,1st Round,3,Golubic V.,Flipkens K.,42.0,315.0,1206.0,201.0,6.0,4.0,4.0,6.0,6.0,4.0,2.0,1.0,Completed,1.3,3.5,1.33,3.61,1.35,3.9,1.3,3.46,20220323
14,Miami,Miami Open,2022-03-23,WTA1000,Outdoor,Hard,1st Round,3,Stephens S.,Udvardy P.,38.0,83.0,1282.0,801.0,6.0,4.0,6.0,3.0,,,2.0,0.0,Completed,1.11,6.5,1.11,8.0,1.13,8.0,1.09,7.09,20220323
14,Miami,Miami Open,2022-03-24,WTA1000,Outdoor,Hard,2nd Round,3,Collins D.,Bondar A.,11.0,76.0,2971.0,867.0,6.0,3.0,3.0,6.0,6.0,4.0,2.0,1.0,Completed,1.11,6.5,1.13,7.31,1.13,7.31,1.12,6.32,20220324
14,Miami,Miami Open,2022-03-24,WTA1000,Outdoor,Hard,2nd Round,3,Muchova K.,Fernandez L.A.,74.0,22.0,893.0,2171.0,6.0,4.0,7.0,6.0,,,2.0,0.0,Completed,3.0,1.4,2.88,1.48,3.0,1.51,2.76,1.44,20220324
14,Miami,Miami Open,2022-03-24,WTA1000,Outdoor,Hard,2nd Round,3,Riske A.,Cornet A.,50.0,36.0,1136.0,1340.0,6.0,2.0,6.0,2.0,,,2.0,0.0,Completed,1.57,2.37,1.63,2.45,1.65,2.47,1.58,2.38,20220324
14,Miami,Miami Open,2022-03-24,WTA1000,Outdoor,Hard,2nd Round,3,Sasnovich A.,Kasatkina D.,60.0,29.0,1033.0,1790.0,7.0,6.0,6.0,4.0,,,2.0,0.0,Completed,1.72,2.1,1.69,2.31,2.3,2.31,1.77,2.06,20220324
14,Miami,Miami Open,2022-03-24,WTA1000,Outdoor,Hard,2nd Round,3,Jabeur O.,Linette M.,10.0,63.0,2975.0,991.0,7.0,6.0,6.0,2.0,,,2.0,0.0,Completed,1.22,4.33,1.3,3.94,1.3,4.4,1.23,4.12,20220324
14,Miami,Miami Open,2022-03-24,WTA1000,Outdoor,Hard,2nd Round,3,Osaka N.,Kerber A.,77.0,15.0,861.0,2352.0,6.0,2.0,6.0,3.0,,,2.0,0.0,Completed,1.4,3.0,1.41,3.18,1.45,3.18,1.41,2.87,20220324
14,Miami,Miami Open,2022-03-24,WTA1000,Outdoor,Hard,2nd Round,3,Watson H.,Svitolina E.,115.0,20.0,589.0,2216.0,4.0,6.0,6.0,3.0,7.0,6.0,2.0,1.0,Completed,4.0,1.25,4.03,1.29,4.22,1.33,3.86,1.26,20220324
14,Miami,Miami Open,2022-03-24,WTA1000,Outdoor,Hard,2nd Round,3,Siniakova K.,Raducanu E.,53.0,13.0,1111.0,2699.0,3.0,6.0,6.0,4.0,7.0,5.0,2.0,1.0,Completed,2.2,1.66,2.27,1.71,2.35,1.76,2.2,1.67,20220324
14,Miami,Miami Open,2022-03-24,WTA1000,Outdoor,Hard,2nd Round,3,Kanepi K.,Sorribes Tormo S.,61.0,35.0,1008.0,1340.0,3.0,6.0,7.0,5.0,6.0,0.0,2.0,1.0,Completed,1.66,2.2,1.7,2.29,1.75,2.36,1.66,2.22,20220324
14,Miami,Miami Open,2022-03-24,WTA1000,Outdoor,Hard,2nd Round,3,Bronzetti L.,Voegele S.,102.0,140.0,657.0,454.0,6.0,2.0,6.0,1.0,,,2.0,0.0,Completed,1.72,2.1,1.75,2.19,1.8,2.19,1.74,2.08,20220324
14,Miami,Miami Open,2022-03-24,WTA1000,Outdoor,Hard,2nd Round,3,Kalinskaya A.,Pliskova Ka.,84.0,8.0,798.0,4252.0,6.0,3.0,6.0,3.0,,,2.0,0.0,Completed,2.75,1.44,2.85,1.49,2.97,1.56,2.74,1.45,20220324
14,Miami,Miami Open,2022-03-24,WTA1000,Outdoor,Hard,2nd Round,3,Saville D.,Tan H.,249.0,91.0,277.0,735.0,6.0,4.0,6.0,2.0,,,2.0,0.0,Completed,1.28,3.75,1.28,4.04,1.3,4.04,1.26,3.76,20220324
14,Miami,Miami Open,2022-03-24,WTA1000,Outdoor,Hard,2nd Round,3,Zvonareva V.,Zidansek T.,117.0,25.0,570.0,1931.0,6.0,3.0,6.0,2.0,,,2.0,0.0,Completed,2.1,1.72,2.23,1.74,2.23,1.89,2.09,1.73,20220324
14,Miami,Miami Open,2022-03-24,WTA1000,Outdoor,Hard,2nd Round,3,Bencic B.,Kostyuk M.,28.0,55.0,1826.0,1090.0,6.0,3.0,6.0,1.0,,,2.0,0.0,Completed,1.66,2.2,1.68,2.32,1.73,2.32,1.67,2.2,20220324
14,Miami,Miami Open,2022-03-25,WTA1000,Outdoor,Hard,2nd Round,3,Li A.,Kontaveit A.,65.0,7.0,959.0,4686.0,6.0,0.0,3.0,6.0,6.0,4.0,2.0,1.0,Completed,4.5,1.2,4.38,1.26,4.7,1.26,4.22,1.22,20220325
14,Miami,Miami Open,2022-03-25,WTA1000,Outdoor,Hard,2nd Round,3,Begu I.,Sabalenka A.,70.0,5.0,909.0,4862.0,6.0,4.0,6.0,4.0,,,2.0,0.0,Completed,3.75,1.28,3.44,1.36,3.85,1.4,3.37,1.32,20220325
14,Miami,Miami Open,2022-03-25,WTA1000,Outdoor,Hard,2nd Round,3,Kudermetova V.,Galfi D.,23.0,107.0,2035.0,628.0,5.0,1.0,,,,,0.0,0.0,Retired,1.33,3.4,1.34,3.58,1.35,3.6,1.31,3.4,20220325
14,Miami,Miami Open,2022-03-25,WTA1000,Outdoor,Hard,2nd Round,3,Rogers S.,Ostapenko J.,48.0,12.0,1154.0,2860.0,6.0,3.0,7.0,6.0,,,2.0,0.0,Completed,3.0,1.4,2.95,1.46,3.04,1.49,2.83,1.42,20220325
14,Miami,Miami Open,2022-03-25,WTA1000,Outdoor,Hard,2nd Round,3,Zhang S.,Cirstea S.,43.0,27.0,1205.0,1865.0,6.0,1.0,6.0,1.0,,,2.0,0.0,Completed,3.0,1.4,3.18,1.45,3.18,1.45,2.91,1.41,20220325
14,Miami,Miami Open,2022-03-25,WTA1000,Outdoor,Hard,2nd Round,3,Gauff C.,Wang Q.,17.0,101.0,2280.0,658.0,7.0,5.0,6.0,4.0,,,2.0,0.0,Completed,1.44,2.75,1.46,2.95,1.5,3.06,1.43,2.8,20220325
14,Miami,Miami Open,2022-03-25,WTA1000,Outdoor,Hard,2nd Round,3,Davis L.,Sanders S.,94.0,156.0,714.0,420.0,6.0,4.0,6.0,1.0,,,2.0,0.0,Completed,1.53,2.5,1.6,2.51,1.63,2.55,1.55,2.43,20220325
14,Miami,Miami Open,2022-03-25,WTA1000,Outdoor,Hard,2nd Round,3,Rybakina E.,Ruse E.G.,18.0,57.0,2261.0,1047.0,6.0,4.0,7.0,5.0,,,2.0,0.0,Completed,1.28,3.75,1.33,3.72,1.33,4.0,1.29,3.56,20220325
14,Miami,Miami Open,2022-03-25,WTA1000,Outdoor,Hard,2nd Round,3,Fruhvirtova L.,Mertens E.,279.0,24.0,237.0,1950.0,7.0,5.0,2.0,6.0,6.0,1.0,2.0,1.0,Completed,4.33,1.22,4.49,1.25,4.7,1.25,4.38,1.21,20220325
14,Miami,Miami Open,2022-03-25,WTA1000,Outdoor,Hard,2nd Round,3,Pegula J.,Stephens S.,21.0,38.0,2215.0,1282.0,6.0,1.0,6.0,4.0,,,2.0,0.0,Completed,1.5,2.62,1.52,2.74,1.59,2.76,1.49,2.61,20220325
14,Miami,Miami Open,2022-03-25,WTA1000,Outdoor,Hard,2nd Round,3,Brengle M.,Samsonova L.,59.0,30.0,1037.0,1632.0,6.0,4.0,6.0,0.0,,,2.0,0.0,Completed,2.2,1.66,2.35,1.67,2.55,1.71,2.26,1.63,20220325
14,Miami,Miami Open,2022-03-25,WTA1000,Outdoor,Hard,2nd Round,3,Haddad Maia B.,Sakkari M.,62.0,3.0,1000.0,5085.0,4.0,6.0,6.0,1.0,6.0,2.0,2.0,1.0,Completed,4.5,1.2,5.3,1.2,5.34,1.25,4.72,1.19,20220325
14,Miami,Miami Open,2022-03-25,WTA1000,Outdoor,Hard,2nd Round,3,Kvitova P.,Burel C.,32.0,82.0,1595.0,801.0,6.0,1.0,3.0,6.0,6.0,3.0,2.0,1.0,Completed,1.22,4.33,1.24,4.62,1.25,4.62,1.22,4.28,20220325
14,Miami,Miami Open,2022-03-25,WTA1000,Outdoor,Hard,2nd Round,3,Putintseva Y.,Tsurenko L.,47.0,135.0,1156.0,470.0,6.0,3.0,4.0,6.0,7.0,5.0,2.0,1.0,Completed,1.53,2.5,1.48,2.82,2.41,2.82,1.54,2.55,20220325
14,Miami,Miami Open,2022-03-25,WTA1000,Outdoor,Hard,2nd Round,3,Badosa P.,Bouzkova M.,6.0,86.0,4790.0,778.0,7.0,5.0,7.0,5.0,,,2.0,0.0,Completed,1.33,3.4,1.38,3.32,1.4,3.52,1.34,3.24,20220325
14,Miami,Miami Open,2022-03-25,WTA1000,Outdoor,Hard,2nd Round,3,Swiatek I.,Golubic V.,2.0,42.0,5776.0,1206.0,6.0,2.0,6.0,0.0,,,2.0,0.0,Completed,1.08,8.0,1.11,7.85,1.11,8.25,1.09,7.24,20220325
14,Miami,Miami Open,2022-03-25,WTA1000,Outdoor,Hard,2nd Round,3,Kalinina A.,Keys M.,51.0,26.0,1118.0,1904.0,3.0,6.0,6.0,3.0,6.0,4.0,2.0,1.0,Completed,4.0,1.25,4.06,1.28,4.15,1.3,3.82,1.26,20220325
14,Miami,Miami Open,2022-03-26,WTA1000,Outdoor,Hard,2nd Round,3,Azarenka V.,Alexandrova E.,16.0,54.0,2336.0,1111.0,6.0,4.0,2.0,6.0,7.0,6.0,2.0,1.0,Completed,1.3,3.5,1.34,3.61,1.35,3.61,1.32,3.36,20220326
14,Miami,Miami Open,2022-03-26,WTA1000,Outdoor,Hard,3rd Round,3,Saville D.,Siniakova K.,249.0,53.0,277.0,1111.0,6.0,0.0,1.0,0.0,,,1.0,0.0,Retired,1.72,2.1,1.77,2.17,1.91,2.2,1.75,2.08,20220326
14,Miami,Miami Open,2022-03-26,WTA1000,Outdoor,Hard,3rd Round,3,Bencic B.,Watson H.,28.0,115.0,1826.0,589.0,6.0,4.0,6.0,1.0,,,2.0,0.0,Completed,1.25,4.0,1.26,4.38,1.3,4.38,1.24,4.06,20220326
14,Miami,Miami Open,2022-03-26,WTA1000,Outdoor,Hard,3rd Round,3,Sasnovich A.,Begu I.,60.0,70.0,1033.0,909.0,7.0,5.0,6.0,7.0,6.0,4.0,2.0,1.0,Completed,1.61,2.3,1.67,2.34,1.72,2.35,1.63,2.26,20220326
14,Miami,Miami Open,2022-03-26,WTA1000,Outdoor,Hard,3rd Round,3,Collins D.,Zvonareva V.,11.0,117.0,2971.0,570.0,6.0,1.0,6.0,4.0,,,2.0,0.0,Completed,1.25,4.0,1.31,3.81,1.31,4.65,1.25,3.85,20220326
14,Miami,Miami Open,2022-03-26,WTA1000,Outdoor,Hard,3rd Round,3,Bronzetti L.,Kalinskaya A.,102.0,84.0,657.0,798.0,,,,,,,,,Walkover,2.75,1.44,3.07,1.43,3.07,1.46,2.85,1.42,20220326
14,Miami,Miami Open,2022-03-26,WTA1000,Outdoor,Hard,3rd Round,3,Osaka N.,Muchova K.,77.0,74.0,861.0,893.0,,,,,,,,,Walkover,1.33,3.4,1.37,3.41,1.37,3.92,1.33,3.29,20220326
14,Miami,Miami Open,2022-03-26,WTA1000,Outdoor,Hard,3rd Round,3,Riske A.,Li A.,50.0,65.0,1136.0,959.0,6.0,2.0,3.0,6.0,6.0,3.0,2.0,1.0,Completed,1.66,2.2,1.68,2.32,1.75,2.34,1.67,2.18,20220326
14,Miami,Miami Open,2022-03-27,WTA1000,Outdoor,Hard,3rd Round,3,Jabeur O.,Kanepi K.,10.0,61.0,2975.0,1008.0,6.0,3.0,6.0,0.0,,,2.0,0.0,Completed,1.44,2.75,1.46,2.95,1.48,3.4,1.44,2.77,20220327
14,Miami,Miami Open,2022-03-27,WTA1000,Outdoor,Hard,3rd Round,3,Kudermetova V.,Rogers S.,23.0,48.0,2035.0,1154.0,6.0,1.0,7.0,5.0,,,2.0,0.0,Completed,1.61,2.3,1.69,2.3,1.8,2.33,1.66,2.22,20220327
14,Miami,Miami Open,2022-03-27,WTA1000,Outdoor,Hard,3rd Round,3,Badosa P.,Putintseva Y.,6.0,47.0,4790.0,1156.0,6.0,3.0,6.0,2.0,,,2.0,0.0,Completed,1.16,5.0,1.19,5.35,1.19,5.72,1.17,5.02,20220327
14,Miami,Miami Open,2022-03-27,WTA1000,Outdoor,Hard,3rd Round,3,Kalinina A.,Haddad Maia B.,51.0,62.0,1118.0,1000.0,2.0,6.0,6.0,4.0,6.0,2.0,2.0,1.0,Completed,2.2,1.66,2.18,1.77,2.25,1.8,2.15,1.7,20220327
14,Miami,Miami Open,2022-03-27,WTA1000,Outdoor,Hard,3rd Round,3,Fruhvirtova L.,Azarenka V.,279.0,16.0,237.0,2336.0,6.0,2.0,3.0,0.0,,,1.0,0.0,Retired,4.33,1.22,4.96,1.22,4.96,1.28,4.37,1.21,20220327
14,Miami,Miami Open,2022-03-27,WTA1000,Outdoor,Hard,3rd Round,3,Pegula J.,Rybakina E.,21.0,18.0,2215.0,2261.0,6.0,3.0,6.0,4.0,,,2.0,0.0,Completed,2.1,1.72,2.19,1.76,2.19,1.82,2.09,1.73,20220327
14,Miami,Miami Open,2022-03-27,WTA1000,Outdoor,Hard,3rd Round,3,Gauff C.,Zhang S.,17.0,43.0,2280.0,1205.0,7.0,6.0,7.0,5.0,,,2.0,0.0,Completed,1.25,4.0,1.31,3.85,1.33,4.03,1.28,3.69,20220327
14,Miami,Miami Open,2022-03-27,WTA1000,Outdoor,Hard,3rd Round,3,Kvitova P.,Davis L.,32.0,94.0,1595.0,714.0,7.0,5.0,6.0,1.0,,,2.0,0.0,Completed,1.33,3.4,1.37,3.39,1.4,3.63,1.32,3.35,20220327
14,Miami,Miami Open,2022-03-28,WTA1000,Outdoor,Hard,3rd Round,3,Swiatek I.,Brengle M.,2.0,59.0,5776.0,1037.0,6.0,0.0,6.0,3.0,,,2.0,0.0,Completed,1.06,10.0,1.06,12.22,1.08,13.0,1.05,9.96,20220328
14,Miami,Miami Open,2022-03-28,WTA1000,Outdoor,Hard,4th Round,3,Collins D.,Jabeur O.,11.0,10.0,2971.0,2975.0,6.0,2.0,6.0,4.0,,,2.0,0.0,Completed,1.8,2.0,1.79,2.15,1.86,2.16,1.77,2.04,20220328
14,Miami,Miami Open,2022-03-28,WTA1000,Outdoor,Hard,4th Round,3,Saville D.,Bronzetti L.,249.0,102.0,277.0,657.0,5.0,7.0,6.0,4.0,7.0,5.0,2.0,1.0,Completed,1.25,4.0,1.28,4.16,1.29,4.34,1.24,4.06,20220328
14,Miami,Miami Open,2022-03-28,WTA1000,Outdoor,Hard,4th Round,3,Osaka N.,Riske A.,77.0,50.0,861.0,1136.0,6.0,3.0,6.0,4.0,,,2.0,0.0,Completed,1.25,4.0,1.28,4.06,1.3,4.2,1.27,3.8,20220328
14,Miami,Miami Open,2022-03-28,WTA1000,Outdoor,Hard,4th Round,3,Swiatek I.,Gauff C.,2.0,17.0,5776.0,2280.0,6.0,3.0,6.0,1.0,,,2.0,0.0,Completed,1.16,5.0,1.25,4.51,1.26,5.0,1.21,4.42,20220328
14,Miami,Miami Open,2022-03-28,WTA1000,Outdoor,Hard,4th Round,3,Bencic B.,Sasnovich A.,28.0,60.0,1826.0,1033.0,6.0,2.0,6.0,3.0,,,2.0,0.0,Completed,1.53,2.5,1.65,2.37,1.62,2.56,1.54,2.45,20220328
14,Miami,Miami Open,2022-03-29,WTA1000,Outdoor,Hard,4th Round,3,Kvitova P.,Kudermetova V.,32.0,23.0,1595.0,2035.0,7.0,6.0,6.0,4.0,,,2.0,0.0,Completed,2.0,1.8,2.11,1.82,2.11,1.93,1.99,1.81,20220329
14,Miami,Miami Open,2022-03-29,WTA1000,Outdoor,Hard,4th Round,3,Pegula J.,Kalinina A.,21.0,51.0,2215.0,1118.0,6.0,0.0,,,,,1.0,0.0,Retired,1.36,3.2,1.36,3.43,1.4,3.43,1.35,3.15,20220329
14,Miami,Miami Open,2022-03-29,WTA1000,Outdoor,Hard,4th Round,3,Badosa P.,Fruhvirtova L.,6.0,279.0,4790.0,237.0,6.0,2.0,6.0,3.0,,,2.0,0.0,Completed,1.16,5.0,1.18,5.63,1.2,5.63,1.16,5.15,20220329
14,Miami,Miami Open,2022-03-29,WTA1000,Outdoor,Hard,Quarterfinals,3,Bencic B.,Saville D.,28.0,249.0,1826.0,277.0,6.0,1.0,6.0,2.0,,,2.0,0.0,Completed,1.28,3.75,1.31,3.83,1.32,4.33,1.29,3.57,20220329
14,Miami,Miami Open,2022-03-30,WTA1000,Outdoor,Hard,Quarterfinals,3,Osaka N.,Collins D.,77.0,11.0,861.0,2971.0,6.0,2.0,6.0,1.0,,,2.0,0.0,Completed,1.5,2.62,1.56,2.62,1.58,2.75,1.51,2.55,20220330
14,Miami,Miami Open,2022-03-30,WTA1000,Outdoor,Hard,Quarterfinals,3,Pegula J.,Badosa P.,21.0,6.0,2215.0,4790.0,4.0,1.0,,,,,0.0,0.0,Retired,2.3,1.61,2.3,1.7,2.59,1.7,2.36,1.6,20220330
14,Miami,Miami Open,2022-03-31,WTA1000,Outdoor,Hard,Quarterfinals,3,Swiatek I.,Kvitova P.,2.0,32.0,5776.0,1595.0,6.0,3.0,6.0,3.0,,,2.0,0.0,Completed,1.16,5.0,1.22,4.94,1.22,5.45,1.19,4.79,20220331
14,Miami,Miami Open,2022-03-31,WTA1000,Outdoor,Hard,Semifinals,3,Osaka N.,Bencic B.,77.0,28.0,861.0,1826.0,4.0,6.0,6.0,3.0,6.0,4.0,2.0,1.0,Completed,1.4,3.0,1.44,3.02,1.5,3.4,1.44,2.82,20220331
14,Miami,Miami Open,2022-04-01,WTA1000,Outdoor,Hard,Semifinals,3,Swiatek I.,Pegula J.,2.0,21.0,5776.0,2215.0,6.0,2.0,7.0,5.0,,,2.0,0.0,Completed,1.2,4.5,1.22,4.85,1.28,4.85,1.21,4.43,20220401
14,Miami,Miami Open,2022-04-02,WTA1000,Outdoor,Hard,The Final,3,Swiatek I.,Osaka N.,2.0,77.0,5776.0,861.0,6.0,4.0,6.0,0.0,,,2.0,0.0,Completed,1.53,2.5,1.57,2.59,1.57,2.77,1.52,2.55,20220402
15,Bogota,Copa Colsanitas,2022-04-04,WTA250,Outdoor,Clay,1st Round,3,Bjorklund M.,Zarazua R.,183.0,171.0,359.0,384.0,6.0,1.0,6.0,3.0,,,2.0,0.0,Completed,1.66,2.2,1.71,2.25,1.77,2.25,1.7,2.14,20220404
15,Bogota,Copa Colsanitas,2022-04-04,WTA250,Outdoor,Clay,1st Round,3,Stefanini L.,Papamichail D.,159.0,172.0,407.0,382.0,6.0,3.0,6.0,4.0,,,2.0,0.0,Completed,1.5,2.62,1.49,2.79,1.55,2.79,1.48,2.61,20220404
15,Bogota,Copa Colsanitas,2022-04-04,WTA250,Outdoor,Clay,1st Round,3,Pigossi L.,Tan H.,212.0,90.0,316.0,743.0,6.0,4.0,6.0,3.0,,,2.0,0.0,Completed,2.75,1.44,2.65,1.53,2.78,1.61,2.55,1.5,20220404
15,Bogota,Copa Colsanitas,2022-04-04,WTA250,Outdoor,Clay,1st Round,3,Maria T.,Carle M.,237.0,251.0,287.0,278.0,6.0,1.0,6.0,2.0,,,2.0,0.0,Completed,1.36,3.2,1.43,3.04,1.5,3.2,1.39,2.96,20220404
15,Bogota,Copa Colsanitas,2022-04-04,WTA250,Outdoor,Clay,1st Round,3,Peterson R.,Herazo M.,80.0,454.0,811.0,107.0,6.0,4.0,6.0,3.0,,,2.0,0.0,Completed,1.05,11.0,1.08,9.54,1.09,13.0,1.06,9.12,20220404
15,Bogota,Copa Colsanitas,2022-04-04,WTA250,Outdoor,Clay,1st Round,3,Errani S.,Voegele S.,145.0,141.0,441.0,462.0,6.0,0.0,6.0,3.0,,,2.0,0.0,Completed,1.57,2.37,1.55,2.61,1.59,2.61,1.53,2.46,20220404
15,Bogota,Copa Colsanitas,2022-04-05,WTA250,Outdoor,Clay,1st Round,3,Gorgodze E.,Monroy Y.,120.0,683.0,547.0,49.0,6.0,0.0,6.0,3.0,,,2.0,0.0,Completed,1.05,11.0,1.02,19.54,1.05,20.0,1.02,14.02,20220405
15,Bogota,Copa Colsanitas,2022-04-05,WTA250,Outdoor,Clay,1st Round,3,Lizarazo Y.,Schmiedlova A.,537.0,91.0,81.0,741.0,4.0,6.0,7.0,6.0,6.0,2.0,2.0,1.0,Completed,8.0,1.08,11.36,1.06,11.36,1.09,8.98,1.06,20220405
15,Bogota,Copa Colsanitas,2022-04-05,WTA250,Outdoor,Clay,1st Round,3,Rakhimova K.,Krunic A.,111.0,116.0,598.0,567.0,6.0,2.0,3.0,6.0,7.0,5.0,2.0,1.0,Completed,2.1,1.72,2.29,1.69,2.29,1.78,2.15,1.69,20220405
15,Bogota,Copa Colsanitas,2022-04-05,WTA250,Outdoor,Clay,1st Round,3,Avanesyan E.,Dart H.,170.0,100.0,386.0,655.0,6.0,1.0,6.0,2.0,,,2.0,0.0,Completed,2.37,1.57,2.56,1.56,2.61,1.62,2.45,1.54,20220405
15,Bogota,Copa Colsanitas,2022-04-05,WTA250,Outdoor,Clay,1st Round,3,Lamens S.,Sharma A.,204.0,92.0,325.0,716.0,6.0,4.0,1.0,6.0,6.0,4.0,2.0,1.0,Completed,2.5,1.53,2.75,1.5,2.75,1.6,2.56,1.5,20220405
15,Bogota,Copa Colsanitas,2022-04-05,WTA250,Outdoor,Clay,1st Round,3,Bara I.,Ormaechea P.,118.0,146.0,555.0,439.0,6.0,3.0,7.0,5.0,,,2.0,0.0,Completed,2.0,1.8,2.0,1.89,2.13,1.89,1.98,1.81,20220405
15,Bogota,Copa Colsanitas,2022-04-05,WTA250,Outdoor,Clay,1st Round,3,Osorio M.,In-Albon Y.,33.0,142.0,1334.0,460.0,7.0,6.0,2.0,6.0,2.0,2.0,1.0,1.0,Retired,1.14,5.5,1.19,5.24,1.22,5.6,1.17,5.0,20220405
15,Bogota,Copa Colsanitas,2022-04-05,WTA250,Outdoor,Clay,1st Round,3,Oz I.,Seguel D.,267.0,224.0,261.0,303.0,6.0,2.0,7.0,5.0,,,2.0,0.0,Completed,1.8,2.0,1.78,2.14,1.8,2.22,1.73,2.09,20220405
15,Bogota,Copa Colsanitas,2022-04-05,WTA250,Outdoor,Clay,1st Round,3,Yastremska D.,Udvardy P.,102.0,84.0,651.0,797.0,7.0,5.0,6.0,1.0,,,2.0,0.0,Completed,1.4,3.0,1.45,2.94,1.45,3.05,1.4,2.9,20220405
15,Bogota,Copa Colsanitas,2022-04-05,WTA250,Outdoor,Clay,1st Round,3,Haddad Maia B.,Jani R.L.,59.0,138.0,1034.0,464.0,6.0,4.0,4.0,6.0,7.0,5.0,2.0,1.0,Completed,1.16,5.0,1.19,5.31,1.2,6.0,1.17,4.91,20220405
15,Bogota,Copa Colsanitas,2022-04-06,WTA250,Outdoor,Clay,2nd Round,3,Bjorklund M.,Lizarazo Y.,183.0,537.0,359.0,81.0,6.0,1.0,6.0,4.0,,,2.0,0.0,Completed,1.36,3.2,1.4,3.22,1.4,3.7,1.35,3.15,20220406
15,Bogota,Copa Colsanitas,2022-04-06,WTA250,Outdoor,Clay,2nd Round,3,Pigossi L.,Gorgodze E.,212.0,120.0,316.0,547.0,6.0,3.0,6.0,2.0,,,2.0,0.0,Completed,1.9,1.9,1.86,2.05,1.92,2.05,1.84,1.95,20220406
15,Bogota,Copa Colsanitas,2022-04-06,WTA250,Outdoor,Clay,2nd Round,3,Maria T.,Peterson R.,237.0,80.0,287.0,811.0,6.0,1.0,6.0,4.0,,,2.0,0.0,Completed,3.2,1.36,3.2,1.4,3.21,1.41,3.03,1.37,20220406
15,Bogota,Copa Colsanitas,2022-04-06,WTA250,Outdoor,Clay,2nd Round,3,Avanesyan E.,Stefanini L.,170.0,159.0,386.0,407.0,6.0,2.0,6.0,2.0,,,2.0,0.0,Completed,1.72,2.1,1.76,2.2,1.99,2.2,1.75,2.06,20220406
15,Bogota,Copa Colsanitas,2022-04-06,WTA250,Outdoor,Clay,2nd Round,3,Yastremska D.,Errani S.,102.0,145.0,651.0,441.0,6.0,3.0,7.0,6.0,,,2.0,0.0,Completed,1.36,3.2,1.37,3.42,1.44,3.42,1.36,3.09,20220406
15,Bogota,Copa Colsanitas,2022-04-07,WTA250,Outdoor,Clay,2nd Round,3,Bara I.,Lamens S.,118.0,204.0,555.0,325.0,6.0,0.0,0.0,6.0,6.0,4.0,2.0,1.0,Completed,2.3,1.61,2.47,1.61,2.5,1.67,2.35,1.58,20220407
15,Bogota,Copa Colsanitas,2022-04-07,WTA250,Outdoor,Clay,2nd Round,3,Osorio M.,Oz I.,33.0,267.0,1334.0,261.0,6.0,3.0,7.0,6.0,,,2.0,0.0,Completed,1.28,3.75,1.28,4.08,1.31,4.08,1.28,3.6,20220407
15,Bogota,Copa Colsanitas,2022-04-07,WTA250,Outdoor,Clay,2nd Round,3,Rakhimova K.,Haddad Maia B.,111.0,59.0,598.0,1034.0,4.0,6.0,6.0,3.0,6.0,4.0,2.0,1.0,Completed,3.75,1.28,4.26,1.27,4.26,1.4,3.61,1.28,20220407
15,Bogota,Copa Colsanitas,2022-04-08,WTA250,Outdoor,Clay,Quarterfinals,3,Pigossi L.,Yastremska D.,212.0,102.0,316.0,651.0,6.0,2.0,4.0,6.0,7.0,6.0,2.0,1.0,Completed,5.0,1.16,6.34,1.15,7.2,1.18,5.62,1.14,20220408
15,Bogota,Copa Colsanitas,2022-04-08,WTA250,Outdoor,Clay,Quarterfinals,3,Osorio M.,Avanesyan E.,33.0,170.0,1334.0,386.0,6.0,1.0,6.0,4.0,,,2.0,0.0,Completed,1.3,3.5,1.34,3.63,1.38,3.7,1.31,3.38,20220408
15,Bogota,Copa Colsanitas,2022-04-08,WTA250,Outdoor,Clay,Quarterfinals,3,Maria T.,Bjorklund M.,237.0,183.0,287.0,359.0,6.0,1.0,6.0,4.0,,,2.0,0.0,Completed,1.4,3.0,1.46,2.96,1.52,3.0,1.43,2.77,20220408
15,Bogota,Copa Colsanitas,2022-04-08,WTA250,Outdoor,Clay,Quarterfinals,3,Rakhimova K.,Bara I.,111.0,118.0,598.0,555.0,6.0,3.0,4.0,6.0,6.0,2.0,2.0,1.0,Completed,1.5,2.62,1.61,2.48,1.62,2.64,1.55,2.43,20220408
15,Bogota,Copa Colsanitas,2022-04-09,WTA250,Outdoor,Clay,Semifinals,3,Pigossi L.,Osorio M.,212.0,33.0,316.0,1334.0,7.0,5.0,7.0,6.0,,,2.0,0.0,Completed,4.5,1.2,5.22,1.2,5.22,1.25,4.65,1.19,20220409
15,Bogota,Copa Colsanitas,2022-04-09,WTA250,Outdoor,Clay,Semifinals,3,Maria T.,Rakhimova K.,237.0,111.0,287.0,598.0,6.0,2.0,6.0,2.0,,,2.0,0.0,Completed,2.0,1.8,2.08,1.84,2.08,2.1,1.94,1.86,20220409
15,Bogota,Copa Colsanitas,2022-04-10,WTA250,Outdoor,Clay,The Final,3,Maria T.,Pigossi L.,237.0,212.0,287.0,316.0,6.0,3.0,4.0,6.0,6.0,2.0,2.0,1.0,Completed,1.44,2.75,1.47,2.91,1.55,2.91,1.46,2.71,20220410
16,Charleston,Charleston Open,2022-04-04,WTA500,Outdoor,Clay,1st Round,3,Kalinina A.,Sasnovich A.,42.0,51.0,1208.0,1123.0,6.0,4.0,6.0,4.0,,,2.0,0.0,Completed,1.8,2.0,2.0,1.89,2.1,2.03,1.94,1.86,20220404
16,Charleston,Charleston Open,2022-04-04,WTA500,Outdoor,Clay,1st Round,3,Fruhvirtova L.,Konjuh A.,188.0,62.0,355.0,1003.0,4.0,6.0,6.0,1.0,6.0,3.0,2.0,1.0,Completed,2.0,1.8,2.26,1.7,2.26,1.88,2.07,1.74,20220404
16,Charleston,Charleston Open,2022-04-04,WTA500,Outdoor,Clay,1st Round,3,Zavatska K.,Yuan Y.,215.0,143.0,313.0,458.0,6.0,4.0,6.0,2.0,,,2.0,0.0,Completed,2.0,1.8,2.14,1.78,2.15,2.1,2.03,1.78,20220404
16,Charleston,Charleston Open,2022-04-04,WTA500,Outdoor,Clay,1st Round,3,Bondar A.,Hartono A.,73.0,165.0,884.0,392.0,6.0,1.0,6.0,4.0,,,2.0,0.0,Completed,1.44,2.75,1.47,2.87,1.5,3.03,1.43,2.8,20220404
16,Charleston,Charleston Open,2022-04-04,WTA500,Outdoor,Clay,1st Round,3,Liu C.,Watson H.,89.0,105.0,755.0,641.0,6.0,4.0,6.0,2.0,,,2.0,0.0,Completed,1.57,2.37,1.61,2.45,1.67,2.47,1.59,2.35,20220404
16,Charleston,Charleston Open,2022-04-04,WTA500,Outdoor,Clay,1st Round,3,Eikeri U.,Kichenok N.,283.0,,235.0,,5.0,7.0,6.0,2.0,6.0,2.0,2.0,1.0,Completed,1.53,2.5,1.66,2.35,1.7,2.5,1.58,2.37,20220404
16,Charleston,Charleston Open,2022-04-04,WTA500,Outdoor,Clay,1st Round,3,Cornet A.,Parks A.,34.0,150.0,1315.0,434.0,6.0,0.0,7.0,5.0,,,2.0,0.0,Completed,1.16,5.0,1.18,5.54,1.2,5.6,1.18,4.74,20220404
16,Charleston,Charleston Open,2022-04-04,WTA500,Outdoor,Clay,1st Round,3,Paolini J.,Lee G.,48.0,259.0,1159.0,268.0,6.0,2.0,6.0,3.0,,,2.0,0.0,Completed,1.1,7.0,1.09,8.84,1.14,8.84,1.09,7.22,20220404
16,Charleston,Charleston Open,2022-04-04,WTA500,Outdoor,Clay,1st Round,3,Alexandrova E.,Kiick A.,54.0,270.0,1081.0,259.0,6.0,1.0,6.0,1.0,,,2.0,0.0,Completed,1.14,5.5,1.11,6.76,1.14,7.85,1.1,6.66,20220404
16,Charleston,Charleston Open,2022-04-04,WTA500,Outdoor,Clay,1st Round,3,Anisimova A.,Vickery S.,47.0,244.0,1165.0,283.0,6.0,0.0,7.0,5.0,,,2.0,0.0,Completed,1.1,7.0,1.08,9.44,1.12,10.25,1.08,7.88,20220404
16,Charleston,Charleston Open,2022-04-04,WTA500,Outdoor,Clay,1st Round,3,Zhang S.,Di Lorenzo F.,41.0,199.0,1210.0,335.0,6.0,2.0,6.0,4.0,,,2.0,0.0,Completed,1.22,4.33,1.2,5.04,1.22,5.04,1.19,4.6,20220404
16,Charleston,Charleston Open,2022-04-04,WTA500,Outdoor,Clay,1st Round,3,Frech M.,Kvitova P.,87.0,29.0,774.0,1690.0,7.0,6.0,3.0,2.0,,,1.0,0.0,Retired,3.2,1.36,3.22,1.39,3.8,1.4,3.18,1.35,20220404
16,Charleston,Charleston Open,2022-04-05,WTA500,Outdoor,Clay,1st Round,3,Kanepi K.,Rogers S.,57.0,44.0,1038.0,1184.0,6.0,7.0,7.0,5.0,6.0,2.0,2.0,1.0,Completed,2.0,1.8,2.23,1.72,2.25,1.8,2.1,1.73,20220405
16,Charleston,Charleston Open,2022-04-05,WTA500,Outdoor,Clay,1st Round,3,Begu I.,Wang Xin.,66.0,88.0,964.0,772.0,7.0,6.0,6.0,4.0,,,2.0,0.0,Completed,1.36,3.2,1.41,3.1,1.5,3.2,1.38,2.96,20220405
16,Charleston,Charleston Open,2022-04-05,WTA500,Outdoor,Clay,1st Round,3,Davis L.,Bolkvadze M.,82.0,155.0,799.0,424.0,6.0,2.0,6.0,3.0,,,2.0,0.0,Completed,1.14,5.5,1.13,6.45,1.17,6.82,1.13,5.84,20220405
16,Charleston,Charleston Open,2022-04-05,WTA500,Outdoor,Clay,1st Round,3,Linette M.,Volynets K.,64.0,154.0,991.0,429.0,4.0,6.0,6.0,3.0,7.0,6.0,2.0,1.0,Completed,1.4,3.0,1.48,2.84,1.48,3.02,1.44,2.76,20220405
16,Charleston,Charleston Open,2022-04-05,WTA500,Outdoor,Clay,1st Round,3,Baptiste H.,Ruse E.G.,124.0,55.0,515.0,1073.0,6.0,3.0,6.0,0.0,,,2.0,0.0,Completed,3.2,1.36,3.09,1.42,3.4,1.42,3.15,1.35,20220405
16,Charleston,Charleston Open,2022-04-05,WTA500,Outdoor,Clay,1st Round,3,Bencic B.,Wang Xiy.,21.0,149.0,2151.0,434.0,4.0,6.0,7.0,6.0,6.0,3.0,2.0,1.0,Completed,1.08,8.0,1.11,7.77,1.12,8.0,1.1,6.95,20220405
16,Charleston,Charleston Open,2022-04-05,WTA500,Outdoor,Clay,1st Round,3,Vandeweghe C.,Gasanova A.,168.0,153.0,390.0,431.0,6.0,3.0,4.0,6.0,6.0,3.0,2.0,1.0,Completed,2.37,1.57,2.48,1.6,3.6,1.65,2.48,1.53,20220405
16,Charleston,Charleston Open,2022-04-05,WTA500,Outdoor,Clay,1st Round,3,Navarro E.,Brengle M.,201.0,56.0,332.0,1067.0,6.0,7.0,6.0,2.0,3.0,0.0,1.0,1.0,Retired,3.75,1.28,3.54,1.34,3.75,1.36,3.43,1.31,20220405
16,Charleston,Charleston Open,2022-04-05,WTA500,Outdoor,Clay,1st Round,3,Putintseva Y.,Anderson R.,46.0,178.0,1166.0,365.0,6.0,2.0,7.0,6.0,,,2.0,0.0,Completed,1.12,6.0,1.15,6.36,1.18,6.36,1.14,5.64,20220405
16,Charleston,Charleston Open,2022-04-05,WTA500,Outdoor,Clay,1st Round,3,Zheng Q.,Stephens S.,72.0,36.0,892.0,1282.0,6.0,3.0,4.0,6.0,6.0,0.0,2.0,1.0,Completed,2.1,1.72,2.35,1.65,2.36,1.75,2.16,1.68,20220405
16,Charleston,Charleston Open,2022-04-05,WTA500,Outdoor,Clay,1st Round,3,Riske A.,Mcnally C.,43.0,164.0,1201.0,393.0,7.0,5.0,6.0,3.0,,,2.0,0.0,Completed,1.22,4.33,1.21,4.86,1.23,4.9,1.2,4.44,20220405
16,Charleston,Charleston Open,2022-04-06,WTA500,Outdoor,Clay,1st Round,3,Tomljanovic A.,Chang S.,39.0,318.0,1231.0,195.0,7.0,5.0,6.0,4.0,,,2.0,0.0,Completed,1.25,4.0,1.27,4.14,1.3,4.71,1.26,3.77,20220406
16,Charleston,Charleston Open,2022-04-06,WTA500,Outdoor,Clay,2nd Round,3,Keys M.,Eikeri U.,24.0,283.0,1904.0,235.0,6.0,3.0,6.0,1.0,,,2.0,0.0,Completed,1.06,10.0,1.06,11.41,1.08,11.41,1.05,9.73,20220406
16,Charleston,Charleston Open,2022-04-06,WTA500,Outdoor,Clay,2nd Round,3,Anisimova A.,Putintseva Y.,47.0,46.0,1165.0,1166.0,6.0,1.0,6.0,2.0,,,2.0,0.0,Completed,1.44,2.75,1.51,2.72,1.51,2.84,1.47,2.66,20220406
16,Charleston,Charleston Open,2022-04-06,WTA500,Outdoor,Clay,2nd Round,3,Vandeweghe C.,Davis L.,168.0,82.0,390.0,799.0,3.0,6.0,6.0,3.0,6.0,3.0,2.0,1.0,Completed,3.2,1.36,3.67,1.32,3.67,1.37,3.33,1.32,20220406
16,Charleston,Charleston Open,2022-04-06,WTA500,Outdoor,Clay,2nd Round,3,Cornet A.,Baptiste H.,34.0,124.0,1315.0,515.0,6.0,3.0,6.0,2.0,,,2.0,0.0,Completed,1.44,2.75,1.43,3.01,1.48,3.05,1.42,2.85,20220406
16,Charleston,Charleston Open,2022-04-06,WTA500,Outdoor,Clay,2nd Round,3,Pliskova Ka.,Zavatska K.,7.0,215.0,4197.0,313.0,5.0,7.0,7.0,5.0,6.0,4.0,2.0,1.0,Completed,1.14,5.5,1.17,5.58,1.2,6.1,1.15,5.37,20220406
16,Charleston,Charleston Open,2022-04-06,WTA500,Outdoor,Clay,2nd Round,3,Kalinina A.,Rybakina E.,42.0,18.0,1208.0,2261.0,6.0,4.0,2.0,6.0,6.0,4.0,2.0,1.0,Completed,2.75,1.44,2.99,1.43,2.99,1.54,2.77,1.43,20220406
16,Charleston,Charleston Open,2022-04-06,WTA500,Outdoor,Clay,2nd Round,3,Pegula J.,Paolini J.,13.0,48.0,2485.0,1159.0,6.0,2.0,6.0,1.0,,,2.0,0.0,Completed,1.33,3.4,1.3,3.81,1.53,6.5,1.29,3.57,20220406
16,Charleston,Charleston Open,2022-04-06,WTA500,Outdoor,Clay,2nd Round,3,Alexandrova E.,Zheng Q.,54.0,72.0,1081.0,892.0,2.0,6.0,7.0,5.0,5.0,2.0,1.0,1.0,Retired,2.1,1.72,2.21,1.74,2.21,1.8,2.1,1.72,20220406
16,Charleston,Charleston Open,2022-04-06,WTA500,Outdoor,Clay,2nd Round,3,Sabalenka A.,Riske A.,5.0,43.0,4657.0,1201.0,7.0,6.0,6.0,4.0,,,2.0,0.0,Completed,1.36,3.2,1.4,3.18,1.4,3.21,1.36,3.06,20220406
16,Charleston,Charleston Open,2022-04-06,WTA500,Outdoor,Clay,2nd Round,3,Bencic B.,Fruhvirtova L.,21.0,188.0,2151.0,355.0,6.0,1.0,7.0,6.0,,,2.0,0.0,Completed,1.28,3.75,1.31,3.72,1.36,4.96,1.29,3.54,20220406
16,Charleston,Charleston Open,2022-04-06,WTA500,Outdoor,Clay,2nd Round,3,Liu C.,Zhang S.,89.0,41.0,755.0,1210.0,7.0,5.0,2.0,6.0,6.0,4.0,2.0,1.0,Completed,1.9,1.9,2.1,1.81,2.15,2.1,1.89,1.9,20220406
16,Charleston,Charleston Open,2022-04-06,WTA500,Outdoor,Clay,2nd Round,3,Badosa P.,Bondar A.,3.0,73.0,4970.0,884.0,6.0,1.0,6.0,4.0,,,2.0,0.0,Completed,1.1,7.0,1.09,8.88,1.1,8.88,1.08,7.51,20220406
16,Charleston,Charleston Open,2022-04-06,WTA500,Outdoor,Clay,2nd Round,3,Kanepi K.,Frech M.,57.0,87.0,1038.0,774.0,7.0,5.0,6.0,3.0,,,2.0,0.0,Completed,1.3,3.5,1.35,3.49,1.35,3.52,1.32,3.35,20220406
16,Charleston,Charleston Open,2022-04-07,WTA500,Outdoor,Clay,2nd Round,3,Begu I.,Tomljanovic A.,66.0,39.0,964.0,1231.0,6.0,2.0,6.0,3.0,,,2.0,0.0,Completed,1.44,2.75,1.49,2.77,1.54,2.8,1.46,2.67,20220407
16,Charleston,Charleston Open,2022-04-07,WTA500,Outdoor,Clay,2nd Round,3,Jabeur O.,Navarro E.,10.0,201.0,2975.0,332.0,6.0,3.0,6.0,2.0,,,2.0,0.0,Completed,1.1,7.0,1.09,9.27,1.1,9.5,1.07,8.06,20220407
16,Charleston,Charleston Open,2022-04-07,WTA500,Outdoor,Clay,2nd Round,3,Linette M.,Fernandez L.A.,64.0,19.0,991.0,2156.0,3.0,6.0,6.0,3.0,6.0,4.0,2.0,1.0,Completed,3.5,1.3,3.94,1.29,3.94,1.31,3.59,1.28,20220407
16,Charleston,Charleston Open,2022-04-07,WTA500,Outdoor,Clay,3rd Round,3,Anisimova A.,Sabalenka A.,47.0,5.0,1165.0,4657.0,3.0,6.0,6.0,4.0,6.0,3.0,2.0,1.0,Completed,1.9,1.9,1.93,1.98,2.15,2.09,1.88,1.91,20220407
16,Charleston,Charleston Open,2022-04-07,WTA500,Outdoor,Clay,3rd Round,3,Vandeweghe C.,Pegula J.,168.0,13.0,390.0,2485.0,6.0,4.0,3.0,6.0,6.0,4.0,2.0,1.0,Completed,6.0,1.12,6.64,1.14,7.0,1.15,6.02,1.12,20220407
16,Charleston,Charleston Open,2022-04-07,WTA500,Outdoor,Clay,3rd Round,3,Bencic B.,Keys M.,21.0,24.0,2151.0,1904.0,6.0,4.0,6.0,4.0,,,2.0,0.0,Completed,2.1,1.72,2.18,1.76,2.2,1.83,2.1,1.72,20220407
16,Charleston,Charleston Open,2022-04-07,WTA500,Outdoor,Clay,3rd Round,3,Badosa P.,Liu C.,3.0,89.0,4970.0,755.0,3.0,6.0,7.0,6.0,6.0,1.0,2.0,1.0,Completed,1.12,6.0,1.14,6.64,1.14,6.8,1.12,6.05,20220407
16,Charleston,Charleston Open,2022-04-07,WTA500,Outdoor,Clay,3rd Round,3,Kalinina A.,Cornet A.,42.0,34.0,1208.0,1315.0,7.0,6.0,7.0,5.0,,,2.0,0.0,Completed,1.9,1.9,1.81,2.11,1.92,2.15,1.84,1.96,20220407
16,Charleston,Charleston Open,2022-04-08,WTA500,Outdoor,Clay,3rd Round,3,Jabeur O.,Begu I.,10.0,66.0,2975.0,964.0,6.0,3.0,6.0,2.0,,,2.0,0.0,Completed,1.36,3.2,1.4,3.19,1.45,3.4,1.37,3.06,20220408
16,Charleston,Charleston Open,2022-04-08,WTA500,Outdoor,Clay,3rd Round,3,Linette M.,Kanepi K.,64.0,57.0,991.0,1038.0,6.0,3.0,4.0,6.0,6.0,2.0,2.0,1.0,Completed,3.0,1.4,3.28,1.38,3.61,1.55,3.06,1.38,20220408
16,Charleston,Charleston Open,2022-04-08,WTA500,Outdoor,Clay,3rd Round,3,Alexandrova E.,Pliskova Ka.,54.0,7.0,1081.0,4197.0,6.0,3.0,6.0,1.0,,,2.0,0.0,Completed,2.0,1.8,1.91,2.0,2.0,2.0,1.89,1.91,20220408
16,Charleston,Charleston Open,2022-04-08,WTA500,Outdoor,Clay,Quarterfinals,3,Bencic B.,Badosa P.,21.0,3.0,2151.0,4970.0,2.0,6.0,7.0,6.0,6.0,4.0,2.0,1.0,Completed,2.5,1.53,2.46,1.62,2.62,1.66,2.42,1.57,20220408
16,Charleston,Charleston Open,2022-04-08,WTA500,Outdoor,Clay,Quarterfinals,3,Jabeur O.,Kalinina A.,10.0,42.0,2975.0,1208.0,6.0,3.0,6.0,2.0,,,2.0,0.0,Completed,1.36,3.2,1.38,3.35,1.4,3.6,1.35,3.17,20220408
16,Charleston,Charleston Open,2022-04-08,WTA500,Outdoor,Clay,Quarterfinals,3,Alexandrova E.,Linette M.,54.0,64.0,1081.0,991.0,6.0,0.0,6.0,2.0,,,2.0,0.0,Completed,1.44,2.75,1.45,3.0,1.48,3.05,1.43,2.8,20220408
16,Charleston,Charleston Open,2022-04-09,WTA500,Outdoor,Clay,Quarterfinals,3,Anisimova A.,Vandeweghe C.,47.0,168.0,1165.0,390.0,6.0,1.0,6.0,2.0,,,2.0,0.0,Completed,1.14,5.5,1.17,5.94,1.18,6.0,1.15,5.44,20220409
16,Charleston,Charleston Open,2022-04-09,WTA500,Outdoor,Clay,Semifinals,3,Bencic B.,Alexandrova E.,21.0,54.0,2151.0,1081.0,6.0,4.0,6.0,3.0,,,2.0,0.0,Completed,1.57,2.37,1.61,2.47,1.67,2.61,1.56,2.42,20220409
16,Charleston,Charleston Open,2022-04-09,WTA500,Outdoor,Clay,Semifinals,3,Jabeur O.,Anisimova A.,10.0,47.0,2975.0,1165.0,2.0,6.0,6.0,1.0,6.0,4.0,2.0,1.0,Completed,1.66,2.2,1.78,2.17,1.82,2.2,1.74,2.09,20220409
16,Charleston,Charleston Open,2022-04-10,WTA500,Outdoor,Clay,The Final,3,Bencic B.,Jabeur O.,21.0,10.0,2151.0,2975.0,6.0,1.0,5.0,7.0,,4.0,2.0,1.0,Completed,1.9,1.9,1.95,1.95,1.97,2.07,1.9,1.89,20220410
17,Istanbul,Istanbul Cup,2022-04-19,WTA250,Outdoor,Clay,1st Round,3,Cirstea S.,Rakhimova K.,24.0,95.0,1840.0,699.0,6.0,4.0,6.0,1.0,,,2.0,0.0,Completed,,,,,,,,,20220419
17,Istanbul,Istanbul Cup,2022-04-19,WTA250,Outdoor,Clay,1st Round,3,Bondar A.,Martincova T.,72.0,49.0,894.0,1128.0,6.0,4.0,7.0,5.0,,,2.0,0.0,Completed,2.1,1.72,2.11,1.8,2.2,1.82,2.07,1.75,20220419
17,Istanbul,Istanbul Cup,2022-04-19,WTA250,Outdoor,Clay,1st Round,3,Rus A.,Oz I.,74.0,219.0,863.0,306.0,6.0,3.0,6.0,1.0,,,2.0,0.0,Completed,1.4,3.0,1.46,2.9,1.48,3.0,1.42,2.82,20220419
17,Istanbul,Istanbul Cup,2022-04-19,WTA250,Outdoor,Clay,1st Round,3,Parrizas Diaz N.,Trevisan M.,54.0,80.0,1075.0,783.0,7.0,6.0,7.0,5.0,,,2.0,0.0,Completed,2.0,1.8,1.96,1.92,2.0,1.92,1.94,1.84,20220419
17,Istanbul,Istanbul Cup,2022-04-19,WTA250,Outdoor,Clay,1st Round,3,Grabher J.,Ozgen P.,194.0,320.0,345.0,188.0,7.0,5.0,6.0,2.0,,,2.0,0.0,Completed,1.12,6.0,1.11,7.69,1.14,7.69,1.12,6.19,20220419
17,Istanbul,Istanbul Cup,2022-04-19,WTA250,Outdoor,Clay,1st Round,3,Kudermetova V.,Melnikova M.,29.0,182.0,1675.0,362.0,6.0,2.0,6.0,0.0,,,2.0,0.0,Completed,1.2,4.5,1.24,4.44,1.24,4.5,1.21,4.28,20220419
17,Istanbul,Istanbul Cup,2022-04-19,WTA250,Outdoor,Clay,1st Round,3,Teichmann J.,Minnen G.,37.0,78.0,1269.0,800.0,6.0,3.0,6.0,7.0,6.0,3.0,2.0,1.0,Completed,1.3,3.5,1.3,3.84,1.32,4.0,1.28,3.59,20220419
17,Istanbul,Istanbul Cup,2022-04-19,WTA250,Outdoor,Clay,1st Round,3,Bogdan A.,Konjuh A.,90.0,63.0,710.0,1003.0,6.0,4.0,6.0,3.0,,,2.0,0.0,Completed,1.8,2.0,1.8,2.11,1.9,2.11,1.79,2.01,20220419
17,Istanbul,Istanbul Cup,2022-04-20,WTA250,Outdoor,Clay,1st Round,3,Gracheva V.,Bouzkova M.,73.0,77.0,876.0,807.0,6.0,3.0,7.0,5.0,,,2.0,0.0,Completed,2.5,1.53,2.47,1.6,2.6,1.6,2.46,1.54,20220420
17,Istanbul,Istanbul Cup,2022-04-20,WTA250,Outdoor,Clay,1st Round,3,Sorribes Tormo S.,Wang Q.,47.0,96.0,1135.0,688.0,6.0,3.0,6.0,2.0,,,2.0,0.0,Completed,1.61,2.3,1.61,2.34,1.67,2.52,1.61,2.28,20220420
17,Istanbul,Istanbul Cup,2022-04-20,WTA250,Outdoor,Clay,1st Round,3,Tomljanovic A.,Fourlis J.,41.0,236.0,1206.0,288.0,6.0,1.0,6.0,3.0,,,2.0,0.0,Completed,,,,,1.17,8.0,1.13,5.83,20220420
17,Istanbul,Istanbul Cup,2022-04-20,WTA250,Outdoor,Clay,1st Round,3,Peterson R.,Mertens E.,76.0,23.0,811.0,1840.0,7.0,5.0,4.0,1.0,,,1.0,0.0,Retired,3.2,1.36,3.28,1.38,3.28,1.42,3.03,1.38,20220420
17,Istanbul,Istanbul Cup,2022-04-20,WTA250,Outdoor,Clay,1st Round,3,Putintseva Y.,Linette M.,51.0,57.0,1121.0,1061.0,7.0,6.0,6.0,4.0,,,2.0,0.0,Completed,1.66,2.2,1.78,2.15,1.82,2.21,1.72,2.1,20220420
17,Istanbul,Istanbul Cup,2022-04-20,WTA250,Outdoor,Clay,1st Round,3,Potapova A.,Bartunkova N.,122.0,408.0,538.0,125.0,6.0,1.0,6.0,4.0,,,2.0,0.0,Completed,1.16,5.0,1.2,5.14,1.22,5.2,1.18,4.72,20220420
17,Istanbul,Istanbul Cup,2022-04-20,WTA250,Outdoor,Clay,1st Round,3,Martic P.,Kalinina A.,60.0,36.0,1029.0,1273.0,3.0,6.0,7.0,5.0,7.0,6.0,2.0,1.0,Completed,2.3,1.61,2.69,1.52,2.7,1.67,2.37,1.58,20220420
17,Istanbul,Istanbul Cup,2022-04-20,WTA250,Outdoor,Clay,1st Round,3,Tsurenko L.,Schmiedlova A.,135.0,87.0,490.0,741.0,6.0,0.0,6.0,2.0,,,2.0,0.0,Completed,2.0,1.8,2.1,1.81,2.19,1.86,2.02,1.78,20220420
17,Istanbul,Istanbul Cup,2022-04-20,WTA250,Outdoor,Clay,2nd Round,3,Bondar A.,Parrizas Diaz N.,72.0,54.0,894.0,1075.0,6.0,4.0,6.0,2.0,,,2.0,0.0,Completed,1.9,1.9,1.91,1.99,2.0,2.0,1.87,1.92,20220420
17,Istanbul,Istanbul Cup,2022-04-20,WTA250,Outdoor,Clay,2nd Round,3,Grabher J.,Teichmann J.,194.0,37.0,345.0,1269.0,6.0,4.0,6.0,4.0,,,2.0,0.0,Completed,4.5,1.2,3.97,1.29,4.66,1.3,3.84,1.26,20220420
17,Istanbul,Istanbul Cup,2022-04-20,WTA250,Outdoor,Clay,2nd Round,3,Cirstea S.,Rus A.,24.0,74.0,1840.0,863.0,3.0,6.0,6.0,1.0,7.0,5.0,2.0,1.0,Completed,1.4,3.0,1.43,3.07,1.44,3.1,1.4,2.91,20220420
17,Istanbul,Istanbul Cup,2022-04-21,WTA250,Outdoor,Clay,2nd Round,3,Tomljanovic A.,Tsurenko L.,41.0,135.0,1206.0,490.0,6.0,4.0,1.0,0.0,,,1.0,0.0,Retired,1.66,2.2,1.72,2.25,1.78,2.25,1.68,2.17,20220421
17,Istanbul,Istanbul Cup,2022-04-21,WTA250,Outdoor,Clay,2nd Round,3,Sorribes Tormo S.,Gracheva V.,47.0,73.0,1135.0,876.0,6.0,2.0,6.0,1.0,,,2.0,0.0,Completed,1.44,2.75,1.43,3.07,1.45,3.1,1.41,2.87,20220421
17,Istanbul,Istanbul Cup,2022-04-21,WTA250,Outdoor,Clay,2nd Round,3,Putintseva Y.,Peterson R.,51.0,76.0,1121.0,811.0,6.0,2.0,6.0,0.0,,,2.0,0.0,Completed,1.61,2.3,1.66,2.37,1.7,2.41,1.62,2.29,20220421
17,Istanbul,Istanbul Cup,2022-04-21,WTA250,Outdoor,Clay,2nd Round,3,Potapova A.,Martic P.,122.0,60.0,538.0,1029.0,6.0,2.0,6.0,3.0,,,2.0,0.0,Completed,2.3,1.61,2.37,1.66,2.49,1.73,2.32,1.6,20220421
17,Istanbul,Istanbul Cup,2022-04-21,WTA250,Outdoor,Clay,2nd Round,3,Kudermetova V.,Bogdan A.,29.0,90.0,1675.0,710.0,,,,,,,,,Walkover,1.33,3.4,1.33,3.68,1.35,3.7,1.31,3.39,20220421
17,Istanbul,Istanbul Cup,2022-04-22,WTA250,Outdoor,Clay,Quarterfinals,3,Putintseva Y.,Tomljanovic A.,51.0,41.0,1121.0,1206.0,5.0,7.0,6.0,2.0,6.0,4.0,2.0,1.0,Completed,1.44,2.75,1.48,2.87,1.57,2.87,1.47,2.68,20220422
17,Istanbul,Istanbul Cup,2022-04-22,WTA250,Outdoor,Clay,Quarterfinals,3,Potapova A.,Sorribes Tormo S.,122.0,47.0,538.0,1135.0,6.0,2.0,6.0,2.0,,,2.0,0.0,Completed,3.0,1.4,3.5,1.35,3.5,1.46,2.96,1.39,20220422
17,Istanbul,Istanbul Cup,2022-04-22,WTA250,Outdoor,Clay,Quarterfinals,3,Cirstea S.,Grabher J.,24.0,194.0,1840.0,345.0,7.0,5.0,6.0,1.0,,,2.0,0.0,Completed,1.28,3.75,1.34,3.63,1.4,4.2,1.28,3.64,20220422
17,Istanbul,Istanbul Cup,2022-04-22,WTA250,Outdoor,Clay,Quarterfinals,3,Kudermetova V.,Bondar A.,29.0,72.0,1675.0,894.0,7.0,6.0,7.0,6.0,,,2.0,0.0,Completed,1.3,3.5,1.32,3.71,1.33,3.82,1.3,3.51,20220422
17,Istanbul,Istanbul Cup,2022-04-23,WTA250,Outdoor,Clay,Semifinals,3,Potapova A.,Putintseva Y.,122.0,51.0,538.0,1121.0,2.0,6.0,6.0,2.0,6.0,2.0,2.0,1.0,Completed,2.1,1.72,2.2,1.75,2.2,1.84,2.12,1.73,20220423
17,Istanbul,Istanbul Cup,2022-04-23,WTA250,Outdoor,Clay,Semifinals,3,Kudermetova V.,Cirstea S.,29.0,24.0,1675.0,1840.0,6.0,3.0,6.0,3.0,,,2.0,0.0,Completed,1.72,2.1,1.7,2.3,1.83,2.3,1.7,2.15,20220423
17,Istanbul,Istanbul Cup,2022-04-24,WTA250,Outdoor,Clay,The Final,3,Potapova A.,Kudermetova V.,122.0,29.0,538.0,1675.0,6.0,3.0,6.0,1.0,,,2.0,0.0,Completed,2.75,1.44,2.8,1.5,2.85,1.5,2.7,1.46,20220424
18,Stuttgart,Porsche Tennis Grand Prix,2022-04-18,WTA500,Indoor,Clay,1st Round,3,Alexandrova E.,Zhang S.,39.0,40.0,1211.0,1210.0,7.0,6.0,7.0,6.0,,,2.0,0.0,Completed,1.36,3.2,1.39,3.22,1.44,3.42,1.35,3.17,20220418
18,Stuttgart,Porsche Tennis Grand Prix,2022-04-18,WTA500,Indoor,Clay,1st Round,3,Samsonova L.,Paquet C.,31.0,103.0,1532.0,641.0,6.0,0.0,6.0,0.0,,,2.0,0.0,Completed,1.4,3.0,1.41,3.12,1.42,3.2,1.38,3.01,20220418
18,Stuttgart,Porsche Tennis Grand Prix,2022-04-19,WTA500,Indoor,Clay,1st Round,3,Lys E.,Golubic V.,342.0,38.0,165.0,1211.0,5.0,7.0,7.0,5.0,7.0,5.0,2.0,1.0,Completed,4.33,1.22,4.18,1.24,4.49,1.29,4.2,1.22,20220419
18,Stuttgart,Porsche Tennis Grand Prix,2022-04-19,WTA500,Indoor,Clay,1st Round,3,Korpatsch T.,Giorgi C.,118.0,30.0,560.0,1603.0,3.0,6.0,7.0,6.0,6.0,1.0,2.0,1.0,Completed,,,,,2.75,1.45,2.75,1.45,20220419
18,Stuttgart,Porsche Tennis Grand Prix,2022-04-19,WTA500,Indoor,Clay,1st Round,3,Jabeur O.,Vondrousova M.,10.0,32.0,3015.0,1457.0,4.0,6.0,6.0,2.0,6.0,3.0,2.0,1.0,Completed,1.8,2.0,1.88,2.01,1.99,2.05,1.81,1.98,20220419
18,Stuttgart,Porsche Tennis Grand Prix,2022-04-19,WTA500,Indoor,Clay,1st Round,3,Rybakina E.,Schunk N.,19.0,224.0,2261.0,304.0,7.0,6.0,7.0,5.0,,,2.0,0.0,Completed,1.11,6.5,1.14,6.54,1.17,7.0,1.12,6.16,20220419
18,Stuttgart,Porsche Tennis Grand Prix,2022-04-19,WTA500,Indoor,Clay,1st Round,3,Andreescu B.,Niemeier J.,121.0,108.0,548.0,609.0,7.0,6.0,6.0,3.0,,,2.0,0.0,Completed,1.8,2.0,1.88,2.0,1.95,2.06,1.86,1.94,20220419
18,Stuttgart,Porsche Tennis Grand Prix,2022-04-19,WTA500,Indoor,Clay,1st Round,3,Kasatkina D.,Gauff C.,26.0,16.0,1770.0,2300.0,6.0,4.0,6.0,2.0,,,2.0,0.0,Completed,2.75,1.44,3.06,1.42,3.06,1.46,2.84,1.42,20220419
18,Stuttgart,Porsche Tennis Grand Prix,2022-04-20,WTA500,Indoor,Clay,1st Round,3,Pliskova Ka.,Kvitova P.,7.0,28.0,4252.0,1690.0,6.0,4.0,4.0,6.0,7.0,6.0,2.0,1.0,Completed,2.37,1.57,2.56,1.57,2.56,1.64,2.4,1.56,20220420
18,Stuttgart,Porsche Tennis Grand Prix,2022-04-20,WTA500,Indoor,Clay,1st Round,3,Raducanu E.,Sanders S.,12.0,197.0,2698.0,339.0,6.0,1.0,6.0,2.0,,,2.0,0.0,Completed,1.61,2.3,1.63,2.4,1.75,2.51,1.63,2.27,20220420
18,Stuttgart,Porsche Tennis Grand Prix,2022-04-20,WTA500,Indoor,Clay,1st Round,3,Kontaveit A.,Kerber A.,6.0,17.0,4511.0,2297.0,3.0,6.0,6.0,4.0,6.0,4.0,2.0,1.0,Completed,1.36,3.2,1.34,3.55,1.38,3.55,1.32,3.29,20220420
18,Stuttgart,Porsche Tennis Grand Prix,2022-04-20,WTA500,Indoor,Clay,1st Round,3,Siegemund L.,Zidansek T.,231.0,27.0,294.0,1756.0,6.0,3.0,6.0,3.0,,,2.0,0.0,Completed,3.4,1.33,3.56,1.34,3.58,1.36,3.29,1.33,20220420
18,Stuttgart,Porsche Tennis Grand Prix,2022-04-20,WTA500,Indoor,Clay,2nd Round,3,Swiatek I.,Lys E.,1.0,342.0,6711.0,165.0,6.0,1.0,6.0,1.0,,,2.0,0.0,Completed,1.01,21.0,1.02,25.04,1.03,25.04,1.01,17.63,20220420
18,Stuttgart,Porsche Tennis Grand Prix,2022-04-21,WTA500,Indoor,Clay,2nd Round,3,Badosa P.,Rybakina E.,3.0,19.0,4885.0,2261.0,6.0,2.0,4.0,6.0,7.0,6.0,2.0,1.0,Completed,1.53,2.5,1.57,2.57,1.64,2.88,1.54,2.47,20220421
18,Stuttgart,Porsche Tennis Grand Prix,2022-04-21,WTA500,Indoor,Clay,2nd Round,3,Jabeur O.,Kasatkina D.,10.0,26.0,3015.0,1770.0,6.0,3.0,6.0,3.0,,,2.0,0.0,Completed,1.33,3.4,1.37,3.39,1.5,3.43,1.34,3.23,20220421
18,Stuttgart,Porsche Tennis Grand Prix,2022-04-21,WTA500,Indoor,Clay,2nd Round,3,Sabalenka A.,Andreescu B.,4.0,121.0,4711.0,548.0,6.0,1.0,3.0,6.0,6.0,2.0,2.0,1.0,Completed,1.44,2.75,1.51,2.75,1.58,2.8,1.47,2.67,20220421
18,Stuttgart,Porsche Tennis Grand Prix,2022-04-21,WTA500,Indoor,Clay,2nd Round,3,Samsonova L.,Pliskova Ka.,31.0,7.0,1532.0,4252.0,6.0,4.0,6.0,4.0,,,2.0,0.0,Completed,2.0,1.8,1.99,1.91,2.07,2.03,1.94,1.84,20220421
18,Stuttgart,Porsche Tennis Grand Prix,2022-04-21,WTA500,Indoor,Clay,2nd Round,3,Siegemund L.,Sakkari M.,231.0,5.0,294.0,4705.0,6.0,4.0,3.0,1.0,,,1.0,0.0,Retired,6.0,1.12,5.93,1.17,6.15,1.19,5.45,1.15,20220421
18,Stuttgart,Porsche Tennis Grand Prix,2022-04-21,WTA500,Indoor,Clay,2nd Round,3,Raducanu E.,Korpatsch T.,12.0,118.0,2698.0,560.0,6.0,0.0,2.0,6.0,6.0,1.0,2.0,1.0,Completed,1.5,2.62,1.45,3.0,1.57,3.0,1.47,2.6,20220421
18,Stuttgart,Porsche Tennis Grand Prix,2022-04-21,WTA500,Indoor,Clay,2nd Round,3,Kontaveit A.,Alexandrova E.,6.0,39.0,4511.0,1211.0,2.0,6.0,6.0,3.0,7.0,6.0,2.0,1.0,Completed,1.5,2.62,1.48,2.86,1.51,2.92,1.46,2.7,20220421
18,Stuttgart,Porsche Tennis Grand Prix,2022-04-22,WTA500,Indoor,Clay,Quarterfinals,3,Badosa P.,Jabeur O.,3.0,10.0,4885.0,3015.0,7.0,6.0,1.0,6.0,6.0,3.0,2.0,1.0,Completed,1.8,2.0,1.85,2.06,1.96,2.11,1.81,1.99,20220422
18,Stuttgart,Porsche Tennis Grand Prix,2022-04-22,WTA500,Indoor,Clay,Quarterfinals,3,Sabalenka A.,Kontaveit A.,4.0,6.0,4711.0,4511.0,6.0,4.0,3.0,6.0,6.0,1.0,2.0,1.0,Completed,1.8,2.0,1.82,2.1,1.86,2.15,1.78,2.03,20220422
18,Stuttgart,Porsche Tennis Grand Prix,2022-04-22,WTA500,Indoor,Clay,Quarterfinals,3,Samsonova L.,Siegemund L.,31.0,231.0,1532.0,294.0,7.0,5.0,6.0,3.0,,,2.0,0.0,Completed,1.44,2.75,1.43,3.06,1.46,3.06,1.42,2.85,20220422
18,Stuttgart,Porsche Tennis Grand Prix,2022-04-22,WTA500,Indoor,Clay,Quarterfinals,3,Swiatek I.,Raducanu E.,1.0,12.0,6711.0,2698.0,6.0,4.0,6.0,4.0,,,2.0,0.0,Completed,1.07,9.0,1.07,11.52,1.09,11.86,1.06,8.95,20220422
18,Stuttgart,Porsche Tennis Grand Prix,2022-04-23,WTA500,Indoor,Clay,Semifinals,3,Sabalenka A.,Badosa P.,4.0,3.0,4711.0,4885.0,7.0,6.0,6.0,4.0,,,2.0,0.0,Completed,2.0,1.8,2.12,1.81,2.23,1.89,2.06,1.76,20220423
18,Stuttgart,Porsche Tennis Grand Prix,2022-04-23,WTA500,Indoor,Clay,Semifinals,3,Swiatek I.,Samsonova L.,1.0,31.0,6711.0,1532.0,6.0,7.0,6.0,4.0,7.0,5.0,2.0,1.0,Completed,1.08,8.0,1.08,9.98,1.13,9.98,1.07,8.25,20220423
18,Stuttgart,Porsche Tennis Grand Prix,2022-04-24,WTA500,Indoor,Clay,The Final,3,Swiatek I.,Sabalenka A.,1.0,4.0,6711.0,4711.0,6.0,2.0,6.0,2.0,,,2.0,0.0,Completed,1.4,3.0,1.45,2.97,1.49,3.01,1.41,2.89,20220424
19,Madrid,Mutua Madrid Open,2022-04-28,WTA1000,Outdoor,Clay,1st Round,3,Jabeur O.,Paolini J.,10.0,46.0,3015.0,1159.0,7.0,6.0,6.0,1.0,,,2.0,0.0,Completed,1.16,5.0,1.15,6.34,1.18,6.7,1.15,5.49,20220428
19,Madrid,Mutua Madrid Open,2022-04-28,WTA1000,Outdoor,Clay,1st Round,3,Parrizas Diaz N.,Cirstea S.,52.0,27.0,1075.0,1670.0,6.0,4.0,6.0,2.0,,,2.0,0.0,Completed,3.2,1.36,3.94,1.29,3.94,1.38,3.25,1.34,20220428
19,Madrid,Mutua Madrid Open,2022-04-28,WTA1000,Outdoor,Clay,1st Round,3,Muchova K.,Zheng Q.,67.0,72.0,957.0,897.0,1.0,6.0,6.0,3.0,6.0,4.0,2.0,1.0,Completed,1.61,2.3,1.74,2.21,1.74,2.4,1.64,2.26,20220428
19,Madrid,Mutua Madrid Open,2022-04-28,WTA1000,Outdoor,Clay,1st Round,3,Azarenka V.,Golubic V.,17.0,39.0,2281.0,1211.0,7.0,6.0,6.0,3.0,,,2.0,0.0,Completed,1.36,3.2,1.36,3.41,1.45,3.55,1.35,3.2,20220428
19,Madrid,Mutua Madrid Open,2022-04-28,WTA1000,Outdoor,Clay,1st Round,3,Halep S.,Zhang S.,21.0,40.0,1972.0,1210.0,6.0,2.0,6.0,3.0,,,2.0,0.0,Completed,1.11,6.5,1.13,6.92,1.13,7.35,1.11,6.53,20220428
19,Madrid,Mutua Madrid Open,2022-04-28,WTA1000,Outdoor,Clay,1st Round,3,Bencic B.,Begu I.,13.0,62.0,2561.0,1004.0,6.0,4.0,6.0,1.0,,,2.0,0.0,Completed,1.36,3.2,1.43,3.02,1.43,3.58,1.36,3.1,20220428
19,Madrid,Mutua Madrid Open,2022-04-28,WTA1000,Outdoor,Clay,1st Round,3,Yastremska D.,Minnen G.,92.0,79.0,709.0,800.0,6.0,3.0,0.0,2.0,,,1.0,0.0,Retired,1.28,3.75,1.3,3.83,1.3,3.84,1.28,3.61,20220428
19,Madrid,Mutua Madrid Open,2022-04-28,WTA1000,Outdoor,Clay,1st Round,3,Zidansek T.,Haddad Maia B.,24.0,65.0,1756.0,980.0,6.0,2.0,6.0,3.0,,,2.0,0.0,Completed,1.66,2.2,1.65,2.35,1.69,2.35,1.63,2.27,20220428
19,Madrid,Mutua Madrid Open,2022-04-28,WTA1000,Outdoor,Clay,1st Round,3,Badosa P.,Kudermetova V.,2.0,25.0,5045.0,1745.0,6.0,3.0,6.0,0.0,,,2.0,0.0,Completed,1.4,3.0,1.39,3.22,1.41,3.38,1.37,3.04,20220428
19,Madrid,Mutua Madrid Open,2022-04-28,WTA1000,Outdoor,Clay,1st Round,3,Gauff C.,Schmiedlova A.,16.0,89.0,2300.0,741.0,6.0,0.0,6.0,2.0,,,2.0,0.0,Completed,1.22,4.33,1.24,4.5,1.25,4.5,1.22,4.24,20220428
19,Madrid,Mutua Madrid Open,2022-04-28,WTA1000,Outdoor,Clay,1st Round,3,Martic P.,Samsonova L.,58.0,26.0,1058.0,1702.0,7.0,6.0,6.0,1.0,,,2.0,0.0,Completed,2.37,1.57,2.31,1.68,2.5,1.7,2.26,1.64,20220428
19,Madrid,Mutua Madrid Open,2022-04-28,WTA1000,Outdoor,Clay,1st Round,3,Gracheva V.,Cornet A.,73.0,34.0,876.0,1315.0,1.0,6.0,7.0,5.0,7.0,5.0,2.0,1.0,Completed,2.2,1.66,2.19,1.75,2.33,1.78,2.15,1.69,20220428
19,Madrid,Mutua Madrid Open,2022-04-28,WTA1000,Outdoor,Clay,1st Round,3,Alexandrova E.,Ostapenko J.,45.0,12.0,1166.0,2780.0,6.0,2.0,4.0,6.0,6.0,4.0,2.0,1.0,Completed,1.72,2.1,1.7,2.27,1.82,2.33,1.69,2.17,20220428
19,Madrid,Mutua Madrid Open,2022-04-28,WTA1000,Outdoor,Clay,1st Round,3,Anisimova A.,Sabalenka A.,33.0,4.0,1320.0,4711.0,6.0,2.0,3.0,6.0,6.0,4.0,2.0,1.0,Completed,2.1,1.72,2.2,1.74,2.2,1.83,2.1,1.73,20220428
19,Madrid,Mutua Madrid Open,2022-04-28,WTA1000,Outdoor,Clay,1st Round,3,Bouzkova M.,Pliskova Ka.,77.0,7.0,807.0,4207.0,6.0,4.0,7.0,5.0,,,2.0,0.0,Completed,2.2,1.66,2.09,1.81,2.23,1.81,2.1,1.73,20220428
19,Madrid,Mutua Madrid Open,2022-04-28,WTA1000,Outdoor,Clay,1st Round,3,Putintseva Y.,Rogers S.,44.0,48.0,1176.0,1134.0,7.0,5.0,7.0,5.0,,,2.0,0.0,Completed,1.57,2.37,1.56,2.56,1.6,2.6,1.55,2.43,20220428
19,Madrid,Mutua Madrid Open,2022-04-29,WTA1000,Outdoor,Clay,1st Round,3,Kasatkina D.,Bondar A.,23.0,68.0,1770.0,934.0,4.0,6.0,6.0,4.0,6.0,3.0,2.0,1.0,Completed,1.57,2.37,1.58,2.52,1.62,2.52,1.56,2.4,20220429
19,Madrid,Mutua Madrid Open,2022-04-29,WTA1000,Outdoor,Clay,1st Round,3,Rybakina E.,Dodin O.,18.0,93.0,2261.0,708.0,6.0,2.0,7.0,5.0,,,2.0,0.0,Completed,1.16,5.0,1.19,5.38,1.19,5.5,1.17,5.05,20220429
19,Madrid,Mutua Madrid Open,2022-04-29,WTA1000,Outdoor,Clay,1st Round,3,Teichmann J.,Kvitova P.,35.0,30.0,1298.0,1645.0,6.0,3.0,7.0,5.0,,,2.0,0.0,Completed,2.37,1.57,2.58,1.56,2.58,1.62,2.42,1.56,20220429
19,Madrid,Mutua Madrid Open,2022-04-29,WTA1000,Outdoor,Clay,1st Round,3,Pegula J.,Giorgi C.,14.0,31.0,2510.0,1603.0,7.0,5.0,2.0,6.0,7.0,5.0,2.0,1.0,Completed,1.5,2.62,1.56,2.56,1.56,2.92,1.48,2.62,20220429
19,Madrid,Mutua Madrid Open,2022-04-29,WTA1000,Outdoor,Clay,1st Round,3,Fernandez L.A.,Petkovic A.,20.0,64.0,2151.0,987.0,6.0,1.0,1.0,6.0,6.0,4.0,2.0,1.0,Completed,1.44,2.75,1.44,2.99,1.5,2.99,1.47,2.68,20220429
19,Madrid,Mutua Madrid Open,2022-04-29,WTA1000,Outdoor,Clay,1st Round,3,Sakkari M.,Keys M.,5.0,22.0,4651.0,1958.0,6.0,7.0,6.0,3.0,6.0,4.0,2.0,1.0,Completed,1.44,2.75,1.47,2.87,1.53,3.02,1.43,2.81,20220429
19,Madrid,Mutua Madrid Open,2022-04-29,WTA1000,Outdoor,Clay,1st Round,3,Kostyuk M.,Tauson C.,60.0,41.0,1015.0,1204.0,6.0,3.0,6.0,2.0,,,2.0,0.0,Completed,1.8,2.0,1.85,2.04,2.0,2.1,1.81,1.99,20220429
19,Madrid,Mutua Madrid Open,2022-04-29,WTA1000,Outdoor,Clay,1st Round,3,Collins D.,Puig M.,8.0,,3151.0,,7.0,5.0,6.0,0.0,,,2.0,0.0,Completed,1.08,8.0,1.1,8.1,1.1,9.9,1.08,7.55,20220429
19,Madrid,Mutua Madrid Open,2022-04-29,WTA1000,Outdoor,Clay,1st Round,3,Kanepi K.,Fruhvirtova L.,55.0,205.0,1063.0,325.0,6.0,3.0,6.0,4.0,,,2.0,0.0,Completed,1.44,2.75,1.5,2.76,1.55,2.96,1.45,2.72,20220429
19,Madrid,Mutua Madrid Open,2022-04-29,WTA1000,Outdoor,Clay,1st Round,3,Siniakova K.,Konjuh A.,51.0,66.0,1108.0,973.0,0.0,6.0,6.0,4.0,6.0,2.0,2.0,1.0,Completed,1.8,2.0,1.76,2.17,1.89,2.17,1.77,2.04,20220429
19,Madrid,Mutua Madrid Open,2022-04-29,WTA1000,Outdoor,Clay,1st Round,3,Muguruza G.,Tomljanovic A.,9.0,38.0,3070.0,1236.0,7.0,5.0,6.0,2.0,,,2.0,0.0,Completed,1.44,2.75,1.46,2.9,1.48,3.15,1.44,2.77,20220429
19,Madrid,Mutua Madrid Open,2022-04-29,WTA1000,Outdoor,Clay,1st Round,3,Andreescu B.,Riske A.,111.0,42.0,603.0,1201.0,6.0,4.0,3.0,6.0,6.0,0.0,2.0,1.0,Completed,1.36,3.2,1.41,3.14,1.46,3.38,1.37,3.05,20220429
19,Madrid,Mutua Madrid Open,2022-04-29,WTA1000,Outdoor,Clay,1st Round,3,Kalinina A.,Stephens S.,37.0,43.0,1273.0,1183.0,7.0,5.0,6.0,4.0,,,2.0,0.0,Completed,1.61,2.3,1.67,2.33,1.67,2.7,1.61,2.32,20220429
19,Madrid,Mutua Madrid Open,2022-04-29,WTA1000,Outdoor,Clay,1st Round,3,Osaka N.,Potapova A.,36.0,78.0,1296.0,806.0,6.0,3.0,6.0,1.0,,,2.0,0.0,Completed,1.61,2.3,1.67,2.33,1.69,2.4,1.62,2.28,20220429
19,Madrid,Mutua Madrid Open,2022-04-29,WTA1000,Outdoor,Clay,1st Round,3,Raducanu E.,Martincova T.,11.0,49.0,2797.0,1128.0,7.0,6.0,6.0,0.0,,,2.0,0.0,Completed,1.5,2.62,1.48,2.82,1.53,3.1,1.48,2.64,20220429
19,Madrid,Mutua Madrid Open,2022-04-29,WTA1000,Outdoor,Clay,1st Round,3,Sorribes Tormo S.,Pavlyuchenkova A.,47.0,15.0,1140.0,2472.0,6.0,3.0,2.0,6.0,6.0,3.0,2.0,1.0,Completed,1.5,2.62,1.56,2.59,1.56,2.62,1.51,2.53,20220429
19,Madrid,Mutua Madrid Open,2022-04-30,WTA1000,Outdoor,Clay,2nd Round,3,Azarenka V.,Zidansek T.,17.0,24.0,2281.0,1756.0,3.0,6.0,6.0,1.0,6.0,3.0,2.0,1.0,Completed,1.44,2.75,1.6,2.51,1.6,2.75,1.51,2.51,20220430
19,Madrid,Mutua Madrid Open,2022-04-30,WTA1000,Outdoor,Clay,2nd Round,3,Bouzkova M.,Yastremska D.,77.0,92.0,807.0,709.0,3.0,6.0,7.0,6.0,6.0,1.0,2.0,1.0,Completed,1.8,2.0,1.92,1.98,1.98,2.05,1.83,1.96,20220430
19,Madrid,Mutua Madrid Open,2022-04-30,WTA1000,Outdoor,Clay,2nd Round,3,Alexandrova E.,Parrizas Diaz N.,45.0,52.0,1166.0,1075.0,6.0,4.0,7.0,5.0,,,2.0,0.0,Completed,1.28,3.75,1.3,3.88,1.33,3.88,1.29,3.54,20220430
19,Madrid,Mutua Madrid Open,2022-04-30,WTA1000,Outdoor,Clay,2nd Round,3,Bencic B.,Muchova K.,13.0,67.0,2561.0,957.0,6.0,3.0,4.0,6.0,7.0,5.0,2.0,1.0,Completed,1.36,3.2,1.36,3.45,1.36,3.74,1.33,3.29,20220430
19,Madrid,Mutua Madrid Open,2022-04-30,WTA1000,Outdoor,Clay,2nd Round,3,Anisimova A.,Martic P.,33.0,58.0,1320.0,1058.0,3.0,6.0,6.0,3.0,6.0,2.0,2.0,1.0,Completed,1.36,3.2,1.45,2.97,1.57,3.3,1.39,2.98,20220430
19,Madrid,Mutua Madrid Open,2022-04-30,WTA1000,Outdoor,Clay,2nd Round,3,Jabeur O.,Gracheva V.,10.0,73.0,3015.0,876.0,7.0,5.0,0.0,6.0,6.0,4.0,2.0,1.0,Completed,1.14,5.5,1.15,6.53,1.17,6.75,1.13,5.92,20220430
19,Madrid,Mutua Madrid Open,2022-04-30,WTA1000,Outdoor,Clay,2nd Round,3,Halep S.,Badosa P.,21.0,2.0,1972.0,5045.0,6.0,3.0,6.0,1.0,,,2.0,0.0,Completed,2.1,1.72,2.15,1.79,2.15,1.82,2.09,1.74,20220430
19,Madrid,Mutua Madrid Open,2022-04-30,WTA1000,Outdoor,Clay,2nd Round,3,Gauff C.,Putintseva Y.,16.0,44.0,2300.0,1176.0,6.0,1.0,2.0,6.0,6.0,4.0,2.0,1.0,Completed,1.44,2.75,1.44,3.04,1.5,3.06,1.43,2.8,20220430
19,Madrid,Mutua Madrid Open,2022-05-01,WTA1000,Outdoor,Clay,2nd Round,3,Andreescu B.,Collins D.,111.0,8.0,603.0,3151.0,6.0,1.0,6.0,1.0,,,2.0,0.0,Completed,2.5,1.53,2.62,1.56,2.62,1.6,2.49,1.53,20220501
19,Madrid,Mutua Madrid Open,2022-05-01,WTA1000,Outdoor,Clay,2nd Round,3,Kalinina A.,Muguruza G.,37.0,9.0,1273.0,3070.0,6.0,3.0,6.0,0.0,,,2.0,0.0,Completed,2.37,1.57,2.66,1.54,2.75,1.64,2.46,1.54,20220501
19,Madrid,Mutua Madrid Open,2022-05-01,WTA1000,Outdoor,Clay,2nd Round,3,Pegula J.,Kanepi K.,14.0,55.0,2510.0,1063.0,6.0,3.0,6.0,3.0,,,2.0,0.0,Completed,1.72,2.1,1.77,2.17,1.77,2.3,1.68,2.18,20220501
19,Madrid,Mutua Madrid Open,2022-05-01,WTA1000,Outdoor,Clay,2nd Round,3,Teichmann J.,Fernandez L.A.,35.0,20.0,1298.0,2151.0,6.0,4.0,6.0,4.0,,,2.0,0.0,Completed,1.9,1.9,1.98,1.93,2.0,1.95,1.92,1.88,20220501
19,Madrid,Mutua Madrid Open,2022-05-01,WTA1000,Outdoor,Clay,2nd Round,3,Raducanu E.,Kostyuk M.,11.0,60.0,2797.0,1015.0,6.0,2.0,6.0,1.0,,,2.0,0.0,Completed,2.0,1.8,2.04,1.87,2.04,2.0,1.95,1.85,20220501
19,Madrid,Mutua Madrid Open,2022-05-01,WTA1000,Outdoor,Clay,2nd Round,3,Rybakina E.,Siniakova K.,18.0,51.0,2261.0,1108.0,6.0,0.0,1.0,0.0,,,1.0,0.0,Retired,1.2,4.5,1.28,4.14,1.28,4.65,1.24,4.03,20220501
19,Madrid,Mutua Madrid Open,2022-05-01,WTA1000,Outdoor,Clay,2nd Round,3,Kasatkina D.,Sakkari M.,23.0,5.0,1770.0,4651.0,3.0,6.0,6.0,3.0,6.0,1.0,2.0,1.0,Completed,2.75,1.44,2.97,1.45,3.01,1.45,2.81,1.43,20220501
19,Madrid,Mutua Madrid Open,2022-05-01,WTA1000,Outdoor,Clay,2nd Round,3,Sorribes Tormo S.,Osaka N.,47.0,36.0,1140.0,1296.0,6.0,3.0,6.0,1.0,,,2.0,0.0,Completed,3.2,1.36,3.61,1.34,3.92,1.37,3.36,1.32,20220501
19,Madrid,Mutua Madrid Open,2022-05-02,WTA1000,Outdoor,Clay,3rd Round,3,Jabeur O.,Bencic B.,10.0,13.0,3015.0,2561.0,6.0,2.0,3.0,6.0,6.0,2.0,2.0,1.0,Completed,2.2,1.66,2.14,1.79,2.28,1.8,2.11,1.74,20220502
19,Madrid,Mutua Madrid Open,2022-05-02,WTA1000,Outdoor,Clay,3rd Round,3,Halep S.,Gauff C.,21.0,16.0,1972.0,2300.0,6.0,4.0,6.0,4.0,,,2.0,0.0,Completed,1.25,4.0,1.26,4.38,1.29,4.46,1.24,3.98,20220502
19,Madrid,Mutua Madrid Open,2022-05-02,WTA1000,Outdoor,Clay,3rd Round,3,Alexandrova E.,Bouzkova M.,45.0,77.0,1166.0,807.0,6.0,7.0,6.0,0.0,7.0,5.0,2.0,1.0,Completed,1.5,2.62,1.55,2.63,1.57,2.75,1.5,2.56,20220502
19,Madrid,Mutua Madrid Open,2022-05-02,WTA1000,Outdoor,Clay,3rd Round,3,Anisimova A.,Azarenka V.,33.0,17.0,1320.0,2281.0,6.0,1.0,6.0,4.0,,,2.0,0.0,Completed,1.61,2.3,1.64,2.42,1.65,2.54,1.6,2.33,20220502
19,Madrid,Mutua Madrid Open,2022-05-03,WTA1000,Outdoor,Clay,3rd Round,3,Sorribes Tormo S.,Kasatkina D.,47.0,23.0,1140.0,1770.0,6.0,4.0,1.0,6.0,6.0,3.0,2.0,1.0,Completed,2.2,1.66,2.18,1.76,2.28,1.76,2.17,1.69,20220503
19,Madrid,Mutua Madrid Open,2022-05-03,WTA1000,Outdoor,Clay,3rd Round,3,Pegula J.,Andreescu B.,14.0,111.0,2510.0,603.0,7.0,5.0,6.0,1.0,,,2.0,0.0,Completed,1.9,1.9,2.07,1.85,2.1,1.92,1.96,1.84,20220503
19,Madrid,Mutua Madrid Open,2022-05-03,WTA1000,Outdoor,Clay,3rd Round,3,Teichmann J.,Rybakina E.,35.0,18.0,1298.0,2261.0,6.0,3.0,6.0,1.0,,,2.0,0.0,Completed,3.2,1.36,3.05,1.44,3.45,1.44,3.06,1.38,20220503
19,Madrid,Mutua Madrid Open,2022-05-03,WTA1000,Outdoor,Clay,3rd Round,3,Kalinina A.,Raducanu E.,37.0,11.0,1273.0,2797.0,6.0,2.0,2.0,6.0,6.0,4.0,2.0,1.0,Completed,2.3,1.61,2.3,1.69,2.4,1.71,2.27,1.63,20220503
19,Madrid,Mutua Madrid Open,2022-05-04,WTA1000,Outdoor,Clay,Quarterfinals,3,Jabeur O.,Halep S.,10.0,21.0,3015.0,1972.0,6.0,3.0,6.0,2.0,,,2.0,0.0,Completed,2.62,1.5,2.7,1.53,2.84,1.55,2.63,1.49,20220504
19,Madrid,Mutua Madrid Open,2022-05-04,WTA1000,Outdoor,Clay,Quarterfinals,3,Alexandrova E.,Anisimova A.,45.0,33.0,1166.0,1320.0,6.0,4.0,6.0,3.0,,,2.0,0.0,Completed,2.37,1.57,2.47,1.61,2.63,1.61,2.43,1.56,20220504
19,Madrid,Mutua Madrid Open,2022-05-04,WTA1000,Outdoor,Clay,Quarterfinals,3,Teichmann J.,Kalinina A.,35.0,37.0,1298.0,1273.0,6.0,3.0,6.0,4.0,,,2.0,0.0,Completed,1.9,1.9,1.75,2.2,1.92,2.2,1.76,2.07,20220504
19,Madrid,Mutua Madrid Open,2022-05-04,WTA1000,Outdoor,Clay,Quarterfinals,3,Pegula J.,Sorribes Tormo S.,14.0,47.0,2510.0,1140.0,6.0,4.0,6.0,2.0,,,2.0,0.0,Completed,1.61,2.3,1.7,2.29,1.7,2.44,1.62,2.29,20220504
19,Madrid,Mutua Madrid Open,2022-05-05,WTA1000,Outdoor,Clay,Semifinals,3,Jabeur O.,Alexandrova E.,10.0,45.0,3015.0,1166.0,6.0,2.0,6.0,3.0,,,2.0,0.0,Completed,1.5,2.62,1.52,2.72,1.6,2.8,1.52,2.55,20220505
19,Madrid,Mutua Madrid Open,2022-05-05,WTA1000,Outdoor,Clay,Semifinals,3,Pegula J.,Teichmann J.,14.0,35.0,2510.0,1298.0,6.0,3.0,6.0,4.0,,,2.0,0.0,Completed,1.8,2.0,1.96,1.94,1.96,2.11,1.83,1.98,20220505
19,Madrid,Mutua Madrid Open,2022-05-07,WTA1000,Outdoor,Clay,The Final,3,Jabeur O.,Pegula J.,10.0,14.0,3015.0,2510.0,7.0,5.0,0.0,6.0,6.0,2.0,2.0,1.0,Completed,1.4,3.0,1.43,3.08,1.46,3.15,1.41,2.93,20220507
20,Rome,Internazionali BNL d'Italia,2022-05-09,WTA1000,Outdoor,Clay,1st Round,3,Kasatkina D.,Zidansek T.,23.0,24.0,1825.0,1712.0,6.0,4.0,6.0,3.0,,,2.0,0.0,Completed,1.53,2.5,1.56,2.57,1.58,2.6,1.53,2.48,20220509
20,Rome,Internazionali BNL d'Italia,2022-05-09,WTA1000,Outdoor,Clay,1st Round,3,Azarenka V.,Golubic V.,16.0,56.0,2336.0,1061.0,6.0,3.0,6.0,0.0,,,2.0,0.0,Completed,1.28,3.75,1.29,3.91,1.3,4.25,1.27,3.68,20220509
20,Rome,Internazionali BNL d'Italia,2022-05-09,WTA1000,Outdoor,Clay,1st Round,3,Halep S.,Cornet A.,21.0,39.0,2067.0,1295.0,6.0,4.0,6.0,4.0,,,2.0,0.0,Completed,1.14,5.5,1.15,6.36,1.16,6.5,1.13,5.77,20220509
20,Rome,Internazionali BNL d'Italia,2022-05-09,WTA1000,Outdoor,Clay,1st Round,3,Martic P.,Muchova K.,47.0,78.0,1143.0,807.0,6.0,2.0,3.0,6.0,6.0,1.0,2.0,1.0,Completed,2.2,1.66,2.31,1.7,2.35,1.7,2.22,1.65,20220509
20,Rome,Internazionali BNL d'Italia,2022-05-09,WTA1000,Outdoor,Clay,1st Round,3,Zhang S.,Trevisan M.,42.0,82.0,1210.0,783.0,6.0,4.0,6.0,2.0,,,2.0,0.0,Completed,1.9,1.9,1.85,2.05,1.92,2.13,1.82,1.98,20220509
20,Rome,Internazionali BNL d'Italia,2022-05-09,WTA1000,Outdoor,Clay,1st Round,3,Sasnovich A.,Kudermetova V.,50.0,28.0,1123.0,1635.0,3.0,6.0,7.0,6.0,6.0,1.0,2.0,1.0,Completed,2.3,1.61,2.39,1.64,2.66,1.75,2.31,1.61,20220509
20,Rome,Internazionali BNL d'Italia,2022-05-09,WTA1000,Outdoor,Clay,1st Round,3,Putintseva Y.,Juvan K.,40.0,85.0,1231.0,773.0,7.0,5.0,4.0,6.0,7.0,5.0,2.0,1.0,Completed,1.5,2.62,1.56,2.58,1.56,2.77,1.5,2.57,20220509
20,Rome,Internazionali BNL d'Italia,2022-05-09,WTA1000,Outdoor,Clay,1st Round,3,Bencic B.,Cocciaretto E.,14.0,159.0,2466.0,405.0,6.0,4.0,6.0,2.0,,,2.0,0.0,Completed,1.14,5.5,1.19,5.37,1.2,5.63,1.16,5.1,20220509
20,Rome,Internazionali BNL d'Italia,2022-05-09,WTA1000,Outdoor,Clay,1st Round,3,Fernandez L.A.,Pavlyuchenkova A.,18.0,20.0,2191.0,2092.0,1.0,6.0,6.0,2.0,6.0,2.0,2.0,1.0,Completed,1.61,2.3,1.74,2.2,1.79,2.3,1.71,2.14,20220509
20,Rome,Internazionali BNL d'Italia,2022-05-09,WTA1000,Outdoor,Clay,1st Round,3,Gauff C.,Kerber A.,15.0,19.0,2410.0,2178.0,6.0,1.0,6.0,4.0,,,2.0,0.0,Completed,1.4,3.0,1.44,2.99,1.45,3.1,1.4,2.93,20220509
20,Rome,Internazionali BNL d'Italia,2022-05-09,WTA1000,Outdoor,Clay,1st Round,3,Kalinina A.,Keys M.,36.0,22.0,1357.0,1958.0,6.0,4.0,6.0,4.0,,,2.0,0.0,Completed,1.8,2.0,1.85,2.05,1.85,2.21,1.79,2.0,20220509
20,Rome,Internazionali BNL d'Italia,2022-05-09,WTA1000,Outdoor,Clay,1st Round,3,Tomljanovic A.,Giorgi C.,41.0,30.0,1216.0,1612.0,6.0,3.0,4.0,2.0,,,1.0,0.0,Retired,2.62,1.5,2.6,1.55,2.63,1.73,2.5,1.53,20220509
20,Rome,Internazionali BNL d'Italia,2022-05-10,WTA1000,Outdoor,Clay,1st Round,3,Anisimova A.,Martincova T.,32.0,53.0,1525.0,1083.0,6.0,2.0,0.0,6.0,6.0,4.0,2.0,1.0,Completed,1.2,4.5,1.2,5.04,1.22,5.04,1.19,4.59,20220510
20,Rome,Internazionali BNL d'Italia,2022-05-10,WTA1000,Outdoor,Clay,1st Round,3,Brengle M.,Kostyuk M.,61.0,59.0,1012.0,1050.0,6.0,4.0,6.0,3.0,,,2.0,0.0,Completed,3.5,1.3,3.63,1.33,3.66,1.33,3.45,1.3,20220510
20,Rome,Internazionali BNL d'Italia,2022-05-10,WTA1000,Outdoor,Clay,1st Round,3,Teichmann J.,Paolini J.,29.0,55.0,1623.0,1074.0,6.0,3.0,6.0,2.0,,,2.0,0.0,Completed,1.4,3.0,1.38,3.26,1.5,3.26,1.41,2.87,20220510
20,Rome,Internazionali BNL d'Italia,2022-05-10,WTA1000,Outdoor,Clay,1st Round,3,Davis L.,Ostapenko J.,102.0,13.0,644.0,2725.0,6.0,2.0,6.0,3.0,,,2.0,0.0,Completed,4.33,1.22,4.49,1.24,4.49,1.33,4.17,1.23,20220510
20,Rome,Internazionali BNL d'Italia,2022-05-10,WTA1000,Outdoor,Clay,1st Round,3,Pegula J.,Samsonova L.,11.0,25.0,3040.0,1682.0,4.0,6.0,6.0,3.0,6.0,4.0,2.0,1.0,Completed,1.44,2.75,1.52,2.69,1.52,2.86,1.45,2.74,20220510
20,Rome,Internazionali BNL d'Italia,2022-05-10,WTA1000,Outdoor,Clay,1st Round,3,Rybakina E.,Avanesyan E.,17.0,146.0,2316.0,439.0,6.0,4.0,7.0,6.0,,,2.0,0.0,Completed,1.08,8.0,1.12,7.55,1.12,8.05,1.09,7.37,20220510
20,Rome,Internazionali BNL d'Italia,2022-05-10,WTA1000,Outdoor,Clay,1st Round,3,Alexandrova E.,Stephens S.,31.0,49.0,1576.0,1128.0,6.0,1.0,6.0,2.0,,,2.0,0.0,Completed,1.36,3.2,1.41,3.12,1.41,3.21,1.38,3.0,20220510
20,Rome,Internazionali BNL d'Italia,2022-05-10,WTA1000,Outdoor,Clay,1st Round,3,Osorio M.,Bronzetti L.,58.0,79.0,1054.0,804.0,7.0,6.0,6.0,3.0,,,2.0,0.0,Completed,1.66,2.2,1.76,2.18,1.82,2.2,1.7,2.16,20220510
20,Rome,Internazionali BNL d'Italia,2022-05-10,WTA1000,Outdoor,Clay,1st Round,3,Ruse E.G.,Rogers S.,57.0,48.0,1061.0,1134.0,3.0,6.0,6.0,1.0,6.0,4.0,2.0,1.0,Completed,2.5,1.53,2.6,1.54,2.7,1.58,2.47,1.53,20220510
20,Rome,Internazionali BNL d'Italia,2022-05-10,WTA1000,Outdoor,Clay,1st Round,3,Parrizas Diaz N.,Sorribes Tormo S.,51.0,37.0,1110.0,1345.0,1.0,6.0,3.0,4.0,,,0.0,1.0,Retired,3.4,1.33,3.6,1.33,3.6,1.53,3.21,1.35,20220510
20,Rome,Internazionali BNL d'Italia,2022-05-10,WTA1000,Outdoor,Clay,1st Round,3,Andreescu B.,Raducanu E.,90.0,12.0,723.0,2914.0,6.0,2.0,2.0,1.0,,,1.0,0.0,Retired,1.72,2.1,1.76,2.17,1.8,2.2,1.74,2.1,20220510
20,Rome,Internazionali BNL d'Italia,2022-05-10,WTA1000,Outdoor,Clay,1st Round,3,Jabeur O.,Cirstea S.,7.0,26.0,3895.0,1670.0,6.0,0.0,7.0,6.0,,,2.0,0.0,Completed,1.28,3.75,1.27,4.11,1.3,4.11,1.27,3.71,20220510
20,Rome,Internazionali BNL d'Italia,2022-05-11,WTA1000,Outdoor,Clay,2nd Round,3,Teichmann J.,Pliskova Ka.,29.0,6.0,1623.0,4152.0,6.0,2.0,4.0,6.0,6.0,4.0,2.0,1.0,Completed,1.44,2.75,1.41,3.14,1.52,3.14,1.45,2.76,20220511
20,Rome,Internazionali BNL d'Italia,2022-05-11,WTA1000,Outdoor,Clay,2nd Round,3,Rybakina E.,Davis L.,17.0,102.0,2316.0,644.0,6.0,4.0,6.0,3.0,,,2.0,0.0,Completed,1.12,6.0,1.21,4.91,1.22,6.25,1.15,5.36,20220511
20,Rome,Internazionali BNL d'Italia,2022-05-11,WTA1000,Outdoor,Clay,2nd Round,3,Anisimova A.,Bencic B.,32.0,14.0,1525.0,2466.0,7.0,6.0,6.0,1.0,,,2.0,0.0,Completed,2.2,1.66,2.23,1.72,2.38,1.75,2.22,1.65,20220511
20,Rome,Internazionali BNL d'Italia,2022-05-11,WTA1000,Outdoor,Clay,2nd Round,3,Sabalenka A.,Zhang S.,8.0,42.0,3721.0,1210.0,6.0,2.0,6.0,0.0,,,2.0,0.0,Completed,1.16,5.0,1.23,4.63,1.23,5.5,1.18,4.89,20220511
20,Rome,Internazionali BNL d'Italia,2022-05-11,WTA1000,Outdoor,Clay,2nd Round,3,Martic P.,Kontaveit A.,47.0,5.0,1143.0,4446.0,6.0,2.0,6.0,3.0,,,2.0,0.0,Completed,2.75,1.44,2.63,1.54,2.97,1.54,2.8,1.43,20220511
20,Rome,Internazionali BNL d'Italia,2022-05-11,WTA1000,Outdoor,Clay,2nd Round,3,Azarenka V.,Osorio M.,16.0,58.0,2336.0,1054.0,6.0,2.0,6.0,4.0,,,2.0,0.0,Completed,1.36,3.2,1.4,3.2,1.4,3.32,1.36,3.14,20220511
20,Rome,Internazionali BNL d'Italia,2022-05-11,WTA1000,Outdoor,Clay,2nd Round,3,Gauff C.,Brengle M.,15.0,61.0,2410.0,1012.0,6.0,2.0,6.0,4.0,,,2.0,0.0,Completed,1.2,4.5,1.19,5.26,1.23,5.26,1.19,4.68,20220511
20,Rome,Internazionali BNL d'Italia,2022-05-11,WTA1000,Outdoor,Clay,2nd Round,3,Sakkari M.,Alexandrova E.,4.0,31.0,4596.0,1576.0,6.0,3.0,6.0,2.0,,,2.0,0.0,Completed,1.61,2.3,1.69,2.29,1.7,2.45,1.61,2.29,20220511
20,Rome,Internazionali BNL d'Italia,2022-05-11,WTA1000,Outdoor,Clay,2nd Round,3,Pegula J.,Kalinina A.,11.0,36.0,3040.0,1357.0,,,,,,,,,Walkover,1.66,2.2,1.78,2.14,1.78,2.25,1.71,2.13,20220511
20,Rome,Internazionali BNL d'Italia,2022-05-11,WTA1000,Outdoor,Clay,2nd Round,3,Andreescu B.,Parrizas Diaz N.,90.0,51.0,723.0,1110.0,6.0,3.0,7.0,6.0,,,2.0,0.0,Completed,1.22,4.33,1.21,4.87,1.29,4.87,1.22,4.19,20220511
20,Rome,Internazionali BNL d'Italia,2022-05-11,WTA1000,Outdoor,Clay,2nd Round,3,Swiatek I.,Ruse E.G.,1.0,57.0,7061.0,1061.0,6.0,3.0,6.0,0.0,,,2.0,0.0,Completed,1.05,11.0,1.04,14.09,1.07,14.23,1.04,11.3,20220511
20,Rome,Internazionali BNL d'Italia,2022-05-11,WTA1000,Outdoor,Clay,2nd Round,3,Jabeur O.,Tomljanovic A.,7.0,41.0,3895.0,1216.0,7.0,5.0,6.0,2.0,,,2.0,0.0,Completed,1.16,5.0,1.18,5.42,1.18,5.5,1.17,5.05,20220511
20,Rome,Internazionali BNL d'Italia,2022-05-11,WTA1000,Outdoor,Clay,2nd Round,3,Kasatkina D.,Fernandez L.A.,23.0,18.0,1825.0,2191.0,4.0,6.0,6.0,3.0,7.0,6.0,2.0,1.0,Completed,1.72,2.1,1.68,2.31,1.75,2.31,1.67,2.19,20220511
20,Rome,Internazionali BNL d'Italia,2022-05-11,WTA1000,Outdoor,Clay,2nd Round,3,Putintseva Y.,Muguruza G.,40.0,10.0,1231.0,3135.0,3.0,6.0,7.0,6.0,6.0,1.0,2.0,1.0,Completed,2.3,1.61,2.15,1.77,2.38,1.77,2.23,1.64,20220511
20,Rome,Internazionali BNL d'Italia,2022-05-11,WTA1000,Outdoor,Clay,2nd Round,3,Collins D.,Halep S.,9.0,21.0,3211.0,2067.0,7.0,6.0,6.0,3.0,,,2.0,0.0,Completed,3.5,1.3,3.86,1.3,3.86,1.33,3.56,1.29,20220511
20,Rome,Internazionali BNL d'Italia,2022-05-11,WTA1000,Outdoor,Clay,2nd Round,3,Badosa P.,Sasnovich A.,3.0,50.0,4720.0,1123.0,6.0,2.0,6.0,1.0,,,2.0,0.0,Completed,1.22,4.33,1.26,4.26,1.27,5.05,1.23,4.1,20220511
20,Rome,Internazionali BNL d'Italia,2022-05-12,WTA1000,Outdoor,Clay,3rd Round,3,Teichmann J.,Rybakina E.,29.0,17.0,1623.0,2316.0,6.0,7.0,6.0,3.0,7.0,5.0,2.0,1.0,Completed,2.1,1.72,2.02,1.88,2.14,1.88,2.04,1.77,20220512
20,Rome,Internazionali BNL d'Italia,2022-05-12,WTA1000,Outdoor,Clay,3rd Round,3,Sabalenka A.,Pegula J.,8.0,11.0,3721.0,3040.0,6.0,1.0,6.0,4.0,,,2.0,0.0,Completed,1.61,2.3,1.6,2.52,1.69,2.52,1.61,2.31,20220512
20,Rome,Internazionali BNL d'Italia,2022-05-12,WTA1000,Outdoor,Clay,3rd Round,3,Andreescu B.,Martic P.,90.0,47.0,723.0,1143.0,6.0,4.0,6.0,4.0,,,2.0,0.0,Completed,1.53,2.5,1.58,2.55,1.61,2.78,1.54,2.46,20220512
20,Rome,Internazionali BNL d'Italia,2022-05-12,WTA1000,Outdoor,Clay,3rd Round,3,Swiatek I.,Azarenka V.,1.0,16.0,7061.0,2336.0,6.0,4.0,6.0,1.0,,,2.0,0.0,Completed,1.14,5.5,1.14,6.68,1.16,6.68,1.13,5.93,20220512
20,Rome,Internazionali BNL d'Italia,2022-05-12,WTA1000,Outdoor,Clay,3rd Round,3,Anisimova A.,Collins D.,32.0,9.0,1525.0,3211.0,6.0,2.0,6.0,2.0,,,2.0,0.0,Completed,1.66,2.2,1.77,2.17,1.84,2.28,1.71,2.15,20220512
20,Rome,Internazionali BNL d'Italia,2022-05-12,WTA1000,Outdoor,Clay,3rd Round,3,Sakkari M.,Gauff C.,4.0,15.0,4596.0,2410.0,6.0,4.0,7.0,5.0,,,2.0,0.0,Completed,1.61,2.3,1.68,2.44,1.68,2.44,1.64,2.24,20220512
20,Rome,Internazionali BNL d'Italia,2022-05-12,WTA1000,Outdoor,Clay,3rd Round,3,Jabeur O.,Putintseva Y.,7.0,40.0,3895.0,1231.0,6.0,3.0,6.0,2.0,,,2.0,0.0,Completed,1.28,3.75,1.28,4.05,1.31,4.18,1.27,3.71,20220512
20,Rome,Internazionali BNL d'Italia,2022-05-12,WTA1000,Outdoor,Clay,3rd Round,3,Kasatkina D.,Badosa P.,23.0,3.0,1825.0,4720.0,6.0,4.0,6.0,4.0,,,2.0,0.0,Completed,4.0,1.25,3.73,1.32,4.0,1.32,3.63,1.28,20220512
20,Rome,Internazionali BNL d'Italia,2022-05-13,WTA1000,Outdoor,Clay,Quarterfinals,3,Sabalenka A.,Anisimova A.,8.0,32.0,3721.0,1525.0,4.0,6.0,6.0,3.0,6.0,2.0,2.0,1.0,Completed,1.9,1.9,1.99,1.92,2.1,2.02,1.93,1.88,20220513
20,Rome,Internazionali BNL d'Italia,2022-05-13,WTA1000,Outdoor,Clay,Quarterfinals,3,Swiatek I.,Andreescu B.,1.0,90.0,7061.0,723.0,7.0,6.0,6.0,0.0,,,2.0,0.0,Completed,1.11,6.5,1.11,7.91,1.15,7.91,1.11,6.48,20220513
20,Rome,Internazionali BNL d'Italia,2022-05-13,WTA1000,Outdoor,Clay,Quarterfinals,3,Jabeur O.,Sakkari M.,7.0,4.0,3895.0,4596.0,1.0,6.0,7.0,5.0,6.0,1.0,2.0,1.0,Completed,1.66,2.2,1.71,2.27,1.73,2.5,1.66,2.23,20220513
20,Rome,Internazionali BNL d'Italia,2022-05-13,WTA1000,Outdoor,Clay,Quarterfinals,3,Kasatkina D.,Teichmann J.,23.0,29.0,1825.0,1623.0,6.0,4.0,3.0,2.0,,,1.0,0.0,Retired,1.8,2.0,1.81,2.11,1.95,2.38,1.82,2.0,20220513
20,Rome,Internazionali BNL d'Italia,2022-05-14,WTA1000,Outdoor,Clay,Semifinals,3,Swiatek I.,Sabalenka A.,1.0,8.0,7061.0,3721.0,6.0,2.0,6.0,1.0,,,2.0,0.0,Completed,1.16,5.0,1.23,4.73,1.24,5.4,1.2,4.64,20220514
20,Rome,Internazionali BNL d'Italia,2022-05-14,WTA1000,Outdoor,Clay,Semifinals,3,Jabeur O.,Kasatkina D.,7.0,23.0,3895.0,1825.0,6.0,4.0,1.0,6.0,7.0,5.0,2.0,1.0,Completed,1.44,2.75,1.48,2.86,1.52,3.01,1.47,2.67,20220514
20,Rome,Internazionali BNL d'Italia,2022-05-15,WTA1000,Outdoor,Clay,The Final,3,Swiatek I.,Jabeur O.,1.0,7.0,7061.0,3895.0,6.0,2.0,6.0,2.0,,,2.0,0.0,Completed,1.16,5.0,1.17,5.8,1.22,5.8,1.16,5.21,20220515
21,Rabat,Grand Prix SAR Lalla Meryem,2022-05-15,WTA250,Outdoor,Clay,1st Round,3,Marcinko P.,Peterson R.,361.0,77.0,159.0,811.0,6.0,0.0,2.0,6.0,7.0,5.0,2.0,1.0,Completed,1.72,2.1,1.85,2.04,1.91,2.33,1.78,2.02,20220515
21,Rabat,Grand Prix SAR Lalla Meryem,2022-05-15,WTA250,Outdoor,Clay,1st Round,3,Tomljanovic A.,Burillo I.,44.0,251.0,1186.0,273.0,6.0,2.0,6.0,1.0,,,2.0,0.0,Completed,1.16,5.0,1.17,5.67,1.21,5.67,1.16,5.09,20220515
21,Rabat,Grand Prix SAR Lalla Meryem,2022-05-16,WTA250,Outdoor,Clay,1st Round,3,Rus A.,Sun L.,76.0,276.0,847.0,252.0,6.0,3.0,6.0,0.0,,,2.0,0.0,Completed,1.12,6.0,1.14,6.52,1.16,7.5,1.13,5.92,20220516
21,Rabat,Grand Prix SAR Lalla Meryem,2022-05-16,WTA250,Outdoor,Clay,1st Round,3,Schmiedlova A.,Reyngold E.,89.0,333.0,742.0,181.0,6.0,1.0,6.0,2.0,,,2.0,0.0,Completed,1.36,3.2,1.42,3.04,1.44,3.6,1.35,3.14,20220516
21,Rabat,Grand Prix SAR Lalla Meryem,2022-05-16,WTA250,Outdoor,Clay,1st Round,3,Sharma A.,Zacarias M.,144.0,243.0,451.0,285.0,1.0,6.0,7.0,5.0,6.0,4.0,2.0,1.0,Completed,1.4,3.0,1.35,3.45,1.4,3.5,1.33,3.23,20220516
21,Rabat,Grand Prix SAR Lalla Meryem,2022-05-16,WTA250,Outdoor,Clay,1st Round,3,Galfi D.,Eikeri U.,98.0,275.0,679.0,252.0,6.0,2.0,7.0,5.0,,,2.0,0.0,Completed,1.12,6.0,1.13,6.75,1.14,6.75,1.12,6.1,20220516
21,Rabat,Grand Prix SAR Lalla Meryem,2022-05-16,WTA250,Outdoor,Clay,1st Round,3,Muguruza G.,Danilina A.,10.0,343.0,3031.0,172.0,6.0,3.0,6.0,2.0,,,2.0,0.0,Completed,1.04,13.0,1.04,15.38,1.05,16.5,1.03,12.35,20220516
21,Rabat,Grand Prix SAR Lalla Meryem,2022-05-16,WTA250,Outdoor,Clay,1st Round,3,Trevisan M.,You X.,85.0,295.0,783.0,223.0,6.0,0.0,6.0,4.0,,,2.0,0.0,Completed,1.12,6.0,1.12,7.4,1.13,7.4,1.11,6.56,20220516
21,Rabat,Grand Prix SAR Lalla Meryem,2022-05-16,WTA250,Outdoor,Clay,1st Round,3,Bronzetti L.,Kalinskaya A.,83.0,82.0,793.0,801.0,6.0,3.0,6.0,7.0,6.0,3.0,2.0,1.0,Completed,1.9,1.9,1.94,1.94,2.0,1.99,1.89,1.9,20220516
21,Rabat,Grand Prix SAR Lalla Meryem,2022-05-16,WTA250,Outdoor,Clay,1st Round,3,Kucova K.,Harrison Ca.,87.0,265.0,759.0,266.0,6.0,2.0,6.0,0.0,,,2.0,0.0,Completed,1.3,3.5,1.29,3.91,1.4,4.0,1.28,3.61,20220516
21,Rabat,Grand Prix SAR Lalla Meryem,2022-05-16,WTA250,Outdoor,Clay,1st Round,3,Parrizas Diaz N.,Zhao C.,48.0,337.0,1160.0,178.0,7.0,6.0,1.0,6.0,6.0,2.0,2.0,1.0,Completed,1.1,7.0,1.09,8.95,1.1,8.95,1.08,7.61,20220516
21,Rabat,Grand Prix SAR Lalla Meryem,2022-05-17,WTA250,Outdoor,Clay,1st Round,3,Bondar A.,Ferrando C.,67.0,261.0,952.0,269.0,6.0,4.0,3.0,6.0,7.0,5.0,2.0,1.0,Completed,1.2,4.5,1.25,4.35,1.25,4.9,1.2,4.42,20220517
21,Rabat,Grand Prix SAR Lalla Meryem,2022-05-17,WTA250,Outdoor,Clay,1st Round,3,Liu C.,Rakhimova K.,92.0,104.0,715.0,638.0,6.0,4.0,6.0,3.0,,,2.0,0.0,Completed,1.25,4.0,1.25,4.32,1.25,4.8,1.23,4.09,20220517
21,Rabat,Grand Prix SAR Lalla Meryem,2022-05-17,WTA250,Outdoor,Clay,1st Round,3,Burel C.,Udvardy P.,95.0,88.0,702.0,743.0,7.0,6.0,7.0,6.0,,,2.0,0.0,Completed,2.37,1.57,2.4,1.63,2.4,1.67,2.3,1.6,20220517
21,Rabat,Grand Prix SAR Lalla Meryem,2022-05-17,WTA250,Outdoor,Clay,1st Round,3,Sherif M.,Paquet C.,50.0,102.0,1135.0,651.0,6.0,0.0,6.0,2.0,,,2.0,0.0,Completed,1.33,3.4,1.32,3.65,1.35,3.65,1.31,3.33,20220517
21,Rabat,Grand Prix SAR Lalla Meryem,2022-05-17,WTA250,Outdoor,Clay,1st Round,3,Mladenovic K.,Andrianjafitrimo T.,110.0,142.0,596.0,456.0,6.0,3.0,3.0,6.0,7.0,6.0,2.0,1.0,Completed,1.8,2.0,1.69,2.28,1.8,2.28,1.74,2.07,20220517
21,Rabat,Grand Prix SAR Lalla Meryem,2022-05-17,WTA250,Outdoor,Clay,2nd Round,3,Sharma A.,Marcinko P.,144.0,361.0,451.0,159.0,5.0,7.0,6.0,3.0,6.0,3.0,2.0,1.0,Completed,3.4,1.33,3.34,1.37,3.4,1.41,3.16,1.35,20220517
21,Rabat,Grand Prix SAR Lalla Meryem,2022-05-17,WTA250,Outdoor,Clay,2nd Round,3,Tomljanovic A.,Schmiedlova A.,44.0,89.0,1186.0,742.0,7.0,5.0,6.0,2.0,,,2.0,0.0,Completed,1.44,2.75,1.46,2.9,1.5,2.9,1.44,2.75,20220517
21,Rabat,Grand Prix SAR Lalla Meryem,2022-05-18,WTA250,Outdoor,Clay,2nd Round,3,Bondar A.,Kucova K.,67.0,87.0,952.0,759.0,6.0,3.0,6.0,3.0,,,2.0,0.0,Completed,1.44,2.75,1.39,3.22,1.48,3.22,1.42,2.82,20220518
21,Rabat,Grand Prix SAR Lalla Meryem,2022-05-18,WTA250,Outdoor,Clay,2nd Round,3,Rus A.,Galfi D.,76.0,98.0,847.0,679.0,6.0,4.0,6.0,2.0,,,2.0,0.0,Completed,1.72,2.1,1.78,2.14,1.91,2.28,1.69,2.15,20220518
21,Rabat,Grand Prix SAR Lalla Meryem,2022-05-18,WTA250,Outdoor,Clay,2nd Round,3,Liu C.,Sherif M.,92.0,50.0,715.0,1135.0,4.0,6.0,7.0,6.0,6.0,1.0,2.0,1.0,Completed,1.8,2.0,1.88,2.01,1.94,2.01,1.86,1.93,20220518
21,Rabat,Grand Prix SAR Lalla Meryem,2022-05-18,WTA250,Outdoor,Clay,2nd Round,3,Parrizas Diaz N.,Mladenovic K.,48.0,110.0,1160.0,596.0,4.0,6.0,6.0,3.0,6.0,0.0,2.0,1.0,Completed,1.28,3.75,1.31,3.76,1.31,4.25,1.27,3.64,20220518
21,Rabat,Grand Prix SAR Lalla Meryem,2022-05-18,WTA250,Outdoor,Clay,2nd Round,3,Trevisan M.,Muguruza G.,85.0,10.0,783.0,3031.0,2.0,6.0,6.0,4.0,6.0,1.0,2.0,1.0,Completed,3.5,1.3,3.47,1.35,3.65,1.39,3.43,1.3,20220518
21,Rabat,Grand Prix SAR Lalla Meryem,2022-05-18,WTA250,Outdoor,Clay,2nd Round,3,Bronzetti L.,Burel C.,83.0,95.0,793.0,702.0,6.0,3.0,6.0,2.0,,,2.0,0.0,Completed,1.61,2.3,1.6,2.47,1.67,2.47,1.6,2.31,20220518
21,Rabat,Grand Prix SAR Lalla Meryem,2022-05-19,WTA250,Outdoor,Clay,Quarterfinals,3,Bondar A.,Tomljanovic A.,67.0,44.0,952.0,1186.0,5.0,1.0,,,,,0.0,0.0,Retired,1.9,1.9,2.02,1.89,2.02,1.94,1.92,1.87,20220519
21,Rabat,Grand Prix SAR Lalla Meryem,2022-05-19,WTA250,Outdoor,Clay,Quarterfinals,3,Liu C.,Sharma A.,92.0,144.0,715.0,451.0,6.0,4.0,6.0,1.0,,,2.0,0.0,Completed,1.22,4.33,1.23,4.68,1.25,4.68,1.22,4.22,20220519
21,Rabat,Grand Prix SAR Lalla Meryem,2022-05-19,WTA250,Outdoor,Clay,Quarterfinals,3,Trevisan M.,Rus A.,85.0,76.0,783.0,847.0,7.0,6.0,6.0,3.0,,,2.0,0.0,Completed,1.9,1.9,1.98,1.92,1.98,2.09,1.89,1.9,20220519
21,Rabat,Grand Prix SAR Lalla Meryem,2022-05-19,WTA250,Outdoor,Clay,Quarterfinals,3,Bronzetti L.,Parrizas Diaz N.,83.0,48.0,793.0,1160.0,6.0,1.0,3.0,6.0,7.0,6.0,2.0,1.0,Completed,2.0,1.8,2.0,1.9,2.04,2.0,1.95,1.84,20220519
21,Rabat,Grand Prix SAR Lalla Meryem,2022-05-20,WTA250,Outdoor,Clay,Semifinals,3,Liu C.,Bondar A.,92.0,67.0,715.0,952.0,,,,,,,,,Walkover,1.61,2.3,1.66,2.36,1.71,2.4,1.64,2.26,20220520
21,Rabat,Grand Prix SAR Lalla Meryem,2022-05-20,WTA250,Outdoor,Clay,Semifinals,3,Trevisan M.,Bronzetti L.,85.0,83.0,783.0,793.0,6.0,3.0,6.0,3.0,,,2.0,0.0,Completed,1.66,2.2,1.76,2.2,1.76,2.22,1.71,2.14,20220520
21,Rabat,Grand Prix SAR Lalla Meryem,2022-05-21,WTA250,Outdoor,Clay,The Final,3,Trevisan M.,Liu C.,85.0,92.0,783.0,715.0,6.0,2.0,6.0,1.0,,,2.0,0.0,Completed,2.5,1.53,2.48,1.61,2.53,1.62,2.41,1.56,20220521
22,Strasbourg,Internationaux de Strasbourg,2022-05-15,WTA250,Outdoor,Clay,1st Round,3,Tan H.,Stosur S.,112.0,490.0,590.0,95.0,6.0,2.0,6.0,1.0,,,2.0,0.0,Completed,1.2,4.5,1.2,5.2,1.22,5.2,1.19,4.63,20220515
22,Strasbourg,Internationaux de Strasbourg,2022-05-15,WTA250,Outdoor,Clay,1st Round,3,Linette M.,Gracheva V.,56.0,71.0,1081.0,914.0,6.0,3.0,6.0,0.0,,,2.0,0.0,Completed,1.8,2.0,1.83,2.07,1.89,2.1,1.79,2.01,20220515
22,Strasbourg,Internationaux de Strasbourg,2022-05-16,WTA250,Outdoor,Clay,1st Round,3,Dodin O.,Konjuh A.,94.0,66.0,708.0,953.0,6.0,2.0,1.0,6.0,7.0,5.0,2.0,1.0,Completed,2.75,1.44,2.53,1.58,2.75,1.58,2.52,1.51,20220516
22,Strasbourg,Internationaux de Strasbourg,2022-05-16,WTA250,Outdoor,Clay,1st Round,3,Zanevska M.,Zhang S.,65.0,41.0,964.0,1240.0,6.0,2.0,6.0,3.0,,,2.0,0.0,Completed,2.1,1.72,2.14,1.78,2.34,1.8,2.15,1.69,20220516
22,Strasbourg,Internationaux de Strasbourg,2022-05-16,WTA250,Outdoor,Clay,1st Round,3,Berberovic N.,Stephens S.,306.0,53.0,208.0,1109.0,2.0,6.0,6.0,4.0,6.0,1.0,2.0,1.0,Completed,8.0,1.08,9.48,1.08,9.48,1.09,8.18,1.07,20220516
22,Strasbourg,Internationaux de Strasbourg,2022-05-16,WTA250,Outdoor,Clay,1st Round,3,Watson H.,Hobgarski K.,105.0,292.0,621.0,229.0,6.0,4.0,6.0,1.0,,,2.0,0.0,Completed,1.2,4.5,1.22,4.61,1.22,4.7,1.2,4.4,20220516
22,Strasbourg,Internationaux de Strasbourg,2022-05-16,WTA250,Outdoor,Clay,1st Round,3,Pliskova Ka.,Kostyuk M.,8.0,59.0,3568.0,1050.0,6.0,4.0,6.0,2.0,,,2.0,0.0,Completed,1.9,1.9,1.92,1.97,1.95,2.13,1.85,1.93,20220516
22,Strasbourg,Internationaux de Strasbourg,2022-05-16,WTA250,Outdoor,Clay,1st Round,3,Juvan K.,Glushko L.,81.0,291.0,802.0,230.0,6.0,3.0,6.0,1.0,,,2.0,0.0,Completed,1.05,11.0,1.06,12.28,1.1,12.5,1.05,10.3,20220516
22,Strasbourg,Internationaux de Strasbourg,2022-05-16,WTA250,Outdoor,Clay,1st Round,3,Golubic V.,Morderger Y.,60.0,379.0,1047.0,144.0,6.0,0.0,6.0,4.0,,,2.0,0.0,Completed,1.07,9.0,1.08,9.81,1.08,10.5,1.06,8.81,20220516
22,Strasbourg,Internationaux de Strasbourg,2022-05-16,WTA250,Outdoor,Clay,1st Round,3,Mertens E.,Monnet C.,33.0,249.0,1446.0,276.0,7.0,5.0,6.0,4.0,,,2.0,0.0,Completed,1.07,9.0,1.07,11.09,1.1,11.09,1.06,9.24,20220516
22,Strasbourg,Internationaux de Strasbourg,2022-05-16,WTA250,Outdoor,Clay,1st Round,3,Sasnovich A.,Gervais J.,45.0,725.0,1183.0,42.0,6.0,4.0,6.0,2.0,,,2.0,0.0,Completed,1.02,19.0,1.02,18.91,1.04,21.0,1.02,14.98,20220516
22,Strasbourg,Internationaux de Strasbourg,2022-05-16,WTA250,Outdoor,Clay,1st Round,3,Kerber A.,Parry D.,22.0,96.0,2074.0,682.0,6.0,3.0,6.0,4.0,,,2.0,0.0,Completed,1.4,3.0,1.42,3.08,1.42,3.2,1.37,3.02,20220516
22,Strasbourg,Internationaux de Strasbourg,2022-05-17,WTA250,Outdoor,Clay,1st Round,3,Pera B.,Ruse E.G.,122.0,52.0,523.0,1116.0,7.0,5.0,6.0,4.0,,,2.0,0.0,Completed,1.72,2.1,1.9,1.99,2.06,2.1,1.85,1.94,20220517
22,Strasbourg,Internationaux de Strasbourg,2022-05-17,WTA250,Outdoor,Clay,1st Round,3,Makarova E.,Cirstea S.,348.0,27.0,168.0,1670.0,1.0,6.0,6.0,3.0,6.0,2.0,2.0,1.0,Completed,13.0,1.04,14.41,1.04,14.41,1.08,10.94,1.04,20220517
22,Strasbourg,Internationaux de Strasbourg,2022-05-17,WTA250,Outdoor,Clay,1st Round,3,Ferro F.,Gabueva A.,139.0,594.0,459.0,67.0,6.0,3.0,6.0,4.0,,,2.0,0.0,Completed,1.06,10.0,1.05,12.56,1.08,12.56,1.05,10.23,20220517
22,Strasbourg,Internationaux de Strasbourg,2022-05-17,WTA250,Outdoor,Clay,1st Round,3,Friedsam A.L.,Saville D.,207.0,130.0,328.0,495.0,4.0,6.0,6.0,3.0,7.0,6.0,2.0,1.0,Completed,3.0,1.4,3.49,1.35,3.84,1.41,3.23,1.34,20220517
22,Strasbourg,Internationaux de Strasbourg,2022-05-17,WTA250,Outdoor,Clay,2nd Round,3,Linette M.,Watson H.,56.0,105.0,1081.0,621.0,6.0,1.0,6.0,1.0,,,2.0,0.0,Completed,1.28,3.75,1.31,3.74,1.35,3.75,1.29,3.53,20220517
22,Strasbourg,Internationaux de Strasbourg,2022-05-17,WTA250,Outdoor,Clay,2nd Round,3,Zanevska M.,Tan H.,65.0,112.0,964.0,590.0,4.0,6.0,7.0,5.0,6.0,1.0,2.0,1.0,Completed,1.33,3.4,1.44,3.0,1.45,3.4,1.41,2.89,20220517
22,Strasbourg,Internationaux de Strasbourg,2022-05-18,WTA250,Outdoor,Clay,2nd Round,3,Pliskova Ka.,Pera B.,8.0,122.0,3568.0,523.0,6.0,3.0,1.0,6.0,6.0,1.0,2.0,1.0,Completed,1.36,3.2,1.38,3.26,1.4,3.27,1.36,3.08,20220518
22,Strasbourg,Internationaux de Strasbourg,2022-05-18,WTA250,Outdoor,Clay,2nd Round,3,Juvan K.,Berberovic N.,81.0,306.0,802.0,208.0,6.0,2.0,6.0,3.0,,,2.0,0.0,Completed,1.07,9.0,1.08,9.77,1.08,9.77,1.07,8.46,20220518
22,Strasbourg,Internationaux de Strasbourg,2022-05-18,WTA250,Outdoor,Clay,2nd Round,3,Mertens E.,Friedsam A.L.,33.0,207.0,1446.0,328.0,7.0,5.0,7.0,5.0,,,2.0,0.0,Completed,1.25,4.0,1.25,4.41,1.25,4.51,1.23,4.13,20220518
22,Strasbourg,Internationaux de Strasbourg,2022-05-18,WTA250,Outdoor,Clay,2nd Round,3,Dodin O.,Makarova E.,94.0,348.0,708.0,168.0,6.0,2.0,6.0,1.0,,,2.0,0.0,Completed,1.16,5.0,1.21,5.01,1.26,5.08,1.19,4.62,20220518
22,Strasbourg,Internationaux de Strasbourg,2022-05-18,WTA250,Outdoor,Clay,2nd Round,3,Golubic V.,Ferro F.,60.0,139.0,1047.0,459.0,6.0,4.0,6.0,2.0,,,2.0,0.0,Completed,1.72,2.1,1.75,2.18,1.76,2.38,1.72,2.12,20220518
22,Strasbourg,Internationaux de Strasbourg,2022-05-18,WTA250,Outdoor,Clay,2nd Round,3,Kerber A.,Sasnovich A.,22.0,45.0,2074.0,1183.0,6.0,2.0,3.0,6.0,6.0,4.0,2.0,1.0,Completed,2.0,1.8,1.98,1.91,2.14,2.07,1.92,1.87,20220518
22,Strasbourg,Internationaux de Strasbourg,2022-05-19,WTA250,Outdoor,Clay,Quarterfinals,3,Juvan K.,Mertens E.,81.0,33.0,802.0,1446.0,7.0,6.0,6.0,4.0,,,2.0,0.0,Completed,2.1,1.72,2.26,1.72,2.3,2.0,2.14,1.7,20220519
22,Strasbourg,Internationaux de Strasbourg,2022-05-19,WTA250,Outdoor,Clay,Quarterfinals,3,Pliskova Ka.,Zanevska M.,8.0,65.0,3568.0,964.0,6.0,4.0,7.0,6.0,,,2.0,0.0,Completed,1.5,2.62,1.49,2.84,1.53,2.91,1.46,2.68,20220519
22,Strasbourg,Internationaux de Strasbourg,2022-05-19,WTA250,Outdoor,Clay,Quarterfinals,3,Kerber A.,Linette M.,22.0,56.0,2074.0,1081.0,6.0,2.0,4.0,6.0,6.0,4.0,2.0,1.0,Completed,1.8,2.0,1.92,1.99,1.95,2.06,1.83,1.97,20220519
22,Strasbourg,Internationaux de Strasbourg,2022-05-19,WTA250,Outdoor,Clay,Quarterfinals,3,Dodin O.,Golubic V.,94.0,60.0,708.0,1047.0,6.0,3.0,6.0,0.0,,,2.0,0.0,Completed,2.3,1.61,2.42,1.64,2.42,1.73,2.28,1.62,20220519
22,Strasbourg,Internationaux de Strasbourg,2022-05-20,WTA250,Outdoor,Clay,Semifinals,3,Juvan K.,Pliskova Ka.,81.0,8.0,802.0,3568.0,6.0,2.0,7.0,5.0,,,2.0,0.0,Completed,2.0,1.8,2.1,1.81,2.12,1.88,2.04,1.78,20220520
22,Strasbourg,Internationaux de Strasbourg,2022-05-20,WTA250,Outdoor,Clay,Semifinals,3,Kerber A.,Dodin O.,22.0,94.0,2074.0,708.0,7.0,6.0,1.0,0.0,,,1.0,0.0,Retired,1.44,2.75,1.47,2.89,1.47,3.1,1.42,2.85,20220520
22,Strasbourg,Internationaux de Strasbourg,2022-05-21,WTA250,Outdoor,Clay,The Final,3,Kerber A.,Juvan K.,22.0,81.0,2074.0,802.0,7.0,6.0,6.0,7.0,7.0,6.0,2.0,1.0,Completed,1.9,1.9,2.03,1.88,2.1,1.95,1.93,1.87,20220521
23,Paris,French Open,2022-05-22,Grand Slam,Outdoor,Clay,1st Round,3,Cirstea S.,Maria T.,26.0,105.0,1670.0,612.0,6.0,3.0,6.0,3.0,,,2.0,0.0,Completed,1.3,3.5,1.3,3.87,1.33,4.0,1.29,3.58,20220522
23,Paris,French Open,2022-05-22,Grand Slam,Outdoor,Clay,1st Round,3,Osorio M.,Tan H.,66.0,106.0,989.0,608.0,6.0,4.0,6.0,3.0,,,2.0,0.0,Completed,1.4,3.0,1.47,2.89,1.47,3.26,1.39,3.02,20220522
23,Paris,French Open,2022-05-22,Grand Slam,Outdoor,Clay,1st Round,3,Stephens S.,Niemeier J.,64.0,102.0,1000.0,650.0,5.0,7.0,6.0,4.0,6.0,2.0,2.0,1.0,Completed,3.0,1.4,2.74,1.51,3.0,1.55,2.7,1.47,20220522
23,Paris,French Open,2022-05-22,Grand Slam,Outdoor,Clay,1st Round,3,Haddad Maia B.,Bucsa C.,48.0,134.0,1158.0,471.0,6.0,3.0,1.0,6.0,6.0,2.0,2.0,1.0,Completed,1.36,3.2,1.34,3.51,1.38,3.87,1.33,3.37,20220522
23,Paris,French Open,2022-05-22,Grand Slam,Outdoor,Clay,1st Round,3,Linette M.,Jabeur O.,52.0,6.0,1111.0,4380.0,3.0,6.0,7.0,6.0,7.0,5.0,2.0,1.0,Completed,6.0,1.12,7.14,1.12,7.4,1.17,6.49,1.12,20220522
23,Paris,French Open,2022-05-22,Grand Slam,Outdoor,Clay,1st Round,3,Muchova K.,Monnet C.,81.0,253.0,808.0,276.0,6.0,3.0,6.0,3.0,,,2.0,0.0,Completed,1.1,7.0,1.12,7.41,1.13,8.5,1.1,7.03,20220522
23,Paris,French Open,2022-05-22,Grand Slam,Outdoor,Clay,1st Round,3,Kanepi K.,Muguruza G.,46.0,10.0,1177.0,3060.0,2.0,6.0,6.0,3.0,6.0,4.0,2.0,1.0,Completed,2.1,1.72,2.06,1.83,2.21,1.91,2.03,1.79,20220522
23,Paris,French Open,2022-05-22,Grand Slam,Outdoor,Clay,1st Round,3,Sasnovich A.,Wang Xin.,47.0,77.0,1171.0,864.0,6.0,4.0,6.0,1.0,,,2.0,0.0,Completed,1.5,2.62,1.48,2.84,1.51,3.0,1.44,2.79,20220522
23,Paris,French Open,2022-05-22,Grand Slam,Outdoor,Clay,1st Round,3,Siniakova K.,Martic P.,56.0,76.0,1062.0,869.0,6.0,4.0,7.0,6.0,,,2.0,0.0,Completed,2.75,1.44,3.2,1.4,3.38,1.5,2.97,1.4,20220522
23,Paris,French Open,2022-05-22,Grand Slam,Outdoor,Clay,1st Round,3,Teichmann J.,Pera B.,24.0,116.0,1783.0,552.0,6.0,2.0,6.0,1.0,,,2.0,0.0,Completed,1.4,3.0,1.41,3.1,1.46,3.2,1.4,2.97,20220522
23,Paris,French Open,2022-05-22,Grand Slam,Outdoor,Clay,1st Round,3,Danilovic O.,Galfi D.,172.0,96.0,377.0,695.0,3.0,6.0,7.0,6.0,6.0,2.0,2.0,1.0,Completed,2.1,1.72,2.2,1.74,2.3,1.75,2.14,1.72,20220522
23,Paris,French Open,2022-05-22,Grand Slam,Outdoor,Clay,1st Round,3,Gracheva V.,Sharma A.,71.0,124.0,914.0,510.0,4.0,6.0,6.0,4.0,7.0,5.0,2.0,1.0,Completed,1.44,2.75,1.41,3.11,1.49,3.13,1.42,2.88,20220522
23,Paris,French Open,2022-05-22,Grand Slam,Outdoor,Clay,1st Round,3,Van Uytvanck A.,Li A.,60.0,67.0,1035.0,981.0,3.0,6.0,2.0,3.0,,,0.0,1.0,Retired,1.72,2.1,1.78,2.15,1.86,2.19,1.76,2.08,20220522
23,Paris,French Open,2022-05-22,Grand Slam,Outdoor,Clay,1st Round,3,Sakkari M.,Burel C.,3.0,94.0,4726.0,714.0,6.0,2.0,6.0,3.0,,,2.0,0.0,Completed,1.07,9.0,1.09,9.03,1.11,10.25,1.07,8.45,20220522
23,Paris,French Open,2022-05-22,Grand Slam,Outdoor,Clay,1st Round,3,Mertens E.,Ruse E.G.,32.0,51.0,1505.0,1116.0,6.0,3.0,6.0,1.0,,,2.0,0.0,Completed,1.5,2.62,1.56,2.58,1.58,2.62,1.54,2.49,20220522
23,Paris,French Open,2022-05-22,Grand Slam,Outdoor,Clay,1st Round,3,Gauff C.,Marino R.,23.0,115.0,1886.0,557.0,7.0,5.0,6.0,0.0,,,2.0,0.0,Completed,1.25,4.0,1.23,4.6,1.26,4.95,1.22,4.31,20220522
23,Paris,French Open,2022-05-22,Grand Slam,Outdoor,Clay,1st Round,3,Vekic D.,Bjorklund M.,100.0,148.0,652.0,433.0,7.0,6.0,6.0,2.0,,,2.0,0.0,Completed,1.53,2.5,1.49,2.8,1.65,2.8,1.54,2.49,20220522
23,Paris,French Open,2022-05-22,Grand Slam,Outdoor,Clay,1st Round,3,Bencic B.,Jani R.L.,14.0,145.0,2525.0,439.0,6.0,1.0,6.0,1.0,,,2.0,0.0,Completed,1.05,11.0,1.05,12.52,1.06,13.0,1.05,11.16,20220522
23,Paris,French Open,2022-05-22,Grand Slam,Outdoor,Clay,1st Round,3,Fernandez L.A.,Mladenovic K.,18.0,107.0,2245.0,606.0,6.0,0.0,7.0,5.0,,,2.0,0.0,Completed,1.14,5.5,1.15,6.18,1.17,6.75,1.14,5.8,20220522
23,Paris,French Open,2022-05-22,Grand Slam,Outdoor,Clay,1st Round,3,Bouzkova M.,Gasanova A.,69.0,154.0,945.0,418.0,6.0,2.0,6.0,1.0,,,2.0,0.0,Completed,1.2,4.5,1.19,5.2,1.29,6.05,1.19,4.87,20220522
23,Paris,French Open,2022-05-23,Grand Slam,Outdoor,Clay,1st Round,3,Petkovic A.,Dodin O.,65.0,84.0,997.0,788.0,6.0,4.0,6.0,2.0,,,2.0,0.0,Completed,1.9,1.9,1.74,2.21,1.9,2.21,1.79,2.03,20220523
23,Paris,French Open,2022-05-23,Grand Slam,Outdoor,Clay,1st Round,3,Anisimova A.,Osaka N.,28.0,38.0,1610.0,1295.0,7.0,5.0,6.0,4.0,,,2.0,0.0,Completed,1.53,2.5,1.54,2.64,1.61,2.85,1.5,2.59,20220523
23,Paris,French Open,2022-05-23,Grand Slam,Outdoor,Clay,1st Round,3,Trevisan M.,Dart H.,59.0,111.0,1038.0,594.0,6.0,0.0,6.0,2.0,,,2.0,0.0,Completed,1.22,4.33,1.18,5.41,1.23,5.52,1.19,4.75,20220523
23,Paris,French Open,2022-05-23,Grand Slam,Outdoor,Clay,1st Round,3,Andreescu B.,Bonaventure Y.,72.0,168.0,913.0,380.0,3.0,6.0,7.0,5.0,6.0,0.0,2.0,1.0,Completed,1.08,8.0,1.1,8.43,1.12,8.5,1.09,7.52,20220523
23,Paris,French Open,2022-05-23,Grand Slam,Outdoor,Clay,1st Round,3,Zheng Q.,Zanevska M.,74.0,62.0,879.0,1015.0,6.0,3.0,6.0,1.0,,,2.0,0.0,Completed,1.66,2.2,1.66,2.34,1.74,2.34,1.67,2.22,20220523
23,Paris,French Open,2022-05-23,Grand Slam,Outdoor,Clay,1st Round,3,Saville D.,Grammatikopoulou V.,127.0,187.0,496.0,355.0,6.0,1.0,6.0,2.0,,,2.0,0.0,Completed,1.16,5.0,1.17,5.62,1.22,5.62,1.17,5.1,20220523
23,Paris,French Open,2022-05-23,Grand Slam,Outdoor,Clay,1st Round,3,Azarenka V.,Bogdan A.,15.0,93.0,2440.0,716.0,6.0,7.0,7.0,6.0,6.0,2.0,2.0,1.0,Completed,1.3,3.5,1.3,3.86,1.36,4.15,1.31,3.47,20220523
23,Paris,French Open,2022-05-23,Grand Slam,Outdoor,Clay,1st Round,3,Kvitova P.,Bondar A.,34.0,61.0,1435.0,1033.0,7.0,6.0,6.0,1.0,,,2.0,0.0,Completed,1.72,2.1,1.75,2.18,1.8,2.28,1.7,2.15,20220523
23,Paris,French Open,2022-05-23,Grand Slam,Outdoor,Clay,1st Round,3,Swiatek I.,Tsurenko L.,1.0,119.0,7061.0,537.0,6.0,2.0,6.0,0.0,,,2.0,0.0,Completed,1.02,17.0,1.02,22.11,1.02,25.0,1.01,18.06,20220523
23,Paris,French Open,2022-05-23,Grand Slam,Outdoor,Clay,1st Round,3,Riske A.,Yastremska D.,43.0,82.0,1201.0,804.0,6.0,3.0,6.0,3.0,,,2.0,0.0,Completed,2.5,1.53,2.54,1.57,2.6,1.67,2.43,1.56,20220523
23,Paris,French Open,2022-05-23,Grand Slam,Outdoor,Clay,1st Round,3,Parry D.,Krejcikova B.,97.0,2.0,682.0,4911.0,1.0,6.0,6.0,2.0,6.0,3.0,2.0,1.0,Completed,4.5,1.2,4.32,1.25,4.75,1.25,4.31,1.22,20220523
23,Paris,French Open,2022-05-23,Grand Slam,Outdoor,Clay,1st Round,3,Kovinic D.,Samsonova L.,95.0,27.0,713.0,1670.0,2.0,6.0,6.0,2.0,6.0,1.0,2.0,1.0,Completed,2.75,1.44,2.94,1.45,3.1,1.45,2.83,1.42,20220523
23,Paris,French Open,2022-05-23,Grand Slam,Outdoor,Clay,1st Round,3,Jacquemot E.,Watson H.,215.0,103.0,323.0,633.0,6.0,3.0,6.0,3.0,,,2.0,0.0,Completed,1.9,1.9,2.02,1.87,2.05,1.95,1.94,1.87,20220523
23,Paris,French Open,2022-05-23,Grand Slam,Outdoor,Clay,1st Round,3,Jeanjean L.,Parrizas Diaz N.,227.0,45.0,307.0,1190.0,6.0,4.0,6.0,3.0,,,2.0,0.0,Completed,4.5,1.2,4.34,1.25,4.59,1.27,4.24,1.22,20220523
23,Paris,French Open,2022-05-23,Grand Slam,Outdoor,Clay,1st Round,3,Raducanu E.,Noskova L.,12.0,184.0,2910.0,359.0,6.0,7.0,7.0,5.0,6.0,1.0,2.0,1.0,Completed,1.4,3.0,1.42,3.08,1.42,3.32,1.38,3.07,20220523
23,Paris,French Open,2022-05-23,Grand Slam,Outdoor,Clay,1st Round,3,Schmiedlova A.,Kucova K.,92.0,88.0,724.0,771.0,4.0,6.0,7.0,6.0,6.0,2.0,2.0,1.0,Completed,1.5,2.62,1.47,2.88,1.53,3.0,1.46,2.73,20220523
23,Paris,French Open,2022-05-23,Grand Slam,Outdoor,Clay,1st Round,3,Tomljanovic A.,Kontaveit A.,42.0,5.0,1216.0,4446.0,7.0,6.0,7.0,5.0,,,2.0,0.0,Completed,3.5,1.3,3.51,1.34,4.0,1.4,3.35,1.33,20220523
23,Paris,French Open,2022-05-23,Grand Slam,Outdoor,Clay,1st Round,3,Kudermetova V.,Zhu L.,29.0,99.0,1585.0,675.0,6.0,4.0,3.0,6.0,6.0,3.0,2.0,1.0,Completed,1.22,4.33,1.26,4.2,1.25,4.77,1.22,4.35,20220523
23,Paris,French Open,2022-05-23,Grand Slam,Outdoor,Clay,1st Round,3,Kerber A.,Frech M.,17.0,89.0,2354.0,760.0,2.0,6.0,6.0,3.0,7.0,5.0,2.0,1.0,Completed,1.36,3.2,1.41,3.15,1.41,3.52,1.37,3.1,20220523
23,Paris,French Open,2022-05-24,Grand Slam,Outdoor,Clay,1st Round,3,Pliskova Ka.,Andrianjafitrimo T.,8.0,141.0,3678.0,456.0,2.0,6.0,6.0,3.0,6.0,1.0,2.0,1.0,Completed,1.11,6.5,1.12,7.29,1.12,7.5,1.11,6.86,20220524
23,Paris,French Open,2022-05-24,Grand Slam,Outdoor,Clay,1st Round,3,Collins D.,Tomova V.,9.0,140.0,3315.0,459.0,6.0,0.0,6.0,4.0,,,2.0,0.0,Completed,1.12,6.0,1.12,7.42,1.14,7.42,1.12,6.3,20220524
23,Paris,French Open,2022-05-24,Grand Slam,Outdoor,Clay,1st Round,3,Krunic A.,Rakhimova K.,114.0,109.0,562.0,599.0,6.0,4.0,6.0,3.0,,,2.0,0.0,Completed,1.5,2.62,1.56,2.58,1.6,2.65,1.53,2.51,20220524
23,Paris,French Open,2022-05-24,Grand Slam,Outdoor,Clay,1st Round,3,Ostapenko J.,Bronzetti L.,13.0,73.0,2536.0,890.0,6.0,1.0,6.0,4.0,,,2.0,0.0,Completed,1.4,3.0,1.41,3.13,1.44,3.2,1.39,3.0,20220524
23,Paris,French Open,2022-05-24,Grand Slam,Outdoor,Clay,1st Round,3,Cornet A.,Doi M.,40.0,98.0,1266.0,680.0,6.0,2.0,6.0,0.0,,,2.0,0.0,Completed,1.2,4.5,1.2,5.17,1.23,5.3,1.19,4.75,20220524
23,Paris,French Open,2022-05-24,Grand Slam,Outdoor,Clay,1st Round,3,Volynets K.,Golubic V.,135.0,53.0,468.0,1086.0,6.0,2.0,2.0,6.0,6.0,1.0,2.0,1.0,Completed,2.0,1.8,2.05,1.85,2.15,1.86,2.03,1.8,20220524
23,Paris,French Open,2022-05-24,Grand Slam,Outdoor,Clay,1st Round,3,Rybakina E.,Rus A.,16.0,78.0,2420.0,857.0,6.0,1.0,5.0,7.0,6.0,2.0,2.0,1.0,Completed,1.2,4.5,1.26,4.25,1.31,4.5,1.25,4.02,20220524
23,Paris,French Open,2022-05-24,Grand Slam,Outdoor,Clay,1st Round,3,Alexandrova E.,Minnen G.,31.0,83.0,1531.0,792.0,7.0,5.0,6.0,3.0,,,2.0,0.0,Completed,1.1,7.0,1.1,8.33,1.11,8.5,1.09,7.54,20220524
23,Paris,French Open,2022-05-24,Grand Slam,Outdoor,Clay,1st Round,3,Garcia C.,Townsend T.,79.0,342.0,855.0,180.0,6.0,3.0,6.0,4.0,,,2.0,0.0,Completed,2.5,1.53,2.34,1.66,2.5,1.7,2.31,1.61,20220524
23,Paris,French Open,2022-05-24,Grand Slam,Outdoor,Clay,1st Round,3,Begu I.,Paolini J.,63.0,55.0,1004.0,1074.0,4.0,6.0,6.0,1.0,7.0,6.0,2.0,1.0,Completed,1.44,2.75,1.49,2.79,1.5,2.85,1.47,2.73,20220524
23,Paris,French Open,2022-05-24,Grand Slam,Outdoor,Clay,1st Round,3,Keys M.,Kalinskaya A.,22.0,86.0,1899.0,784.0,6.0,3.0,3.0,6.0,6.0,4.0,2.0,1.0,Completed,1.36,3.2,1.37,3.35,1.42,3.4,1.36,3.17,20220524
23,Paris,French Open,2022-05-24,Grand Slam,Outdoor,Clay,1st Round,3,Rogers S.,Martincova T.,50.0,54.0,1134.0,1083.0,6.0,4.0,6.0,3.0,,,2.0,0.0,Completed,1.72,2.1,1.81,2.1,1.86,2.15,1.77,2.06,20220524
23,Paris,French Open,2022-05-24,Grand Slam,Outdoor,Clay,1st Round,3,Sherif M.,Kostyuk M.,49.0,58.0,1135.0,1050.0,6.0,3.0,7.0,5.0,,,2.0,0.0,Completed,2.0,1.8,2.01,1.88,2.1,1.98,1.94,1.86,20220524
23,Paris,French Open,2022-05-24,Grand Slam,Outdoor,Clay,1st Round,3,Putintseva Y.,Bara I.,37.0,112.0,1365.0,574.0,6.0,3.0,6.0,1.0,,,2.0,0.0,Completed,1.16,5.0,1.14,6.48,1.2,7.1,1.16,5.26,20220524
23,Paris,French Open,2022-05-24,Grand Slam,Outdoor,Clay,1st Round,3,Kalinina A.,Baptiste H.,36.0,123.0,1387.0,512.0,5.0,2.0,,,,,0.0,0.0,Retired,1.2,4.5,1.23,4.64,1.24,4.73,1.21,4.4,20220524
23,Paris,French Open,2022-05-24,Grand Slam,Outdoor,Clay,1st Round,3,Giorgi C.,Zhang S.,30.0,41.0,1583.0,1240.0,3.0,6.0,6.0,2.0,6.0,2.0,2.0,1.0,Completed,1.66,2.2,1.7,2.26,1.75,2.35,1.7,2.17,20220524
23,Paris,French Open,2022-05-24,Grand Slam,Outdoor,Clay,1st Round,3,Pegula J.,Wang Q.,11.0,129.0,2955.0,487.0,6.0,2.0,6.0,4.0,,,2.0,0.0,Completed,1.2,4.5,1.2,5.19,1.22,5.25,1.19,4.69,20220524
23,Paris,French Open,2022-05-24,Grand Slam,Outdoor,Clay,1st Round,3,Juvan K.,Selekhmeteva O.,68.0,196.0,980.0,343.0,7.0,5.0,7.0,6.0,,,2.0,0.0,Completed,1.3,3.5,1.26,4.22,1.38,4.25,1.29,3.61,20220524
23,Paris,French Open,2022-05-24,Grand Slam,Outdoor,Clay,1st Round,3,Zidansek T.,Liu C.,25.0,75.0,1683.0,873.0,6.0,2.0,6.0,2.0,,,2.0,0.0,Completed,2.0,1.8,1.98,1.91,2.07,2.05,1.96,1.85,20220524
23,Paris,French Open,2022-05-24,Grand Slam,Outdoor,Clay,1st Round,3,Brengle M.,Buzarnescu M.,57.0,120.0,1062.0,522.0,6.0,1.0,6.0,2.0,,,2.0,0.0,Completed,1.36,3.2,1.42,3.08,1.42,3.33,1.37,3.08,20220524
23,Paris,French Open,2022-05-24,Grand Slam,Outdoor,Clay,1st Round,3,Badosa P.,Ferro F.,4.0,130.0,4545.0,487.0,6.0,2.0,6.0,0.0,,,2.0,0.0,Completed,1.05,11.0,1.06,12.0,1.08,17.0,1.05,10.87,20220524
23,Paris,French Open,2022-05-24,Grand Slam,Outdoor,Clay,1st Round,3,Halep S.,Schunk N.,19.0,165.0,2126.0,388.0,6.0,4.0,1.0,6.0,6.0,1.0,2.0,1.0,Completed,1.04,13.0,1.05,12.76,1.05,14.0,1.04,11.74,20220524
23,Paris,French Open,2022-05-24,Grand Slam,Outdoor,Clay,1st Round,3,Kasatkina D.,Sramkova R.,20.0,176.0,2115.0,365.0,6.0,2.0,6.0,0.0,,,2.0,0.0,Completed,1.05,11.0,1.05,12.77,1.09,14.0,1.05,10.92,20220524
23,Paris,French Open,2022-05-24,Grand Slam,Outdoor,Clay,1st Round,3,Contreras Gomez F.,Udvardy P.,225.0,90.0,312.0,743.0,7.0,6.0,6.0,3.0,,,2.0,0.0,Completed,3.0,1.4,3.07,1.42,3.16,1.57,2.93,1.4,20220524
23,Paris,French Open,2022-05-24,Grand Slam,Outdoor,Clay,1st Round,3,Sabalenka A.,Paquet C.,7.0,101.0,3966.0,651.0,2.0,6.0,6.0,3.0,6.0,4.0,2.0,1.0,Completed,1.05,11.0,1.04,14.87,1.05,17.0,1.03,12.5,20220524
23,Paris,French Open,2022-05-25,Grand Slam,Outdoor,Clay,2nd Round,3,Azarenka V.,Petkovic A.,15.0,65.0,2440.0,997.0,6.0,1.0,7.0,6.0,,,2.0,0.0,Completed,1.3,3.5,1.28,4.0,1.35,4.25,1.29,3.65,20220525
23,Paris,French Open,2022-05-25,Grand Slam,Outdoor,Clay,2nd Round,3,Teichmann J.,Danilovic O.,24.0,172.0,1783.0,377.0,6.0,4.0,6.0,1.0,,,2.0,0.0,Completed,1.12,6.0,1.18,5.59,1.18,6.4,1.14,5.76,20220525
23,Paris,French Open,2022-05-25,Grand Slam,Outdoor,Clay,2nd Round,3,Sasnovich A.,Raducanu E.,47.0,12.0,1171.0,2910.0,3.0,6.0,6.0,1.0,6.0,1.0,2.0,1.0,Completed,1.8,2.0,1.89,2.0,1.9,2.19,1.81,2.0,20220525
23,Paris,French Open,2022-05-25,Grand Slam,Outdoor,Clay,2nd Round,3,Kerber A.,Jacquemot E.,17.0,215.0,2354.0,323.0,6.0,1.0,7.0,6.0,,,2.0,0.0,Completed,1.28,3.75,1.25,4.33,1.32,4.33,1.28,3.69,20220525
23,Paris,French Open,2022-05-25,Grand Slam,Outdoor,Clay,2nd Round,3,Mertens E.,Bouzkova M.,32.0,69.0,1505.0,945.0,,,,,,,,,Walkover,1.8,2.0,1.88,1.99,1.95,2.1,1.84,1.97,20220525
23,Paris,French Open,2022-05-25,Grand Slam,Outdoor,Clay,2nd Round,3,Muchova K.,Sakkari M.,81.0,3.0,808.0,4726.0,7.0,6.0,7.0,6.0,,,2.0,0.0,Completed,2.75,1.44,3.07,1.42,3.15,1.5,2.86,1.43,20220525
23,Paris,French Open,2022-05-25,Grand Slam,Outdoor,Clay,2nd Round,3,Anisimova A.,Vekic D.,28.0,100.0,1610.0,652.0,6.0,4.0,6.0,1.0,,,2.0,0.0,Completed,1.11,6.5,1.12,7.37,1.14,7.37,1.11,6.67,20220525
23,Paris,French Open,2022-05-25,Grand Slam,Outdoor,Clay,2nd Round,3,Gauff C.,Van Uytvanck A.,23.0,60.0,1886.0,1035.0,6.0,1.0,7.0,6.0,,,2.0,0.0,Completed,1.14,5.5,1.13,6.96,1.16,7.0,1.13,6.13,20220525
23,Paris,French Open,2022-05-25,Grand Slam,Outdoor,Clay,2nd Round,3,Kanepi K.,Haddad Maia B.,46.0,48.0,1177.0,1158.0,6.0,4.0,6.0,4.0,,,2.0,0.0,Completed,1.61,2.3,1.68,2.31,1.72,2.35,1.65,2.26,20220525
23,Paris,French Open,2022-05-25,Grand Slam,Outdoor,Clay,2nd Round,3,Fernandez L.A.,Siniakova K.,18.0,56.0,2245.0,1062.0,6.0,3.0,6.0,2.0,,,2.0,0.0,Completed,1.61,2.3,1.64,2.38,1.72,2.38,1.64,2.27,20220525
23,Paris,French Open,2022-05-25,Grand Slam,Outdoor,Clay,2nd Round,3,Stephens S.,Cirstea S.,64.0,26.0,1000.0,1670.0,3.0,6.0,6.0,2.0,6.0,0.0,2.0,1.0,Completed,2.3,1.61,2.61,1.55,2.7,1.61,2.49,1.54,20220525
23,Paris,French Open,2022-05-25,Grand Slam,Outdoor,Clay,2nd Round,3,Gracheva V.,Tomljanovic A.,71.0,42.0,914.0,1216.0,6.0,4.0,6.0,7.0,7.0,5.0,2.0,1.0,Completed,2.3,1.61,2.35,1.66,2.42,1.69,2.28,1.63,20220525
23,Paris,French Open,2022-05-25,Grand Slam,Outdoor,Clay,2nd Round,3,Bencic B.,Andreescu B.,14.0,72.0,2525.0,913.0,6.0,2.0,6.0,4.0,,,2.0,0.0,Completed,1.61,2.3,1.62,2.42,1.65,2.55,1.59,2.37,20220525
23,Paris,French Open,2022-05-25,Grand Slam,Outdoor,Clay,2nd Round,3,Trevisan M.,Linette M.,59.0,52.0,1038.0,1111.0,6.0,3.0,6.0,2.0,,,2.0,0.0,Completed,1.9,1.9,1.95,1.93,2.02,1.95,1.92,1.89,20220525
23,Paris,French Open,2022-05-25,Grand Slam,Outdoor,Clay,2nd Round,3,Saville D.,Kvitova P.,127.0,34.0,496.0,1435.0,6.0,4.0,6.0,2.0,,,2.0,0.0,Completed,2.5,1.53,2.52,1.59,2.6,1.59,2.48,1.54,20220525
23,Paris,French Open,2022-05-25,Grand Slam,Outdoor,Clay,2nd Round,3,Parry D.,Osorio M.,97.0,66.0,682.0,986.0,6.0,3.0,6.0,3.0,,,2.0,0.0,Completed,2.75,1.44,2.78,1.5,2.87,1.53,2.72,1.46,20220525
23,Paris,French Open,2022-05-26,Grand Slam,Outdoor,Clay,2nd Round,3,Jeanjean L.,Pliskova Ka.,227.0,8.0,307.0,3678.0,6.0,2.0,6.0,2.0,,,2.0,0.0,Completed,4.5,1.2,4.71,1.22,5.0,1.25,4.5,1.21,20220526
23,Paris,French Open,2022-05-26,Grand Slam,Outdoor,Clay,2nd Round,3,Pegula J.,Kalinina A.,11.0,36.0,2955.0,1387.0,6.0,1.0,5.0,7.0,6.0,4.0,2.0,1.0,Completed,1.53,2.5,1.55,2.56,1.57,2.75,1.52,2.53,20220526
23,Paris,French Open,2022-05-26,Grand Slam,Outdoor,Clay,2nd Round,3,Badosa P.,Juvan K.,4.0,68.0,4545.0,980.0,7.0,5.0,3.0,6.0,6.0,2.0,2.0,1.0,Completed,1.16,5.0,1.2,5.17,1.22,5.5,1.18,4.87,20220526
23,Paris,French Open,2022-05-26,Grand Slam,Outdoor,Clay,2nd Round,3,Begu I.,Alexandrova E.,63.0,31.0,1004.0,1531.0,6.0,7.0,6.0,3.0,6.0,4.0,2.0,1.0,Completed,2.75,1.44,2.74,1.51,3.01,1.55,2.69,1.47,20220526
23,Paris,French Open,2022-05-26,Grand Slam,Outdoor,Clay,2nd Round,3,Kudermetova V.,Krunic A.,29.0,114.0,1585.0,562.0,6.0,3.0,6.0,3.0,,,2.0,0.0,Completed,1.3,3.5,1.34,3.53,1.34,3.82,1.31,3.47,20220526
23,Paris,French Open,2022-05-26,Grand Slam,Outdoor,Clay,2nd Round,3,Kasatkina D.,Contreras Gomez F.,20.0,225.0,2115.0,312.0,6.0,0.0,6.0,3.0,,,2.0,0.0,Completed,1.07,9.0,1.07,10.55,1.11,11.0,1.06,9.22,20220526
23,Paris,French Open,2022-05-26,Grand Slam,Outdoor,Clay,2nd Round,3,Rybakina E.,Volynets K.,16.0,135.0,2420.0,468.0,6.0,4.0,6.0,0.0,,,2.0,0.0,Completed,1.2,4.5,1.21,4.95,1.24,5.0,1.2,4.63,20220526
23,Paris,French Open,2022-05-26,Grand Slam,Outdoor,Clay,2nd Round,3,Kovinic D.,Schmiedlova A.,95.0,92.0,713.0,724.0,6.0,3.0,7.0,5.0,,,2.0,0.0,Completed,1.61,2.3,1.67,2.33,1.68,2.4,1.63,2.28,20220526
23,Paris,French Open,2022-05-26,Grand Slam,Outdoor,Clay,2nd Round,3,Keys M.,Garcia C.,22.0,79.0,1899.0,855.0,6.0,4.0,7.0,6.0,,,2.0,0.0,Completed,1.5,2.62,1.53,2.65,1.55,2.8,1.51,2.58,20220526
23,Paris,French Open,2022-05-26,Grand Slam,Outdoor,Clay,2nd Round,3,Giorgi C.,Putintseva Y.,30.0,37.0,1583.0,1365.0,6.0,3.0,7.0,5.0,,,2.0,0.0,Completed,2.5,1.53,2.42,1.62,2.6,1.62,2.42,1.57,20220526
23,Paris,French Open,2022-05-26,Grand Slam,Outdoor,Clay,2nd Round,3,Zheng Q.,Halep S.,74.0,19.0,879.0,2126.0,2.0,6.0,6.0,2.0,6.0,1.0,2.0,1.0,Completed,4.5,1.2,4.77,1.22,5.0,1.25,4.47,1.21,20220526
23,Paris,French Open,2022-05-26,Grand Slam,Outdoor,Clay,2nd Round,3,Swiatek I.,Riske A.,1.0,43.0,7061.0,1201.0,6.0,0.0,6.0,2.0,,,2.0,0.0,Completed,1.01,21.0,1.02,22.17,1.03,25.0,1.01,18.05,20220526
23,Paris,French Open,2022-05-26,Grand Slam,Outdoor,Clay,2nd Round,3,Sabalenka A.,Brengle M.,7.0,57.0,3966.0,1062.0,6.0,1.0,6.0,3.0,,,2.0,0.0,Completed,1.16,5.0,1.2,5.12,1.2,5.5,1.18,4.83,20220526
23,Paris,French Open,2022-05-26,Grand Slam,Outdoor,Clay,2nd Round,3,Rogers S.,Collins D.,50.0,9.0,1134.0,3315.0,6.0,4.0,6.0,3.0,,,2.0,0.0,Completed,3.5,1.3,3.51,1.34,3.82,1.35,3.5,1.31,20220526
23,Paris,French Open,2022-05-26,Grand Slam,Outdoor,Clay,2nd Round,3,Cornet A.,Ostapenko J.,40.0,13.0,1266.0,2536.0,6.0,0.0,1.0,6.0,6.0,3.0,2.0,1.0,Completed,2.75,1.44,2.61,1.55,2.78,1.57,2.61,1.5,20220526
23,Paris,French Open,2022-05-28,Grand Slam,Outdoor,Clay,2nd Round,3,Zidansek T.,Sherif M.,25.0,49.0,1683.0,1135.0,,,,,,,,,Walkover,1.72,2.1,1.72,2.2,1.76,2.25,1.7,2.15,20220528
23,Paris,French Open,2022-05-27,Grand Slam,Outdoor,Clay,3rd Round,3,Anisimova A.,Muchova K.,28.0,81.0,1610.0,808.0,6.0,7.0,6.0,2.0,3.0,0.0,1.0,1.0,Retired,1.4,3.0,1.4,3.17,1.47,3.36,1.39,3.04,20220527
23,Paris,French Open,2022-05-27,Grand Slam,Outdoor,Clay,3rd Round,3,Fernandez L.A.,Bencic B.,18.0,14.0,2245.0,2525.0,7.0,5.0,3.0,6.0,7.0,5.0,2.0,1.0,Completed,2.75,1.44,2.75,1.5,2.95,1.52,2.76,1.45,20220527
23,Paris,French Open,2022-05-27,Grand Slam,Outdoor,Clay,3rd Round,3,Trevisan M.,Saville D.,59.0,127.0,1038.0,496.0,6.0,3.0,6.0,4.0,,,2.0,0.0,Completed,1.57,2.37,1.66,2.35,1.72,2.46,1.64,2.27,20220527
23,Paris,French Open,2022-05-27,Grand Slam,Outdoor,Clay,3rd Round,3,Sasnovich A.,Kerber A.,47.0,17.0,1171.0,2354.0,6.0,4.0,7.0,6.0,,,2.0,0.0,Completed,1.9,1.9,1.92,1.97,2.1,2.0,1.91,1.9,20220527
23,Paris,French Open,2022-05-27,Grand Slam,Outdoor,Clay,3rd Round,3,Gauff C.,Kanepi K.,23.0,46.0,1886.0,1177.0,6.0,3.0,6.0,4.0,,,2.0,0.0,Completed,1.53,2.5,1.57,2.55,1.64,2.6,1.55,2.46,20220527
23,Paris,French Open,2022-05-27,Grand Slam,Outdoor,Clay,3rd Round,3,Mertens E.,Gracheva V.,32.0,71.0,1505.0,914.0,6.0,2.0,6.0,3.0,,,2.0,0.0,Completed,1.4,3.0,1.43,3.03,1.45,3.2,1.41,2.94,20220527
23,Paris,French Open,2022-05-27,Grand Slam,Outdoor,Clay,3rd Round,3,Teichmann J.,Azarenka V.,24.0,15.0,1783.0,2440.0,4.0,6.0,7.0,5.0,7.0,6.0,2.0,1.0,Completed,1.9,1.9,1.95,1.93,1.96,1.97,1.91,1.91,20220527
23,Paris,French Open,2022-05-27,Grand Slam,Outdoor,Clay,3rd Round,3,Stephens S.,Parry D.,64.0,97.0,1000.0,682.0,6.0,2.0,6.0,3.0,,,2.0,0.0,Completed,1.5,2.62,1.51,2.74,1.57,2.8,1.5,2.62,20220527
23,Paris,French Open,2022-05-28,Grand Slam,Outdoor,Clay,3rd Round,3,Begu I.,Jeanjean L.,63.0,227.0,1004.0,307.0,6.0,1.0,6.0,4.0,,,2.0,0.0,Completed,1.36,3.2,1.35,3.45,1.43,3.45,1.36,3.2,20220528
23,Paris,French Open,2022-05-28,Grand Slam,Outdoor,Clay,3rd Round,3,Swiatek I.,Kovinic D.,1.0,95.0,7061.0,713.0,6.0,3.0,7.0,5.0,,,2.0,0.0,Completed,1.01,21.0,1.02,17.54,1.03,29.0,1.02,16.68,20220528
23,Paris,French Open,2022-05-28,Grand Slam,Outdoor,Clay,3rd Round,3,Kasatkina D.,Rogers S.,20.0,50.0,2115.0,1134.0,6.0,3.0,6.0,2.0,,,2.0,0.0,Completed,1.36,3.2,1.33,3.64,1.37,3.65,1.33,3.38,20220528
23,Paris,French Open,2022-05-28,Grand Slam,Outdoor,Clay,3rd Round,3,Zheng Q.,Cornet A.,74.0,40.0,879.0,1266.0,6.0,0.0,3.0,0.0,,,1.0,0.0,Retired,1.61,2.3,1.67,2.32,1.73,2.33,1.66,2.22,20220528
23,Paris,French Open,2022-05-28,Grand Slam,Outdoor,Clay,3rd Round,3,Giorgi C.,Sabalenka A.,30.0,7.0,1583.0,3966.0,4.0,6.0,6.0,1.0,6.0,0.0,2.0,1.0,Completed,3.4,1.33,3.44,1.35,3.9,1.36,3.48,1.31,20220528
23,Paris,French Open,2022-05-28,Grand Slam,Outdoor,Clay,3rd Round,3,Pegula J.,Zidansek T.,11.0,25.0,2955.0,1683.0,6.0,1.0,7.0,6.0,,,2.0,0.0,Completed,1.36,3.2,1.42,3.07,1.43,3.2,1.38,3.04,20220528
23,Paris,French Open,2022-05-28,Grand Slam,Outdoor,Clay,3rd Round,3,Kudermetova V.,Badosa P.,29.0,4.0,1585.0,4545.0,6.0,3.0,2.0,1.0,,,1.0,0.0,Retired,3.75,1.28,4.09,1.27,4.25,1.32,3.82,1.27,20220528
23,Paris,French Open,2022-05-28,Grand Slam,Outdoor,Clay,3rd Round,3,Keys M.,Rybakina E.,22.0,16.0,1899.0,2420.0,3.0,6.0,6.0,1.0,7.0,6.0,2.0,1.0,Completed,2.62,1.5,2.86,1.48,2.86,1.55,2.66,1.49,20220528
23,Paris,French Open,2022-05-29,Grand Slam,Outdoor,Clay,4th Round,3,Trevisan M.,Sasnovich A.,59.0,47.0,1038.0,1171.0,7.0,6.0,7.0,5.0,,,2.0,0.0,Completed,2.0,1.8,1.95,1.95,2.18,2.15,1.93,1.88,20220529
23,Paris,French Open,2022-05-29,Grand Slam,Outdoor,Clay,4th Round,3,Fernandez L.A.,Anisimova A.,18.0,28.0,2245.0,1610.0,6.0,3.0,4.0,6.0,6.0,3.0,2.0,1.0,Completed,2.75,1.44,2.78,1.51,3.05,1.53,2.71,1.48,20220529
23,Paris,French Open,2022-05-29,Grand Slam,Outdoor,Clay,4th Round,3,Gauff C.,Mertens E.,23.0,32.0,1886.0,1505.0,6.0,4.0,6.0,0.0,,,2.0,0.0,Completed,1.44,2.75,1.44,3.03,1.49,3.06,1.43,2.86,20220529
23,Paris,French Open,2022-05-29,Grand Slam,Outdoor,Clay,4th Round,3,Stephens S.,Teichmann J.,64.0,24.0,1000.0,1783.0,6.0,2.0,6.0,0.0,,,2.0,0.0,Completed,2.62,1.5,2.8,1.5,2.97,1.58,2.67,1.48,20220529
23,Paris,French Open,2022-05-30,Grand Slam,Outdoor,Clay,4th Round,3,Kasatkina D.,Giorgi C.,20.0,30.0,2115.0,1583.0,6.0,2.0,6.0,2.0,,,2.0,0.0,Completed,1.4,3.0,1.47,2.9,1.5,3.0,1.44,2.82,20220530
23,Paris,French Open,2022-05-30,Grand Slam,Outdoor,Clay,4th Round,3,Kudermetova V.,Keys M.,29.0,22.0,1585.0,1899.0,1.0,6.0,6.0,3.0,6.0,1.0,2.0,1.0,Completed,2.1,1.72,2.22,1.74,2.26,1.77,2.15,1.71,20220530
23,Paris,French Open,2022-05-30,Grand Slam,Outdoor,Clay,4th Round,3,Pegula J.,Begu I.,11.0,63.0,2955.0,1004.0,4.0,6.0,6.0,2.0,6.0,3.0,2.0,1.0,Completed,1.4,3.0,1.44,3.03,1.46,3.15,1.41,2.94,20220530
23,Paris,French Open,2022-05-30,Grand Slam,Outdoor,Clay,4th Round,3,Swiatek I.,Zheng Q.,1.0,74.0,7061.0,879.0,6.0,7.0,6.0,0.0,6.0,2.0,2.0,1.0,Completed,1.05,11.0,1.06,11.93,1.08,12.0,1.06,10.11,20220530
23,Paris,French Open,2022-05-31,Grand Slam,Outdoor,Clay,Quarterfinals,3,Trevisan M.,Fernandez L.A.,59.0,18.0,1038.0,2245.0,6.0,2.0,6.0,7.0,6.0,3.0,2.0,1.0,Completed,2.75,1.44,2.77,1.51,2.85,1.67,2.64,1.49,20220531
23,Paris,French Open,2022-05-31,Grand Slam,Outdoor,Clay,Quarterfinals,3,Gauff C.,Stephens S.,23.0,64.0,1886.0,1000.0,7.0,5.0,6.0,2.0,,,2.0,0.0,Completed,1.53,2.5,1.49,2.82,1.56,2.82,1.51,2.6,20220531
23,Paris,French Open,2022-06-01,Grand Slam,Outdoor,Clay,Quarterfinals,3,Kasatkina D.,Kudermetova V.,20.0,29.0,2115.0,1585.0,6.0,4.0,7.0,6.0,,,2.0,0.0,Completed,1.5,2.62,1.47,2.89,1.53,2.89,1.48,2.7,20220601
23,Paris,French Open,2022-06-01,Grand Slam,Outdoor,Clay,Quarterfinals,3,Swiatek I.,Pegula J.,1.0,11.0,7061.0,2955.0,6.0,3.0,6.0,2.0,,,2.0,0.0,Completed,1.11,6.5,1.11,8.19,1.15,8.19,1.11,6.86,20220601
23,Paris,French Open,2022-06-02,Grand Slam,Outdoor,Clay,Semifinals,3,Swiatek I.,Kasatkina D.,1.0,20.0,7061.0,2115.0,6.0,2.0,6.0,1.0,,,2.0,0.0,Completed,1.1,7.0,1.09,9.03,1.14,9.03,1.1,7.39,20220602
23,Paris,French Open,2022-06-02,Grand Slam,Outdoor,Clay,Semifinals,3,Gauff C.,Trevisan M.,23.0,59.0,1886.0,1038.0,6.0,3.0,6.0,1.0,,,2.0,0.0,Completed,1.33,3.4,1.34,3.61,1.43,3.61,1.36,3.19,20220602
23,Paris,French Open,2022-06-04,Grand Slam,Outdoor,Clay,The Final,3,Swiatek I.,Gauff C.,1.0,23.0,7061.0,1886.0,6.0,1.0,6.0,3.0,,,2.0,0.0,Completed,1.15,6.0,1.15,6.4,1.2,6.8,1.15,5.8,20220604
24,'s-Hertogenbosch,Rosmalen Grass Court Championships,2022-06-06,WTA250,Outdoor,Grass,1st Round,3,Kalinskaya A.,Lamens S.,86.0,173.0,781.0,386.0,7.0,6.0,6.0,3.0,,,2.0,0.0,Completed,1.22,4.33,1.24,4.52,1.24,4.52,1.21,4.25,20220606
24,'s-Hertogenbosch,Rosmalen Grass Court Championships,2022-06-07,WTA250,Outdoor,Grass,1st Round,3,Blinkova A.,Minnen G.,120.0,88.0,545.0,762.0,2.0,6.0,6.0,1.0,6.0,4.0,2.0,1.0,Completed,2.1,1.72,2.22,1.72,2.3,1.75,2.15,1.68,20220607
24,'s-Hertogenbosch,Rosmalen Grass Court Championships,2022-06-07,WTA250,Outdoor,Grass,1st Round,3,Hartono A.,Preston T.,172.0,812.0,387.0,32.0,6.0,4.0,3.0,6.0,6.0,4.0,2.0,1.0,Completed,1.36,3.2,1.34,3.51,1.37,3.51,1.33,3.28,20220607
24,'s-Hertogenbosch,Rosmalen Grass Court Championships,2022-06-07,WTA250,Outdoor,Grass,1st Round,3,McNally C.,Saville D.,229.0,104.0,302.0,626.0,7.0,6.0,6.0,3.0,,,2.0,0.0,Completed,2.75,1.44,2.63,1.54,2.75,1.54,2.59,1.49,20220607
24,'s-Hertogenbosch,Rosmalen Grass Court Championships,2022-06-07,WTA250,Outdoor,Grass,1st Round,3,Li A.,Samsonova L.,68.0,28.0,921.0,1650.0,6.0,3.0,6.0,4.0,,,2.0,0.0,Completed,3.4,1.33,3.66,1.32,3.66,1.36,3.41,1.31,20220607
24,'s-Hertogenbosch,Rosmalen Grass Court Championships,2022-06-07,WTA250,Outdoor,Grass,1st Round,3,Bencic B.,Brengle M.,17.0,56.0,2585.0,1062.0,6.0,4.0,6.0,3.0,,,2.0,0.0,Completed,1.12,6.0,1.13,6.85,1.14,7.5,1.12,6.2,20220607
24,'s-Hertogenbosch,Rosmalen Grass Court Championships,2022-06-07,WTA250,Outdoor,Grass,1st Round,3,Zidansek T.,Tan H.,59.0,121.0,1033.0,530.0,1.0,6.0,6.0,2.0,6.0,4.0,2.0,1.0,Completed,1.25,4.0,1.36,3.37,1.37,4.25,1.32,3.31,20220607
24,'s-Hertogenbosch,Rosmalen Grass Court Championships,2022-06-07,WTA250,Outdoor,Grass,1st Round,3,Alexandrova E.,Yastremska D.,30.0,80.0,1526.0,814.0,2.0,6.0,7.0,6.0,6.0,2.0,2.0,1.0,Completed,1.36,3.2,1.41,3.19,1.45,3.2,1.37,3.07,20220607
24,'s-Hertogenbosch,Rosmalen Grass Court Championships,2022-06-07,WTA250,Outdoor,Grass,1st Round,3,Sabalenka A.,Baindl K.,6.0,142.0,3966.0,452.0,6.0,4.0,6.0,1.0,,,2.0,0.0,Completed,1.06,10.0,1.07,10.97,1.08,12.0,1.05,9.86,20220607
24,'s-Hertogenbosch,Rosmalen Grass Court Championships,2022-06-07,WTA250,Outdoor,Grass,1st Round,3,Kalinina A.,Gadecki O.,35.0,166.0,1347.0,400.0,6.0,3.0,4.0,6.0,6.0,4.0,2.0,1.0,Completed,1.36,3.2,1.41,3.11,1.41,3.5,1.35,3.15,20220607
24,'s-Hertogenbosch,Rosmalen Grass Court Championships,2022-06-07,WTA250,Outdoor,Grass,1st Round,3,Rybakina E.,Loeb J.,21.0,227.0,2120.0,305.0,6.0,4.0,7.0,5.0,,,2.0,0.0,Completed,1.11,6.5,1.11,7.8,1.11,8.0,1.09,6.98,20220607
24,'s-Hertogenbosch,Rosmalen Grass Court Championships,2022-06-07,WTA250,Outdoor,Grass,1st Round,3,Mertens E.,Sanders S.,29.0,240.0,1615.0,289.0,6.0,7.0,6.0,1.0,6.0,2.0,2.0,1.0,Completed,1.28,3.75,1.35,3.49,1.35,3.8,1.31,3.39,20220607
24,'s-Hertogenbosch,Rosmalen Grass Court Championships,2022-06-07,WTA250,Outdoor,Grass,1st Round,3,Rogers S.,Diatchenko V.,42.0,113.0,1237.0,579.0,6.0,2.0,6.0,4.0,,,2.0,0.0,Completed,1.22,4.33,1.27,4.16,1.27,4.33,1.24,3.96,20220607
24,'s-Hertogenbosch,Rosmalen Grass Court Championships,2022-06-07,WTA250,Outdoor,Grass,1st Round,3,Kudermetova V.,Jeanjean L.,24.0,149.0,1945.0,432.0,6.0,2.0,6.0,3.0,,,2.0,0.0,Completed,1.07,9.0,1.08,9.83,1.1,11.0,1.07,8.61,20220607
24,'s-Hertogenbosch,Rosmalen Grass Court Championships,2022-06-07,WTA250,Outdoor,Grass,1st Round,3,Flipkens K.,Tikhonova A.,308.0,175.0,211.0,385.0,6.0,2.0,5.0,7.0,6.0,3.0,2.0,1.0,Completed,1.44,2.75,1.57,2.55,1.59,2.95,1.52,2.51,20220607
24,'s-Hertogenbosch,Rosmalen Grass Court Championships,2022-06-07,WTA250,Outdoor,Grass,1st Round,3,Van Uytvanck A.,Korpatsch T.,46.0,105.0,1205.0,621.0,6.0,4.0,7.0,5.0,,,2.0,0.0,Completed,1.2,4.5,1.17,5.65,1.21,5.75,1.16,5.05,20220607
24,'s-Hertogenbosch,Rosmalen Grass Court Championships,2022-06-09,WTA250,Outdoor,Grass,2nd Round,3,Kudermetova V.,Blinkova A.,24.0,120.0,1945.0,545.0,5.0,7.0,5.0,2.0,,,0.0,1.0,Retired,1.25,4.0,1.25,4.42,1.29,4.42,1.24,3.99,20220609
24,'s-Hertogenbosch,Rosmalen Grass Court Championships,2022-06-09,WTA250,Outdoor,Grass,2nd Round,3,Van Uytvanck A.,Mertens E.,46.0,29.0,1205.0,1615.0,6.0,2.0,6.0,3.0,,,2.0,0.0,Completed,2.1,1.72,2.28,1.71,2.33,1.76,2.15,1.68,20220609
24,'s-Hertogenbosch,Rosmalen Grass Court Championships,2022-06-09,WTA250,Outdoor,Grass,2nd Round,3,Sabalenka A.,Hartono A.,6.0,172.0,3966.0,387.0,6.0,2.0,6.0,3.0,,,2.0,0.0,Completed,1.05,11.0,1.04,15.48,1.06,15.48,1.04,10.79,20220609
24,'s-Hertogenbosch,Rosmalen Grass Court Championships,2022-06-09,WTA250,Outdoor,Grass,2nd Round,3,McNally C.,Zidansek T.,229.0,59.0,302.0,1033.0,6.0,1.0,6.0,1.0,,,2.0,0.0,Completed,1.66,2.2,1.75,2.2,1.75,2.4,1.68,2.17,20220609
24,'s-Hertogenbosch,Rosmalen Grass Court Championships,2022-06-09,WTA250,Outdoor,Grass,2nd Round,3,Flipkens K.,Li A.,308.0,68.0,211.0,921.0,6.0,1.0,6.0,1.0,,,2.0,0.0,Completed,3.0,1.4,3.15,1.41,3.15,1.46,2.88,1.4,20220609
24,'s-Hertogenbosch,Rosmalen Grass Court Championships,2022-06-09,WTA250,Outdoor,Grass,2nd Round,3,Bencic B.,Kalinskaya A.,17.0,86.0,2585.0,781.0,7.0,6.0,6.0,4.0,,,2.0,0.0,Completed,1.12,6.0,1.14,6.76,1.16,6.76,1.13,5.9,20220609
24,'s-Hertogenbosch,Rosmalen Grass Court Championships,2022-06-09,WTA250,Outdoor,Grass,2nd Round,3,Rogers S.,Rybakina E.,42.0,21.0,1237.0,2120.0,6.0,2.0,6.0,4.0,,,2.0,0.0,Completed,3.2,1.36,3.16,1.41,3.21,1.42,2.98,1.38,20220609
24,'s-Hertogenbosch,Rosmalen Grass Court Championships,2022-06-09,WTA250,Outdoor,Grass,2nd Round,3,Alexandrova E.,Kalinina A.,30.0,35.0,1526.0,1347.0,6.0,4.0,6.0,2.0,,,2.0,0.0,Completed,1.36,3.2,1.37,3.39,1.38,3.5,1.34,3.19,20220609
24,'s-Hertogenbosch,Rosmalen Grass Court Championships,2022-06-10,WTA250,Outdoor,Grass,Quarterfinals,3,Kudermetova V.,Bencic B.,24.0,17.0,1945.0,2585.0,6.0,4.0,6.0,2.0,,,2.0,0.0,Completed,2.62,1.5,2.85,1.48,2.91,1.57,2.61,1.49,20220610
24,'s-Hertogenbosch,Rosmalen Grass Court Championships,2022-06-10,WTA250,Outdoor,Grass,Quarterfinals,3,Sabalenka A.,Van Uytvanck A.,6.0,46.0,3966.0,1205.0,6.0,3.0,3.0,6.0,7.0,6.0,2.0,1.0,Completed,1.4,3.0,1.45,2.97,1.46,3.36,1.41,2.87,20220610
24,'s-Hertogenbosch,Rosmalen Grass Court Championships,2022-06-10,WTA250,Outdoor,Grass,Quarterfinals,3,Alexandrova E.,McNally C.,30.0,229.0,1526.0,302.0,6.0,0.0,6.0,1.0,,,2.0,0.0,Completed,1.33,3.4,1.32,3.71,1.36,3.71,1.31,3.37,20220610
24,'s-Hertogenbosch,Rosmalen Grass Court Championships,2022-06-10,WTA250,Outdoor,Grass,Quarterfinals,3,Rogers S.,Flipkens K.,42.0,308.0,1237.0,211.0,3.0,6.0,6.0,1.0,6.0,4.0,2.0,1.0,Completed,1.5,2.62,1.5,2.81,1.53,2.81,1.49,2.61,20220610
24,'s-Hertogenbosch,Rosmalen Grass Court Championships,2022-06-11,WTA250,Outdoor,Grass,Semifinals,3,Alexandrova E.,Kudermetova V.,30.0,24.0,1526.0,1945.0,6.0,3.0,6.0,1.0,,,2.0,0.0,Completed,1.8,2.0,1.87,2.04,1.91,2.12,1.82,1.98,20220611
24,'s-Hertogenbosch,Rosmalen Grass Court Championships,2022-06-11,WTA250,Outdoor,Grass,Semifinals,3,Sabalenka A.,Rogers S.,6.0,42.0,3966.0,1237.0,7.0,6.0,6.0,0.0,,,2.0,0.0,Completed,1.3,3.5,1.33,3.67,1.34,3.77,1.31,3.44,20220611
24,'s-Hertogenbosch,Rosmalen Grass Court Championships,2022-06-12,WTA250,Outdoor,Grass,The Final,3,Alexandrova E.,Sabalenka A.,30.0,6.0,1526.0,3966.0,7.0,5.0,6.0,0.0,,,2.0,0.0,Completed,2.3,1.61,2.11,1.81,2.45,1.81,2.17,1.69,20220612
25,Nottingham,Nottingham Open,2022-06-06,WTA250,Outdoor,Grass,1st Round,3,Dart H.,Vekic D.,114.0,90.0,574.0,752.0,6.0,4.0,6.0,3.0,,,2.0,0.0,Completed,3.4,1.33,3.08,1.42,3.4,1.42,3.09,1.36,20220606
25,Nottingham,Nottingham Open,2022-06-06,WTA250,Outdoor,Grass,1st Round,3,Watson H.,Volynets K.,102.0,123.0,633.0,526.0,6.0,4.0,6.0,2.0,,,2.0,0.0,Completed,1.8,2.0,1.83,2.07,1.9,2.1,1.8,1.99,20220606
25,Nottingham,Nottingham Open,2022-06-06,WTA250,Outdoor,Grass,1st Round,3,Burrage J.,Zhu L.,235.0,96.0,296.0,705.0,7.0,6.0,6.0,4.0,,,2.0,0.0,Completed,2.5,1.53,2.44,1.62,3.0,1.64,2.4,1.56,20220606
25,Nottingham,Nottingham Open,2022-06-06,WTA250,Outdoor,Grass,1st Round,3,Martincova T.,Dodin O.,60.0,85.0,1023.0,788.0,7.0,6.0,7.0,5.0,,,2.0,0.0,Completed,1.61,2.3,1.67,2.33,1.67,2.5,1.63,2.26,20220606
25,Nottingham,Nottingham Open,2022-06-07,WTA250,Outdoor,Grass,1st Round,3,Sakkari M.,Osorio M.,5.0,61.0,4016.0,1016.0,6.0,2.0,6.0,3.0,,,2.0,0.0,Completed,1.16,5.0,1.2,5.36,1.2,5.36,1.17,4.81,20220607
25,Nottingham,Nottingham Open,2022-06-07,WTA250,Outdoor,Grass,1st Round,3,Giorgi C.,Kartal S.,26.0,270.0,1753.0,257.0,6.0,4.0,6.0,3.0,,,2.0,0.0,Completed,1.16,5.0,1.2,5.03,1.22,5.25,1.18,4.73,20220607
25,Nottingham,Nottingham Open,2022-06-07,WTA250,Outdoor,Grass,1st Round,3,Marino R.,Silva E.,109.0,343.0,595.0,177.0,6.0,4.0,6.0,4.0,,,2.0,0.0,Completed,1.25,4.0,1.26,4.3,1.26,4.57,1.23,4.06,20220607
25,Nottingham,Nottingham Open,2022-06-07,WTA250,Outdoor,Grass,1st Round,3,Zhang S.,Bucsa C.,41.0,128.0,1240.0,496.0,7.0,6.0,6.0,3.0,,,2.0,0.0,Completed,1.4,3.0,1.41,3.12,1.57,3.12,1.43,2.8,20220607
25,Nottingham,Nottingham Open,2022-06-07,WTA250,Outdoor,Grass,1st Round,3,Linette M.,Kawa K.,67.0,129.0,971.0,486.0,7.0,6.0,6.0,2.0,,,2.0,0.0,Completed,1.2,4.5,1.23,4.61,1.25,4.61,1.21,4.34,20220607
25,Nottingham,Nottingham Open,2022-06-07,WTA250,Outdoor,Grass,1st Round,3,Golubic V.,Raducanu E.,55.0,11.0,1086.0,2975.0,4.0,3.0,,,,,0.0,0.0,Retired,2.5,1.53,3.13,1.41,3.14,1.56,2.58,1.49,20220607
25,Nottingham,Nottingham Open,2022-06-07,WTA250,Outdoor,Grass,1st Round,3,Haddad Maia B.,Wang Q.,48.0,146.0,1188.0,440.0,5.0,7.0,6.0,4.0,6.0,3.0,2.0,1.0,Completed,2.0,1.8,2.0,1.88,2.0,2.19,1.95,1.84,20220607
25,Nottingham,Nottingham Open,2022-06-07,WTA250,Outdoor,Grass,1st Round,3,Miyazaki Y.,Frech M.,234.0,92.0,298.0,740.0,6.0,4.0,1.0,6.0,6.0,1.0,2.0,1.0,Completed,3.75,1.28,,,3.76,1.33,3.48,1.29,20220607
25,Nottingham,Nottingham Open,2022-06-07,WTA250,Outdoor,Grass,1st Round,3,Tomljanovic A.,Wang Xin.,45.0,76.0,1216.0,854.0,6.0,4.0,6.0,4.0,,,2.0,0.0,Completed,1.5,2.62,1.49,2.79,1.53,2.86,1.47,2.64,20220607
25,Nottingham,Nottingham Open,2022-06-07,WTA250,Outdoor,Grass,1st Round,3,Boulter K.,Maria T.,136.0,106.0,459.0,614.0,4.0,6.0,6.0,1.0,6.0,4.0,2.0,1.0,Completed,1.72,2.1,1.65,2.38,1.75,2.47,1.65,2.22,20220607
25,Nottingham,Nottingham Open,2022-06-08,WTA250,Outdoor,Grass,1st Round,3,Garcia C.,Davis L.,75.0,93.0,855.0,724.0,6.0,3.0,7.0,6.0,,,2.0,0.0,Completed,1.8,2.0,1.87,2.02,1.88,2.11,1.79,2.02,20220608
25,Nottingham,Nottingham Open,2022-06-08,WTA250,Outdoor,Grass,1st Round,3,Riske A.,Snigur D.,40.0,130.0,1256.0,480.0,7.0,5.0,6.0,3.0,,,2.0,0.0,Completed,1.25,4.0,1.25,4.37,1.27,4.37,1.24,4.04,20220608
25,Nottingham,Nottingham Open,2022-06-08,WTA250,Outdoor,Grass,2nd Round,3,Martincova T.,Linette M.,60.0,67.0,1023.0,971.0,6.0,2.0,7.0,6.0,,,2.0,0.0,Completed,2.1,1.72,2.1,1.83,2.17,1.9,2.07,1.74,20220608
25,Nottingham,Nottingham Open,2022-06-08,WTA250,Outdoor,Grass,2nd Round,3,Zhang S.,Burrage J.,41.0,235.0,1240.0,296.0,6.0,2.0,7.0,6.0,,,2.0,0.0,Completed,1.33,3.4,1.32,3.8,1.34,3.84,1.29,3.53,20220608
25,Nottingham,Nottingham Open,2022-06-08,WTA250,Outdoor,Grass,2nd Round,3,Golubic V.,Watson H.,55.0,102.0,1086.0,633.0,7.0,5.0,6.0,2.0,,,2.0,0.0,Completed,1.53,2.5,1.55,2.65,1.6,2.65,1.53,2.48,20220608
25,Nottingham,Nottingham Open,2022-06-09,WTA250,Outdoor,Grass,2nd Round,3,Haddad Maia B.,Miyazaki Y.,48.0,234.0,1188.0,298.0,6.0,2.0,7.0,6.0,,,2.0,0.0,Completed,1.33,3.4,1.38,3.32,1.38,3.5,1.34,3.19,20220609
25,Nottingham,Nottingham Open,2022-06-09,WTA250,Outdoor,Grass,2nd Round,3,Sakkari M.,Marino R.,5.0,109.0,4016.0,595.0,1.0,6.0,6.0,3.0,6.0,3.0,2.0,1.0,Completed,1.12,6.0,1.14,6.73,1.14,6.8,1.12,6.07,20220609
25,Nottingham,Nottingham Open,2022-06-09,WTA250,Outdoor,Grass,2nd Round,3,Riske A.,Garcia C.,40.0,75.0,1256.0,855.0,6.0,4.0,7.0,5.0,,,2.0,0.0,Completed,1.44,2.75,1.41,3.19,1.5,3.19,1.43,2.76,20220609
25,Nottingham,Nottingham Open,2022-06-09,WTA250,Outdoor,Grass,2nd Round,3,Dart H.,Giorgi C.,114.0,26.0,574.0,1753.0,5.0,7.0,6.0,4.0,7.0,6.0,2.0,1.0,Completed,4.0,1.25,4.16,1.28,4.16,1.29,3.83,1.25,20220609
25,Nottingham,Nottingham Open,2022-06-09,WTA250,Outdoor,Grass,2nd Round,3,Tomljanovic A.,Boulter K.,45.0,136.0,1216.0,459.0,6.0,3.0,6.0,4.0,,,2.0,0.0,Completed,1.57,2.37,1.56,2.6,1.65,2.88,1.54,2.44,20220609
25,Nottingham,Nottingham Open,2022-06-10,WTA250,Outdoor,Grass,Quarterfinals,3,Martincova T.,Zhang S.,60.0,41.0,1023.0,1240.0,6.0,3.0,6.0,2.0,,,2.0,0.0,Completed,1.72,2.1,1.75,2.2,1.8,2.35,1.72,2.11,20220610
25,Nottingham,Nottingham Open,2022-06-10,WTA250,Outdoor,Grass,Quarterfinals,3,Haddad Maia B.,Sakkari M.,48.0,5.0,1188.0,4016.0,6.0,4.0,4.0,6.0,6.0,3.0,2.0,1.0,Completed,3.0,1.4,3.25,1.4,3.25,1.44,2.94,1.39,20220610
25,Nottingham,Nottingham Open,2022-06-10,WTA250,Outdoor,Grass,Quarterfinals,3,Riske A.,Dart H.,40.0,114.0,1256.0,574.0,4.0,6.0,6.0,2.0,6.0,1.0,2.0,1.0,Completed,1.22,4.33,1.26,4.33,1.26,4.48,1.22,4.13,20220610
25,Nottingham,Nottingham Open,2022-06-10,WTA250,Outdoor,Grass,Quarterfinals,3,Golubic V.,Tomljanovic A.,55.0,45.0,1086.0,1216.0,6.0,2.0,7.0,6.0,,,2.0,0.0,Completed,2.5,1.53,2.62,1.56,2.62,1.66,2.43,1.55,20220610
25,Nottingham,Nottingham Open,2022-06-11,WTA250,Outdoor,Grass,Semifinals,3,Haddad Maia B.,Martincova T.,48.0,60.0,1188.0,1023.0,6.0,3.0,4.0,1.0,,,1.0,0.0,Retired,2.0,1.8,2.25,1.72,2.33,1.83,2.12,1.72,20220611
25,Nottingham,Nottingham Open,2022-06-11,WTA250,Outdoor,Grass,Semifinals,3,Riske A.,Golubic V.,40.0,55.0,1256.0,1086.0,6.0,3.0,4.0,6.0,6.0,3.0,2.0,1.0,Completed,1.44,2.75,1.47,2.91,1.54,2.91,1.47,2.67,20220611
25,Nottingham,Nottingham Open,2022-06-12,WTA250,Outdoor,Grass,The Final,3,Haddad Maia B.,Riske A.,48.0,40.0,1188.0,1256.0,6.0,4.0,1.0,6.0,6.0,3.0,2.0,1.0,Completed,2.3,1.61,2.29,1.7,2.43,1.7,2.29,1.62,20220612
26,Berlin,Bett1Open,2022-06-13,WTA500,Outdoor,Grass,1st Round,3,Saville D.,Teichmann J.,104.0,22.0,627.0,2023.0,6.0,7.0,7.0,5.0,6.0,2.0,2.0,1.0,Completed,2.2,1.66,2.13,1.79,2.23,1.79,2.12,1.7,20220613
26,Berlin,Bett1Open,2022-06-13,WTA500,Outdoor,Grass,1st Round,3,Kasatkina D.,Kalinina A.,12.0,37.0,2765.0,1347.0,5.0,7.0,6.0,3.0,6.0,1.0,2.0,1.0,Completed,1.36,3.2,1.35,3.45,1.4,3.45,1.35,3.15,20220613
26,Berlin,Bett1Open,2022-06-13,WTA500,Outdoor,Grass,1st Round,3,Pliskova Ka.,Kanepi K.,7.0,41.0,3678.0,1297.0,6.0,7.0,6.0,0.0,6.0,0.0,2.0,1.0,Completed,1.44,2.75,1.45,2.93,1.57,3.0,1.47,2.65,20220613
26,Berlin,Bett1Open,2022-06-13,WTA500,Outdoor,Grass,1st Round,3,Andreescu B.,Siniakova K.,69.0,63.0,913.0,1002.0,6.0,4.0,4.0,6.0,6.0,4.0,2.0,1.0,Completed,1.5,2.62,1.55,2.61,1.55,2.77,1.5,2.55,20220613
26,Berlin,Bett1Open,2022-06-13,WTA500,Outdoor,Grass,1st Round,3,Sasnovich A.,Gasanova A.,38.0,147.0,1341.0,432.0,6.0,2.0,4.0,6.0,6.0,3.0,2.0,1.0,Completed,1.2,4.5,1.2,5.07,1.22,5.07,1.19,4.57,20220613
26,Berlin,Bett1Open,2022-06-13,WTA500,Outdoor,Grass,1st Round,3,Wang Xin.,Korpatsch T.,76.0,105.0,849.0,621.0,3.0,6.0,6.0,3.0,6.0,4.0,2.0,1.0,Completed,1.44,2.75,1.51,2.72,1.57,2.76,1.47,2.66,20220613
26,Berlin,Bett1Open,2022-06-14,WTA500,Outdoor,Grass,1st Round,3,Samsonova L.,Zidansek T.,29.0,58.0,1650.0,1062.0,7.0,5.0,6.0,1.0,,,2.0,0.0,Completed,1.36,3.2,1.32,3.66,1.37,3.66,1.32,3.34,20220614
26,Berlin,Bett1Open,2022-06-14,WTA500,Outdoor,Grass,1st Round,3,Sakkari M.,Jeanjean L.,6.0,160.0,4075.0,411.0,6.0,3.0,6.0,2.0,,,2.0,0.0,Completed,1.11,6.5,1.15,6.34,1.15,7.13,1.12,6.16,20220614
26,Berlin,Bett1Open,2022-06-14,WTA500,Outdoor,Grass,1st Round,3,Bencic B.,Niemeier J.,17.0,96.0,2585.0,704.0,6.0,4.0,5.0,7.0,6.0,3.0,2.0,1.0,Completed,1.28,3.75,1.3,3.86,1.33,3.9,1.28,3.65,20220614
26,Berlin,Bett1Open,2022-06-14,WTA500,Outdoor,Grass,1st Round,3,Kalinskaya A.,Cornet A.,81.0,34.0,798.0,1386.0,6.0,4.0,6.0,4.0,,,2.0,0.0,Completed,1.9,1.9,1.94,1.94,2.0,2.01,1.89,1.89,20220614
26,Berlin,Bett1Open,2022-06-14,WTA500,Outdoor,Grass,1st Round,3,Alexandrova E.,Zanevska M.,27.0,67.0,1751.0,921.0,6.0,3.0,6.0,4.0,,,2.0,0.0,Completed,1.1,7.0,1.11,7.65,1.14,7.8,1.1,6.81,20220614
26,Berlin,Bett1Open,2022-06-14,WTA500,Outdoor,Grass,1st Round,3,Kudermetova V.,Sabalenka A.,24.0,5.0,2000.0,4145.0,2.0,6.0,7.0,5.0,6.0,4.0,2.0,1.0,Completed,2.62,1.5,2.49,1.6,2.64,1.6,2.44,1.54,20220614
26,Berlin,Bett1Open,2022-06-14,WTA500,Outdoor,Grass,1st Round,3,Petkovic A.,Muguruza G.,59.0,10.0,1057.0,3060.0,7.0,6.0,6.0,4.0,,,2.0,0.0,Completed,3.0,1.4,3.21,1.39,3.26,1.42,3.04,1.37,20220614
26,Berlin,Bett1Open,2022-06-14,WTA500,Outdoor,Grass,1st Round,3,Parks A.,Zheng Q.,169.0,46.0,394.0,1219.0,6.0,3.0,7.0,6.0,,,2.0,0.0,Completed,4.0,1.25,3.9,1.29,4.0,1.34,3.74,1.26,20220614
26,Berlin,Bett1Open,2022-06-14,WTA500,Outdoor,Grass,1st Round,3,Jabeur O.,Muchova K.,4.0,80.0,4150.0,808.0,6.0,3.0,6.0,3.0,,,2.0,0.0,Completed,1.36,3.2,1.39,3.25,1.43,3.37,1.36,3.09,20220614
26,Berlin,Bett1Open,2022-06-15,WTA500,Outdoor,Grass,1st Round,3,Gauff C.,Li A.,13.0,66.0,2756.0,922.0,6.0,2.0,7.0,6.0,,,2.0,0.0,Completed,1.16,5.0,1.16,5.98,1.19,6.3,1.15,5.34,20220615
26,Berlin,Bett1Open,2022-06-15,WTA500,Outdoor,Grass,2nd Round,3,Pliskova Ka.,Andreescu B.,7.0,69.0,3678.0,913.0,6.0,4.0,2.0,6.0,7.0,6.0,2.0,1.0,Completed,1.66,2.2,1.64,2.42,1.73,2.42,1.61,2.31,20220615
26,Berlin,Bett1Open,2022-06-15,WTA500,Outdoor,Grass,2nd Round,3,Kasatkina D.,Alexandrova E.,12.0,27.0,2765.0,1751.0,5.0,7.0,6.0,1.0,6.0,1.0,2.0,1.0,Completed,2.62,1.5,2.83,1.49,2.83,1.57,2.63,1.48,20220615
26,Berlin,Bett1Open,2022-06-15,WTA500,Outdoor,Grass,2nd Round,3,Sasnovich A.,Petkovic A.,38.0,59.0,1341.0,1057.0,6.0,4.0,6.0,4.0,,,2.0,0.0,Completed,1.66,2.2,1.74,2.22,1.85,2.5,1.67,2.19,20220615
26,Berlin,Bett1Open,2022-06-15,WTA500,Outdoor,Grass,2nd Round,3,Sakkari M.,Saville D.,6.0,104.0,4075.0,627.0,6.0,1.0,7.0,5.0,,,2.0,0.0,Completed,1.22,4.33,1.24,4.63,1.28,4.63,1.22,4.21,20220615
26,Berlin,Bett1Open,2022-06-16,WTA500,Outdoor,Grass,2nd Round,3,Jabeur O.,Parks A.,4.0,169.0,4150.0,394.0,6.0,2.0,7.0,6.0,,,2.0,0.0,Completed,1.08,8.0,1.1,8.59,1.13,8.8,1.08,7.62,20220616
26,Berlin,Bett1Open,2022-06-16,WTA500,Outdoor,Grass,2nd Round,3,Bencic B.,Kalinskaya A.,17.0,81.0,2585.0,798.0,6.0,4.0,1.0,6.0,6.0,1.0,2.0,1.0,Completed,1.16,5.0,1.19,5.48,1.22,6.0,1.16,5.1,20220616
26,Berlin,Bett1Open,2022-06-16,WTA500,Outdoor,Grass,2nd Round,3,Gauff C.,Wang Xin.,13.0,76.0,2756.0,849.0,6.0,0.0,6.0,4.0,,,2.0,0.0,Completed,1.16,5.0,1.17,5.79,1.2,5.79,1.16,5.12,20220616
26,Berlin,Bett1Open,2022-06-16,WTA500,Outdoor,Grass,2nd Round,3,Kudermetova V.,Samsonova L.,24.0,29.0,2000.0,1650.0,6.0,3.0,6.0,7.0,6.0,1.0,2.0,1.0,Completed,1.66,2.2,1.72,2.26,1.82,2.34,1.68,2.17,20220616
26,Berlin,Bett1Open,2022-06-17,WTA500,Outdoor,Grass,Quarterfinals,3,Sakkari M.,Kasatkina D.,6.0,12.0,4075.0,2765.0,6.0,0.0,6.0,3.0,,,2.0,0.0,Completed,1.8,2.0,1.83,2.1,1.93,2.11,1.81,1.99,20220617
26,Berlin,Bett1Open,2022-06-17,WTA500,Outdoor,Grass,Quarterfinals,3,Bencic B.,Kudermetova V.,17.0,24.0,2585.0,2000.0,3.0,6.0,6.0,3.0,6.0,3.0,2.0,1.0,Completed,1.66,2.2,1.61,2.48,1.69,2.48,1.59,2.34,20220617
26,Berlin,Bett1Open,2022-06-17,WTA500,Outdoor,Grass,Quarterfinals,3,Gauff C.,Pliskova Ka.,13.0,7.0,2756.0,3678.0,7.0,5.0,6.0,4.0,,,2.0,0.0,Completed,1.57,2.37,1.58,2.54,1.63,2.58,1.56,2.41,20220617
26,Berlin,Bett1Open,2022-06-17,WTA500,Outdoor,Grass,Quarterfinals,3,Jabeur O.,Sasnovich A.,4.0,38.0,4150.0,1341.0,6.0,7.0,6.0,2.0,6.0,2.0,2.0,1.0,Completed,1.22,4.33,1.25,4.51,1.26,4.51,1.22,4.23,20220617
26,Berlin,Bett1Open,2022-06-18,WTA500,Outdoor,Grass,Semifinals,3,Bencic B.,Sakkari M.,17.0,6.0,2585.0,4075.0,6.0,7.0,6.0,4.0,6.0,4.0,2.0,1.0,Completed,2.1,1.72,2.16,1.78,2.32,1.83,2.1,1.73,20220618
26,Berlin,Bett1Open,2022-06-18,WTA500,Outdoor,Grass,Semifinals,3,Jabeur O.,Gauff C.,4.0,13.0,4150.0,2756.0,7.0,6.0,6.0,2.0,,,2.0,0.0,Completed,1.9,1.9,2.03,1.88,2.13,1.92,1.96,1.84,20220618
26,Berlin,Bett1Open,2022-06-19,WTA500,Outdoor,Grass,The Final,3,Jabeur O.,Bencic B.,4.0,17.0,4150.0,2585.0,6.0,3.0,2.0,1.0,,,1.0,0.0,Retired,1.61,2.3,1.66,2.38,1.73,2.4,1.64,2.25,20220619
27,Birmingham,Rothesay Classic ,2022-06-13,WTA250,Outdoor,Grass,1st Round,3,Krunic A.,Martic P.,103.0,73.0,632.0,869.0,6.0,4.0,7.0,6.0,,,2.0,0.0,Completed,,,,,2.8,1.45,2.73,1.42,20220613
27,Birmingham,Rothesay Classic ,2022-06-13,WTA250,Outdoor,Grass,1st Round,3,Davis L.,Juvan K.,108.0,60.0,615.0,1040.0,7.0,6.0,7.0,6.0,,,2.0,0.0,Completed,2.62,1.5,2.8,1.49,2.84,1.53,2.59,1.49,20220613
27,Birmingham,Rothesay Classic ,2022-06-13,WTA250,Outdoor,Grass,1st Round,3,Dart H.,Osorio M.,106.0,61.0,618.0,1016.0,6.0,2.0,6.0,0.0,,,2.0,0.0,Completed,1.66,2.2,1.7,2.27,1.71,2.4,1.65,2.21,20220613
27,Birmingham,Rothesay Classic ,2022-06-13,WTA250,Outdoor,Grass,1st Round,3,Vekic D.,Vandeweghe C.,92.0,122.0,723.0,519.0,6.0,4.0,6.0,4.0,,,2.0,0.0,Completed,1.61,2.3,1.75,2.19,1.76,2.33,1.68,2.16,20220613
27,Birmingham,Rothesay Classic ,2022-06-13,WTA250,Outdoor,Grass,1st Round,3,Halep S.,Tsurenko L.,20.0,116.0,2196.0,557.0,6.0,1.0,6.0,4.0,,,2.0,0.0,Completed,1.14,5.5,1.14,6.55,1.2,6.55,1.14,5.59,20220613
27,Birmingham,Rothesay Classic ,2022-06-13,WTA250,Outdoor,Grass,1st Round,3,Ruse E.G.,Wang Q.,55.0,146.0,1106.0,441.0,7.0,6.0,7.0,6.0,,,2.0,0.0,Completed,2.2,1.66,2.2,1.74,2.35,1.8,2.18,1.67,20220613
27,Birmingham,Rothesay Classic ,2022-06-13,WTA250,Outdoor,Grass,1st Round,3,Garcia C.,Golubic V.,74.0,51.0,855.0,1166.0,6.0,7.0,6.0,4.0,7.0,6.0,2.0,1.0,Completed,2.75,1.44,3.05,1.43,3.15,1.62,2.9,1.4,20220613
27,Birmingham,Rothesay Classic ,2022-06-14,WTA250,Outdoor,Grass,1st Round,3,Cirstea S.,Rogers S.,36.0,39.0,1350.0,1334.0,6.0,3.0,4.0,6.0,6.0,1.0,2.0,1.0,Completed,2.62,1.5,2.57,1.56,2.88,1.57,2.56,1.5,20220614
27,Birmingham,Rothesay Classic ,2022-06-14,WTA250,Outdoor,Grass,1st Round,3,Yastremska D.,Linette M.,79.0,65.0,814.0,931.0,6.0,4.0,6.0,3.0,,,2.0,0.0,Completed,1.66,2.2,1.68,2.32,1.7,2.46,1.62,2.26,20220614
27,Birmingham,Rothesay Classic ,2022-06-14,WTA250,Outdoor,Grass,1st Round,3,Mcnally C.,Mertens E.,197.0,30.0,350.0,1615.0,3.0,6.0,6.0,4.0,7.0,5.0,2.0,1.0,Completed,3.0,1.4,3.03,1.43,3.03,1.5,2.87,1.41,20220614
27,Birmingham,Rothesay Classic ,2022-06-14,WTA250,Outdoor,Grass,1st Round,3,Ostapenko J.,Marino R.,16.0,107.0,2596.0,616.0,6.0,2.0,5.0,7.0,6.0,3.0,2.0,1.0,Completed,1.44,2.75,1.51,2.74,1.51,2.9,1.46,2.67,20220614
27,Birmingham,Rothesay Classic ,2022-06-14,WTA250,Outdoor,Grass,1st Round,3,Frech M.,Parrizas Diaz N.,91.0,52.0,740.0,1162.0,6.0,7.0,6.0,3.0,6.0,3.0,2.0,1.0,Completed,1.8,2.0,1.81,2.1,1.86,2.11,1.77,2.02,20220614
27,Birmingham,Rothesay Classic ,2022-06-14,WTA250,Outdoor,Grass,1st Round,3,Boulter K.,Riske A.,141.0,35.0,447.0,1381.0,6.0,4.0,6.0,3.0,,,2.0,0.0,Completed,3.2,1.36,3.57,1.33,3.8,1.44,3.27,1.33,20220614
27,Birmingham,Rothesay Classic ,2022-06-14,WTA250,Outdoor,Grass,1st Round,3,Haddad Maia B.,Kvitova P.,32.0,31.0,1425.0,1435.0,7.0,6.0,6.0,2.0,,,2.0,0.0,Completed,2.37,1.57,2.22,1.73,2.41,1.79,2.23,1.64,20220614
27,Birmingham,Rothesay Classic ,2022-06-15,WTA250,Outdoor,Grass,1st Round,3,Giorgi C.,Martincova T.,26.0,56.0,1782.0,1073.0,7.0,6.0,6.0,4.0,,,2.0,0.0,Completed,1.5,2.62,1.49,2.8,1.5,2.8,1.48,2.68,20220615
27,Birmingham,Rothesay Classic ,2022-06-15,WTA250,Outdoor,Grass,1st Round,3,Zhang S.,Fett J.,54.0,262.0,1120.0,264.0,5.0,7.0,6.0,3.0,6.0,3.0,2.0,1.0,Completed,1.3,3.5,1.31,3.75,1.31,3.9,1.29,3.55,20220615
27,Birmingham,Rothesay Classic ,2022-06-15,WTA250,Outdoor,Grass,2nd Round,3,Cirstea S.,Krunic A.,36.0,103.0,1350.0,632.0,6.0,1.0,6.0,1.0,,,2.0,0.0,Completed,1.5,2.62,1.53,2.65,1.57,2.73,1.5,2.55,20220615
27,Birmingham,Rothesay Classic ,2022-06-15,WTA250,Outdoor,Grass,2nd Round,3,Boulter K.,Garcia C.,141.0,74.0,447.0,855.0,7.0,6.0,6.0,1.0,,,2.0,0.0,Completed,1.72,2.1,1.78,2.15,2.0,2.26,1.75,2.06,20220615
27,Birmingham,Rothesay Classic ,2022-06-15,WTA250,Outdoor,Grass,2nd Round,3,Halep S.,Dart H.,20.0,106.0,2196.0,618.0,6.0,3.0,6.0,2.0,,,2.0,0.0,Completed,1.14,5.5,1.17,5.76,1.17,6.0,1.14,5.42,20220615
27,Birmingham,Rothesay Classic ,2022-06-15,WTA250,Outdoor,Grass,2nd Round,3,Vekic D.,Mcnally C.,92.0,197.0,723.0,350.0,7.0,5.0,6.0,3.0,,,2.0,0.0,Completed,1.9,1.9,1.89,2.0,1.95,2.1,1.86,1.92,20220615
27,Birmingham,Rothesay Classic ,2022-06-16,WTA250,Outdoor,Grass,2nd Round,3,Giorgi C.,Davis L.,26.0,108.0,1782.0,615.0,3.0,6.0,7.0,5.0,6.0,2.0,2.0,1.0,Completed,1.4,3.0,1.4,3.15,1.43,3.15,1.39,2.94,20220616
27,Birmingham,Rothesay Classic ,2022-06-16,WTA250,Outdoor,Grass,2nd Round,3,Yastremska D.,Ostapenko J.,79.0,16.0,814.0,2596.0,3.0,6.0,7.0,5.0,7.0,5.0,2.0,1.0,Completed,2.37,1.57,2.35,1.66,2.63,1.66,2.34,1.59,20220616
27,Birmingham,Rothesay Classic ,2022-06-16,WTA250,Outdoor,Grass,2nd Round,3,Zhang S.,Ruse E.G.,54.0,55.0,1120.0,1106.0,6.0,2.0,2.0,6.0,7.0,5.0,2.0,1.0,Completed,1.72,2.1,1.71,2.26,1.84,2.26,1.7,2.11,20220616
27,Birmingham,Rothesay Classic ,2022-06-17,WTA250,Outdoor,Grass,2nd Round,3,Haddad Maia B.,Frech M.,32.0,91.0,1425.0,740.0,6.0,1.0,5.0,7.0,7.0,6.0,2.0,1.0,Completed,1.28,3.75,1.29,3.98,1.32,4.25,1.27,3.68,20220617
27,Birmingham,Rothesay Classic ,2022-06-17,WTA250,Outdoor,Grass,Quarterfinals,3,Cirstea S.,Vekic D.,36.0,92.0,1350.0,723.0,5.0,7.0,6.0,3.0,6.0,4.0,2.0,1.0,Completed,1.9,1.9,1.93,1.97,2.0,1.97,1.91,1.88,20220617
27,Birmingham,Rothesay Classic ,2022-06-17,WTA250,Outdoor,Grass,Quarterfinals,3,Zhang S.,Yastremska D.,54.0,79.0,1120.0,814.0,7.0,5.0,6.0,4.0,,,2.0,0.0,Completed,2.3,1.61,2.32,1.68,2.45,1.73,2.27,1.63,20220617
27,Birmingham,Rothesay Classic ,2022-06-17,WTA250,Outdoor,Grass,Quarterfinals,3,Halep S.,Boulter K.,20.0,141.0,2196.0,447.0,6.0,4.0,6.0,1.0,,,2.0,0.0,Completed,1.2,4.5,1.23,4.77,1.23,5.0,1.2,4.52,20220617
27,Birmingham,Rothesay Classic ,2022-06-17,WTA250,Outdoor,Grass,Quarterfinals,3,Haddad Maia B.,Giorgi C.,32.0,26.0,1425.0,1782.0,6.0,3.0,6.0,2.0,,,2.0,0.0,Completed,1.8,2.0,1.92,1.97,1.95,2.03,1.85,1.94,20220617
27,Birmingham,Rothesay Classic ,2022-06-19,WTA250,Outdoor,Grass,Semifinals,3,Haddad Maia B.,Halep S.,32.0,20.0,1425.0,2196.0,6.0,3.0,2.0,6.0,6.0,4.0,2.0,1.0,Completed,3.0,1.4,3.09,1.43,3.09,1.57,2.91,1.41,20220619
27,Birmingham,Rothesay Classic ,2022-06-19,WTA250,Outdoor,Grass,Semifinals,3,Zhang S.,Cirstea S.,54.0,36.0,1120.0,1350.0,4.0,6.0,6.0,1.0,7.0,6.0,2.0,1.0,Completed,1.9,1.9,1.97,1.93,2.1,2.04,1.9,1.9,20220619
27,Birmingham,Rothesay Classic ,2022-06-19,WTA250,Outdoor,Grass,The Final,3,Haddad Maia B.,Zhang S.,32.0,54.0,1425.0,1120.0,5.0,4.0,,,,,0.0,0.0,Retired,1.5,2.62,1.51,2.72,1.59,2.72,1.5,2.58,20220619
28,Bad Homburg,Bad Homburg Open,2022-06-19,WTA250,Outdoor,Grass,1st Round,3,Bronzetti L.,Juvan K.,72.0,60.0,885.0,1040.0,4.0,6.0,7.0,5.0,2.0,0.0,1.0,1.0,Retired,3.5,1.3,3.54,1.34,3.6,1.34,3.41,1.31,20220619
28,Bad Homburg,Bad Homburg Open,2022-06-19,WTA250,Outdoor,Grass,1st Round,3,Rakhimova K.,Samsonova L.,111.0,47.0,588.0,1210.0,7.0,6.0,6.0,4.0,,,2.0,0.0,Completed,5.0,1.16,5.46,1.18,5.9,1.19,5.08,1.16,20220619
28,Bad Homburg,Bad Homburg Open,2022-06-19,WTA250,Outdoor,Grass,1st Round,3,Garcia C.,Sasnovich A.,75.0,34.0,855.0,1411.0,2.0,6.0,6.0,3.0,6.0,4.0,2.0,1.0,Completed,2.37,1.57,2.66,1.53,2.69,1.57,2.5,1.51,20220619
28,Bad Homburg,Bad Homburg Open,2022-06-19,WTA250,Outdoor,Grass,1st Round,3,Zidansek T.,Hatouka Y.,58.0,214.0,1062.0,324.0,2.0,6.0,6.0,1.0,6.0,4.0,2.0,1.0,Completed,1.36,3.2,1.35,3.44,1.37,3.44,1.33,3.25,20220619
28,Bad Homburg,Bad Homburg Open,2022-06-19,WTA250,Outdoor,Grass,1st Round,3,Swan K.,Stephens S.,223.0,48.0,312.0,1190.0,2.0,6.0,6.0,4.0,6.0,2.0,2.0,1.0,Completed,3.0,1.4,3.02,1.43,3.02,1.47,2.88,1.41,20220619
28,Bad Homburg,Bad Homburg Open,2022-06-19,WTA250,Outdoor,Grass,1st Round,3,Li A.,Bondar A.,67.0,62.0,922.0,1013.0,7.0,6.0,4.0,6.0,6.0,1.0,2.0,1.0,Completed,1.4,3.0,1.5,2.77,1.5,3.15,1.43,2.8,20220619
28,Bad Homburg,Bad Homburg Open,2022-06-19,WTA250,Outdoor,Grass,1st Round,3,Kasatkina D.,Petkovic A.,13.0,56.0,2685.0,1092.0,6.0,1.0,6.0,2.0,,,2.0,0.0,Completed,1.25,4.0,1.23,4.62,1.28,5.5,1.23,4.13,20220619
28,Bad Homburg,Bad Homburg Open,2022-06-20,WTA250,Outdoor,Grass,1st Round,3,Maria T.,Potapova A.,106.0,87.0,634.0,776.0,6.0,3.0,5.0,7.0,6.0,3.0,2.0,1.0,Completed,2.0,1.8,2.12,1.79,2.15,1.92,2.01,1.78,20220620
28,Bad Homburg,Bad Homburg Open,2022-06-20,WTA250,Outdoor,Grass,1st Round,3,Minnen G.,Doi M.,89.0,100.0,762.0,663.0,6.0,3.0,6.0,3.0,,,2.0,0.0,Completed,1.44,2.75,1.45,2.96,1.5,2.96,1.43,2.77,20220620
28,Bad Homburg,Bad Homburg Open,2022-06-20,WTA250,Outdoor,Grass,1st Round,3,Cornet A.,Kalinskaya A.,44.0,78.0,1231.0,838.0,6.0,2.0,6.0,4.0,,,2.0,0.0,Completed,2.2,1.66,2.25,1.71,2.42,1.73,2.19,1.66,20220620
28,Bad Homburg,Bad Homburg Open,2022-06-20,WTA250,Outdoor,Grass,1st Round,3,Niemeier J.,Liu C.,97.0,76.0,697.0,854.0,6.0,2.0,6.0,2.0,,,2.0,0.0,Completed,1.66,2.2,1.7,2.27,1.7,2.52,1.65,2.2,20220620
28,Bad Homburg,Bad Homburg Open,2022-06-21,WTA250,Outdoor,Grass,1st Round,3,Anisimova A.,Van Uytvanck A.,25.0,46.0,1840.0,1215.0,3.0,6.0,6.0,3.0,7.0,6.0,2.0,1.0,Completed,1.8,2.0,1.86,2.03,1.95,2.03,1.84,1.94,20220621
28,Bad Homburg,Bad Homburg Open,2022-06-21,WTA250,Outdoor,Grass,1st Round,3,Lisicki S.,Korpatsch T.,804.0,105.0,32.0,637.0,6.0,4.0,7.0,6.0,,,2.0,0.0,Completed,1.9,1.9,1.86,2.03,1.95,2.05,1.83,1.95,20220621
28,Bad Homburg,Bad Homburg Open,2022-06-21,WTA250,Outdoor,Grass,1st Round,3,Kerber A.,Gasanova A.,18.0,140.0,2419.0,452.0,6.0,2.0,6.0,2.0,,,2.0,0.0,Completed,1.14,5.5,1.15,6.4,1.16,6.4,1.14,5.61,20220621
28,Bad Homburg,Bad Homburg Open,2022-06-21,WTA250,Outdoor,Grass,1st Round,3,Andreescu B.,Trevisan M.,64.0,27.0,967.0,1744.0,6.0,3.0,6.0,1.0,,,2.0,0.0,Completed,1.22,4.33,1.28,4.06,1.28,4.85,1.24,3.98,20220621
28,Bad Homburg,Bad Homburg Open,2022-06-21,WTA250,Outdoor,Grass,1st Round,3,Halep S.,Siniakova K.,19.0,63.0,2305.0,1002.0,4.0,6.0,6.0,3.0,6.0,4.0,2.0,1.0,Completed,1.22,4.33,1.27,4.17,1.27,4.33,1.23,4.02,20220621
28,Bad Homburg,Bad Homburg Open,2022-06-21,WTA250,Outdoor,Grass,2nd Round,3,Garcia C.,Rakhimova K.,75.0,111.0,855.0,588.0,6.0,3.0,6.0,4.0,,,2.0,0.0,Completed,1.4,3.0,1.44,3.01,1.44,3.02,1.4,2.9,20220621
28,Bad Homburg,Bad Homburg Open,2022-06-21,WTA250,Outdoor,Grass,2nd Round,3,Kasatkina D.,Niemeier J.,13.0,97.0,2685.0,697.0,6.0,1.0,3.0,6.0,6.0,1.0,2.0,1.0,Completed,1.44,2.75,1.42,3.11,1.44,3.11,1.4,2.88,20220621
28,Bad Homburg,Bad Homburg Open,2022-06-22,WTA250,Outdoor,Grass,2nd Round,3,Lisicki S.,Minnen G.,804.0,89.0,32.0,762.0,6.0,3.0,2.0,6.0,6.0,2.0,2.0,1.0,Completed,2.2,1.66,2.31,1.69,2.31,1.73,2.19,1.66,20220622
28,Bad Homburg,Bad Homburg Open,2022-06-22,WTA250,Outdoor,Grass,2nd Round,3,Cornet A.,Maria T.,44.0,106.0,1231.0,634.0,7.0,6.0,6.0,4.0,,,2.0,0.0,Completed,1.61,2.3,1.68,2.34,1.68,2.47,1.61,2.28,20220622
28,Bad Homburg,Bad Homburg Open,2022-06-22,WTA250,Outdoor,Grass,2nd Round,3,Anisimova A.,Li A.,25.0,67.0,1840.0,922.0,6.0,0.0,6.0,2.0,,,2.0,0.0,Completed,1.36,3.2,1.35,3.51,1.39,3.51,1.33,3.25,20220622
28,Bad Homburg,Bad Homburg Open,2022-06-22,WTA250,Outdoor,Grass,2nd Round,3,Andreescu B.,Swan K.,64.0,223.0,967.0,312.0,6.0,4.0,6.0,4.0,,,2.0,0.0,Completed,1.25,4.0,1.27,4.24,1.3,4.25,1.24,3.91,20220622
28,Bad Homburg,Bad Homburg Open,2022-06-22,WTA250,Outdoor,Grass,2nd Round,3,Kerber A.,Bronzetti L.,18.0,72.0,2419.0,885.0,6.0,2.0,6.0,3.0,,,2.0,0.0,Completed,1.11,6.5,1.12,7.62,1.13,7.62,1.11,6.51,20220622
28,Bad Homburg,Bad Homburg Open,2022-06-22,WTA250,Outdoor,Grass,2nd Round,3,Halep S.,Zidansek T.,19.0,58.0,2305.0,1062.0,6.0,0.0,6.0,3.0,,,2.0,0.0,Completed,1.11,6.5,1.11,8.08,1.13,8.08,1.1,6.82,20220622
28,Bad Homburg,Bad Homburg Open,2022-06-23,WTA250,Outdoor,Grass,Quarterfinals,3,Garcia C.,Lisicki S.,75.0,804.0,855.0,32.0,6.0,3.0,7.0,6.0,,,2.0,0.0,Completed,1.57,2.37,1.56,2.59,1.83,2.59,1.58,2.35,20220623
28,Bad Homburg,Bad Homburg Open,2022-06-23,WTA250,Outdoor,Grass,Quarterfinals,3,Andreescu B.,Kasatkina D.,64.0,13.0,967.0,2685.0,6.0,4.0,6.0,1.0,,,2.0,0.0,Completed,2.2,1.66,2.24,1.73,2.46,1.8,2.17,1.69,20220623
28,Bad Homburg,Bad Homburg Open,2022-06-23,WTA250,Outdoor,Grass,Quarterfinals,3,Cornet A.,Kerber A.,44.0,18.0,1231.0,2419.0,6.0,4.0,2.0,6.0,6.0,1.0,2.0,1.0,Completed,3.75,1.28,3.68,1.33,4.0,1.36,3.47,1.3,20220623
28,Bad Homburg,Bad Homburg Open,2022-06-23,WTA250,Outdoor,Grass,Quarterfinals,3,Halep S.,Anisimova A.,19.0,25.0,2305.0,1840.0,6.0,2.0,6.0,1.0,,,2.0,0.0,Completed,1.61,2.3,1.72,2.25,1.72,2.35,1.65,2.23,20220623
28,Bad Homburg,Bad Homburg Open,2022-06-24,WTA250,Outdoor,Grass,Semifinals,3,Andreescu B.,Halep S.,64.0,19.0,967.0,2305.0,,,,,,,,,Walkover,2.62,1.5,2.6,1.56,2.69,1.62,2.5,1.53,20220624
28,Bad Homburg,Bad Homburg Open,2022-06-24,WTA250,Outdoor,Grass,Semifinals,3,Garcia C.,Cornet A.,75.0,44.0,855.0,1231.0,7.0,6.0,3.0,6.0,7.0,5.0,2.0,1.0,Completed,2.1,1.72,2.15,1.79,2.18,1.8,2.08,1.74,20220624
28,Bad Homburg,Bad Homburg Open,2022-06-25,WTA250,Outdoor,Grass,The Final,3,Garcia C.,Andreescu B.,75.0,64.0,855.0,967.0,6.0,7.0,6.0,4.0,6.0,4.0,2.0,1.0,Completed,3.4,1.33,3.52,1.35,3.74,1.4,3.29,1.33,20220625
29,Eastbourne,Eastbourne International,2022-06-19,WTA500,Outdoor,Grass,1st Round,3,Linette M.,Kovinic D.,66.0,88.0,931.0,773.0,7.0,6.0,6.0,1.0,,,2.0,0.0,Completed,1.22,4.33,1.25,4.35,1.25,4.35,1.23,4.05,20220619
29,Eastbourne,Eastbourne International,2022-06-19,WTA500,Outdoor,Grass,1st Round,3,Kanepi K.,Parrizas Diaz N.,39.0,52.0,1297.0,1162.0,6.0,7.0,6.0,4.0,6.0,4.0,2.0,1.0,Completed,1.4,3.0,1.37,3.31,1.45,3.31,1.38,3.0,20220619
29,Eastbourne,Eastbourne International,2022-06-19,WTA500,Outdoor,Grass,1st Round,3,Sorribes Tormo S.,Udvardy P.,40.0,99.0,1276.0,688.0,6.0,3.0,6.0,0.0,,,2.0,0.0,Completed,1.22,4.33,1.24,4.44,1.25,4.44,1.22,4.15,20220619
29,Eastbourne,Eastbourne International,2022-06-19,WTA500,Outdoor,Grass,1st Round,3,Kostyuk M.,Golubic V.,79.0,51.0,820.0,1166.0,6.0,2.0,6.0,1.0,,,2.0,0.0,Completed,2.5,1.53,2.67,1.53,2.81,1.75,2.52,1.51,20220619
29,Eastbourne,Eastbourne International,2022-06-19,WTA500,Outdoor,Grass,1st Round,3,Frech M.,Zheng Q.,92.0,53.0,745.0,1153.0,6.0,3.0,6.0,0.0,,,2.0,0.0,Completed,2.62,1.5,2.72,1.51,2.74,1.51,2.6,1.48,20220619
29,Eastbourne,Eastbourne International,2022-06-19,WTA500,Outdoor,Grass,1st Round,3,Rogers S.,Bouzkova M.,37.0,65.0,1334.0,940.0,3.0,6.0,6.0,3.0,6.0,4.0,2.0,1.0,Completed,1.57,2.37,1.71,2.26,1.71,2.58,1.59,2.33,20220619
29,Eastbourne,Eastbourne International,2022-06-19,WTA500,Outdoor,Grass,1st Round,3,Davis L.,Ruse E.G.,102.0,55.0,644.0,1127.0,6.0,4.0,6.0,4.0,,,2.0,0.0,Completed,1.9,1.9,1.97,1.92,2.05,1.94,1.93,1.86,20220619
29,Eastbourne,Eastbourne International,2022-06-19,WTA500,Outdoor,Grass,1st Round,3,Boulter K.,Martincova T.,127.0,59.0,505.0,1050.0,7.0,5.0,7.0,6.0,,,2.0,0.0,Completed,2.1,1.72,2.09,1.81,2.23,2.38,2.12,1.72,20220619
29,Eastbourne,Eastbourne International,2022-06-20,WTA500,Outdoor,Grass,1st Round,3,Tsurenko L.,Osorio M.,114.0,61.0,574.0,1016.0,7.0,5.0,7.0,6.0,,,2.0,0.0,Completed,1.36,3.2,1.36,3.36,1.37,3.5,1.35,3.13,20220620
29,Eastbourne,Eastbourne International,2022-06-20,WTA500,Outdoor,Grass,1st Round,3,Marino R.,Watson H.,107.0,120.0,621.0,541.0,7.0,6.0,6.0,4.0,,,2.0,0.0,Completed,1.57,2.37,1.66,2.34,1.7,2.63,1.6,2.32,20220620
29,Eastbourne,Eastbourne International,2022-06-20,WTA500,Outdoor,Grass,1st Round,3,Flipkens K.,Zanevska M.,257.0,68.0,271.0,921.0,6.0,2.0,6.0,3.0,,,2.0,0.0,Completed,1.66,2.2,1.63,2.41,1.69,2.41,1.62,2.28,20220620
29,Eastbourne,Eastbourne International,2022-06-20,WTA500,Outdoor,Grass,1st Round,3,Burrage J.,Martic P.,169.0,80.0,395.0,815.0,3.0,6.0,7.0,5.0,6.0,3.0,2.0,1.0,Completed,2.75,1.44,2.77,1.5,2.85,1.5,2.7,1.45,20220620
29,Eastbourne,Eastbourne International,2022-06-20,WTA500,Outdoor,Grass,1st Round,3,Vekic D.,Yastremska D.,93.0,74.0,741.0,856.0,6.0,0.0,6.0,2.0,,,2.0,0.0,Completed,2.0,1.8,2.21,1.74,2.28,1.83,2.1,1.73,20220620
29,Eastbourne,Eastbourne International,2022-06-20,WTA500,Outdoor,Grass,1st Round,3,Tomljanovic A.,Krunic A.,45.0,108.0,1221.0,616.0,6.0,0.0,4.0,6.0,6.0,3.0,2.0,1.0,Completed,1.4,3.0,1.42,3.06,1.44,3.1,1.4,2.91,20220620
29,Eastbourne,Eastbourne International,2022-06-20,WTA500,Outdoor,Grass,1st Round,3,Kalinina A.,Cirstea S.,36.0,32.0,1347.0,1430.0,6.0,0.0,2.0,1.0,,,1.0,0.0,Retired,2.0,1.8,2.13,1.79,2.15,1.85,2.05,1.76,20220620
29,Eastbourne,Eastbourne International,2022-06-20,WTA500,Outdoor,Grass,1st Round,3,Dart H.,Brengle M.,103.0,57.0,642.0,1062.0,3.0,6.0,6.0,1.0,6.0,4.0,2.0,1.0,Completed,1.9,1.9,1.99,1.9,1.99,2.3,1.87,1.92,20220620
29,Eastbourne,Eastbourne International,2022-06-20,WTA500,Outdoor,Grass,2nd Round,3,Linette M.,Riske A.,66.0,35.0,931.0,1381.0,6.0,7.0,6.0,3.0,7.0,6.0,2.0,1.0,Completed,2.5,1.53,2.63,1.54,2.8,1.6,2.5,1.52,20220620
29,Eastbourne,Eastbourne International,2022-06-20,WTA500,Outdoor,Grass,2nd Round,3,Muguruza G.,Frech M.,10.0,92.0,2961.0,745.0,6.0,1.0,7.0,6.0,,,2.0,0.0,Completed,1.44,2.75,1.48,2.88,1.51,3.15,1.44,2.76,20220620
29,Eastbourne,Eastbourne International,2022-06-20,WTA500,Outdoor,Grass,2nd Round,3,Putintseva Y.,Sorribes Tormo S.,33.0,40.0,1420.0,1276.0,7.0,5.0,6.0,1.0,,,2.0,0.0,Completed,2.1,1.72,2.29,1.7,2.34,1.75,2.18,1.67,20220620
29,Eastbourne,Eastbourne International,2022-06-21,WTA500,Outdoor,Grass,2nd Round,3,Haddad Maia B.,Kanepi K.,29.0,39.0,1640.0,1297.0,6.0,4.0,3.0,6.0,6.0,3.0,2.0,1.0,Completed,1.53,2.5,1.63,2.41,1.68,2.6,1.54,2.44,20220621
29,Eastbourne,Eastbourne International,2022-06-21,WTA500,Outdoor,Grass,2nd Round,3,Flipkens K.,Mertens E.,257.0,30.0,271.0,1615.0,6.0,2.0,2.0,6.0,6.0,1.0,2.0,1.0,Completed,2.62,1.5,2.72,1.51,2.73,1.53,2.59,1.49,20220621
29,Eastbourne,Eastbourne International,2022-06-21,WTA500,Outdoor,Grass,2nd Round,3,Giorgi C.,Marino R.,26.0,107.0,1812.0,621.0,7.0,5.0,6.0,4.0,,,2.0,0.0,Completed,1.53,2.5,1.51,2.74,1.55,2.77,1.49,2.58,20220621
29,Eastbourne,Eastbourne International,2022-06-21,WTA500,Outdoor,Grass,2nd Round,3,Tsurenko L.,Rybakina E.,114.0,21.0,574.0,2120.0,1.0,6.0,7.0,5.0,6.0,3.0,2.0,1.0,Completed,3.5,1.3,3.54,1.34,3.57,1.36,3.39,1.31,20220621
29,Eastbourne,Eastbourne International,2022-06-21,WTA500,Outdoor,Grass,2nd Round,3,Kostyuk M.,Krejcikova B.,79.0,15.0,820.0,2592.0,4.0,6.0,6.0,3.0,6.0,4.0,2.0,1.0,Completed,2.2,1.66,2.14,1.8,2.25,1.83,2.11,1.72,20220621
29,Eastbourne,Eastbourne International,2022-06-21,WTA500,Outdoor,Grass,2nd Round,3,Tomova V.,Rogers S.,128.0,37.0,498.0,1334.0,4.0,6.0,6.0,3.0,6.0,2.0,2.0,1.0,Completed,4.0,1.25,4.3,1.26,4.85,1.29,4.01,1.24,20220621
29,Eastbourne,Eastbourne International,2022-06-21,WTA500,Outdoor,Grass,2nd Round,3,Boulter K.,Pliskova Ka.,127.0,7.0,505.0,3777.0,1.0,6.0,6.0,4.0,6.0,4.0,2.0,1.0,Completed,2.75,1.44,3.2,1.4,3.2,1.45,2.89,1.4,20220621
29,Eastbourne,Eastbourne International,2022-06-21,WTA500,Outdoor,Grass,2nd Round,3,Keys M.,Davis L.,24.0,102.0,1910.0,644.0,6.0,4.0,6.0,3.0,,,2.0,0.0,Completed,1.36,3.2,1.33,3.61,1.37,3.61,1.33,3.28,20220621
29,Eastbourne,Eastbourne International,2022-06-21,WTA500,Outdoor,Grass,2nd Round,3,Ostapenko J.,Tomljanovic A.,14.0,45.0,2596.0,1221.0,6.0,4.0,6.0,4.0,,,2.0,0.0,Completed,1.57,2.37,1.52,2.71,1.65,2.71,1.59,2.34,20220621
29,Eastbourne,Eastbourne International,2022-06-21,WTA500,Outdoor,Grass,2nd Round,3,Kvitova P.,Vekic D.,31.0,93.0,1435.0,741.0,6.0,1.0,7.0,6.0,,,2.0,0.0,Completed,1.9,1.9,1.98,1.91,1.98,2.05,1.87,1.91,20220621
29,Eastbourne,Eastbourne International,2022-06-21,WTA500,Outdoor,Grass,2nd Round,3,Kalinina A.,Sakkari M.,36.0,5.0,1347.0,4205.0,3.0,6.0,7.0,5.0,6.0,4.0,2.0,1.0,Completed,4.0,1.25,3.93,1.29,4.2,1.35,3.85,1.25,20220621
29,Eastbourne,Eastbourne International,2022-06-21,WTA500,Outdoor,Grass,2nd Round,3,Burrage J.,Badosa P.,169.0,4.0,395.0,4245.0,6.0,4.0,6.0,3.0,,,2.0,0.0,Completed,4.33,1.22,5.09,1.2,5.09,1.25,4.34,1.21,20220621
29,Eastbourne,Eastbourne International,2022-06-22,WTA500,Outdoor,Grass,2nd Round,3,Dart H.,Teichmann J.,103.0,23.0,642.0,2023.0,7.0,6.0,4.0,6.0,6.0,3.0,2.0,1.0,Completed,2.0,1.8,2.21,1.74,2.21,1.9,2.06,1.75,20220622
29,Eastbourne,Eastbourne International,2022-06-22,WTA500,Outdoor,Grass,3rd Round,3,Tomova V.,Flipkens K.,128.0,257.0,498.0,271.0,3.0,6.0,6.0,3.0,6.0,4.0,2.0,1.0,Completed,2.75,1.44,2.7,1.53,2.98,1.53,2.7,1.45,20220622
29,Eastbourne,Eastbourne International,2022-06-22,WTA500,Outdoor,Grass,3rd Round,3,Giorgi C.,Muguruza G.,26.0,10.0,1812.0,2961.0,7.0,5.0,6.0,3.0,,,2.0,0.0,Completed,1.9,1.9,1.95,1.95,1.96,2.0,1.88,1.9,20220622
29,Eastbourne,Eastbourne International,2022-06-22,WTA500,Outdoor,Grass,3rd Round,3,Kvitova P.,Boulter K.,31.0,127.0,1435.0,505.0,5.0,7.0,6.0,0.0,7.0,5.0,2.0,1.0,Completed,1.5,2.62,1.52,2.72,1.56,3.1,1.49,2.58,20220622
29,Eastbourne,Eastbourne International,2022-06-22,WTA500,Outdoor,Grass,3rd Round,3,Tsurenko L.,Linette M.,114.0,66.0,574.0,931.0,7.0,5.0,3.0,6.0,7.0,5.0,2.0,1.0,Completed,2.0,1.8,2.18,1.76,2.2,1.8,2.09,1.72,20220622
29,Eastbourne,Eastbourne International,2022-06-22,WTA500,Outdoor,Grass,3rd Round,3,Dart H.,Kostyuk M.,103.0,79.0,642.0,820.0,6.0,4.0,2.0,6.0,6.0,4.0,2.0,1.0,Completed,2.3,1.61,2.46,1.61,2.46,2.6,2.29,1.63,20220622
29,Eastbourne,Eastbourne International,2022-06-22,WTA500,Outdoor,Grass,3rd Round,3,Haddad Maia B.,Burrage J.,29.0,169.0,1640.0,395.0,6.0,1.0,6.0,2.0,,,2.0,0.0,Completed,1.25,4.0,1.26,4.33,1.29,4.33,1.24,3.92,20220622
29,Eastbourne,Eastbourne International,2022-06-22,WTA500,Outdoor,Grass,3rd Round,3,Kalinina A.,Putintseva Y.,36.0,33.0,1347.0,1420.0,6.0,3.0,2.0,6.0,6.0,3.0,2.0,1.0,Completed,1.9,1.9,1.88,2.04,1.92,2.05,1.85,1.93,20220622
29,Eastbourne,Eastbourne International,2022-06-22,WTA500,Outdoor,Grass,3rd Round,3,Ostapenko J.,Keys M.,14.0,24.0,2596.0,1910.0,6.0,3.0,,,,,1.0,0.0,Retired,2.0,1.8,2.06,1.85,2.07,1.87,2.0,1.8,20220622
29,Eastbourne,Eastbourne International,2022-06-23,WTA500,Outdoor,Grass,Quarterfinals,3,Giorgi C.,Tomova V.,26.0,128.0,1812.0,498.0,6.0,2.0,6.0,1.0,,,2.0,0.0,Completed,1.16,5.0,1.21,5.03,1.33,5.15,1.2,4.57,20220623
29,Eastbourne,Eastbourne International,2022-06-23,WTA500,Outdoor,Grass,Quarterfinals,3,Kvitova P.,Dart H.,31.0,103.0,1435.0,642.0,6.0,3.0,6.0,4.0,,,2.0,0.0,Completed,1.28,3.75,1.32,3.74,1.37,3.9,1.3,3.49,20220623
29,Eastbourne,Eastbourne International,2022-06-23,WTA500,Outdoor,Grass,Quarterfinals,3,Ostapenko J.,Kalinina A.,14.0,36.0,2596.0,1347.0,6.0,3.0,6.0,2.0,,,2.0,0.0,Completed,1.44,2.75,1.43,3.08,1.5,3.1,1.42,2.83,20220623
29,Eastbourne,Eastbourne International,2022-06-23,WTA500,Outdoor,Grass,Quarterfinals,3,Haddad Maia B.,Tsurenko L.,29.0,114.0,1640.0,574.0,,,,,,,,,Walkover,1.3,3.5,1.33,3.65,1.34,3.77,1.3,3.47,20220623
29,Eastbourne,Eastbourne International,2022-06-24,WTA500,Outdoor,Grass,Semifinals,3,Kvitova P.,Haddad Maia B.,31.0,29.0,1435.0,1640.0,7.0,6.0,6.0,4.0,,,2.0,0.0,Completed,2.0,1.8,1.95,1.95,2.03,1.99,1.91,1.88,20220624
29,Eastbourne,Eastbourne International,2022-06-24,WTA500,Outdoor,Grass,Semifinals,3,Ostapenko J.,Giorgi C.,14.0,26.0,2596.0,1812.0,6.0,2.0,6.0,2.0,,,2.0,0.0,Completed,1.57,2.37,1.61,2.49,1.61,2.7,1.56,2.41,20220624
29,Eastbourne,Eastbourne International,2022-06-25,WTA500,Outdoor,Grass,The Final,3,Kvitova P.,Ostapenko J.,31.0,14.0,1435.0,2596.0,6.0,3.0,6.0,2.0,,,2.0,0.0,Completed,2.1,1.72,2.18,1.77,2.24,1.87,2.1,1.73,20220625
30,London,Wimbledon,2022-06-27,Grand Slam,Outdoor,Grass,1st Round,3,Chwalinska M.,Siniakova K.,170.0,79.0,384.0,823.0,6.0,0.0,7.0,5.0,,,2.0,0.0,Completed,3.2,1.36,3.47,1.35,3.47,1.38,3.28,1.34,20220627
30,London,Wimbledon,2022-06-27,Grand Slam,Outdoor,Grass,1st Round,3,Riske A.,In-Albon Y.,36.0,113.0,1381.0,590.0,6.0,2.0,6.0,4.0,,,2.0,0.0,Completed,1.08,8.0,1.11,7.66,1.12,8.5,1.09,7.33,20220627
30,London,Wimbledon,2022-06-27,Grand Slam,Outdoor,Grass,1st Round,3,Tsurenko L.,Burrage J.,101.0,141.0,687.0,442.0,6.0,2.0,6.0,3.0,,,2.0,0.0,Completed,1.4,3.0,1.45,2.93,1.53,3.02,1.47,2.71,20220627
30,London,Wimbledon,2022-06-27,Grand Slam,Outdoor,Grass,1st Round,3,Kalinina A.,Bondar A.,34.0,64.0,1417.0,1013.0,4.0,6.0,6.0,2.0,6.0,4.0,2.0,1.0,Completed,1.25,4.0,1.27,4.12,1.28,4.4,1.25,3.95,20220627
30,London,Wimbledon,2022-06-27,Grand Slam,Outdoor,Grass,1st Round,3,Jabeur O.,Bjorklund M.,2.0,125.0,4340.0,514.0,6.0,1.0,6.0,3.0,,,2.0,0.0,Completed,1.05,11.0,1.04,15.83,1.08,17.0,1.04,12.63,20220627
30,London,Wimbledon,2022-06-27,Grand Slam,Outdoor,Grass,1st Round,3,Kawa K.,Marino R.,132.0,104.0,490.0,649.0,6.0,4.0,3.0,6.0,7.0,5.0,2.0,1.0,Completed,4.33,1.22,4.36,1.25,4.45,1.25,4.19,1.23,20220627
30,London,Wimbledon,2022-06-27,Grand Slam,Outdoor,Grass,1st Round,3,Mertens E.,Osorio M.,31.0,17.0,1615.0,2431.0,1.0,6.0,6.0,2.0,4.0,2.0,1.0,1.0,Retired,1.2,4.5,1.23,4.59,1.24,5.0,1.21,4.45,20220627
30,London,Wimbledon,2022-06-27,Grand Slam,Outdoor,Grass,1st Round,3,Garcia C.,Miyazaki Y.,55.0,204.0,1105.0,336.0,4.0,6.0,6.0,1.0,7.0,6.0,2.0,1.0,Completed,1.25,4.0,1.27,4.12,1.32,4.25,1.26,3.89,20220627
30,London,Wimbledon,2022-06-27,Grand Slam,Outdoor,Grass,1st Round,3,Niemeier J.,Wang Xiy.,97.0,105.0,709.0,641.0,6.0,1.0,6.0,4.0,,,2.0,0.0,Completed,1.4,3.0,1.45,2.93,1.49,3.2,1.43,2.84,20220627
30,London,Wimbledon,2022-06-27,Grand Slam,Outdoor,Grass,1st Round,3,Kontaveit A.,Pera B.,3.0,123.0,4306.0,528.0,7.0,5.0,6.0,1.0,,,2.0,0.0,Completed,1.25,4.0,1.25,4.31,1.26,4.8,1.22,4.23,20220627
30,London,Wimbledon,2022-06-27,Grand Slam,Outdoor,Grass,1st Round,3,Raducanu E.,Van Uytvanck A.,11.0,46.0,2952.0,1215.0,6.0,4.0,6.0,4.0,,,2.0,0.0,Completed,2.37,1.57,2.43,1.62,2.49,1.66,2.37,1.58,20220627
30,London,Wimbledon,2022-06-27,Grand Slam,Outdoor,Grass,1st Round,3,Parry D.,Kanepi K.,77.0,38.0,841.0,1297.0,6.0,4.0,6.0,4.0,,,2.0,0.0,Completed,3.75,1.28,4.2,1.26,4.2,1.3,3.8,1.27,20220627
30,London,Wimbledon,2022-06-27,Grand Slam,Outdoor,Grass,1st Round,3,Juvan K.,Haddad Maia B.,62.0,28.0,1040.0,1782.0,6.0,4.0,4.0,6.0,6.0,2.0,2.0,1.0,Completed,3.5,1.3,3.87,1.3,4.05,1.31,3.73,1.27,20220627
30,London,Wimbledon,2022-06-27,Grand Slam,Outdoor,Grass,1st Round,3,Cirstea S.,Krunic A.,32.0,107.0,1430.0,639.0,7.0,6.0,7.0,6.0,,,2.0,0.0,Completed,1.36,3.2,1.37,3.36,1.42,3.47,1.35,3.23,20220627
30,London,Wimbledon,2022-06-27,Grand Slam,Outdoor,Grass,1st Round,3,Cocciaretto E.,Trevisan M.,119.0,29.0,557.0,1744.0,6.0,2.0,6.0,0.0,,,2.0,0.0,Completed,2.5,1.53,2.48,1.6,2.7,1.6,2.52,1.52,20220627
30,London,Wimbledon,2022-06-27,Grand Slam,Outdoor,Grass,1st Round,3,Hontama M.,Tauson C.,139.0,53.0,444.0,1129.0,4.0,1.0,,,,,0.0,0.0,Retired,2.37,1.57,2.39,1.64,2.5,1.66,2.36,1.59,20220627
30,London,Wimbledon,2022-06-27,Grand Slam,Outdoor,Grass,1st Round,3,Bouzkova M.,Collins D.,66.0,8.0,940.0,3255.0,5.0,7.0,6.0,4.0,6.0,4.0,2.0,1.0,Completed,2.2,1.66,2.18,1.75,2.25,1.79,2.11,1.72,20220627
30,London,Wimbledon,2022-06-27,Grand Slam,Outdoor,Grass,1st Round,3,Galfi D.,Inglis M.,89.0,129.0,762.0,497.0,5.0,7.0,6.0,3.0,6.0,4.0,2.0,1.0,Completed,1.44,2.75,1.47,2.87,1.47,3.05,1.43,2.81,20220627
30,London,Wimbledon,2022-06-27,Grand Slam,Outdoor,Grass,1st Round,3,Li A.,Bronzetti L.,67.0,73.0,922.0,875.0,6.0,1.0,6.0,4.0,,,2.0,0.0,Completed,1.5,2.62,1.49,2.8,1.5,2.9,1.47,2.68,20220627
30,London,Wimbledon,2022-06-27,Grand Slam,Outdoor,Grass,1st Round,3,Linette M.,Contreras Gomez F.,65.0,191.0,956.0,351.0,6.0,1.0,6.0,4.0,,,2.0,0.0,Completed,1.14,5.5,1.19,5.24,1.2,6.7,1.16,5.22,20220627
30,London,Wimbledon,2022-06-27,Grand Slam,Outdoor,Grass,1st Round,3,Udvardy P.,Zidansek T.,100.0,60.0,688.0,1062.0,6.0,4.0,7.0,6.0,,,2.0,0.0,Completed,4.5,1.2,4.6,1.23,4.75,1.25,4.36,1.21,20220627
30,London,Wimbledon,2022-06-27,Grand Slam,Outdoor,Grass,1st Round,3,Kerber A.,Mladenovic K.,19.0,120.0,2199.0,556.0,6.0,0.0,7.0,5.0,,,2.0,0.0,Completed,1.1,7.0,1.11,7.97,1.11,8.6,1.09,7.39,20220627
30,London,Wimbledon,2022-06-27,Grand Slam,Outdoor,Grass,1st Round,3,Begu I.,Gorgodze E.,43.0,114.0,1234.0,580.0,6.0,4.0,6.0,1.0,,,2.0,0.0,Completed,1.1,7.0,1.13,6.79,1.13,7.5,1.12,6.37,20220627
30,London,Wimbledon,2022-06-28,Grand Slam,Outdoor,Grass,1st Round,3,Sakkari M.,Hives Z.,5.0,571.0,4205.0,71.0,6.0,1.0,6.0,4.0,,,2.0,0.0,Completed,1.02,19.0,1.04,14.35,1.04,21.0,1.02,14.45,20220628
30,London,Wimbledon,2022-06-28,Grand Slam,Outdoor,Grass,1st Round,3,Tomova V.,Saville D.,112.0,98.0,603.0,708.0,7.0,5.0,3.0,6.0,7.0,5.0,2.0,1.0,Completed,2.5,1.53,2.71,1.52,2.71,1.57,2.55,1.52,20220628
30,London,Wimbledon,2022-06-28,Grand Slam,Outdoor,Grass,1st Round,3,Cornet A.,Putintseva Y.,37.0,33.0,1311.0,1420.0,6.0,3.0,7.0,6.0,,,2.0,0.0,Completed,1.72,2.1,1.69,2.29,1.83,2.4,1.69,2.18,20220628
30,London,Wimbledon,2022-06-28,Grand Slam,Outdoor,Grass,1st Round,3,Liu C.,Parrizas Diaz N.,75.0,51.0,854.0,1162.0,7.0,5.0,6.0,3.0,,,2.0,0.0,Completed,1.66,2.2,1.75,2.19,1.8,2.35,1.68,2.18,20220628
30,London,Wimbledon,2022-06-28,Grand Slam,Outdoor,Grass,1st Round,3,Golubic V.,Petkovic A.,58.0,57.0,1062.0,1082.0,6.0,4.0,6.0,3.0,,,2.0,0.0,Completed,1.57,2.37,1.59,2.5,1.67,2.55,1.58,2.38,20220628
30,London,Wimbledon,2022-06-28,Grand Slam,Outdoor,Grass,1st Round,3,Harrison Ca.,Rus A.,262.0,86.0,266.0,782.0,6.0,1.0,6.0,4.0,,,2.0,0.0,Completed,3.4,1.33,3.62,1.34,3.75,1.38,3.47,1.31,20220628
30,London,Wimbledon,2022-06-28,Grand Slam,Outdoor,Grass,1st Round,3,Kostyuk M.,Swan K.,76.0,184.0,845.0,358.0,4.0,6.0,6.0,4.0,6.0,4.0,2.0,1.0,Completed,1.4,3.0,1.45,2.95,1.45,3.2,1.42,2.89,20220628
30,London,Wimbledon,2022-06-28,Grand Slam,Outdoor,Grass,1st Round,3,Ostapenko J.,Dodin O.,17.0,85.0,2431.0,788.0,6.0,4.0,6.0,4.0,,,2.0,0.0,Completed,1.12,6.0,1.15,6.16,1.18,6.7,1.15,5.61,20220628
30,London,Wimbledon,2022-06-28,Grand Slam,Outdoor,Grass,1st Round,3,Wickmayer Y.,Zhu L.,606.0,99.0,63.0,695.0,6.0,4.0,6.0,2.0,,,2.0,0.0,Completed,1.66,2.2,1.59,2.51,1.8,2.6,1.62,2.32,20220628
30,London,Wimbledon,2022-06-28,Grand Slam,Outdoor,Grass,1st Round,3,Zhang S.,Doi M.,41.0,108.0,1240.0,635.0,6.0,4.0,6.0,0.0,,,2.0,0.0,Completed,1.14,5.5,1.18,5.55,1.18,6.05,1.15,5.37,20220628
30,London,Wimbledon,2022-06-28,Grand Slam,Outdoor,Grass,1st Round,3,Buzarnescu M.,Schunk N.,127.0,154.0,507.0,417.0,6.0,4.0,6.0,2.0,,,2.0,0.0,Completed,2.5,1.53,2.35,1.65,2.55,1.66,2.39,1.58,20220628
30,London,Wimbledon,2022-06-28,Grand Slam,Outdoor,Grass,1st Round,3,Krejcikova B.,Zanevska M.,14.0,68.0,2593.0,921.0,7.0,6.0,6.0,3.0,,,2.0,0.0,Completed,1.2,4.5,1.22,4.85,1.25,5.0,1.2,4.59,20220628
30,London,Wimbledon,2022-06-28,Grand Slam,Outdoor,Grass,1st Round,3,Pattinama Kerkhove L.,Kartal S.,138.0,226.0,444.0,308.0,6.0,4.0,3.0,6.0,6.0,1.0,2.0,1.0,Completed,3.0,1.4,2.98,1.43,3.4,1.53,2.81,1.44,20220628
30,London,Wimbledon,2022-06-28,Grand Slam,Outdoor,Grass,1st Round,3,Davis L.,Brengle M.,102.0,59.0,673.0,1062.0,6.0,2.0,7.0,5.0,,,2.0,0.0,Completed,1.72,2.1,1.74,2.2,1.8,2.2,1.73,2.11,20220628
30,London,Wimbledon,2022-06-28,Grand Slam,Outdoor,Grass,1st Round,3,Gauff C.,Ruse E.G.,12.0,54.0,2886.0,1127.0,2.0,6.0,6.0,3.0,7.0,5.0,2.0,1.0,Completed,1.08,8.0,1.12,7.28,1.12,9.0,1.1,7.12,20220628
30,London,Wimbledon,2022-06-28,Grand Slam,Outdoor,Grass,1st Round,3,Wang Q.,Bencic B.,140.0,16.0,442.0,2585.0,6.0,4.0,5.0,7.0,6.0,2.0,2.0,1.0,Completed,4.33,1.22,4.79,1.22,5.0,1.23,4.53,1.2,20220628
30,London,Wimbledon,2022-06-28,Grand Slam,Outdoor,Grass,1st Round,3,Tomljanovic A.,Teichmann J.,44.0,22.0,1221.0,2023.0,6.0,2.0,6.0,3.0,,,2.0,0.0,Completed,1.5,2.62,1.49,2.79,1.67,2.85,1.49,2.64,20220628
30,London,Wimbledon,2022-06-28,Grand Slam,Outdoor,Grass,1st Round,3,Swiatek I.,Fett J.,1.0,252.0,8576.0,276.0,6.0,0.0,6.0,3.0,,,2.0,0.0,Completed,1.01,21.0,1.03,16.28,1.06,21.0,1.02,15.63,20220628
30,London,Wimbledon,2022-06-28,Grand Slam,Outdoor,Grass,1st Round,3,Maria T.,Sharma A.,103.0,136.0,654.0,461.0,4.0,6.0,6.0,3.0,6.0,4.0,2.0,1.0,Completed,1.44,2.75,1.46,2.92,1.46,2.95,1.44,2.81,20220628
30,London,Wimbledon,2022-06-28,Grand Slam,Outdoor,Grass,1st Round,3,Badosa P.,Chirico L.,4.0,236.0,4245.0,296.0,6.0,2.0,6.0,1.0,,,2.0,0.0,Completed,1.1,7.0,1.13,6.86,1.16,8.5,1.11,6.76,20220628
30,London,Wimbledon,2022-06-28,Grand Slam,Outdoor,Grass,1st Round,3,Anisimova A.,Yuan Y.,25.0,152.0,1840.0,418.0,6.0,3.0,6.0,4.0,,,2.0,0.0,Completed,,,,,,,,,20220628
30,London,Wimbledon,2022-06-28,Grand Slam,Outdoor,Grass,1st Round,3,Flipkens K.,Fourlis J.,190.0,150.0,351.0,420.0,7.0,5.0,6.0,2.0,,,2.0,0.0,Completed,1.4,3.0,1.46,2.92,1.67,3.2,1.4,2.95,20220628
30,London,Wimbledon,2022-06-28,Grand Slam,Outdoor,Grass,1st Round,3,Bogdan A.,Yastremska D.,111.0,74.0,610.0,856.0,6.0,2.0,6.0,2.0,,,2.0,0.0,Completed,2.62,1.5,2.61,1.55,2.73,1.58,2.56,1.51,20220628
30,London,Wimbledon,2022-06-28,Grand Slam,Outdoor,Grass,1st Round,3,Watson H.,Korpatsch T.,121.0,110.0,541.0,616.0,6.0,7.0,7.0,5.0,6.0,2.0,2.0,1.0,Completed,1.4,3.0,1.44,3.0,1.45,3.15,1.42,2.9,20220628
30,London,Wimbledon,2022-06-28,Grand Slam,Outdoor,Grass,1st Round,3,Bara I.,Paquet C.,122.0,106.0,537.0,641.0,6.0,2.0,6.0,4.0,,,2.0,0.0,Completed,2.2,1.66,2.2,1.74,2.26,1.76,2.16,1.7,20220628
30,London,Wimbledon,2022-06-28,Grand Slam,Outdoor,Grass,1st Round,3,Kvitova P.,Paolini J.,26.0,72.0,1795.0,884.0,2.0,6.0,6.0,4.0,6.0,2.0,2.0,1.0,Completed,1.04,13.0,1.04,13.98,1.05,15.0,1.03,11.94,20220628
30,London,Wimbledon,2022-06-28,Grand Slam,Outdoor,Grass,1st Round,3,Halep S.,Muchova K.,18.0,81.0,2315.0,808.0,6.0,3.0,6.0,2.0,,,2.0,0.0,Completed,1.28,3.75,1.39,3.22,1.39,4.25,1.32,3.39,20220628
30,London,Wimbledon,2022-06-28,Grand Slam,Outdoor,Grass,1st Round,3,Sorribes Tormo S.,Mchale C.,45.0,261.0,1221.0,266.0,6.0,2.0,6.0,1.0,,,2.0,0.0,Completed,1.25,4.0,1.29,3.91,1.29,4.35,1.25,3.89,20220628
30,London,Wimbledon,2022-06-28,Grand Slam,Outdoor,Grass,1st Round,3,Frech M.,Giorgi C.,92.0,27.0,746.0,1787.0,7.0,6.0,6.0,1.0,,,2.0,0.0,Completed,3.5,1.3,3.96,1.29,4.15,1.32,3.58,1.29,20220628
30,London,Wimbledon,2022-06-28,Grand Slam,Outdoor,Grass,1st Round,3,Rybakina E.,Vandeweghe C.,23.0,157.0,1990.0,409.0,7.0,6.0,7.0,5.0,,,2.0,0.0,Completed,1.28,3.75,1.29,3.93,1.31,4.15,1.27,3.79,20220628
30,London,Wimbledon,2022-06-28,Grand Slam,Outdoor,Grass,1st Round,3,Andreescu B.,Bektas E.,56.0,224.0,1092.0,310.0,6.0,1.0,6.0,3.0,,,2.0,0.0,Completed,1.05,11.0,1.06,11.87,1.06,13.0,1.05,10.45,20220628
30,London,Wimbledon,2022-06-28,Grand Slam,Outdoor,Grass,1st Round,3,Schmiedlova A.,Peterson R.,84.0,96.0,791.0,711.0,7.0,5.0,0.0,6.0,6.0,3.0,2.0,1.0,Completed,2.2,1.66,2.13,1.79,2.23,1.8,2.13,1.72,20220628
30,London,Wimbledon,2022-06-28,Grand Slam,Outdoor,Grass,1st Round,3,Tan H.,Williams S.,115.0,1204.0,575.0,10.0,7.0,5.0,1.0,6.0,7.0,6.0,2.0,1.0,Completed,3.75,1.28,3.72,1.31,3.75,1.35,3.56,1.3,20220628
30,London,Wimbledon,2022-06-28,Grand Slam,Outdoor,Grass,1st Round,3,Zheng Q.,Stephens S.,52.0,48.0,1153.0,1190.0,7.0,6.0,7.0,5.0,,,2.0,0.0,Completed,2.2,1.66,2.28,1.69,2.29,1.8,2.19,1.68,20220628
30,London,Wimbledon,2022-06-28,Grand Slam,Outdoor,Grass,1st Round,3,Kucova K.,Pigossi L.,91.0,124.0,750.0,517.0,7.0,5.0,6.0,0.0,,,2.0,0.0,Completed,1.5,2.62,1.6,2.48,1.66,2.77,1.54,2.49,20220628
30,London,Wimbledon,2022-06-28,Grand Slam,Outdoor,Grass,1st Round,3,Boulter K.,Burel C.,118.0,95.0,557.0,713.0,7.0,5.0,6.0,3.0,,,2.0,0.0,Completed,1.16,5.0,1.22,4.81,1.27,5.2,1.19,4.62,20220628
30,London,Wimbledon,2022-06-28,Grand Slam,Outdoor,Grass,1st Round,3,Martic P.,Rogers S.,80.0,39.0,815.0,1296.0,6.0,2.0,7.0,6.0,,,2.0,0.0,Completed,2.37,1.57,2.45,1.61,2.6,1.62,2.39,1.58,20220628
30,London,Wimbledon,2022-06-29,Grand Slam,Outdoor,Grass,1st Round,3,Pliskova Ka.,Martincova T.,7.0,61.0,3777.0,1050.0,7.0,6.0,7.0,5.0,,,2.0,0.0,Completed,1.36,3.2,1.37,3.35,1.42,3.35,1.36,3.06,20220629
30,London,Wimbledon,2022-06-29,Grand Slam,Outdoor,Grass,1st Round,3,Pegula J.,Vekic D.,9.0,82.0,3156.0,795.0,6.0,3.0,7.0,6.0,,,2.0,0.0,Completed,1.66,2.2,1.69,2.29,1.7,2.35,1.66,2.23,20220629
30,London,Wimbledon,2022-06-29,Grand Slam,Outdoor,Grass,1st Round,3,Dart H.,Masarova R.,94.0,146.0,735.0,429.0,6.0,1.0,6.0,4.0,,,2.0,0.0,Completed,1.2,4.5,1.25,4.4,1.25,5.24,1.2,4.49,20220629
30,London,Wimbledon,2022-06-29,Grand Slam,Outdoor,Grass,1st Round,3,Minnen G.,Muguruza G.,88.0,10.0,764.0,3015.0,6.0,4.0,6.0,0.0,,,2.0,0.0,Completed,4.5,1.2,4.46,1.24,4.8,1.25,4.38,1.21,20220629
30,London,Wimbledon,2022-06-29,Grand Slam,Outdoor,Grass,2nd Round,3,Tsurenko L.,Kalinina A.,101.0,34.0,687.0,1417.0,3.0,6.0,6.0,4.0,6.0,3.0,2.0,1.0,Completed,2.2,1.66,2.2,1.74,2.32,1.74,2.24,1.66,20220629
30,London,Wimbledon,2022-06-29,Grand Slam,Outdoor,Grass,2nd Round,3,Zhang S.,Kostyuk M.,41.0,76.0,1240.0,845.0,7.0,6.0,6.0,2.0,,,2.0,0.0,Completed,2.0,1.8,2.01,1.88,2.05,1.98,1.96,1.84,20220629
30,London,Wimbledon,2022-06-29,Grand Slam,Outdoor,Grass,2nd Round,3,Niemeier J.,Kontaveit A.,97.0,3.0,709.0,4306.0,6.0,4.0,6.0,0.0,,,2.0,0.0,Completed,2.75,1.44,2.89,1.46,2.9,1.53,2.74,1.46,20220629
30,London,Wimbledon,2022-06-29,Grand Slam,Outdoor,Grass,2nd Round,3,Maria T.,Cirstea S.,103.0,32.0,654.0,1430.0,6.0,3.0,1.0,6.0,7.0,5.0,2.0,1.0,Completed,2.62,1.5,2.76,1.5,3.0,1.51,2.7,1.47,20220629
30,London,Wimbledon,2022-06-29,Grand Slam,Outdoor,Grass,2nd Round,3,Ostapenko J.,Wickmayer Y.,17.0,606.0,2431.0,63.0,6.0,2.0,6.0,2.0,,,2.0,0.0,Completed,1.2,4.5,1.17,5.76,1.22,8.0,1.17,5.21,20220629
30,London,Wimbledon,2022-06-29,Grand Slam,Outdoor,Grass,2nd Round,3,Bouzkova M.,Li A.,66.0,67.0,940.0,922.0,6.0,0.0,6.0,3.0,,,2.0,0.0,Completed,1.61,2.3,1.56,2.58,1.65,2.65,1.56,2.43,20220629
30,London,Wimbledon,2022-06-29,Grand Slam,Outdoor,Grass,2nd Round,3,Garcia C.,Raducanu E.,55.0,11.0,1105.0,2952.0,6.0,3.0,6.0,3.0,,,2.0,0.0,Completed,2.2,1.66,2.34,1.66,2.35,1.7,2.26,1.64,20220629
30,London,Wimbledon,2022-06-29,Grand Slam,Outdoor,Grass,2nd Round,3,Kerber A.,Linette M.,19.0,65.0,2199.0,956.0,6.0,3.0,6.0,3.0,,,2.0,0.0,Completed,1.33,3.4,1.33,3.63,1.35,3.63,1.32,3.38,20220629
30,London,Wimbledon,2022-06-29,Grand Slam,Outdoor,Grass,2nd Round,3,Parry D.,Hontama M.,77.0,139.0,841.0,444.0,6.0,3.0,6.0,2.0,,,2.0,0.0,Completed,1.61,2.3,1.61,2.46,1.67,2.49,1.6,2.36,20220629
30,London,Wimbledon,2022-06-29,Grand Slam,Outdoor,Grass,2nd Round,3,Riske A.,Chwalinska M.,36.0,170.0,1381.0,384.0,3.0,6.0,6.0,1.0,6.0,0.0,2.0,1.0,Completed,1.16,5.0,1.19,5.37,1.21,5.5,1.17,5.06,20220629
30,London,Wimbledon,2022-06-29,Grand Slam,Outdoor,Grass,2nd Round,3,Begu I.,Cocciaretto E.,43.0,119.0,1234.0,557.0,6.0,4.0,6.0,4.0,,,2.0,0.0,Completed,1.44,2.75,1.44,2.98,1.53,3.0,1.43,2.81,20220629
30,London,Wimbledon,2022-06-29,Grand Slam,Outdoor,Grass,2nd Round,3,Sakkari M.,Tomova V.,5.0,112.0,4205.0,603.0,6.0,4.0,6.0,3.0,,,2.0,0.0,Completed,1.14,5.5,1.15,6.14,1.2,6.5,1.14,5.84,20220629
30,London,Wimbledon,2022-06-29,Grand Slam,Outdoor,Grass,2nd Round,3,Jabeur O.,Kawa K.,2.0,132.0,4340.0,490.0,6.0,4.0,6.0,0.0,,,2.0,0.0,Completed,1.04,13.0,1.03,17.54,1.07,19.0,1.03,13.99,20220629
30,London,Wimbledon,2022-06-29,Grand Slam,Outdoor,Grass,2nd Round,3,Juvan K.,Galfi D.,62.0,89.0,1040.0,762.0,7.0,5.0,6.0,3.0,,,2.0,0.0,Completed,1.53,2.5,1.52,2.71,1.57,2.9,1.5,2.61,20220629
30,London,Wimbledon,2022-06-30,Grand Slam,Outdoor,Grass,2nd Round,3,Cornet A.,Liu C.,37.0,75.0,1311.0,854.0,6.0,3.0,6.0,3.0,,,2.0,0.0,Completed,1.5,2.62,1.55,2.61,1.57,2.68,1.52,2.54,20220630
30,London,Wimbledon,2022-06-30,Grand Slam,Outdoor,Grass,2nd Round,3,Tomljanovic A.,Harrison Ca.,44.0,262.0,1221.0,266.0,6.0,2.0,6.0,2.0,,,2.0,0.0,Completed,1.16,5.0,1.18,5.54,1.2,6.0,1.16,5.22,20220630
30,London,Wimbledon,2022-06-30,Grand Slam,Outdoor,Grass,2nd Round,3,Kvitova P.,Bogdan A.,26.0,111.0,1795.0,610.0,6.0,1.0,7.0,6.0,,,2.0,0.0,Completed,1.2,4.5,1.2,5.11,1.22,5.5,1.18,4.81,20220630
30,London,Wimbledon,2022-06-30,Grand Slam,Outdoor,Grass,2nd Round,3,Badosa P.,Bara I.,4.0,122.0,4245.0,537.0,6.0,3.0,6.0,2.0,,,2.0,0.0,Completed,1.07,9.0,1.07,10.91,1.08,13.0,1.06,9.65,20220630
30,London,Wimbledon,2022-06-30,Grand Slam,Outdoor,Grass,2nd Round,3,Zheng Q.,Minnen G.,52.0,88.0,1153.0,764.0,6.0,4.0,6.0,1.0,,,2.0,0.0,Completed,1.57,2.37,1.61,2.45,1.61,2.55,1.56,2.43,20220630
30,London,Wimbledon,2022-06-30,Grand Slam,Outdoor,Grass,2nd Round,3,Mertens E.,Udvardy P.,31.0,100.0,1615.0,688.0,3.0,6.0,7.0,6.0,7.0,5.0,2.0,1.0,Completed,1.08,8.0,1.12,7.21,1.12,8.75,1.09,7.5,20220630
30,London,Wimbledon,2022-06-30,Grand Slam,Outdoor,Grass,2nd Round,3,Rybakina E.,Andreescu B.,23.0,56.0,1990.0,1092.0,6.0,4.0,7.0,6.0,,,2.0,0.0,Completed,2.2,1.66,2.18,1.75,2.3,1.8,2.16,1.7,20220630
30,London,Wimbledon,2022-06-30,Grand Slam,Outdoor,Grass,2nd Round,3,Boulter K.,Pliskova Ka.,118.0,7.0,557.0,3777.0,3.0,6.0,7.0,6.0,6.0,4.0,2.0,1.0,Completed,2.37,1.57,2.46,1.61,2.51,1.71,2.37,1.59,20220630
30,London,Wimbledon,2022-06-30,Grand Slam,Outdoor,Grass,2nd Round,3,Watson H.,Wang Q.,121.0,140.0,541.0,442.0,7.0,5.0,6.0,4.0,,,2.0,0.0,Completed,2.37,1.57,2.48,1.6,2.6,1.67,2.4,1.58,20220630
30,London,Wimbledon,2022-06-30,Grand Slam,Outdoor,Grass,2nd Round,3,Tan H.,Sorribes Tormo S.,115.0,45.0,575.0,1221.0,6.0,3.0,6.0,4.0,,,2.0,0.0,Completed,4.0,1.25,3.67,1.32,4.0,1.37,3.63,1.29,20220630
30,London,Wimbledon,2022-06-30,Grand Slam,Outdoor,Grass,2nd Round,3,Krejcikova B.,Golubic V.,14.0,58.0,2593.0,1062.0,6.0,3.0,6.0,4.0,,,2.0,0.0,Completed,1.57,2.37,1.56,2.57,1.66,2.57,1.58,2.38,20220630
30,London,Wimbledon,2022-06-30,Grand Slam,Outdoor,Grass,2nd Round,3,Pegula J.,Dart H.,9.0,94.0,3156.0,735.0,4.0,6.0,6.0,3.0,6.0,1.0,2.0,1.0,Completed,1.28,3.75,1.29,3.96,1.33,4.05,1.28,3.67,20220630
30,London,Wimbledon,2022-06-30,Grand Slam,Outdoor,Grass,2nd Round,3,Martic P.,Kucova K.,80.0,91.0,815.0,750.0,7.0,6.0,6.0,3.0,,,2.0,0.0,Completed,1.22,4.33,1.21,4.87,1.22,5.45,1.2,4.59,20220630
30,London,Wimbledon,2022-06-30,Grand Slam,Outdoor,Grass,2nd Round,3,Frech M.,Schmiedlova A.,92.0,84.0,746.0,791.0,6.0,4.0,6.0,4.0,,,2.0,0.0,Completed,1.44,2.75,1.42,3.08,1.51,3.1,1.42,2.88,20220630
30,London,Wimbledon,2022-06-30,Grand Slam,Outdoor,Grass,2nd Round,3,Swiatek I.,Pattinama Kerkhove L.,1.0,138.0,8576.0,444.0,6.0,4.0,4.0,6.0,6.0,3.0,2.0,1.0,Completed,1.01,26.0,1.02,21.79,1.03,34.0,1.01,19.81,20220630
30,London,Wimbledon,2022-06-30,Grand Slam,Outdoor,Grass,2nd Round,3,Anisimova A.,Davis L.,25.0,102.0,1840.0,673.0,2.0,6.0,6.0,3.0,6.0,4.0,2.0,1.0,Completed,1.25,4.0,1.29,3.96,1.3,4.33,1.27,3.83,20220630
30,London,Wimbledon,2022-06-30,Grand Slam,Outdoor,Grass,2nd Round,3,Halep S.,Flipkens K.,18.0,190.0,2315.0,351.0,7.0,5.0,6.0,4.0,,,2.0,0.0,Completed,1.11,6.5,1.13,6.89,1.16,7.5,1.11,6.65,20220630
30,London,Wimbledon,2022-06-30,Grand Slam,Outdoor,Grass,2nd Round,3,Gauff C.,Buzarnescu M.,12.0,127.0,2886.0,507.0,6.0,2.0,6.0,3.0,,,2.0,0.0,Completed,1.08,8.0,1.1,8.23,1.11,9.0,1.08,7.92,20220630
30,London,Wimbledon,2022-07-01,Grand Slam,Outdoor,Grass,3rd Round,3,Ostapenko J.,Begu I.,17.0,43.0,2431.0,1234.0,3.0,6.0,6.0,1.0,6.0,1.0,2.0,1.0,Completed,1.22,4.33,1.22,4.7,1.29,4.7,1.22,4.34,20220701
30,London,Wimbledon,2022-07-01,Grand Slam,Outdoor,Grass,3rd Round,3,Niemeier J.,Tsurenko L.,97.0,101.0,709.0,687.0,6.0,4.0,3.0,6.0,6.0,3.0,2.0,1.0,Completed,1.66,2.2,1.58,2.51,1.69,2.51,1.62,2.3,20220701
30,London,Wimbledon,2022-07-01,Grand Slam,Outdoor,Grass,3rd Round,3,Watson H.,Juvan K.,121.0,62.0,541.0,1040.0,7.0,6.0,6.0,2.0,,,2.0,0.0,Completed,2.62,1.5,2.7,1.52,2.85,1.52,2.65,1.49,20220701
30,London,Wimbledon,2022-07-01,Grand Slam,Outdoor,Grass,3rd Round,3,Jabeur O.,Parry D.,2.0,77.0,4340.0,841.0,6.0,2.0,6.0,3.0,,,2.0,0.0,Completed,1.07,9.0,1.07,10.53,1.09,10.53,1.07,9.05,20220701
30,London,Wimbledon,2022-07-01,Grand Slam,Outdoor,Grass,3rd Round,3,Maria T.,Sakkari M.,103.0,5.0,654.0,4205.0,6.0,3.0,7.0,5.0,,,2.0,0.0,Completed,5.0,1.16,5.36,1.19,5.6,1.2,5.11,1.17,20220701
30,London,Wimbledon,2022-07-01,Grand Slam,Outdoor,Grass,3rd Round,3,Mertens E.,Kerber A.,31.0,19.0,1615.0,2199.0,6.0,4.0,7.0,5.0,,,2.0,0.0,Completed,3.4,1.33,3.48,1.35,3.58,1.37,3.35,1.33,20220701
30,London,Wimbledon,2022-07-01,Grand Slam,Outdoor,Grass,3rd Round,3,Bouzkova M.,Riske A.,66.0,36.0,940.0,1381.0,6.0,2.0,6.0,3.0,,,2.0,0.0,Completed,2.2,1.66,2.3,1.68,2.4,1.75,2.19,1.68,20220701
30,London,Wimbledon,2022-07-01,Grand Slam,Outdoor,Grass,3rd Round,3,Garcia C.,Zhang S.,55.0,41.0,1105.0,1240.0,7.0,6.0,7.0,6.0,,,2.0,0.0,Completed,1.72,2.1,1.76,2.16,1.85,2.25,1.73,2.11,20220701
30,London,Wimbledon,2022-07-02,Grand Slam,Outdoor,Grass,3rd Round,3,Tomljanovic A.,Krejcikova B.,44.0,14.0,1221.0,2593.0,2.0,6.0,6.0,4.0,6.0,3.0,2.0,1.0,Completed,2.1,1.72,2.19,1.75,2.25,1.8,2.14,1.72,20220702
30,London,Wimbledon,2022-07-02,Grand Slam,Outdoor,Grass,3rd Round,3,Tan H.,Boulter K.,115.0,118.0,575.0,557.0,6.0,1.0,6.0,1.0,,,2.0,0.0,Completed,3.0,1.4,3.57,1.34,3.82,1.46,3.12,1.37,20220702
30,London,Wimbledon,2022-07-02,Grand Slam,Outdoor,Grass,3rd Round,3,Anisimova A.,Gauff C.,25.0,12.0,1840.0,2886.0,6.0,7.0,6.0,2.0,6.0,1.0,2.0,1.0,Completed,3.0,1.4,3.14,1.41,3.3,1.44,3.02,1.39,20220702
30,London,Wimbledon,2022-07-02,Grand Slam,Outdoor,Grass,3rd Round,3,Halep S.,Frech M.,18.0,92.0,2315.0,746.0,6.0,4.0,6.0,1.0,,,2.0,0.0,Completed,1.08,8.0,1.1,8.31,1.1,9.25,1.08,7.89,20220702
30,London,Wimbledon,2022-07-02,Grand Slam,Outdoor,Grass,3rd Round,3,Rybakina E.,Zheng Q.,23.0,52.0,1990.0,1153.0,7.0,6.0,7.0,5.0,,,2.0,0.0,Completed,1.53,2.5,1.53,2.66,1.57,2.79,1.51,2.59,20220702
30,London,Wimbledon,2022-07-02,Grand Slam,Outdoor,Grass,3rd Round,3,Cornet A.,Swiatek I.,37.0,1.0,1311.0,8576.0,6.0,4.0,6.0,2.0,,,2.0,0.0,Completed,5.0,1.16,5.27,1.19,5.5,1.24,4.94,1.18,20220702
30,London,Wimbledon,2022-07-02,Grand Slam,Outdoor,Grass,3rd Round,3,Badosa P.,Kvitova P.,4.0,26.0,4245.0,1795.0,7.0,5.0,7.0,6.0,,,2.0,0.0,Completed,2.2,1.66,2.4,1.63,2.4,1.75,2.26,1.65,20220702
30,London,Wimbledon,2022-07-02,Grand Slam,Outdoor,Grass,3rd Round,3,Martic P.,Pegula J.,80.0,9.0,815.0,3156.0,6.0,2.0,7.0,6.0,,,2.0,0.0,Completed,3.2,1.36,3.06,1.41,3.2,1.57,3.03,1.39,20220702
30,London,Wimbledon,2022-07-03,Grand Slam,Outdoor,Grass,4th Round,3,Bouzkova M.,Garcia C.,66.0,55.0,940.0,1105.0,7.0,5.0,6.0,2.0,,,2.0,0.0,Completed,1.8,2.0,1.81,2.11,1.94,2.2,1.79,2.04,20220703
30,London,Wimbledon,2022-07-03,Grand Slam,Outdoor,Grass,4th Round,3,Maria T.,Ostapenko J.,103.0,17.0,654.0,2431.0,5.0,7.0,7.0,5.0,7.0,5.0,2.0,1.0,Completed,4.5,1.2,4.75,1.23,5.25,1.25,4.47,1.21,20220703
30,London,Wimbledon,2022-07-03,Grand Slam,Outdoor,Grass,4th Round,3,Niemeier J.,Watson H.,97.0,121.0,709.0,541.0,6.0,2.0,6.0,4.0,,,2.0,0.0,Completed,1.53,2.5,1.58,2.54,1.58,2.65,1.53,2.53,20220703
30,London,Wimbledon,2022-07-03,Grand Slam,Outdoor,Grass,4th Round,3,Jabeur O.,Mertens E.,2.0,31.0,4340.0,1615.0,7.0,6.0,6.0,4.0,,,2.0,0.0,Completed,1.16,5.0,1.2,5.19,1.22,5.65,1.18,4.98,20220703
30,London,Wimbledon,2022-07-04,Grand Slam,Outdoor,Grass,4th Round,3,Rybakina E.,Martic P.,23.0,80.0,1990.0,815.0,7.0,5.0,6.0,3.0,,,2.0,0.0,Completed,1.44,2.75,1.46,2.95,1.52,2.95,1.47,2.72,20220704
30,London,Wimbledon,2022-07-04,Grand Slam,Outdoor,Grass,4th Round,3,Tomljanovic A.,Cornet A.,44.0,37.0,1221.0,1311.0,4.0,6.0,6.0,4.0,6.0,3.0,2.0,1.0,Completed,2.1,1.72,1.98,1.93,2.16,1.93,2.04,1.78,20220704
30,London,Wimbledon,2022-07-04,Grand Slam,Outdoor,Grass,4th Round,3,Halep S.,Badosa P.,18.0,4.0,2315.0,4245.0,6.0,1.0,6.0,2.0,,,2.0,0.0,Completed,1.4,3.0,1.43,3.08,1.48,3.4,1.4,2.99,20220704
30,London,Wimbledon,2022-07-04,Grand Slam,Outdoor,Grass,4th Round,3,Anisimova A.,Tan H.,25.0,115.0,1840.0,575.0,6.0,2.0,6.0,3.0,,,2.0,0.0,Completed,1.28,3.75,1.26,4.3,1.31,4.3,1.28,3.74,20220704
30,London,Wimbledon,2022-07-05,Grand Slam,Outdoor,Grass,Quarterfinals,3,Maria T.,Niemeier J.,103.0,97.0,654.0,709.0,4.0,6.0,6.0,2.0,7.0,5.0,2.0,1.0,Completed,2.5,1.53,2.49,1.61,2.56,1.63,2.44,1.57,20220705
30,London,Wimbledon,2022-07-05,Grand Slam,Outdoor,Grass,Quarterfinals,3,Jabeur O.,Bouzkova M.,2.0,66.0,4340.0,940.0,3.0,6.0,6.0,1.0,6.0,1.0,2.0,1.0,Completed,1.25,4.0,1.26,4.32,1.31,4.57,1.26,3.93,20220705
30,London,Wimbledon,2022-07-06,Grand Slam,Outdoor,Grass,Quarterfinals,3,Rybakina E.,Tomljanovic A.,23.0,44.0,1990.0,1221.0,4.0,6.0,6.0,2.0,6.0,3.0,2.0,1.0,Completed,1.5,2.62,1.45,3.0,1.56,3.0,1.49,2.66,20220706
30,London,Wimbledon,2022-07-06,Grand Slam,Outdoor,Grass,Quarterfinals,3,Halep S.,Anisimova A.,18.0,25.0,2315.0,1840.0,6.0,2.0,6.0,4.0,,,2.0,0.0,Completed,1.4,3.0,1.4,3.22,1.57,3.22,1.4,3.01,20220706
30,London,Wimbledon,2022-07-07,Grand Slam,Outdoor,Grass,Semifinals,3,Jabeur O.,Maria T.,2.0,103.0,4340.0,654.0,6.0,2.0,3.0,6.0,6.0,1.0,2.0,1.0,Completed,1.12,6.0,1.11,8.3,1.15,8.3,1.12,6.47,20220707
30,London,Wimbledon,2022-07-07,Grand Slam,Outdoor,Grass,Semifinals,3,Rybakina E.,Halep S.,23.0,18.0,1990.0,2315.0,6.0,3.0,6.0,3.0,,,2.0,0.0,Completed,3.4,1.33,3.86,1.31,3.86,1.38,3.47,1.32,20220707
30,London,Wimbledon,2022-07-09,Grand Slam,Outdoor,Grass,The Final,3,Rybakina E.,Jabeur O.,23.0,2.0,1990.0,4340.0,3.0,6.0,6.0,2.0,6.0,2.0,2.0,1.0,Completed,2.3,1.66,2.57,1.57,2.57,1.83,2.4,1.59,20220709
31,Budapest,Budapest Open,2022-07-11,WTA250,Outdoor,Clay,1st Round,3,Tsurenko L.,Alves C.,97.0,181.0,659.0,359.0,6.0,4.0,6.0,1.0,,,2.0,0.0,Completed,1.16,5.0,1.2,5.19,1.23,5.2,1.18,4.77,20220711
31,Budapest,Budapest Open,2022-07-11,WTA250,Outdoor,Clay,1st Round,3,Rakhimova K.,Ruse E.G.,107.0,72.0,616.0,838.0,6.0,4.0,6.0,7.0,6.0,3.0,2.0,1.0,Completed,3.4,1.33,3.18,1.4,3.4,1.4,3.09,1.36,20220711
31,Budapest,Budapest Open,2022-07-11,WTA250,Outdoor,Clay,1st Round,3,Pera B.,Bassols M.,130.0,226.0,490.0,306.0,6.0,2.0,7.0,5.0,,,2.0,0.0,Completed,1.2,4.5,1.2,5.05,1.2,5.7,1.18,4.61,20220711
31,Budapest,Budapest Open,2022-07-11,WTA250,Outdoor,Clay,1st Round,3,Baindl K.,Babos T.,138.0,299.0,453.0,214.0,6.0,4.0,6.0,3.0,,,2.0,0.0,Completed,1.36,3.2,1.37,3.34,1.37,3.35,1.35,3.12,20220711
31,Budapest,Budapest Open,2022-07-11,WTA250,Outdoor,Clay,1st Round,3,Sasnovich A.,Stollar F.,36.0,357.0,1311.0,166.0,6.0,3.0,0.0,6.0,6.0,3.0,2.0,1.0,Completed,1.14,5.5,1.13,7.03,1.14,7.13,1.12,6.11,20220711
31,Budapest,Budapest Open,2022-07-12,WTA250,Outdoor,Clay,1st Round,3,Trevisan M.,Szabanin N.,26.0,386.0,1744.0,142.0,2.0,6.0,6.0,2.0,6.0,0.0,2.0,1.0,Completed,1.22,4.33,1.26,4.3,1.32,4.7,1.23,4.1,20220712
31,Budapest,Budapest Open,2022-07-12,WTA250,Outdoor,Clay,1st Round,3,Krunic A.,Siegemund L.,105.0,225.0,621.0,306.0,6.0,3.0,6.0,4.0,,,2.0,0.0,Completed,2.3,1.61,2.31,1.68,2.35,1.69,2.25,1.63,20220712
31,Budapest,Budapest Open,2022-07-12,WTA250,Outdoor,Clay,1st Round,3,Cocciaretto E.,Jani R.L.,118.0,285.0,557.0,229.0,7.0,6.0,6.0,2.0,,,2.0,0.0,Completed,1.44,2.75,1.54,2.64,1.54,2.75,1.49,2.58,20220712
31,Budapest,Budapest Open,2022-07-12,WTA250,Outdoor,Clay,1st Round,3,Bondar A.,Maleckova J.,53.0,216.0,1035.0,311.0,6.0,4.0,6.0,4.0,,,2.0,0.0,Completed,1.2,4.5,1.2,5.06,1.22,5.06,1.19,4.6,20220712
31,Budapest,Budapest Open,2022-07-12,WTA250,Outdoor,Clay,1st Round,3,Papamichail D.,Galfi D.,195.0,81.0,343.0,772.0,7.0,6.0,6.0,3.0,,,2.0,0.0,Completed,5.0,1.16,5.25,1.19,5.75,1.19,4.97,1.17,20220712
31,Budapest,Budapest Open,2022-07-12,WTA250,Outdoor,Clay,1st Round,3,Putintseva Y.,Schmiedlova A.,32.0,76.0,1405.0,800.0,6.0,4.0,6.0,1.0,,,2.0,0.0,Completed,1.33,3.4,1.39,3.25,1.39,3.4,1.34,3.18,20220712
31,Budapest,Budapest Open,2022-07-12,WTA250,Outdoor,Clay,1st Round,3,Bogdan A.,Udvardy P.,108.0,94.0,615.0,677.0,6.0,2.0,5.0,7.0,6.0,0.0,2.0,1.0,Completed,1.36,3.2,1.41,3.13,1.41,3.27,1.36,3.06,20220712
31,Budapest,Budapest Open,2022-07-12,WTA250,Outdoor,Clay,1st Round,3,Pigossi L.,Peterson R.,125.0,92.0,517.0,704.0,7.0,5.0,6.0,3.0,,,2.0,0.0,Completed,4.0,1.25,3.95,1.29,4.35,1.29,3.78,1.26,20220712
31,Budapest,Budapest Open,2022-07-13,WTA250,Outdoor,Clay,1st Round,3,Zhang S.,Gorgodze E.,37.0,112.0,1290.0,575.0,7.0,5.0,6.0,1.0,,,2.0,0.0,Completed,1.33,3.4,1.32,3.65,1.41,3.65,1.31,3.34,20220713
31,Budapest,Budapest Open,2022-07-13,WTA250,Outdoor,Clay,1st Round,3,Wang Xiy.,Krejcikova B.,102.0,17.0,629.0,2353.0,6.0,1.0,7.0,6.0,,,2.0,0.0,Completed,4.0,1.25,3.95,1.29,4.4,1.36,3.79,1.26,20220713
31,Budapest,Budapest Open,2022-07-13,WTA250,Outdoor,Clay,1st Round,3,Siniakova K.,Kalinina A.,93.0,39.0,694.0,1241.0,6.0,3.0,,,,,1.0,0.0,Retired,3.4,1.33,3.04,1.43,3.41,1.43,3.04,1.37,20220713
31,Budapest,Budapest Open,2022-07-13,WTA250,Outdoor,Clay,2nd Round,3,Tsurenko L.,Rakhimova K.,97.0,107.0,659.0,616.0,6.0,7.0,6.0,4.0,7.0,5.0,2.0,1.0,Completed,1.3,3.5,1.32,3.73,1.33,3.8,1.29,3.49,20220713
31,Budapest,Budapest Open,2022-07-13,WTA250,Outdoor,Clay,2nd Round,3,Trevisan M.,Baindl K.,26.0,138.0,1744.0,453.0,6.0,4.0,7.0,5.0,,,2.0,0.0,Completed,1.4,3.0,1.4,3.24,1.44,3.24,1.39,2.96,20220713
31,Budapest,Budapest Open,2022-07-13,WTA250,Outdoor,Clay,2nd Round,3,Pera B.,Sasnovich A.,130.0,36.0,490.0,1311.0,7.0,5.0,6.0,2.0,,,2.0,0.0,Completed,2.37,1.57,2.39,1.65,2.47,1.67,2.28,1.6,20220713
31,Budapest,Budapest Open,2022-07-13,WTA250,Outdoor,Clay,2nd Round,3,Bondar A.,Papamichail D.,53.0,195.0,1035.0,343.0,6.0,2.0,6.0,3.0,,,2.0,0.0,Completed,1.16,5.0,1.19,5.42,1.19,5.75,1.16,5.12,20220713
31,Budapest,Budapest Open,2022-07-14,WTA250,Outdoor,Clay,2nd Round,3,Krunic A.,Zhang S.,105.0,37.0,621.0,1290.0,6.0,1.0,6.0,0.0,,,2.0,0.0,Completed,2.2,1.66,2.35,1.67,2.45,1.67,2.24,1.63,20220714
31,Budapest,Budapest Open,2022-07-14,WTA250,Outdoor,Clay,2nd Round,3,Wang Xiy.,Bogdan A.,102.0,108.0,629.0,615.0,7.0,6.0,7.0,6.0,,,2.0,0.0,Completed,2.0,1.8,2.06,1.85,2.1,1.95,1.99,1.8,20220714
31,Budapest,Budapest Open,2022-07-14,WTA250,Outdoor,Clay,2nd Round,3,Putintseva Y.,Pigossi L.,32.0,125.0,1405.0,517.0,4.0,6.0,6.0,1.0,6.0,2.0,2.0,1.0,Completed,1.11,6.5,1.13,7.19,1.13,7.19,1.11,6.27,20220714
31,Budapest,Budapest Open,2022-07-14,WTA250,Outdoor,Clay,2nd Round,3,Cocciaretto E.,Siniakova K.,118.0,93.0,557.0,694.0,7.0,5.0,4.0,6.0,7.0,5.0,2.0,1.0,Completed,2.1,1.72,2.22,1.74,2.24,1.75,2.12,1.7,20220714
31,Budapest,Budapest Open,2022-07-15,WTA250,Outdoor,Clay,Quarterfinals,3,Krunic A.,Wang Xiy.,105.0,102.0,621.0,629.0,6.0,0.0,6.0,1.0,,,2.0,0.0,Completed,1.66,2.2,1.7,2.3,1.75,2.33,1.66,2.2,20220715
31,Budapest,Budapest Open,2022-07-15,WTA250,Outdoor,Clay,Quarterfinals,3,Pera B.,Cocciaretto E.,130.0,118.0,490.0,557.0,6.0,4.0,6.0,3.0,,,2.0,0.0,Completed,1.72,2.1,1.76,2.19,1.76,2.63,1.71,2.13,20220715
31,Budapest,Budapest Open,2022-07-15,WTA250,Outdoor,Clay,Quarterfinals,3,Bondar A.,Trevisan M.,53.0,26.0,1035.0,1744.0,6.0,4.0,6.0,1.0,,,2.0,0.0,Completed,2.1,1.72,2.23,1.74,2.24,1.8,2.12,1.71,20220715
31,Budapest,Budapest Open,2022-07-15,WTA250,Outdoor,Clay,Quarterfinals,3,Putintseva Y.,Tsurenko L.,32.0,97.0,1405.0,659.0,6.0,0.0,2.0,0.0,,,1.0,0.0,Retired,1.4,3.0,1.46,2.96,1.52,3.02,1.42,2.82,20220715
31,Budapest,Budapest Open,2022-07-16,WTA250,Outdoor,Clay,Semifinals,3,Krunic A.,Putintseva Y.,105.0,32.0,621.0,1405.0,6.0,2.0,6.0,2.0,,,2.0,0.0,Completed,2.62,1.5,2.57,1.57,2.62,1.6,2.46,1.54,20220716
31,Budapest,Budapest Open,2022-07-16,WTA250,Outdoor,Clay,Semifinals,3,Pera B.,Bondar A.,130.0,53.0,490.0,1035.0,6.0,3.0,6.0,4.0,,,2.0,0.0,Completed,2.0,1.8,2.01,1.9,2.05,1.95,1.95,1.84,20220716
31,Budapest,Budapest Open,2022-07-17,WTA250,Outdoor,Clay,The Final,3,Pera B.,Krunic A.,130.0,105.0,490.0,621.0,6.0,3.0,6.0,3.0,,,2.0,0.0,Completed,2.1,1.72,2.11,1.81,2.18,1.81,2.07,1.74,20220717
32,Lausanne,Ladies Open Lausanne,2022-07-11,WTA250,Outdoor,Clay,1st Round,3,Sorribes Tormo S.,Davis L.,43.0,96.0,1194.0,660.0,6.0,2.0,7.0,6.0,,,2.0,0.0,Completed,1.44,2.75,1.48,2.8,1.48,2.96,1.44,2.73,20220711
32,Lausanne,Ladies Open Lausanne,2022-07-11,WTA250,Outdoor,Clay,1st Round,3,Niemeier J.,In-Albon Y.,109.0,121.0,602.0,534.0,7.0,5.0,6.0,7.0,6.0,3.0,2.0,1.0,Completed,1.2,4.5,1.21,4.86,1.25,4.86,1.2,4.43,20220711
32,Lausanne,Ladies Open Lausanne,2022-07-11,WTA250,Outdoor,Clay,1st Round,3,Potapova A.,Bronzetti L.,79.0,66.0,779.0,865.0,6.0,2.0,3.0,6.0,6.0,4.0,2.0,1.0,Completed,1.72,2.1,1.78,2.14,1.8,2.28,1.73,2.07,20220711
32,Lausanne,Ladies Open Lausanne,2022-07-11,WTA250,Outdoor,Clay,1st Round,3,Kalinskaya A.,Zidansek T.,73.0,55.0,811.0,1023.0,7.0,6.0,3.0,6.0,6.0,3.0,2.0,1.0,Completed,2.37,1.57,2.55,1.57,2.73,1.62,2.43,1.54,20220711
32,Lausanne,Ladies Open Lausanne,2022-07-11,WTA250,Outdoor,Clay,1st Round,3,Bandecchi S.,Dodin O.,229.0,78.0,300.0,788.0,6.0,2.0,6.0,1.0,,,2.0,0.0,Completed,3.4,1.33,3.3,1.38,3.4,1.41,3.18,1.34,20220711
32,Lausanne,Ladies Open Lausanne,2022-07-11,WTA250,Outdoor,Clay,1st Round,3,Burel C.,Zhu L.,106.0,104.0,621.0,626.0,6.0,0.0,6.0,1.0,,,2.0,0.0,Completed,2.0,1.8,1.93,1.95,2.08,2.5,1.92,1.87,20220711
32,Lausanne,Ladies Open Lausanne,2022-07-12,WTA250,Outdoor,Clay,1st Round,3,Danilovic O.,Doi M.,124.0,103.0,522.0,626.0,6.0,3.0,6.0,3.0,,,2.0,0.0,Completed,1.25,4.0,1.24,4.46,1.28,4.46,1.23,4.07,20220712
32,Lausanne,Ladies Open Lausanne,2022-07-12,WTA250,Outdoor,Clay,1st Round,3,Begu I.,Korpatsch T.,49.0,111.0,1119.0,595.0,6.0,4.0,6.0,2.0,,,2.0,0.0,Completed,1.25,4.0,1.28,4.0,1.29,4.0,1.26,3.79,20220712
32,Lausanne,Ladies Open Lausanne,2022-07-12,WTA250,Outdoor,Clay,1st Round,3,Bucsa C.,Mladenovic K.,126.0,116.0,501.0,566.0,6.0,4.0,7.0,6.0,,,2.0,0.0,Completed,1.53,2.5,1.66,2.34,1.73,2.5,1.61,2.29,20220712
32,Lausanne,Ladies Open Lausanne,2022-07-12,WTA250,Outdoor,Clay,1st Round,3,Lys E.,Gracheva V.,217.0,60.0,311.0,934.0,7.0,5.0,6.0,4.0,,,2.0,0.0,Completed,2.0,1.8,2.0,1.88,2.04,1.92,1.96,1.82,20220712
32,Lausanne,Ladies Open Lausanne,2022-07-12,WTA250,Outdoor,Clay,1st Round,3,Garcia C.,Paolini J.,48.0,64.0,1125.0,904.0,6.0,3.0,6.0,3.0,,,2.0,0.0,Completed,1.61,2.3,1.63,2.41,1.67,2.66,1.6,2.31,20220712
32,Lausanne,Ladies Open Lausanne,2022-07-12,WTA250,Outdoor,Clay,1st Round,3,Andreeva E.,Blinkova A.,153.0,140.0,417.0,446.0,6.0,1.0,6.0,2.0,,,2.0,0.0,Completed,1.9,1.9,1.85,2.04,1.95,2.05,1.83,1.95,20220712
32,Lausanne,Ladies Open Lausanne,2022-07-12,WTA250,Outdoor,Clay,1st Round,3,Waltert S.,Collins D.,154.0,7.0,414.0,3131.0,6.0,7.0,6.0,3.0,7.0,6.0,2.0,1.0,Completed,4.33,1.22,4.41,1.25,4.44,1.26,4.03,1.23,20220712
32,Lausanne,Ladies Open Lausanne,2022-07-12,WTA250,Outdoor,Clay,1st Round,3,Martic P.,Parrizas Diaz N.,85.0,54.0,746.0,1032.0,6.0,2.0,6.0,2.0,,,2.0,0.0,Completed,1.5,2.62,1.51,2.73,1.55,2.75,1.48,2.6,20220712
32,Lausanne,Ladies Open Lausanne,2022-07-12,WTA250,Outdoor,Clay,1st Round,3,Bencic B.,Parry D.,13.0,77.0,2635.0,789.0,3.0,6.0,6.0,3.0,6.0,1.0,2.0,1.0,Completed,1.22,4.33,1.25,4.32,1.25,4.5,1.23,4.06,20220712
32,Lausanne,Ladies Open Lausanne,2022-07-13,WTA250,Outdoor,Clay,1st Round,3,Jeanjean L.,Maria T.,155.0,98.0,412.0,654.0,,,,,,,,,Walkover,2.1,1.72,1.99,1.89,2.13,1.89,1.99,1.8,20220713
32,Lausanne,Ladies Open Lausanne,2022-07-13,WTA250,Outdoor,Clay,2nd Round,3,Potapova A.,Begu I.,79.0,49.0,779.0,1119.0,6.0,4.0,6.0,2.0,,,2.0,0.0,Completed,2.62,1.5,2.71,1.53,2.8,1.57,2.59,1.49,20220713
32,Lausanne,Ladies Open Lausanne,2022-07-13,WTA250,Outdoor,Clay,2nd Round,3,Waltert S.,Bucsa C.,154.0,126.0,414.0,501.0,6.0,1.0,5.0,7.0,6.0,4.0,2.0,1.0,Completed,2.1,1.72,2.15,1.79,2.15,1.92,2.06,1.75,20220713
32,Lausanne,Ladies Open Lausanne,2022-07-13,WTA250,Outdoor,Clay,2nd Round,3,Martic P.,Andreeva E.,85.0,153.0,746.0,417.0,6.0,4.0,6.0,2.0,,,2.0,0.0,Completed,1.36,3.2,1.38,3.35,1.4,3.44,1.37,3.05,20220713
32,Lausanne,Ladies Open Lausanne,2022-07-13,WTA250,Outdoor,Clay,2nd Round,3,Sorribes Tormo S.,Burel C.,43.0,106.0,1194.0,621.0,6.0,4.0,6.0,2.0,,,2.0,0.0,Completed,1.33,3.4,1.3,3.89,1.37,3.89,1.29,3.52,20220713
32,Lausanne,Ladies Open Lausanne,2022-07-14,WTA250,Outdoor,Clay,2nd Round,3,Danilovic O.,Kalinskaya A.,124.0,73.0,522.0,811.0,6.0,3.0,3.0,6.0,7.0,5.0,2.0,1.0,Completed,1.8,2.0,1.78,2.17,1.8,2.24,1.74,2.07,20220714
32,Lausanne,Ladies Open Lausanne,2022-07-14,WTA250,Outdoor,Clay,2nd Round,3,Niemeier J.,Lys E.,109.0,217.0,602.0,311.0,6.0,4.0,6.0,2.0,,,2.0,0.0,Completed,1.28,3.75,1.33,3.67,1.33,3.85,1.28,3.55,20220714
32,Lausanne,Ladies Open Lausanne,2022-07-14,WTA250,Outdoor,Clay,2nd Round,3,Garcia C.,Jeanjean L.,48.0,155.0,1125.0,412.0,6.0,1.0,6.0,4.0,,,2.0,0.0,Completed,1.36,3.2,1.34,3.58,1.36,3.74,1.31,3.35,20220714
32,Lausanne,Ladies Open Lausanne,2022-07-14,WTA250,Outdoor,Clay,2nd Round,3,Bencic B.,Bandecchi S.,13.0,229.0,2635.0,300.0,6.0,3.0,6.0,4.0,,,2.0,0.0,Completed,1.07,9.0,1.07,10.73,1.11,10.73,1.07,8.18,20220714
32,Lausanne,Ladies Open Lausanne,2022-07-15,WTA250,Outdoor,Clay,Quarterfinals,3,Potapova A.,Niemeier J.,79.0,109.0,779.0,602.0,6.0,4.0,6.0,2.0,,,2.0,0.0,Completed,2.37,1.57,2.28,1.7,2.37,1.73,2.23,1.64,20220715
32,Lausanne,Ladies Open Lausanne,2022-07-15,WTA250,Outdoor,Clay,Quarterfinals,3,Danilovic O.,Waltert S.,124.0,154.0,522.0,414.0,6.0,4.0,4.0,6.0,7.0,6.0,2.0,1.0,Completed,1.61,2.3,1.65,2.4,1.66,2.51,1.6,2.3,20220715
32,Lausanne,Ladies Open Lausanne,2022-07-15,WTA250,Outdoor,Clay,Quarterfinals,3,Garcia C.,Sorribes Tormo S.,48.0,43.0,1125.0,1194.0,6.0,4.0,6.0,1.0,,,2.0,0.0,Completed,2.0,1.8,2.11,1.81,2.11,1.88,2.0,1.8,20220715
32,Lausanne,Ladies Open Lausanne,2022-07-15,WTA250,Outdoor,Clay,Quarterfinals,3,Martic P.,Bencic B.,85.0,13.0,746.0,2635.0,6.0,3.0,7.0,6.0,,,2.0,0.0,Completed,2.62,1.5,2.8,1.5,2.81,1.5,2.65,1.47,20220715
32,Lausanne,Ladies Open Lausanne,2022-07-16,WTA250,Outdoor,Clay,Semifinals,3,Danilovic O.,Potapova A.,124.0,79.0,522.0,779.0,6.0,3.0,6.0,2.0,,,2.0,0.0,Completed,2.75,1.44,2.94,1.46,3.06,1.5,2.78,1.44,20220716
32,Lausanne,Ladies Open Lausanne,2022-07-16,WTA250,Outdoor,Clay,Semifinals,3,Martic P.,Garcia C.,85.0,48.0,746.0,1125.0,6.0,4.0,1.0,6.0,6.0,3.0,2.0,1.0,Completed,2.0,1.8,2.12,1.81,2.16,1.83,2.02,1.78,20220716
32,Lausanne,Ladies Open Lausanne,2022-07-17,WTA250,Outdoor,Clay,The Final,3,Martic P.,Danilovic O.,85.0,124.0,746.0,522.0,6.0,4.0,6.0,2.0,,,2.0,0.0,Completed,1.44,2.75,1.49,2.85,1.5,2.85,1.46,2.68,20220717
33,Hamburg,European Open,2022-07-17,WTA250,Outdoor,Clay,1st Round,3,Pigossi L.,Jani R.L.,120.0,132.0,551.0,475.0,1.0,6.0,6.0,3.0,6.0,4.0,2.0,1.0,Completed,2.2,1.66,2.28,1.68,2.33,1.73,2.18,1.66,20220717
33,Hamburg,European Open,2022-07-17,WTA250,Outdoor,Clay,1st Round,3,Siniakova K.,Kasatkina D.,96.0,12.0,664.0,2635.0,6.0,2.0,2.0,6.0,6.0,4.0,2.0,1.0,Completed,4.0,1.25,4.43,1.24,4.43,1.27,3.89,1.24,20220717
33,Hamburg,European Open,2022-07-17,WTA250,Outdoor,Clay,1st Round,3,Zanevska M.,Tomova V.,72.0,113.0,820.0,590.0,4.0,6.0,6.0,4.0,6.0,3.0,2.0,1.0,Completed,2.0,1.8,2.08,1.82,2.1,1.83,1.99,1.79,20220717
33,Hamburg,European Open,2022-07-18,WTA250,Outdoor,Clay,1st Round,3,Potapova A.,Gracheva V.,63.0,59.0,876.0,934.0,7.0,5.0,6.0,3.0,,,2.0,0.0,Completed,1.33,3.4,1.42,3.09,1.42,3.45,1.34,3.2,20220718
33,Hamburg,European Open,2022-07-18,WTA250,Outdoor,Clay,1st Round,3,Frech M.,Kalinskaya A.,84.0,70.0,745.0,828.0,6.0,1.0,,,,,1.0,0.0,Retired,1.9,1.9,1.93,1.96,2.18,1.98,1.89,1.89,20220718
33,Hamburg,European Open,2022-07-18,WTA250,Outdoor,Clay,1st Round,3,Doi M.,Selekhmeteva O.,107.0,177.0,626.0,359.0,7.0,6.0,6.0,0.0,,,2.0,0.0,Completed,4.33,1.22,4.17,1.26,4.8,1.26,4.04,1.23,20220718
33,Hamburg,European Open,2022-07-18,WTA250,Outdoor,Clay,1st Round,3,Peterson R.,Baindl K.,93.0,140.0,704.0,441.0,6.0,3.0,6.0,0.0,,,2.0,0.0,Completed,1.9,1.9,1.88,2.02,2.03,2.02,1.84,1.94,20220718
33,Hamburg,European Open,2022-07-18,WTA250,Outdoor,Clay,1st Round,3,Krejcikova B.,Lamens S.,19.0,161.0,2074.0,383.0,6.0,2.0,6.0,4.0,,,2.0,0.0,Completed,1.16,5.0,1.18,5.41,1.19,6.26,1.16,5.06,20220718
33,Hamburg,European Open,2022-07-18,WTA250,Outdoor,Clay,1st Round,3,Cadantu A.,Hibino N.,172.0,259.0,365.0,252.0,6.0,3.0,2.0,6.0,6.0,2.0,2.0,1.0,Completed,1.53,2.5,1.49,2.79,1.57,2.79,1.5,2.54,20220718
33,Hamburg,European Open,2022-07-18,WTA250,Outdoor,Clay,1st Round,3,Carle M.,Lys E.,189.0,179.0,348.0,356.0,7.0,5.0,3.0,6.0,6.0,2.0,2.0,1.0,Completed,2.62,1.5,2.59,1.56,2.7,1.57,2.51,1.51,20220718
33,Hamburg,European Open,2022-07-18,WTA250,Outdoor,Clay,1st Round,3,Petkovic A.,Korpatsch T.,67.0,112.0,853.0,595.0,6.0,3.0,6.0,3.0,,,2.0,0.0,Completed,1.53,2.5,1.55,2.61,1.57,2.61,1.53,2.45,20220718
33,Hamburg,European Open,2022-07-18,WTA250,Outdoor,Clay,1st Round,3,Sasnovich A.,Schunk N.,35.0,146.0,1311.0,426.0,6.0,1.0,6.0,4.0,,,2.0,0.0,Completed,1.53,2.5,1.51,2.73,1.57,2.82,1.49,2.57,20220718
33,Hamburg,European Open,2022-07-19,WTA250,Outdoor,Clay,1st Round,3,Zuger J.,Niemeier J.,165.0,102.0,376.0,647.0,6.0,4.0,0.0,6.0,6.0,4.0,2.0,1.0,Completed,6.5,1.11,7.59,1.11,7.59,1.21,6.09,1.12,20220719
33,Hamburg,European Open,2022-07-19,WTA250,Outdoor,Clay,1st Round,3,Krunic A.,Lisicki S.,75.0,487.0,799.0,92.0,6.0,4.0,6.0,2.0,,,2.0,0.0,Completed,1.28,3.75,1.31,3.77,1.33,3.77,1.3,3.45,20220719
33,Hamburg,European Open,2022-07-19,WTA250,Outdoor,Clay,1st Round,3,Pera B.,Ruse E-G.,81.0,69.0,758.0,838.0,6.0,0.0,6.0,4.0,,,2.0,0.0,Completed,1.61,2.3,1.63,2.4,1.68,2.4,1.62,2.25,20220719
33,Hamburg,European Open,2022-07-19,WTA250,Outdoor,Clay,1st Round,3,Kontaveit A.,Bara I.,2.0,125.0,4326.0,525.0,6.0,3.0,7.0,6.0,,,2.0,0.0,Completed,1.16,5.0,1.2,5.08,1.22,5.2,1.18,4.7,20220719
33,Hamburg,European Open,2022-07-19,WTA250,Outdoor,Clay,2nd Round,3,Siniakova K.,Pigossi L.,96.0,120.0,664.0,551.0,6.0,1.0,6.0,1.0,,,2.0,0.0,Completed,1.22,4.33,1.25,4.45,1.28,4.5,1.22,4.17,20220719
33,Hamburg,European Open,2022-07-19,WTA250,Outdoor,Clay,2nd Round,3,Petkovic A.,Doi M.,67.0,107.0,853.0,626.0,6.0,4.0,6.0,3.0,,,2.0,0.0,Completed,1.22,4.33,1.24,4.57,1.25,4.65,1.22,4.2,20220719
33,Hamburg,European Open,2022-07-19,WTA250,Outdoor,Clay,2nd Round,3,Krejcikova B.,Frech M.,19.0,84.0,2074.0,745.0,6.0,3.0,6.0,0.0,,,2.0,0.0,Completed,1.28,3.75,1.33,3.64,1.38,3.76,1.3,3.48,20220719
33,Hamburg,European Open,2022-07-20,WTA250,Outdoor,Clay,2nd Round,3,Potapova A.,Carle M.,63.0,189.0,876.0,348.0,6.0,1.0,6.0,4.0,,,2.0,0.0,Completed,1.22,4.33,1.18,5.68,1.28,5.68,1.2,4.43,20220720
33,Hamburg,European Open,2022-07-20,WTA250,Outdoor,Clay,2nd Round,3,Sasnovich A.,Krunic A.,35.0,75.0,1311.0,799.0,6.0,3.0,6.0,2.0,,,2.0,0.0,Completed,1.9,1.9,1.93,1.98,2.08,2.0,1.87,1.91,20220720
33,Hamburg,European Open,2022-07-20,WTA250,Outdoor,Clay,2nd Round,3,Zanevska M.,Cadantu A.,72.0,172.0,820.0,365.0,6.0,4.0,6.0,1.0,,,2.0,0.0,Completed,1.44,2.75,1.49,2.82,1.5,2.85,1.44,2.72,20220720
33,Hamburg,European Open,2022-07-20,WTA250,Outdoor,Clay,2nd Round,3,Pera B.,Zuger J.,81.0,165.0,758.0,376.0,6.0,1.0,6.0,1.0,,,2.0,0.0,Completed,1.14,5.5,1.15,6.56,1.2,6.56,1.14,5.39,20220720
33,Hamburg,European Open,2022-07-20,WTA250,Outdoor,Clay,2nd Round,3,Kontaveit A.,Peterson R.,2.0,93.0,4326.0,704.0,6.0,3.0,6.0,2.0,,,2.0,0.0,Completed,1.33,3.4,1.33,3.69,1.35,3.69,1.31,3.35,20220720
33,Hamburg,European Open,2022-07-21,WTA250,Outdoor,Clay,Quarterfinals,3,Potapova A.,Krejcikova B.,63.0,19.0,876.0,2074.0,6.0,1.0,6.0,3.0,,,2.0,0.0,Completed,2.75,1.44,2.67,1.54,2.81,1.54,2.58,1.49,20220721
33,Hamburg,European Open,2022-07-21,WTA250,Outdoor,Clay,Quarterfinals,3,Kontaveit A.,Petkovic A.,2.0,67.0,4326.0,853.0,6.0,0.0,2.0,0.0,,,1.0,0.0,Retired,1.25,4.0,1.3,3.87,1.3,4.0,1.26,3.72,20220721
33,Hamburg,European Open,2022-07-21,WTA250,Outdoor,Clay,Quarterfinals,3,Zanevska M.,Sasnovich A.,72.0,35.0,820.0,1311.0,6.0,4.0,7.0,5.0,,,2.0,0.0,Completed,2.62,1.5,2.58,1.57,2.78,1.57,2.53,1.51,20220721
33,Hamburg,European Open,2022-07-21,WTA250,Outdoor,Clay,Quarterfinals,3,Pera B.,Siniakova K.,81.0,96.0,758.0,664.0,6.0,3.0,6.0,1.0,,,2.0,0.0,Completed,1.72,2.1,1.72,2.25,1.8,2.27,1.72,2.1,20220721
33,Hamburg,European Open,2022-07-22,WTA250,Outdoor,Clay,Semifinals,3,Pera B.,Zanevska M.,81.0,72.0,758.0,820.0,6.0,2.0,6.0,4.0,,,2.0,0.0,Completed,1.4,3.0,1.4,3.22,1.44,3.3,1.38,2.99,20220722
33,Hamburg,European Open,2022-07-22,WTA250,Outdoor,Clay,Semifinals,3,Kontaveit A.,Potapova A.,2.0,63.0,4326.0,876.0,6.0,3.0,7.0,5.0,,,2.0,0.0,Completed,1.44,2.75,1.5,2.8,1.5,3.08,1.46,2.69,20220722
33,Hamburg,European Open,2022-07-23,WTA250,Outdoor,Clay,The Final,3,Pera B.,Kontaveit A.,81.0,2.0,758.0,4326.0,6.0,2.0,6.0,4.0,,,2.0,0.0,Completed,2.37,1.57,2.61,1.56,2.61,1.91,2.4,1.56,20220723
34,Palermo,Internazionali Femminili di Palermo,2022-07-18,WTA250,Outdoor,Clay,1st Round,3,Sorribes Tormo S.,Bogdan A.,41.0,110.0,1211.0,615.0,2.0,6.0,6.0,4.0,6.0,2.0,2.0,1.0,Completed,1.44,2.75,1.52,2.68,1.62,2.75,1.48,2.59,20220718
34,Palermo,Internazionali Femminili di Palermo,2022-07-18,WTA250,Outdoor,Clay,1st Round,3,Dodin O.,Paoletti M.,77.0,920.0,788.0,22.0,6.0,4.0,7.0,5.0,,,2.0,0.0,Completed,1.36,3.2,1.4,3.18,1.47,3.3,1.37,3.04,20220718
34,Palermo,Internazionali Femminili di Palermo,2022-07-18,WTA250,Outdoor,Clay,1st Round,3,Begu I.,Bassols M.,45.0,211.0,1134.0,311.0,6.0,3.0,4.0,6.0,6.0,3.0,2.0,1.0,Completed,1.11,6.5,1.14,6.47,1.14,7.5,1.11,6.15,20220718
34,Palermo,Internazionali Femminili di Palermo,2022-07-18,WTA250,Outdoor,Clay,1st Round,3,Jeanjean L.,In-Albon Y.,151.0,124.0,407.0,528.0,6.0,2.0,6.0,4.0,,,2.0,0.0,Completed,1.61,2.3,1.68,2.3,1.8,2.38,1.64,2.23,20220718
34,Palermo,Internazionali Femminili di Palermo,2022-07-18,WTA250,Outdoor,Clay,1st Round,3,Zhang S.,Masarova R.,36.0,173.0,1290.0,364.0,7.0,6.0,7.0,6.0,,,2.0,0.0,Completed,1.66,2.2,1.69,2.29,1.74,2.38,1.65,2.19,20220718
34,Palermo,Internazionali Femminili di Palermo,2022-07-18,WTA250,Outdoor,Clay,1st Round,3,Paolini J.,Schmiedlova A.,61.0,76.0,904.0,790.0,6.0,3.0,6.0,1.0,,,2.0,0.0,Completed,1.57,2.37,1.54,2.64,1.65,2.73,1.54,2.43,20220718
34,Palermo,Internazionali Femminili di Palermo,2022-07-19,WTA250,Outdoor,Clay,1st Round,3,Bondar A.,Burel C.,50.0,134.0,1097.0,471.0,6.0,4.0,6.0,4.0,,,2.0,0.0,Completed,1.5,2.62,1.48,2.83,1.51,2.88,1.47,2.65,20220719
34,Palermo,Internazionali Femminili di Palermo,2022-07-19,WTA250,Outdoor,Clay,1st Round,3,Bronzetti L.,Wang Xiy.,78.0,94.0,774.0,681.0,6.0,3.0,6.0,3.0,,,2.0,0.0,Completed,2.1,1.72,2.24,1.72,2.25,1.75,2.13,1.69,20220719
34,Palermo,Internazionali Femminili di Palermo,2022-07-19,WTA250,Outdoor,Clay,1st Round,3,Putintseva Y.,Fourlis J.,39.0,147.0,1235.0,420.0,6.0,3.0,6.0,1.0,,,2.0,0.0,Completed,1.22,4.33,1.28,4.07,1.3,4.38,1.24,3.94,20220719
34,Palermo,Internazionali Femminili di Palermo,2022-07-19,WTA250,Outdoor,Clay,1st Round,3,Garcia C.,Paquet C.,48.0,103.0,1125.0,646.0,6.0,7.0,6.0,2.0,6.0,2.0,2.0,1.0,Completed,1.14,5.5,1.17,5.8,1.17,6.0,1.14,5.49,20220719
34,Palermo,Internazionali Femminili di Palermo,2022-07-19,WTA250,Outdoor,Clay,1st Round,3,Parrizas Diaz N.,Muhammad A.,54.0,198.0,1032.0,334.0,4.0,6.0,7.0,5.0,7.0,5.0,2.0,1.0,Completed,1.36,3.2,1.4,3.18,1.4,3.26,1.37,3.03,20220719
34,Palermo,Internazionali Femminili di Palermo,2022-07-19,WTA250,Outdoor,Clay,1st Round,3,Udvardy P.,Stefanini L.,108.0,194.0,625.0,339.0,6.0,1.0,7.0,6.0,,,2.0,0.0,Completed,1.53,2.5,1.58,2.52,1.73,2.55,1.54,2.43,20220719
34,Palermo,Internazionali Femminili di Palermo,2022-07-19,WTA250,Outdoor,Clay,1st Round,3,Grabher J.,Wang Xin.,145.0,80.0,426.0,759.0,6.0,3.0,6.0,3.0,,,2.0,0.0,Completed,2.37,1.57,2.36,1.64,2.71,1.64,2.38,1.57,20220719
34,Palermo,Internazionali Femminili di Palermo,2022-07-19,WTA250,Outdoor,Clay,1st Round,3,Cocciaretto E.,Errani S.,111.0,127.0,601.0,500.0,6.0,1.0,6.0,0.0,,,2.0,0.0,Completed,1.5,2.62,1.55,2.6,1.55,2.7,1.5,2.55,20220719
34,Palermo,Internazionali Femminili di Palermo,2022-07-19,WTA250,Outdoor,Clay,1st Round,3,Parry D.,Davis L.,86.0,98.0,737.0,660.0,7.0,6.0,6.0,2.0,,,2.0,0.0,Completed,2.0,1.8,2.04,1.85,2.1,1.87,1.99,1.8,20220719
34,Palermo,Internazionali Femminili di Palermo,2022-07-19,WTA250,Outdoor,Clay,1st Round,3,Avanesyan E.,Alves C.,129.0,170.0,493.0,367.0,6.0,2.0,5.0,7.0,6.0,1.0,2.0,1.0,Completed,1.5,2.62,1.49,2.77,1.53,2.77,1.49,2.56,20220719
34,Palermo,Internazionali Femminili di Palermo,2022-07-20,WTA250,Outdoor,Clay,2nd Round,3,Bondar A.,Udvardy P.,50.0,108.0,1097.0,625.0,6.0,2.0,6.0,4.0,,,2.0,0.0,Completed,1.44,2.75,1.43,3.08,1.47,3.08,1.42,2.78,20220720
34,Palermo,Internazionali Femminili di Palermo,2022-07-20,WTA250,Outdoor,Clay,2nd Round,3,Sorribes Tormo S.,Jeanjean L.,41.0,151.0,1211.0,407.0,6.0,0.0,6.0,2.0,,,2.0,0.0,Completed,1.28,3.75,1.3,3.94,1.3,4.15,1.27,3.66,20220720
34,Palermo,Internazionali Femminili di Palermo,2022-07-20,WTA250,Outdoor,Clay,2nd Round,3,Paolini J.,Zhang S.,61.0,36.0,904.0,1290.0,,,,,,,,,Walkover,1.61,2.3,1.68,2.31,1.72,2.4,1.62,2.26,20220720
34,Palermo,Internazionali Femminili di Palermo,2022-07-20,WTA250,Outdoor,Clay,2nd Round,3,Begu I.,Dodin O.,45.0,77.0,1134.0,788.0,1.0,6.0,6.0,2.0,6.0,4.0,2.0,1.0,Completed,1.25,4.0,1.23,4.69,1.36,4.69,1.26,3.78,20220720
34,Palermo,Internazionali Femminili di Palermo,2022-07-21,WTA250,Outdoor,Clay,2nd Round,3,Parrizas Diaz N.,Grabher J.,54.0,145.0,1032.0,426.0,6.0,2.0,6.0,4.0,,,2.0,0.0,Completed,1.72,2.1,1.78,2.16,1.8,2.21,1.72,2.1,20220721
34,Palermo,Internazionali Femminili di Palermo,2022-07-21,WTA250,Outdoor,Clay,2nd Round,3,Parry D.,Putintseva Y.,86.0,39.0,737.0,1235.0,6.0,3.0,6.0,4.0,,,2.0,0.0,Completed,3.4,1.33,3.22,1.4,3.41,1.4,3.17,1.34,20220721
34,Palermo,Internazionali Femminili di Palermo,2022-07-21,WTA250,Outdoor,Clay,2nd Round,3,Garcia C.,Cocciaretto E.,48.0,111.0,1125.0,601.0,0.0,6.0,6.0,3.0,6.0,4.0,2.0,1.0,Completed,1.66,2.2,1.7,2.3,1.91,2.47,1.64,2.22,20220721
34,Palermo,Internazionali Femminili di Palermo,2022-07-21,WTA250,Outdoor,Clay,2nd Round,3,Bronzetti L.,Avanesyan E.,78.0,129.0,774.0,493.0,6.0,1.0,6.0,3.0,,,2.0,0.0,Completed,1.4,3.0,1.38,3.35,1.43,3.35,1.39,2.94,20220721
34,Palermo,Internazionali Femminili di Palermo,2022-07-22,WTA250,Outdoor,Clay,Quarterfinals,3,Sorribes Tormo S.,Bondar A.,41.0,50.0,1211.0,1097.0,6.0,2.0,6.0,3.0,,,2.0,0.0,Completed,1.5,2.62,1.59,2.54,1.64,2.62,1.55,2.42,20220722
34,Palermo,Internazionali Femminili di Palermo,2022-07-22,WTA250,Outdoor,Clay,Quarterfinals,3,Begu I.,Parry D.,45.0,86.0,1134.0,737.0,6.0,1.0,6.0,3.0,,,2.0,0.0,Completed,1.53,2.5,1.52,2.72,1.73,2.72,1.54,2.46,20220722
34,Palermo,Internazionali Femminili di Palermo,2022-07-22,WTA250,Outdoor,Clay,Quarterfinals,3,Paolini J.,Parrizas Diaz N.,61.0,54.0,904.0,1032.0,6.0,7.0,7.0,5.0,6.0,2.0,2.0,1.0,Completed,1.5,2.62,1.45,2.99,1.55,2.99,1.48,2.61,20220722
34,Palermo,Internazionali Femminili di Palermo,2022-07-22,WTA250,Outdoor,Clay,Quarterfinals,3,Bronzetti L.,Garcia C.,78.0,48.0,774.0,1125.0,3.0,6.0,7.0,5.0,6.0,3.0,2.0,1.0,Completed,3.5,1.3,3.53,1.35,3.66,1.36,3.33,1.31,20220722
34,Palermo,Internazionali Femminili di Palermo,2022-07-23,WTA250,Outdoor,Clay,Semifinals,3,Bronzetti L.,Paolini J.,78.0,61.0,774.0,904.0,0.0,6.0,6.0,3.0,6.0,3.0,2.0,1.0,Completed,2.3,1.61,2.31,1.69,2.35,1.7,2.24,1.64,20220723
34,Palermo,Internazionali Femminili di Palermo,2022-07-23,WTA250,Outdoor,Clay,Semifinals,3,Begu I.,Sorribes Tormo S.,45.0,41.0,1134.0,1211.0,3.0,6.0,6.0,3.0,6.0,4.0,2.0,1.0,Completed,2.2,1.66,2.3,1.7,2.46,1.75,2.23,1.65,20220723
34,Palermo,Internazionali Femminili di Palermo,2022-07-24,WTA250,Outdoor,Clay,The Final,3,Begu I.,Bronzetti L.,45.0,78.0,1134.0,774.0,6.0,2.0,6.0,2.0,,,2.0,0.0,Completed,1.44,2.75,1.51,2.75,1.53,2.81,1.48,2.63,20220724
35,Prague,Prague Open,2022-07-25,WTA250,Outdoor,Hard,1st Round,3,Hibino N.,Buzarnescu M.,251.0,132.0,265.0,469.0,6.0,2.0,6.0,2.0,,,2.0,0.0,Completed,2.0,1.8,1.99,1.88,2.06,1.91,1.96,1.82,20220725
35,Prague,Prague Open,2022-07-25,WTA250,Outdoor,Hard,1st Round,3,Bouzkova M.,Kraus S.,66.0,208.0,874.0,312.0,6.0,2.0,7.0,6.0,,,2.0,0.0,Completed,1.02,17.0,1.02,19.24,1.05,19.24,1.02,14.35,20220725
35,Prague,Prague Open,2022-07-25,WTA250,Outdoor,Hard,1st Round,3,Wang Q.,Peterson R.,141.0,91.0,442.0,704.0,1.0,6.0,6.0,3.0,7.0,6.0,2.0,1.0,Completed,1.61,2.3,1.68,2.27,1.71,2.55,1.63,2.25,20220725
35,Prague,Prague Open,2022-07-25,WTA250,Outdoor,Hard,1st Round,3,Linette M.,Mertens E.,68.0,30.0,856.0,1515.0,6.0,3.0,2.0,6.0,6.0,2.0,2.0,1.0,Completed,2.75,1.44,2.73,1.51,2.85,1.51,2.72,1.45,20220725
35,Prague,Prague Open,2022-07-25,WTA250,Outdoor,Hard,1st Round,3,Zhu L.,Diatchenko V.,100.0,117.0,649.0,555.0,6.0,1.0,6.0,1.0,,,2.0,0.0,Completed,1.44,2.75,1.45,2.94,1.5,2.94,1.44,2.73,20220725
35,Prague,Prague Open,2022-07-25,WTA250,Outdoor,Hard,1st Round,3,Jakupovic D.,Van Uytvanck A.,259.0,42.0,259.0,1235.0,5.0,2.0,,,,,0.0,0.0,Retired,6.0,1.12,6.07,1.16,6.5,1.17,5.77,1.13,20220725
35,Prague,Prague Open,2022-07-25,WTA250,Outdoor,Hard,1st Round,3,Paquet C.,Martincova T.,102.0,73.0,646.0,825.0,2.0,6.0,6.0,4.0,6.0,3.0,2.0,1.0,Completed,4.0,1.25,4.01,1.28,4.25,1.29,3.84,1.25,20220725
35,Prague,Prague Open,2022-07-26,WTA250,Outdoor,Hard,1st Round,3,Havlickova L.,Palicova B.,787.0,373.0,32.0,149.0,6.0,2.0,7.0,6.0,,,2.0,0.0,Completed,3.2,1.36,3.67,1.32,3.67,1.36,3.35,1.31,20220726
35,Prague,Prague Open,2022-07-26,WTA250,Outdoor,Hard,1st Round,3,Cornet A.,Zakharova A.,38.0,160.0,1242.0,390.0,6.0,2.0,6.0,3.0,,,2.0,0.0,Completed,1.3,3.5,1.33,3.58,1.35,4.05,1.3,3.43,20220726
35,Prague,Prague Open,2022-07-26,WTA250,Outdoor,Hard,1st Round,3,Tomova V.,Snigur D.,110.0,128.0,590.0,497.0,6.0,4.0,6.0,2.0,,,2.0,0.0,Completed,1.5,2.62,1.51,2.71,1.53,2.76,1.48,2.6,20220726
35,Prague,Prague Open,2022-07-26,WTA250,Outdoor,Hard,1st Round,3,Potapova A.,Wang Xin.,59.0,79.0,971.0,759.0,6.0,1.0,6.0,2.0,,,2.0,0.0,Completed,1.44,2.75,1.47,2.87,1.54,2.96,1.45,2.68,20220726
35,Prague,Prague Open,2022-07-26,WTA250,Outdoor,Hard,1st Round,3,Selekhmeteva O.,Cirstea S.,170.0,35.0,375.0,1330.0,7.0,5.0,6.0,4.0,,,2.0,0.0,Completed,3.2,1.36,3.18,1.4,3.3,1.4,3.05,1.37,20220726
35,Prague,Prague Open,2022-07-26,WTA250,Outdoor,Hard,1st Round,3,Salkova D.,In-Albon Y.,421.0,123.0,123.0,528.0,6.0,1.0,6.0,4.0,,,2.0,0.0,Completed,2.2,1.66,2.28,1.69,2.5,1.69,2.25,1.63,20220726
35,Prague,Prague Open,2022-07-26,WTA250,Outdoor,Hard,1st Round,3,Kontaveit A.,Gorgodze E.,2.0,126.0,4476.0,507.0,6.0,0.0,6.0,1.0,,,2.0,0.0,Completed,1.05,11.0,1.06,11.2,1.08,13.0,1.05,9.95,20220726
35,Prague,Prague Open,2022-07-26,WTA250,Outdoor,Hard,1st Round,3,Noskova L.,Vikhlyantseva N.,112.0,265.0,575.0,248.0,6.0,2.0,3.0,1.0,,,1.0,0.0,Retired,1.16,5.0,1.2,5.02,1.21,5.02,1.18,4.65,20220726
35,Prague,Prague Open,2022-07-26,WTA250,Outdoor,Hard,1st Round,3,Krejcikova B.,Blinkova A.,18.0,142.0,2134.0,434.0,6.0,3.0,6.0,1.0,,,2.0,0.0,Completed,1.14,5.5,1.17,5.74,1.17,5.76,1.15,5.21,20220726
35,Prague,Prague Open,2022-07-27,WTA250,Outdoor,Hard,2nd Round,3,Linette M.,Tomova V.,68.0,110.0,856.0,590.0,6.0,3.0,6.0,3.0,,,2.0,0.0,Completed,1.36,3.2,1.45,2.95,1.45,3.21,1.4,2.89,20220727
35,Prague,Prague Open,2022-07-27,WTA250,Outdoor,Hard,2nd Round,3,Wang Q.,Jakupovic D.,141.0,259.0,442.0,259.0,6.0,3.0,6.0,1.0,,,2.0,0.0,Completed,1.16,5.0,1.19,5.21,1.2,5.4,1.17,4.87,20220727
35,Prague,Prague Open,2022-07-27,WTA250,Outdoor,Hard,2nd Round,3,Bouzkova M.,Salkova D.,66.0,421.0,874.0,123.0,6.0,1.0,6.0,2.0,,,2.0,0.0,Completed,1.06,10.0,1.09,9.02,1.1,10.0,1.07,8.2,20220727
35,Prague,Prague Open,2022-07-27,WTA250,Outdoor,Hard,2nd Round,3,Selekhmeteva O.,Paquet C.,170.0,102.0,375.0,646.0,6.0,4.0,1.0,6.0,6.0,3.0,2.0,1.0,Completed,1.57,2.37,1.67,2.33,1.67,2.41,1.6,2.29,20220727
35,Prague,Prague Open,2022-07-28,WTA250,Outdoor,Hard,2nd Round,3,Potapova A.,Zhu L.,59.0,100.0,971.0,649.0,6.0,4.0,7.0,6.0,,,2.0,0.0,Completed,1.3,3.5,1.34,3.54,1.39,3.6,1.33,3.28,20220728
35,Prague,Prague Open,2022-07-28,WTA250,Outdoor,Hard,2nd Round,3,Kontaveit A.,Havlickova L.,2.0,787.0,4476.0,32.0,6.0,4.0,6.0,3.0,,,2.0,0.0,Completed,1.02,17.0,1.02,20.13,1.03,26.6,1.01,16.0,20220728
35,Prague,Prague Open,2022-07-28,WTA250,Outdoor,Hard,2nd Round,3,Hibino N.,Krejcikova B.,251.0,18.0,265.0,2134.0,3.0,6.0,7.0,6.0,6.0,3.0,2.0,1.0,Completed,6.5,1.11,6.65,1.14,6.7,1.15,6.11,1.12,20220728
35,Prague,Prague Open,2022-07-28,WTA250,Outdoor,Hard,2nd Round,3,Noskova L.,Cornet A.,112.0,38.0,575.0,1242.0,7.0,5.0,1.0,6.0,7.0,6.0,2.0,1.0,Completed,2.75,1.44,2.66,1.53,2.88,1.62,2.59,1.48,20220728
35,Prague,Prague Open,2022-07-29,WTA250,Outdoor,Hard,Quarterfinals,3,Potapova A.,Kontaveit A.,59.0,2.0,971.0,4476.0,6.0,1.0,6.0,1.0,,,2.0,0.0,Completed,2.75,1.44,3.09,1.43,3.32,1.48,2.83,1.42,20220729
35,Prague,Prague Open,2022-07-29,WTA250,Outdoor,Hard,Quarterfinals,3,Noskova L.,Hibino N.,112.0,251.0,575.0,265.0,6.0,3.0,4.0,2.0,,,1.0,0.0,Retired,1.36,3.2,1.4,3.22,1.4,3.3,1.35,3.14,20220729
35,Prague,Prague Open,2022-07-29,WTA250,Outdoor,Hard,Quarterfinals,3,Bouzkova M.,Selekhmeteva O.,66.0,170.0,874.0,375.0,6.0,3.0,6.0,0.0,,,2.0,0.0,Completed,1.2,4.5,1.22,4.81,1.23,4.84,1.2,4.44,20220729
35,Prague,Prague Open,2022-07-29,WTA250,Outdoor,Hard,Quarterfinals,3,Wang Q.,Linette M.,141.0,68.0,442.0,856.0,7.0,5.0,6.0,7.0,6.0,4.0,2.0,1.0,Completed,2.1,1.72,2.28,1.71,2.28,1.75,2.15,1.68,20220729
35,Prague,Prague Open,2022-07-30,WTA250,Outdoor,Hard,Semifinals,3,Bouzkova M.,Noskova L.,66.0,112.0,874.0,575.0,7.0,6.0,6.0,3.0,,,2.0,0.0,Completed,1.3,3.5,1.34,3.59,1.35,3.86,1.3,3.44,20220730
35,Prague,Prague Open,2022-07-30,WTA250,Outdoor,Hard,Semifinals,3,Potapova A.,Wang Q.,59.0,141.0,971.0,442.0,6.0,3.0,6.0,0.0,,,2.0,0.0,Completed,1.44,2.75,1.46,2.94,1.53,2.94,1.46,2.69,20220730
35,Prague,Prague Open,2022-07-31,WTA250,Outdoor,Hard,The Final,3,Bouzkova M.,Potapova A.,66.0,59.0,874.0,971.0,6.0,0.0,6.0,3.0,,,2.0,0.0,Completed,1.9,1.9,1.93,1.97,1.95,2.0,1.89,1.9,20220731
36,Warsaw,Poland Open,2022-07-25,WTA250,Outdoor,Clay,1st Round,3,Garcia C.,Doi M.,45.0,97.0,1155.0,655.0,7.0,5.0,6.0,4.0,,,2.0,0.0,Completed,1.14,5.5,1.08,9.94,1.16,9.94,1.13,5.71,20220725
36,Warsaw,Poland Open,2022-07-25,WTA250,Outdoor,Clay,1st Round,3,Podoroska N.,Cadantu A.,211.0,154.0,310.0,401.0,6.0,1.0,6.0,1.0,,,2.0,0.0,Completed,1.44,2.75,1.53,2.67,1.57,2.79,1.47,2.61,20220725
36,Warsaw,Poland Open,2022-07-25,WTA250,Outdoor,Clay,1st Round,3,Pigossi L.,Gracheva V.,113.0,62.0,572.0,934.0,6.0,2.0,6.0,4.0,,,2.0,0.0,Completed,2.37,1.57,2.47,1.59,2.55,1.65,2.37,1.57,20220725
36,Warsaw,Poland Open,2022-07-25,WTA250,Outdoor,Clay,1st Round,3,Siniakova K.,Maleckova J.,86.0,216.0,723.0,304.0,6.0,2.0,6.0,4.0,,,2.0,0.0,Completed,1.2,4.5,1.21,4.98,1.24,4.98,1.19,4.52,20220725
36,Warsaw,Poland Open,2022-07-25,WTA250,Outdoor,Clay,1st Round,3,Golubic V.,Hartono A.,103.0,169.0,645.0,375.0,6.0,4.0,5.0,7.0,6.0,3.0,2.0,1.0,Completed,1.44,2.75,1.52,2.68,1.52,2.8,1.47,2.64,20220725
36,Warsaw,Poland Open,2022-07-25,WTA250,Outdoor,Clay,1st Round,3,Chwalinska M.,Masarova R.,162.0,165.0,390.0,381.0,7.0,5.0,6.0,2.0,,,2.0,0.0,Completed,2.2,1.66,1.95,1.92,2.11,2.08,1.89,1.89,20220725
36,Warsaw,Poland Open,2022-07-26,WTA250,Outdoor,Clay,1st Round,3,Burel C.,Schmiedlova A.,131.0,78.0,471.0,761.0,7.0,6.0,6.0,1.0,,,2.0,0.0,Completed,2.2,1.66,2.44,1.61,2.44,1.73,2.26,1.62,20220726
36,Warsaw,Poland Open,2022-07-26,WTA250,Outdoor,Clay,1st Round,3,Bogdan A.,Parrizas Diaz N.,108.0,55.0,615.0,1032.0,6.0,4.0,7.0,6.0,,,2.0,0.0,Completed,1.66,2.2,1.65,2.36,1.71,2.4,1.63,2.25,20220726
36,Warsaw,Poland Open,2022-07-26,WTA250,Outdoor,Clay,1st Round,3,Paolini J.,Kovinic D.,58.0,81.0,984.0,749.0,6.0,1.0,6.0,1.0,,,2.0,0.0,Completed,1.72,2.1,1.67,2.33,1.75,2.36,1.65,2.2,20220726
36,Warsaw,Poland Open,2022-07-27,WTA250,Outdoor,Clay,1st Round,3,Baindl K.,Zanevska M.,190.0,99.0,343.0,650.0,6.0,3.0,6.0,3.0,,,2.0,0.0,Completed,2.62,1.5,2.59,1.56,2.69,1.6,2.54,1.5,20220727
36,Warsaw,Poland Open,2022-07-27,WTA250,Outdoor,Clay,1st Round,3,Mladenovic K.,Bondar A.,116.0,52.0,566.0,1079.0,1.0,6.0,7.0,5.0,7.0,6.0,2.0,1.0,Completed,3.5,1.3,3.53,1.34,3.54,1.36,3.29,1.31,20220727
36,Warsaw,Poland Open,2022-07-27,WTA250,Outdoor,Clay,1st Round,3,Lee G.,Serban R.,146.0,185.0,427.0,349.0,3.0,6.0,6.0,2.0,7.0,5.0,2.0,1.0,Completed,3.2,1.36,3.35,1.37,3.35,1.38,3.1,1.35,20220727
36,Warsaw,Poland Open,2022-07-27,WTA250,Outdoor,Clay,1st Round,3,Errani S.,Rus A.,127.0,75.0,500.0,802.0,6.0,1.0,5.0,7.0,6.0,4.0,2.0,1.0,Completed,2.0,1.8,2.03,1.86,2.1,1.88,1.98,1.81,20220727
36,Warsaw,Poland Open,2022-07-27,WTA250,Outdoor,Clay,1st Round,3,Cocciaretto E.,Kubka M.,105.0,472.0,622.0,101.0,6.0,2.0,6.0,3.0,,,2.0,0.0,Completed,1.03,15.0,1.04,14.17,1.05,16.0,1.03,12.18,20220727
36,Warsaw,Poland Open,2022-07-27,WTA250,Outdoor,Clay,1st Round,3,Swiatek I.,Frech M.,1.0,82.0,8336.0,746.0,6.0,1.0,6.0,2.0,,,2.0,0.0,Completed,1.03,15.0,1.04,14.68,1.06,15.0,1.03,11.84,20220727
36,Warsaw,Poland Open,2022-07-27,WTA250,Outdoor,Clay,1st Round,3,Martic P.,Falkowska W.,56.0,346.0,1025.0,172.0,7.0,5.0,6.0,4.0,,,2.0,0.0,Completed,1.08,8.0,1.07,10.72,1.08,10.72,1.06,8.58,20220727
36,Warsaw,Poland Open,2022-07-27,WTA250,Outdoor,Clay,2nd Round,3,Bogdan A.,Siniakova K.,108.0,86.0,615.0,723.0,6.0,0.0,6.0,4.0,,,2.0,0.0,Completed,2.1,1.72,2.13,1.79,2.15,1.91,2.05,1.75,20220727
36,Warsaw,Poland Open,2022-07-27,WTA250,Outdoor,Clay,2nd Round,3,Pigossi L.,Podoroska N.,113.0,211.0,572.0,310.0,3.0,6.0,6.0,0.0,6.0,4.0,2.0,1.0,Completed,3.5,1.3,3.58,1.33,3.6,1.36,3.35,1.31,20220727
36,Warsaw,Poland Open,2022-07-28,WTA250,Outdoor,Clay,2nd Round,3,Paolini J.,Burel C.,58.0,131.0,984.0,471.0,6.0,1.0,6.0,7.0,6.0,0.0,2.0,1.0,Completed,1.36,3.2,1.34,3.55,1.37,3.7,1.33,3.24,20220728
36,Warsaw,Poland Open,2022-07-28,WTA250,Outdoor,Clay,2nd Round,3,Golubic V.,Mladenovic K.,103.0,116.0,645.0,566.0,6.0,7.0,6.0,2.0,6.0,1.0,2.0,1.0,Completed,1.5,2.62,1.56,2.58,1.56,2.92,1.51,2.53,20220728
36,Warsaw,Poland Open,2022-07-28,WTA250,Outdoor,Clay,2nd Round,3,Baindl K.,Errani S.,190.0,127.0,343.0,500.0,6.0,2.0,3.0,0.0,,,1.0,0.0,Retired,2.1,1.72,2.17,1.76,2.19,2.0,2.08,1.73,20220728
36,Warsaw,Poland Open,2022-07-28,WTA250,Outdoor,Clay,2nd Round,3,Garcia C.,Cocciaretto E.,45.0,105.0,1155.0,622.0,6.0,3.0,7.0,5.0,,,2.0,0.0,Completed,1.66,2.2,1.7,2.27,1.76,2.27,1.67,2.16,20220728
36,Warsaw,Poland Open,2022-07-28,WTA250,Outdoor,Clay,2nd Round,3,Swiatek I.,Lee G.,1.0,146.0,8336.0,427.0,6.0,3.0,6.0,2.0,,,2.0,0.0,Completed,1.01,26.0,1.01,23.91,1.02,34.0,1.01,19.33,20220728
36,Warsaw,Poland Open,2022-07-28,WTA250,Outdoor,Clay,2nd Round,3,Martic P.,Chwalinska M.,56.0,162.0,1025.0,390.0,6.0,3.0,3.0,6.0,6.0,3.0,2.0,1.0,Completed,1.25,4.0,1.31,3.74,1.31,4.2,1.26,3.72,20220728
36,Warsaw,Poland Open,2022-07-29,WTA250,Outdoor,Clay,Quarterfinals,3,Bogdan A.,Pigossi L.,108.0,113.0,615.0,572.0,6.0,1.0,6.0,1.0,,,2.0,0.0,Completed,1.22,4.33,1.27,4.23,1.32,4.4,1.23,3.98,20220729
36,Warsaw,Poland Open,2022-07-29,WTA250,Outdoor,Clay,Quarterfinals,3,Paolini J.,Golubic V.,58.0,103.0,984.0,645.0,1.0,6.0,6.0,2.0,6.0,2.0,2.0,1.0,Completed,1.53,2.5,1.52,2.73,1.57,2.73,1.5,2.55,20220729
36,Warsaw,Poland Open,2022-07-29,WTA250,Outdoor,Clay,Quarterfinals,3,Baindl K.,Martic P.,190.0,56.0,343.0,1025.0,1.0,6.0,6.0,3.0,6.0,4.0,2.0,1.0,Completed,3.4,1.33,3.68,1.33,3.68,1.34,3.35,1.31,20220729
36,Warsaw,Poland Open,2022-07-29,WTA250,Outdoor,Clay,Quarterfinals,3,Garcia C.,Swiatek I.,45.0,1.0,1155.0,8336.0,6.0,1.0,1.0,6.0,6.0,4.0,2.0,1.0,Completed,7.0,1.1,8.16,1.11,9.37,1.11,7.27,1.09,20220729
36,Warsaw,Poland Open,2022-07-30,WTA250,Outdoor,Clay,Semifinals,3,Bogdan A.,Baindl K.,108.0,190.0,615.0,343.0,7.0,5.0,7.0,5.0,,,2.0,0.0,Completed,1.44,2.75,1.52,2.73,1.52,2.9,1.45,2.71,20220730
36,Warsaw,Poland Open,2022-07-30,WTA250,Outdoor,Clay,Semifinals,3,Garcia C.,Paolini J.,45.0,58.0,1155.0,984.0,6.0,1.0,6.0,2.0,,,2.0,0.0,Completed,1.5,2.62,1.52,2.73,1.57,2.8,1.48,2.61,20220730
36,Warsaw,Poland Open,2022-07-31,WTA250,Outdoor,Clay,The Final,3,Garcia C.,Bogdan A.,45.0,108.0,1155.0,615.0,6.0,4.0,6.0,1.0,,,2.0,0.0,Completed,1.4,3.0,1.48,2.88,1.48,3.87,1.39,2.95,20220731
37,San Jose,Mubadala Silicon Valley Classic,2022-08-01,WTA500,Outdoor,Hard,1st Round,3,Anisimova A.,Krueger A.,22.0,242.0,1831.0,276.0,6.0,2.0,7.0,6.0,,,2.0,0.0,Completed,1.11,6.5,1.12,7.35,1.16,7.35,1.11,6.3,20220801
37,San Jose,Mubadala Silicon Valley Classic,2022-08-01,WTA500,Outdoor,Hard,1st Round,3,Pliskova Ka.,Boulter K.,15.0,127.0,2477.0,490.0,1.0,6.0,7.0,6.0,6.0,3.0,2.0,1.0,Completed,1.53,2.5,1.49,2.78,1.55,2.78,1.48,2.6,20220801
37,San Jose,Mubadala Silicon Valley Classic,2022-08-01,WTA500,Outdoor,Hard,1st Round,3,Townsend T.,Sanders S.,316.0,279.0,190.0,225.0,6.0,1.0,6.0,4.0,,,2.0,0.0,Completed,1.72,2.1,1.79,2.12,1.87,2.15,1.75,2.04,20220801
37,San Jose,Mubadala Silicon Valley Classic,2022-08-02,WTA500,Outdoor,Hard,1st Round,3,Keys M.,Zhang S.,27.0,40.0,1725.0,1240.0,6.0,4.0,6.0,2.0,,,2.0,0.0,Completed,1.61,2.3,1.6,2.49,1.67,2.49,1.59,2.3,20220802
37,San Jose,Mubadala Silicon Valley Classic,2022-08-02,WTA500,Outdoor,Hard,1st Round,3,Kasatkina D.,Rybakina E.,12.0,23.0,2635.0,1805.0,1.0,6.0,6.0,2.0,6.0,0.0,2.0,1.0,Completed,2.3,1.61,2.66,1.53,2.7,1.66,2.34,1.58,20220802
37,San Jose,Mubadala Silicon Valley Classic,2022-08-02,WTA500,Outdoor,Hard,1st Round,3,Mandlik E.,Riske A.,240.0,33.0,280.0,1401.0,6.0,3.0,6.0,3.0,,,2.0,0.0,Completed,3.4,1.33,3.63,1.33,3.65,1.33,3.45,1.3,20220802
37,San Jose,Mubadala Silicon Valley Classic,2022-08-02,WTA500,Outdoor,Hard,1st Round,3,Dolehide C.,Day K.,168.0,230.0,380.0,290.0,7.0,6.0,6.0,4.0,,,2.0,0.0,Completed,2.0,1.8,1.94,1.94,2.03,1.94,1.92,1.86,20220802
37,San Jose,Mubadala Silicon Valley Classic,2022-08-02,WTA500,Outdoor,Hard,1st Round,3,Kudermetova V.,Giorgi C.,19.0,29.0,2090.0,1689.0,7.0,6.0,4.0,6.0,7.0,5.0,2.0,1.0,Completed,1.57,2.37,1.68,2.31,1.68,2.48,1.6,2.29,20220802
37,San Jose,Mubadala Silicon Valley Classic,2022-08-02,WTA500,Outdoor,Hard,1st Round,3,Rogers S.,Andreescu B.,45.0,54.0,1179.0,1082.0,6.0,4.0,6.0,2.0,,,2.0,0.0,Completed,3.2,1.36,3.44,1.35,3.44,1.39,3.12,1.35,20220802
37,San Jose,Mubadala Silicon Valley Classic,2022-08-03,WTA500,Outdoor,Hard,1st Round,3,Osaka N.,Zheng Q.,41.0,51.0,1235.0,1103.0,6.0,4.0,3.0,6.0,6.0,1.0,2.0,1.0,Completed,1.53,2.5,1.56,2.59,1.57,2.62,1.51,2.5,20220803
37,San Jose,Mubadala Silicon Valley Classic,2022-08-03,WTA500,Outdoor,Hard,1st Round,3,Gauff C.,Kalinina A.,11.0,52.0,2647.0,1091.0,6.0,1.0,6.0,0.0,,,2.0,0.0,Completed,1.22,4.33,1.27,4.18,1.27,4.6,1.23,4.0,20220803
37,San Jose,Mubadala Silicon Valley Classic,2022-08-03,WTA500,Outdoor,Hard,1st Round,3,Liu C.,Haddad Maia B.,79.0,25.0,757.0,1782.0,6.0,2.0,7.0,5.0,,,2.0,0.0,Completed,2.62,1.5,2.72,1.51,2.78,1.53,2.58,1.49,20220803
37,San Jose,Mubadala Silicon Valley Classic,2022-08-03,WTA500,Outdoor,Hard,2nd Round,3,Anisimova A.,Pliskova Ka.,22.0,15.0,1831.0,2477.0,3.0,6.0,7.0,5.0,6.0,1.0,2.0,1.0,Completed,1.4,3.0,1.48,2.88,1.48,3.13,1.41,2.85,20220803
37,San Jose,Mubadala Silicon Valley Classic,2022-08-03,WTA500,Outdoor,Hard,2nd Round,3,Kasatkina D.,Townsend T.,12.0,316.0,2635.0,190.0,6.0,4.0,6.0,0.0,,,2.0,0.0,Completed,1.25,4.0,1.32,3.78,1.32,4.0,1.28,3.61,20220803
37,San Jose,Mubadala Silicon Valley Classic,2022-08-04,WTA500,Outdoor,Hard,2nd Round,3,Badosa P.,Mandlik E.,4.0,240.0,4030.0,280.0,6.0,2.0,5.0,7.0,7.0,6.0,2.0,1.0,Completed,1.16,5.0,1.2,5.19,1.22,5.2,1.17,4.83,20220804
37,San Jose,Mubadala Silicon Valley Classic,2022-08-04,WTA500,Outdoor,Hard,2nd Round,3,Jabeur O.,Keys M.,5.0,27.0,4010.0,1725.0,7.0,5.0,6.0,1.0,,,2.0,0.0,Completed,1.53,2.5,1.55,2.64,1.57,2.84,1.5,2.55,20220804
37,San Jose,Mubadala Silicon Valley Classic,2022-08-04,WTA500,Outdoor,Hard,2nd Round,3,Kudermetova V.,Liu C.,19.0,79.0,2090.0,757.0,6.0,2.0,7.0,5.0,,,2.0,0.0,Completed,1.4,3.0,1.42,3.11,1.42,3.75,1.37,2.99,20220804
37,San Jose,Mubadala Silicon Valley Classic,2022-08-04,WTA500,Outdoor,Hard,2nd Round,3,Sabalenka A.,Dolehide C.,6.0,168.0,3267.0,380.0,5.0,7.0,6.0,1.0,7.0,5.0,2.0,1.0,Completed,1.12,6.0,1.14,6.8,1.15,6.8,1.12,5.93,20220804
37,San Jose,Mubadala Silicon Valley Classic,2022-08-05,WTA500,Outdoor,Hard,2nd Round,3,Rogers S.,Sakkari M.,45.0,3.0,1179.0,4190.0,6.0,1.0,6.0,3.0,,,2.0,0.0,Completed,2.5,1.53,2.77,1.51,2.88,1.56,2.57,1.49,20220805
37,San Jose,Mubadala Silicon Valley Classic,2022-08-05,WTA500,Outdoor,Hard,2nd Round,3,Gauff C.,Osaka N.,11.0,41.0,2647.0,1235.0,6.0,4.0,6.0,4.0,,,2.0,0.0,Completed,1.72,2.1,1.75,2.22,1.8,2.26,1.72,2.09,20220805
37,San Jose,Mubadala Silicon Valley Classic,2022-08-05,WTA500,Outdoor,Hard,Quarterfinals,3,Kasatkina D.,Sabalenka A.,12.0,6.0,2635.0,3267.0,4.0,6.0,7.0,5.0,6.0,0.0,2.0,1.0,Completed,2.0,1.8,1.94,1.96,2.08,2.0,1.9,1.87,20220805
37,San Jose,Mubadala Silicon Valley Classic,2022-08-05,WTA500,Outdoor,Hard,Quarterfinals,3,Kudermetova V.,Jabeur O.,19.0,5.0,2090.0,4010.0,7.0,6.0,6.0,2.0,,,2.0,0.0,Completed,2.75,1.44,2.99,1.45,2.99,1.46,2.81,1.42,20220805
37,San Jose,Mubadala Silicon Valley Classic,2022-08-06,WTA500,Outdoor,Hard,Quarterfinals,3,Badosa P.,Gauff C.,4.0,11.0,4030.0,2647.0,7.0,6.0,6.0,2.0,,,2.0,0.0,Completed,2.5,1.53,2.76,1.51,2.92,1.57,2.58,1.49,20220806
37,San Jose,Mubadala Silicon Valley Classic,2022-08-06,WTA500,Outdoor,Hard,Quarterfinals,3,Rogers S.,Anisimova A.,45.0,22.0,1179.0,1831.0,6.0,4.0,6.0,4.0,,,2.0,0.0,Completed,2.5,1.53,2.56,1.58,2.71,1.58,2.49,1.52,20220806
37,San Jose,Mubadala Silicon Valley Classic,2022-08-06,WTA500,Outdoor,Hard,Semifinals,3,Rogers S.,Kudermetova V.,45.0,19.0,1179.0,2090.0,6.0,3.0,6.0,4.0,,,2.0,0.0,Completed,2.2,1.66,2.24,1.73,2.36,1.73,2.16,1.68,20220806
37,San Jose,Mubadala Silicon Valley Classic,2022-08-07,WTA500,Outdoor,Hard,Semifinals,3,Kasatkina D.,Badosa P.,12.0,4.0,2635.0,4030.0,6.0,2.0,6.0,4.0,,,2.0,0.0,Completed,2.3,1.61,2.17,1.78,2.33,1.78,2.18,1.66,20220807
37,San Jose,Mubadala Silicon Valley Classic,2022-08-08,WTA500,Outdoor,Hard,The Final,3,Kasatkina D.,Rogers S.,12.0,45.0,2635.0,1179.0,6.0,7.0,6.0,1.0,6.0,2.0,2.0,1.0,Completed,1.61,2.3,1.77,2.17,1.8,2.33,1.69,2.15,20220808
38,Washington,Citi Open,2022-08-01,WTA250,Outdoor,Hard,1st Round,3,Halep S.,Bucsa C.,16.0,123.0,2415.0,524.0,6.0,3.0,7.0,5.0,,,2.0,0.0,Completed,1.08,8.0,1.09,8.86,1.12,9.0,1.08,7.72,20220801
38,Washington,Citi Open,2022-08-01,WTA250,Outdoor,Hard,1st Round,3,Saville D.,Bjorklund M.,88.0,126.0,708.0,494.0,3.0,6.0,7.0,5.0,7.0,6.0,2.0,1.0,Completed,1.57,2.37,1.5,2.77,1.6,2.77,1.51,2.52,20220801
38,Washington,Citi Open,2022-08-01,WTA250,Outdoor,Hard,1st Round,3,Pegula J.,Baptiste H.,7.0,148.0,3087.0,417.0,6.0,2.0,6.0,2.0,,,2.0,0.0,Completed,1.12,6.0,1.14,6.53,1.14,7.0,1.12,6.05,20220801
38,Washington,Citi Open,2022-08-01,WTA250,Outdoor,Hard,1st Round,3,Zhu L.,Dart H.,97.0,85.0,675.0,732.0,6.0,4.0,6.0,3.0,,,2.0,0.0,Completed,2.0,1.8,2.12,1.79,2.12,1.83,2.01,1.77,20220801
38,Washington,Citi Open,2022-08-01,WTA250,Outdoor,Hard,1st Round,3,Vekic D.,Sherif M.,86.0,47.0,726.0,1147.0,6.0,4.0,6.0,1.0,,,2.0,0.0,Completed,1.4,3.0,1.41,3.12,1.41,3.25,1.36,3.04,20220801
38,Washington,Citi Open,2022-08-01,WTA250,Outdoor,Hard,1st Round,3,Kanepi K.,Minnen G.,37.0,99.0,1317.0,657.0,6.0,3.0,6.0,3.0,,,2.0,0.0,Completed,1.44,2.75,1.46,2.91,1.5,3.0,1.43,2.76,20220801
38,Washington,Citi Open,2022-08-02,WTA250,Outdoor,Hard,1st Round,3,Marino R.,Williams V.,111.0,,597.0,,4.0,6.0,6.0,1.0,6.0,4.0,2.0,1.0,Completed,1.25,4.0,1.23,4.67,1.25,4.67,1.21,4.25,20220802
38,Washington,Citi Open,2022-08-02,WTA250,Outdoor,Hard,1st Round,3,Samsonova L.,Mertens E.,60.0,30.0,1000.0,1515.0,7.0,6.0,6.0,4.0,,,2.0,0.0,Completed,2.62,1.5,2.74,1.51,2.75,1.55,2.56,1.49,20220802
38,Washington,Citi Open,2022-08-02,WTA250,Outdoor,Hard,1st Round,3,Petkovic A.,Tauson C.,68.0,49.0,856.0,1132.0,6.0,2.0,6.0,2.0,,,2.0,0.0,Completed,2.3,1.61,2.46,1.61,2.63,1.63,2.33,1.59,20220802
38,Washington,Citi Open,2022-08-02,WTA250,Outdoor,Hard,1st Round,3,Kalinskaya A.,Brengle M.,71.0,61.0,828.0,951.0,6.0,3.0,6.0,0.0,,,2.0,0.0,Completed,1.72,2.1,1.76,2.17,1.8,2.34,1.72,2.1,20220802
38,Washington,Citi Open,2022-08-02,WTA250,Outdoor,Hard,1st Round,3,Tomljanovic A.,Stephens S.,69.0,57.0,846.0,1061.0,6.0,1.0,6.0,4.0,,,2.0,0.0,Completed,1.72,2.1,1.7,2.26,1.81,2.26,1.71,2.11,20220802
38,Washington,Citi Open,2022-08-02,WTA250,Outdoor,Hard,1st Round,3,Martincova T.,Wang Xin.,73.0,78.0,825.0,759.0,0.0,6.0,6.0,4.0,6.0,4.0,2.0,1.0,Completed,1.66,2.2,1.68,2.3,1.83,2.31,1.64,2.21,20220802
38,Washington,Citi Open,2022-08-02,WTA250,Outdoor,Hard,1st Round,3,Azarenka V.,Yastremska D.,20.0,77.0,2016.0,766.0,6.0,4.0,6.0,0.0,,,2.0,0.0,Completed,1.44,2.75,1.42,3.05,1.48,3.1,1.41,2.82,20220802
38,Washington,Citi Open,2022-08-02,WTA250,Outdoor,Hard,1st Round,3,Wang Xiy.,Maria T.,95.0,101.0,681.0,654.0,6.0,2.0,7.0,5.0,,,2.0,0.0,Completed,1.57,2.37,1.73,2.22,1.73,2.37,1.66,2.18,20220802
38,Washington,Citi Open,2022-08-02,WTA250,Outdoor,Hard,1st Round,3,Osorio M.,Kenin S.,17.0,416.0,2302.0,123.0,7.0,6.0,6.0,1.0,,,2.0,0.0,Completed,2.0,1.8,1.93,1.95,2.05,1.95,1.92,1.85,20220802
38,Washington,Citi Open,2022-08-03,WTA250,Outdoor,Hard,1st Round,3,Raducanu E.,Chirico L.,10.0,216.0,2717.0,307.0,6.0,4.0,6.0,2.0,,,2.0,0.0,Completed,1.2,4.5,1.21,4.88,1.24,4.88,1.2,4.44,20220803
38,Washington,Citi Open,2022-08-03,WTA250,Outdoor,Hard,2nd Round,3,Marino R.,Petkovic A.,111.0,68.0,597.0,856.0,6.0,3.0,3.0,6.0,6.0,1.0,2.0,1.0,Completed,2.1,1.72,2.19,1.76,2.19,1.83,2.08,1.73,20220803
38,Washington,Citi Open,2022-08-03,WTA250,Outdoor,Hard,2nd Round,3,Saville D.,Pegula J.,88.0,7.0,708.0,3087.0,7.0,5.0,6.0,4.0,,,2.0,0.0,Completed,4.0,1.25,4.47,1.25,4.47,1.28,4.03,1.23,20220803
38,Washington,Citi Open,2022-08-03,WTA250,Outdoor,Hard,2nd Round,3,Kalinskaya A.,Halep S.,71.0,16.0,828.0,2415.0,7.0,5.0,2.0,0.0,,,1.0,0.0,Retired,6.0,1.12,5.74,1.18,6.5,1.18,5.49,1.14,20220803
38,Washington,Citi Open,2022-08-04,WTA250,Outdoor,Hard,2nd Round,3,Kanepi K.,Zhu L.,37.0,97.0,1317.0,675.0,4.0,6.0,6.0,4.0,6.0,4.0,2.0,1.0,Completed,1.53,2.5,1.46,2.96,1.55,2.96,1.47,2.62,20220804
38,Washington,Citi Open,2022-08-04,WTA250,Outdoor,Hard,2nd Round,3,Samsonova L.,Tomljanovic A.,60.0,69.0,1000.0,846.0,4.0,6.0,6.0,3.0,6.0,2.0,2.0,1.0,Completed,2.1,1.72,2.31,1.69,2.38,1.75,2.2,1.65,20220804
38,Washington,Citi Open,2022-08-04,WTA250,Outdoor,Hard,2nd Round,3,Raducanu E.,Osorio M.,10.0,17.0,2717.0,2302.0,7.0,6.0,7.0,6.0,,,2.0,0.0,Completed,1.44,2.75,1.47,2.93,1.47,3.2,1.42,2.81,20220804
38,Washington,Citi Open,2022-08-04,WTA250,Outdoor,Hard,2nd Round,3,Wang Xiy.,Vekic D.,95.0,86.0,681.0,726.0,4.0,6.0,7.0,5.0,6.0,1.0,2.0,1.0,Completed,2.3,1.61,2.49,1.61,2.5,1.65,2.33,1.58,20220804
38,Washington,Citi Open,2022-08-05,WTA250,Outdoor,Hard,2nd Round,3,Azarenka V.,Martincova T.,20.0,73.0,2016.0,825.0,7.0,6.0,6.0,2.0,,,2.0,0.0,Completed,1.25,4.0,1.2,5.18,1.26,5.18,1.2,4.33,20220805
38,Washington,Citi Open,2022-08-05,WTA250,Outdoor,Hard,Quarterfinals,3,Kanepi K.,Kalinskaya A.,37.0,71.0,1317.0,828.0,6.0,7.0,6.0,4.0,6.0,3.0,2.0,1.0,Completed,1.61,2.3,1.73,2.24,1.76,2.3,1.66,2.2,20220805
38,Washington,Citi Open,2022-08-05,WTA250,Outdoor,Hard,Quarterfinals,3,Saville D.,Marino R.,88.0,111.0,708.0,597.0,6.0,1.0,7.0,5.0,,,2.0,0.0,Completed,1.57,2.37,1.68,2.32,1.68,2.5,1.59,2.31,20220805
38,Washington,Citi Open,2022-08-06,WTA250,Outdoor,Hard,Quarterfinals,3,Wang Xiy.,Azarenka V.,95.0,20.0,681.0,2016.0,6.0,1.0,6.0,3.0,,,2.0,0.0,Completed,3.75,1.28,3.99,1.28,3.99,1.29,3.71,1.26,20220806
38,Washington,Citi Open,2022-08-06,WTA250,Outdoor,Hard,Quarterfinals,3,Samsonova L.,Raducanu E.,60.0,10.0,1000.0,2717.0,7.0,6.0,6.0,1.0,,,2.0,0.0,Completed,2.0,1.8,2.06,1.86,2.06,1.9,1.97,1.81,20220806
38,Washington,Citi Open,2022-08-06,WTA250,Outdoor,Hard,Semifinals,3,Kanepi K.,Saville D.,37.0,88.0,1317.0,708.0,6.0,3.0,6.0,1.0,,,2.0,0.0,Completed,1.9,1.9,1.85,2.06,1.94,2.06,1.83,1.95,20220806
38,Washington,Citi Open,2022-08-06,WTA250,Outdoor,Hard,Semifinals,3,Samsonova L.,Wang Xiy.,60.0,95.0,1000.0,681.0,6.0,1.0,6.0,1.0,,,2.0,0.0,Completed,1.53,2.5,1.57,2.59,1.57,2.65,1.53,2.47,20220806
38,Washington,Citi Open,2022-08-07,WTA250,Outdoor,Hard,The Final,3,Samsonova L.,Kanepi K.,60.0,37.0,1000.0,1317.0,4.0,6.0,6.0,3.0,6.0,3.0,2.0,1.0,Completed,1.72,2.1,1.72,2.26,1.8,2.38,1.71,2.12,20220807
39,Toronto,Canadian Open,2022-08-08,WTA1000,Outdoor,Hard,1st Round,3,Rybakina E.,Bouzkova M.,27.0,47.0,1735.0,1153.0,7.0,5.0,6.0,7.0,6.0,1.0,2.0,1.0,Completed,1.8,2.0,2.0,1.87,2.0,2.1,1.84,1.94,20220808
39,Toronto,Canadian Open,2022-08-08,WTA1000,Outdoor,Hard,1st Round,3,Halep S.,Vekic D.,15.0,82.0,2415.0,755.0,6.0,0.0,6.0,2.0,,,2.0,0.0,Completed,1.2,4.5,1.18,5.29,1.26,5.29,1.2,4.41,20220808
39,Toronto,Canadian Open,2022-08-08,WTA1000,Outdoor,Hard,1st Round,3,Haddad Maia B.,Trevisan M.,24.0,26.0,1782.0,1775.0,6.0,2.0,2.0,6.0,6.0,2.0,2.0,1.0,Completed,1.2,4.5,1.27,4.09,1.27,4.5,1.23,4.02,20220808
39,Toronto,Canadian Open,2022-08-08,WTA1000,Outdoor,Hard,1st Round,3,Williams S.,Parrizas Diaz N.,,57.0,,1032.0,6.0,3.0,6.0,4.0,,,2.0,0.0,Completed,1.33,3.4,1.35,3.38,1.36,3.76,1.32,3.32,20220808
39,Toronto,Canadian Open,2022-08-08,WTA1000,Outdoor,Hard,1st Round,3,Ostapenko J.,Kalinina A.,16.0,52.0,2302.0,1091.0,6.0,4.0,6.0,2.0,,,2.0,0.0,Completed,1.44,2.75,1.46,2.9,1.5,3.1,1.43,2.78,20220808
39,Toronto,Canadian Open,2022-08-08,WTA1000,Outdoor,Hard,1st Round,3,Pliskova Ka.,Krejcikova B.,14.0,19.0,2532.0,2163.0,6.0,3.0,6.0,4.0,,,2.0,0.0,Completed,1.9,1.9,2.02,1.87,2.02,1.92,1.94,1.83,20220808
39,Toronto,Canadian Open,2022-08-08,WTA1000,Outdoor,Hard,1st Round,3,Stephens S.,Kenin S.,59.0,416.0,1007.0,124.0,6.0,2.0,6.0,7.0,7.0,5.0,2.0,1.0,Completed,1.53,2.5,1.56,2.59,1.66,2.59,1.55,2.41,20220808
39,Toronto,Canadian Open,2022-08-08,WTA1000,Outdoor,Hard,1st Round,3,Muhammad A.,Keys M.,187.0,25.0,350.0,1779.0,7.0,6.0,6.0,4.0,,,2.0,0.0,Completed,4.0,1.25,4.13,1.26,4.57,1.26,3.97,1.24,20220808
39,Toronto,Canadian Open,2022-08-08,WTA1000,Outdoor,Hard,1st Round,3,Cornet A.,Garcia C.,40.0,34.0,1271.0,1380.0,3.0,6.0,6.0,3.0,6.0,3.0,2.0,1.0,Completed,2.5,1.53,2.48,1.6,2.61,1.69,2.4,1.56,20220808
39,Toronto,Canadian Open,2022-08-09,WTA1000,Outdoor,Hard,1st Round,3,Putintseva Y.,Sebov K.,46.0,299.0,1165.0,210.0,3.0,6.0,6.0,2.0,7.0,5.0,2.0,1.0,Completed,1.16,5.0,1.19,5.34,1.2,5.5,1.17,4.95,20220809
39,Toronto,Canadian Open,2022-08-09,WTA1000,Outdoor,Hard,1st Round,3,Fernandez L.A.,Sanders S.,13.0,273.0,2534.0,235.0,6.0,4.0,6.0,7.0,6.0,3.0,2.0,1.0,Completed,1.28,3.75,1.29,3.89,1.33,3.89,1.29,3.5,20220809
39,Toronto,Canadian Open,2022-08-09,WTA1000,Outdoor,Hard,1st Round,3,Riske A.,Kvitova P.,35.0,23.0,1376.0,1786.0,6.0,2.0,4.0,6.0,6.0,3.0,2.0,1.0,Completed,2.62,1.5,2.63,1.54,2.75,1.57,2.52,1.5,20220809
39,Toronto,Canadian Open,2022-08-09,WTA1000,Outdoor,Hard,1st Round,3,Teichmann J.,Williams V.,21.0,1556.0,1997.0,2.0,6.0,2.0,6.0,3.0,,,2.0,0.0,Completed,1.16,5.0,1.2,5.19,1.2,5.19,1.18,4.73,20220809
39,Toronto,Canadian Open,2022-08-09,WTA1000,Outdoor,Hard,1st Round,3,Zheng Q.,Marino R.,51.0,96.0,1103.0,662.0,3.0,6.0,7.0,6.0,6.0,4.0,2.0,1.0,Completed,1.53,2.5,1.53,2.66,1.56,2.88,1.49,2.6,20220809
39,Toronto,Canadian Open,2022-08-09,WTA1000,Outdoor,Hard,1st Round,3,Sorribes Tormo S.,Liu C.,41.0,81.0,1266.0,757.0,7.0,6.0,2.0,6.0,7.0,6.0,2.0,1.0,Completed,1.72,2.1,1.64,2.38,1.75,2.38,1.68,2.16,20220809
39,Toronto,Canadian Open,2022-08-09,WTA1000,Outdoor,Hard,1st Round,3,Gauff C.,Brengle M.,11.0,64.0,2746.0,905.0,6.0,1.0,6.0,3.0,,,2.0,0.0,Completed,1.12,6.0,1.13,7.11,1.14,7.3,1.12,6.25,20220809
39,Toronto,Canadian Open,2022-08-09,WTA1000,Outdoor,Hard,1st Round,3,Mertens E.,Bondar A.,37.0,54.0,1331.0,1079.0,7.0,6.0,6.0,1.0,,,2.0,0.0,Completed,1.3,3.5,1.3,3.85,1.32,3.95,1.28,3.58,20220809
39,Toronto,Canadian Open,2022-08-09,WTA1000,Outdoor,Hard,1st Round,3,Tomljanovic A.,Kudermetova V.,72.0,18.0,821.0,2220.0,6.0,4.0,2.0,6.0,7.0,6.0,2.0,1.0,Completed,2.5,1.53,2.73,1.51,2.75,1.57,2.58,1.49,20220809
39,Toronto,Canadian Open,2022-08-09,WTA1000,Outdoor,Hard,1st Round,3,Giorgi C.,Raducanu E.,29.0,10.0,1689.0,2772.0,7.0,6.0,6.0,2.0,,,2.0,0.0,Completed,2.0,1.8,1.94,1.94,2.03,1.95,1.94,1.84,20220809
39,Toronto,Canadian Open,2022-08-09,WTA1000,Outdoor,Hard,1st Round,3,Zhang S.,Bucsa C.,45.0,122.0,1170.0,513.0,6.0,1.0,6.0,3.0,,,2.0,0.0,Completed,1.53,2.5,1.61,2.45,1.73,2.5,1.58,2.36,20220809
39,Toronto,Canadian Open,2022-08-09,WTA1000,Outdoor,Hard,1st Round,3,Anisimova A.,Zhao C.,22.0,188.0,1930.0,348.0,6.0,1.0,6.0,3.0,,,2.0,0.0,Completed,1.07,9.0,1.06,11.45,1.1,11.45,1.06,8.77,20220809
39,Toronto,Canadian Open,2022-08-09,WTA1000,Outdoor,Hard,1st Round,3,Kanepi K.,Osaka N.,31.0,39.0,1467.0,1290.0,7.0,6.0,3.0,0.0,,,1.0,0.0,Retired,3.2,1.36,3.58,1.33,3.6,1.38,3.27,1.32,20220809
39,Toronto,Canadian Open,2022-08-09,WTA1000,Outdoor,Hard,1st Round,3,Bencic B.,Martincova T.,12.0,71.0,2635.0,825.0,6.0,4.0,6.0,2.0,,,2.0,0.0,Completed,1.3,3.5,1.31,3.77,1.31,3.8,1.29,3.52,20220809
39,Toronto,Canadian Open,2022-08-10,WTA1000,Outdoor,Hard,1st Round,3,Andreescu B.,Kasatkina D.,53.0,9.0,1083.0,2800.0,7.0,6.0,6.0,4.0,,,2.0,0.0,Completed,1.9,1.9,1.93,1.95,2.02,2.0,1.88,1.91,20220810
39,Toronto,Canadian Open,2022-08-10,WTA1000,Outdoor,Hard,2nd Round,3,Sakkari M.,Stephens S.,4.0,59.0,4190.0,1007.0,6.0,2.0,4.0,6.0,6.0,2.0,2.0,1.0,Completed,1.33,3.4,1.3,3.87,1.39,3.87,1.31,3.44,20220810
39,Toronto,Canadian Open,2022-08-10,WTA1000,Outdoor,Hard,2nd Round,3,Pliskova Ka.,Anisimova A.,14.0,22.0,2532.0,1930.0,6.0,1.0,6.0,1.0,,,2.0,0.0,Completed,2.62,1.5,2.59,1.56,2.63,1.64,2.45,1.54,20220810
39,Toronto,Canadian Open,2022-08-10,WTA1000,Outdoor,Hard,2nd Round,3,Gauff C.,Rybakina E.,11.0,27.0,2746.0,1735.0,6.0,4.0,6.0,7.0,7.0,6.0,2.0,1.0,Completed,1.66,2.2,1.71,2.25,1.83,2.3,1.68,2.16,20220810
39,Toronto,Canadian Open,2022-08-10,WTA1000,Outdoor,Hard,2nd Round,3,Giorgi C.,Mertens E.,29.0,37.0,1689.0,1331.0,6.0,3.0,7.0,5.0,,,2.0,0.0,Completed,1.8,2.0,1.77,2.16,1.83,2.2,1.76,2.05,20220810
39,Toronto,Canadian Open,2022-08-10,WTA1000,Outdoor,Hard,2nd Round,3,Riske A.,Ostapenko J.,35.0,16.0,1376.0,2302.0,7.0,6.0,0.0,6.0,7.0,5.0,2.0,1.0,Completed,2.37,1.57,2.69,1.52,2.69,1.59,2.49,1.53,20220810
39,Toronto,Canadian Open,2022-08-10,WTA1000,Outdoor,Hard,2nd Round,3,Pegula J.,Muhammad A.,7.0,187.0,3116.0,350.0,6.0,2.0,7.0,5.0,,,2.0,0.0,Completed,1.16,5.0,1.2,5.09,1.21,5.25,1.18,4.84,20220810
39,Toronto,Canadian Open,2022-08-10,WTA1000,Outdoor,Hard,2nd Round,3,Swiatek I.,Tomljanovic A.,1.0,72.0,8396.0,821.0,6.0,1.0,6.0,2.0,,,2.0,0.0,Completed,1.12,6.0,1.17,5.82,1.17,6.25,1.14,5.58,20220810
39,Toronto,Canadian Open,2022-08-10,WTA1000,Outdoor,Hard,2nd Round,3,Halep S.,Zhang S.,15.0,45.0,2415.0,1170.0,6.0,4.0,6.0,2.0,,,2.0,0.0,Completed,1.14,5.5,1.15,6.29,1.15,6.5,1.13,5.69,20220810
39,Toronto,Canadian Open,2022-08-10,WTA1000,Outdoor,Hard,2nd Round,3,Haddad Maia B.,Fernandez L.A.,24.0,13.0,1782.0,2534.0,7.0,6.0,6.0,1.0,,,2.0,0.0,Completed,2.3,1.61,2.36,1.65,2.43,1.69,2.27,1.62,20220810
39,Toronto,Canadian Open,2022-08-10,WTA1000,Outdoor,Hard,2nd Round,3,Putintseva Y.,Badosa P.,46.0,3.0,1165.0,4190.0,7.0,5.0,1.0,0.0,,,1.0,0.0,Retired,3.4,1.33,3.63,1.33,3.72,1.34,3.41,1.31,20220810
39,Toronto,Canadian Open,2022-08-10,WTA1000,Outdoor,Hard,2nd Round,3,Sabalenka A.,Sorribes Tormo S.,6.0,41.0,3366.0,1266.0,6.0,4.0,6.0,3.0,,,2.0,0.0,Completed,1.44,2.75,1.47,2.88,1.47,3.45,1.42,2.83,20220810
39,Toronto,Canadian Open,2022-08-10,WTA1000,Outdoor,Hard,2nd Round,3,Teichmann J.,Kontaveit A.,21.0,2.0,1997.0,4476.0,6.0,4.0,6.0,4.0,,,2.0,0.0,Completed,3.0,1.4,3.17,1.4,3.17,1.45,2.89,1.4,20220810
39,Toronto,Canadian Open,2022-08-10,WTA1000,Outdoor,Hard,2nd Round,3,Zheng Q.,Jabeur O.,51.0,5.0,1103.0,4010.0,6.0,1.0,2.0,1.0,,,1.0,0.0,Retired,3.4,1.33,3.53,1.34,4.1,1.37,3.38,1.31,20220810
39,Toronto,Canadian Open,2022-08-10,WTA1000,Outdoor,Hard,2nd Round,3,Muguruza G.,Kanepi K.,8.0,31.0,2886.0,1467.0,6.0,4.0,6.0,4.0,,,2.0,0.0,Completed,2.3,1.61,2.35,1.66,2.4,1.68,2.29,1.61,20220810
39,Toronto,Canadian Open,2022-08-11,WTA1000,Outdoor,Hard,2nd Round,3,Bencic B.,Williams S.,12.0,,2635.0,,6.0,2.0,6.0,4.0,,,2.0,0.0,Completed,1.36,3.2,1.39,3.22,1.4,3.25,1.37,3.08,20220811
39,Toronto,Canadian Open,2022-08-11,WTA1000,Outdoor,Hard,2nd Round,3,Andreescu B.,Cornet A.,53.0,40.0,1083.0,1271.0,6.0,3.0,4.0,6.0,6.0,3.0,2.0,1.0,Completed,1.53,2.5,1.58,2.52,1.62,2.55,1.55,2.42,20220811
39,Toronto,Canadian Open,2022-08-11,WTA1000,Outdoor,Hard,3rd Round,3,Gauff C.,Sabalenka A.,11.0,6.0,2746.0,3366.0,7.0,5.0,4.0,6.0,7.0,6.0,2.0,1.0,Completed,1.5,2.62,1.54,2.66,1.57,2.88,1.5,2.56,20220811
39,Toronto,Canadian Open,2022-08-11,WTA1000,Outdoor,Hard,3rd Round,3,Halep S.,Teichmann J.,15.0,21.0,2415.0,1997.0,6.0,2.0,7.0,5.0,,,2.0,0.0,Completed,1.2,4.5,1.24,4.62,1.24,4.84,1.21,4.35,20220811
39,Toronto,Canadian Open,2022-08-11,WTA1000,Outdoor,Hard,3rd Round,3,Pegula J.,Giorgi C.,7.0,29.0,3116.0,1689.0,3.0,6.0,6.0,0.0,7.0,5.0,2.0,1.0,Completed,1.72,2.1,1.7,2.3,1.74,2.33,1.67,2.19,20220811
39,Toronto,Canadian Open,2022-08-11,WTA1000,Outdoor,Hard,3rd Round,3,Haddad Maia B.,Swiatek I.,24.0,1.0,1782.0,8396.0,6.0,4.0,3.0,6.0,7.0,5.0,2.0,1.0,Completed,6.0,1.12,7.29,1.13,7.3,1.13,6.33,1.11,20220811
39,Toronto,Canadian Open,2022-08-11,WTA1000,Outdoor,Hard,3rd Round,3,Putintseva Y.,Riske A.,46.0,35.0,1165.0,1376.0,6.0,3.0,7.0,5.0,,,2.0,0.0,Completed,1.72,2.1,1.84,2.08,1.84,2.12,1.77,2.04,20220811
39,Toronto,Canadian Open,2022-08-11,WTA1000,Outdoor,Hard,3rd Round,3,Pliskova Ka.,Sakkari M.,14.0,4.0,2532.0,4190.0,6.0,1.0,6.0,7.0,6.0,3.0,2.0,1.0,Completed,2.2,1.66,2.3,1.69,2.3,1.73,2.21,1.66,20220811
39,Toronto,Canadian Open,2022-08-12,WTA1000,Outdoor,Hard,3rd Round,3,Zheng Q.,Andreescu B.,51.0,53.0,1103.0,1083.0,7.0,5.0,5.0,7.0,6.0,2.0,2.0,1.0,Completed,2.2,1.66,2.28,1.7,2.38,1.73,2.22,1.66,20220812
39,Toronto,Canadian Open,2022-08-12,WTA1000,Outdoor,Hard,3rd Round,3,Bencic B.,Muguruza G.,12.0,8.0,2635.0,2886.0,6.0,1.0,6.0,3.0,,,2.0,0.0,Completed,1.44,2.75,1.53,2.71,1.53,2.9,1.45,2.73,20220812
39,Toronto,Canadian Open,2022-08-12,WTA1000,Outdoor,Hard,Quarterfinals,3,Halep S.,Gauff C.,15.0,11.0,2415.0,2746.0,6.0,4.0,7.0,6.0,,,2.0,0.0,Completed,1.57,2.37,1.56,2.6,1.62,2.63,1.57,2.4,20220812
39,Toronto,Canadian Open,2022-08-12,WTA1000,Outdoor,Hard,Quarterfinals,3,Pegula J.,Putintseva Y.,7.0,46.0,3116.0,1165.0,6.0,3.0,6.0,3.0,,,2.0,0.0,Completed,1.4,3.0,1.44,3.03,1.45,3.05,1.4,2.92,20220812
39,Toronto,Canadian Open,2022-08-13,WTA1000,Outdoor,Hard,Quarterfinals,3,Haddad Maia B.,Bencic B.,24.0,12.0,1782.0,2635.0,2.0,6.0,6.0,3.0,6.0,3.0,2.0,1.0,Completed,2.75,1.44,2.86,1.48,2.88,1.5,2.72,1.45,20220813
39,Toronto,Canadian Open,2022-08-13,WTA1000,Outdoor,Hard,Quarterfinals,3,Pliskova Ka.,Zheng Q.,14.0,51.0,2532.0,1103.0,4.0,6.0,6.0,4.0,6.0,4.0,2.0,1.0,Completed,1.72,2.1,1.74,2.22,1.77,2.22,1.7,2.13,20220813
39,Toronto,Canadian Open,2022-08-13,WTA1000,Outdoor,Hard,Semifinals,3,Halep S.,Pegula J.,15.0,7.0,2415.0,3116.0,2.0,6.0,6.0,3.0,6.0,4.0,2.0,1.0,Completed,1.4,3.0,1.45,2.94,1.57,3.19,1.41,2.89,20220813
39,Toronto,Canadian Open,2022-08-13,WTA1000,Outdoor,Hard,Semifinals,3,Haddad Maia B.,Pliskova Ka.,24.0,14.0,1782.0,2532.0,6.0,4.0,7.0,6.0,,,2.0,0.0,Completed,1.9,1.9,1.86,2.03,2.15,2.03,1.9,1.9,20220813
39,Toronto,Canadian Open,2022-08-14,WTA1000,Outdoor,Hard,The Final,3,Halep S.,Haddad Maia B.,15.0,24.0,2415.0,1782.0,6.0,3.0,2.0,6.0,6.0,3.0,2.0,1.0,Completed,1.57,2.37,1.53,2.69,1.71,2.81,1.51,2.56,20220814
40,Cincinnati,Western & Southern Financial Group Women's Open,2022-08-15,WTA1000,Outdoor,Hard,1st Round,3,Rybakina E.,Sherif M.,25.0,58.0,1765.0,969.0,6.0,3.0,6.0,2.0,,,2.0,0.0,Completed,1.1,7.0,1.09,9.12,1.1,9.12,1.08,7.68,20220815
40,Cincinnati,Western & Southern Financial Group Women's Open,2022-08-15,WTA1000,Outdoor,Hard,1st Round,3,Kudermetova V.,Krejcikova B.,20.0,19.0,2161.0,2163.0,6.0,3.0,6.0,3.0,,,2.0,0.0,Completed,1.66,2.2,1.64,2.39,1.73,2.4,1.65,2.23,20220815
40,Cincinnati,Western & Southern Financial Group Women's Open,2022-08-15,WTA1000,Outdoor,Hard,1st Round,3,Anisimova A.,Kasatkina D.,23.0,10.0,1855.0,2795.0,6.0,4.0,6.0,4.0,,,2.0,0.0,Completed,1.8,2.0,1.93,1.96,1.94,2.0,1.85,1.94,20220815
40,Cincinnati,Western & Southern Financial Group Women's Open,2022-08-15,WTA1000,Outdoor,Hard,1st Round,3,Riske A.,Sorribes Tormo S.,29.0,48.0,1480.0,1136.0,6.0,1.0,7.0,6.0,,,2.0,0.0,Completed,1.8,2.0,1.85,2.05,1.92,2.07,1.81,1.98,20220815
40,Cincinnati,Western & Southern Financial Group Women's Open,2022-08-15,WTA1000,Outdoor,Hard,1st Round,3,Mcnally C.,Sasnovich A.,179.0,36.0,362.0,1341.0,6.0,3.0,3.0,6.0,7.0,6.0,2.0,1.0,Completed,3.2,1.36,3.31,1.38,3.32,1.41,3.08,1.36,20220815
40,Cincinnati,Western & Southern Financial Group Women's Open,2022-08-15,WTA1000,Outdoor,Hard,1st Round,3,Kvitova P.,Teichmann J.,28.0,21.0,1682.0,2101.0,6.0,7.0,7.0,6.0,6.0,3.0,2.0,1.0,Completed,1.9,1.9,1.94,1.94,1.96,2.06,1.89,1.89,20220815
40,Cincinnati,Western & Southern Financial Group Women's Open,2022-08-15,WTA1000,Outdoor,Hard,1st Round,3,Alexandrova E.,Fernandez L.A.,27.0,14.0,1691.0,2569.0,6.0,4.0,7.0,5.0,,,2.0,0.0,Completed,2.3,1.61,2.21,1.74,2.3,1.76,2.14,1.69,20220815
40,Cincinnati,Western & Southern Financial Group Women's Open,2022-08-15,WTA1000,Outdoor,Hard,1st Round,3,Martincova T.,Parrizas Diaz N.,71.0,62.0,825.0,912.0,6.0,7.0,6.0,4.0,6.0,3.0,2.0,1.0,Completed,1.53,2.5,1.55,2.6,1.62,2.6,1.53,2.48,20220815
40,Cincinnati,Western & Southern Financial Group Women's Open,2022-08-16,WTA1000,Outdoor,Hard,1st Round,3,Azarenka V.,Kanepi K.,22.0,31.0,1886.0,1462.0,6.0,3.0,4.0,6.0,6.0,3.0,2.0,1.0,Completed,1.61,2.3,1.69,2.29,1.71,2.39,1.63,2.25,20220816
40,Cincinnati,Western & Southern Financial Group Women's Open,2022-08-16,WTA1000,Outdoor,Hard,1st Round,3,Tomljanovic A.,Townsend T.,63.0,222.0,910.0,299.0,6.0,4.0,3.0,6.0,7.0,5.0,2.0,1.0,Completed,1.5,2.62,1.5,2.76,1.53,2.85,1.49,2.61,20220816
40,Cincinnati,Western & Southern Financial Group Women's Open,2022-08-16,WTA1000,Outdoor,Hard,1st Round,3,Garcia C.,Martic P.,35.0,56.0,1380.0,1030.0,6.0,3.0,6.0,3.0,,,2.0,0.0,Completed,1.57,2.37,1.59,2.5,1.62,2.65,1.56,2.41,20220816
40,Cincinnati,Western & Southern Financial Group Women's Open,2022-08-16,WTA1000,Outdoor,Hard,1st Round,3,Stephens S.,Cornet A.,57.0,37.0,1007.0,1330.0,6.0,1.0,6.0,0.0,,,2.0,0.0,Completed,2.2,1.66,2.2,1.74,2.3,1.83,2.13,1.69,20220816
40,Cincinnati,Western & Southern Financial Group Women's Open,2022-08-16,WTA1000,Outdoor,Hard,1st Round,3,Cirstea S.,Bencic B.,40.0,11.0,1271.0,2765.0,6.0,2.0,6.0,7.0,6.0,4.0,2.0,1.0,Completed,5.0,1.16,4.78,1.22,5.16,1.22,4.58,1.19,20220816
40,Cincinnati,Western & Southern Financial Group Women's Open,2022-08-16,WTA1000,Outdoor,Hard,1st Round,3,Zhang S.,Osaka N.,44.0,39.0,1200.0,1291.0,6.0,4.0,7.0,5.0,,,2.0,0.0,Completed,3.5,1.3,3.57,1.33,3.57,1.35,3.37,1.32,20220816
40,Cincinnati,Western & Southern Financial Group Women's Open,2022-08-16,WTA1000,Outdoor,Hard,1st Round,3,Mertens E.,Kalinina A.,33.0,53.0,1390.0,1062.0,6.0,1.0,6.0,1.0,,,2.0,0.0,Completed,1.72,2.1,1.74,2.21,1.79,2.3,1.7,2.14,20220816
40,Cincinnati,Western & Southern Financial Group Women's Open,2022-08-16,WTA1000,Outdoor,Hard,1st Round,3,Kalinskaya A.,Trevisan M.,69.0,26.0,873.0,1761.0,7.0,6.0,7.0,5.0,,,2.0,0.0,Completed,1.3,3.5,1.33,3.6,1.35,3.65,1.31,3.39,20220816
40,Cincinnati,Western & Southern Financial Group Women's Open,2022-08-16,WTA1000,Outdoor,Hard,1st Round,3,Pliskova Ka.,Williams V.,17.0,1500.0,2297.0,3.0,7.0,5.0,6.0,1.0,,,2.0,0.0,Completed,1.11,6.5,1.09,8.91,1.13,8.91,1.09,7.28,20220816
40,Cincinnati,Western & Southern Financial Group Women's Open,2022-08-16,WTA1000,Outdoor,Hard,1st Round,3,Kostyuk M.,Giorgi C.,74.0,65.0,805.0,894.0,6.0,4.0,5.0,7.0,6.0,4.0,2.0,1.0,Completed,2.2,1.66,2.33,1.67,2.34,1.73,2.2,1.66,20220816
40,Cincinnati,Western & Southern Financial Group Women's Open,2022-08-16,WTA1000,Outdoor,Hard,1st Round,3,Rogers S.,Kenin S.,30.0,412.0,1471.0,125.0,6.0,2.0,6.0,1.0,,,2.0,0.0,Completed,1.3,3.5,1.35,3.45,1.4,3.53,1.33,3.28,20220816
40,Cincinnati,Western & Southern Financial Group Women's Open,2022-08-16,WTA1000,Outdoor,Hard,1st Round,3,Bouzkova M.,Gauff C.,46.0,12.0,1182.0,2746.0,7.0,5.0,1.0,0.0,,,1.0,0.0,Retired,2.5,1.53,2.59,1.56,2.68,1.6,2.47,1.53,20220816
40,Cincinnati,Western & Southern Financial Group Women's Open,2022-08-16,WTA1000,Outdoor,Hard,1st Round,3,Halep S.,Potapova A.,6.0,54.0,3255.0,1061.0,6.0,4.0,3.0,6.0,6.0,3.0,2.0,1.0,Completed,1.25,4.0,1.29,3.95,1.29,4.51,1.25,3.87,20220816
40,Cincinnati,Western & Southern Financial Group Women's Open,2022-08-17,WTA1000,Outdoor,Hard,1st Round,3,Raducanu E.,Williams S.,13.0,612.0,2742.0,60.0,6.0,4.0,6.0,0.0,,,2.0,0.0,Completed,1.66,2.2,1.63,2.42,1.68,2.62,1.62,2.28,20220817
40,Cincinnati,Western & Southern Financial Group Women's Open,2022-08-17,WTA1000,Outdoor,Hard,1st Round,3,Ostapenko J.,Haddad Maia B.,15.0,16.0,2361.0,2317.0,6.0,4.0,6.0,4.0,,,2.0,0.0,Completed,1.8,2.0,1.92,1.97,1.92,2.12,1.84,1.98,20220817
40,Cincinnati,Western & Southern Financial Group Women's Open,2022-08-17,WTA1000,Outdoor,Hard,1st Round,3,Keys M.,Putintseva Y.,24.0,38.0,1779.0,1325.0,7.0,5.0,6.0,3.0,,,2.0,0.0,Completed,1.66,2.2,1.73,2.22,1.73,2.3,1.68,2.17,20220817
40,Cincinnati,Western & Southern Financial Group Women's Open,2022-08-16,WTA1000,Outdoor,Hard,2nd Round,3,Kontaveit A.,Martincova T.,2.0,71.0,4476.0,825.0,3.0,6.0,7.0,5.0,6.0,4.0,2.0,1.0,Completed,1.36,3.2,1.35,3.52,1.4,3.52,1.34,3.25,20220816
40,Cincinnati,Western & Southern Financial Group Women's Open,2022-08-17,WTA1000,Outdoor,Hard,2nd Round,3,Garcia C.,Sakkari M.,35.0,3.0,1380.0,4190.0,7.0,6.0,6.0,7.0,6.0,1.0,2.0,1.0,Completed,2.1,1.72,2.22,1.74,2.25,1.91,2.11,1.72,20220817
40,Cincinnati,Western & Southern Financial Group Women's Open,2022-08-17,WTA1000,Outdoor,Hard,2nd Round,3,Rogers S.,Anisimova A.,30.0,23.0,1471.0,1855.0,,,,,,,,,Walkover,,,2.21,1.75,2.25,1.75,2.12,1.71,20220817
40,Cincinnati,Western & Southern Financial Group Women's Open,2022-08-17,WTA1000,Outdoor,Hard,2nd Round,3,Jabeur O.,Mcnally C.,5.0,179.0,3920.0,362.0,6.0,3.0,4.0,6.0,7.0,6.0,2.0,1.0,Completed,1.14,5.5,1.17,5.81,1.2,6.0,1.15,5.43,20220817
40,Cincinnati,Western & Southern Financial Group Women's Open,2022-08-17,WTA1000,Outdoor,Hard,2nd Round,3,Kvitova P.,Cirstea S.,28.0,40.0,1682.0,1271.0,6.0,2.0,6.0,3.0,,,2.0,0.0,Completed,1.61,2.3,1.66,2.37,1.67,2.47,1.62,2.29,20220817
40,Cincinnati,Western & Southern Financial Group Women's Open,2022-08-17,WTA1000,Outdoor,Hard,2nd Round,3,Zhang S.,Alexandrova E.,44.0,27.0,1200.0,1691.0,6.0,3.0,6.0,4.0,,,2.0,0.0,Completed,2.62,1.5,2.44,1.63,2.63,1.63,2.43,1.55,20220817
40,Cincinnati,Western & Southern Financial Group Women's Open,2022-08-17,WTA1000,Outdoor,Hard,2nd Round,3,Pegula J.,Kostyuk M.,8.0,74.0,3116.0,805.0,6.0,7.0,6.0,1.0,6.0,2.0,2.0,1.0,Completed,1.36,3.2,1.37,3.41,1.4,3.41,1.34,3.18,20220817
40,Cincinnati,Western & Southern Financial Group Women's Open,2022-08-17,WTA1000,Outdoor,Hard,2nd Round,3,Riske A.,Bouzkova M.,29.0,46.0,1480.0,1182.0,,,,,,,,,Walkover,3.2,1.36,3.35,1.38,3.35,1.41,3.11,1.36,20220817
40,Cincinnati,Western & Southern Financial Group Women's Open,2022-08-17,WTA1000,Outdoor,Hard,2nd Round,3,Mertens E.,Pliskova Ka.,33.0,17.0,1390.0,2297.0,7.0,6.0,6.0,3.0,,,2.0,0.0,Completed,2.37,1.57,2.28,1.69,2.43,1.69,2.31,1.61,20220817
40,Cincinnati,Western & Southern Financial Group Women's Open,2022-08-17,WTA1000,Outdoor,Hard,2nd Round,3,Raducanu E.,Azarenka V.,13.0,22.0,2742.0,1886.0,6.0,0.0,6.0,2.0,,,2.0,0.0,Completed,2.1,1.72,2.22,1.74,2.3,2.1,2.09,1.73,20220817
40,Cincinnati,Western & Southern Financial Group Women's Open,2022-08-17,WTA1000,Outdoor,Hard,2nd Round,3,Rybakina E.,Muguruza G.,25.0,9.0,1765.0,2990.0,6.0,3.0,6.0,1.0,,,2.0,0.0,Completed,1.4,3.0,1.38,3.36,1.4,3.36,1.36,3.08,20220817
40,Cincinnati,Western & Southern Financial Group Women's Open,2022-08-17,WTA1000,Outdoor,Hard,2nd Round,3,Swiatek I.,Stephens S.,1.0,57.0,8501.0,1007.0,6.0,4.0,7.0,5.0,,,2.0,0.0,Completed,1.11,6.5,1.17,5.93,1.18,6.54,1.14,5.69,20220817
40,Cincinnati,Western & Southern Financial Group Women's Open,2022-08-17,WTA1000,Outdoor,Hard,2nd Round,3,Keys M.,Ostapenko J.,24.0,15.0,1779.0,2361.0,6.0,4.0,7.0,5.0,,,2.0,0.0,Completed,2.0,1.8,2.01,1.88,2.14,1.88,2.02,1.78,20220817
40,Cincinnati,Western & Southern Financial Group Women's Open,2022-08-17,WTA1000,Outdoor,Hard,2nd Round,3,Kudermetova V.,Halep S.,20.0,6.0,2161.0,3255.0,,,,,,,,,Walkover,2.37,1.57,2.47,1.61,2.58,1.62,2.4,1.57,20220817
40,Cincinnati,Western & Southern Financial Group Women's Open,2022-08-18,WTA1000,Outdoor,Hard,2nd Round,3,Sabalenka A.,Kalinskaya A.,7.0,69.0,3121.0,873.0,6.0,3.0,4.0,1.0,,,1.0,0.0,Retired,1.44,2.75,1.51,2.75,1.53,2.95,1.47,2.68,20220818
40,Cincinnati,Western & Southern Financial Group Women's Open,2022-08-18,WTA1000,Outdoor,Hard,2nd Round,3,Tomljanovic A.,Badosa P.,63.0,4.0,910.0,4155.0,6.0,7.0,6.0,0.0,6.0,2.0,2.0,1.0,Completed,2.62,1.5,2.73,1.52,3.04,1.73,2.55,1.52,20220818
40,Cincinnati,Western & Southern Financial Group Women's Open,2022-08-18,WTA1000,Outdoor,Hard,3rd Round,3,Kvitova P.,Jabeur O.,28.0,5.0,1682.0,3920.0,6.0,1.0,4.0,6.0,6.0,0.0,2.0,1.0,Completed,1.9,1.9,1.99,1.91,1.99,2.2,1.89,1.91,20220818
40,Cincinnati,Western & Southern Financial Group Women's Open,2022-08-18,WTA1000,Outdoor,Hard,3rd Round,3,Rybakina E.,Riske A.,25.0,29.0,1765.0,1480.0,6.0,2.0,6.0,4.0,,,2.0,0.0,Completed,1.33,3.4,1.35,3.53,1.35,3.7,1.31,3.38,20220818
40,Cincinnati,Western & Southern Financial Group Women's Open,2022-08-18,WTA1000,Outdoor,Hard,3rd Round,3,Zhang S.,Kontaveit A.,44.0,2.0,1200.0,4476.0,2.0,6.0,6.0,4.0,6.0,4.0,2.0,1.0,Completed,2.5,1.53,2.68,1.54,2.68,1.57,2.52,1.52,20220818
40,Cincinnati,Western & Southern Financial Group Women's Open,2022-08-18,WTA1000,Outdoor,Hard,3rd Round,3,Keys M.,Swiatek I.,24.0,1.0,1779.0,8501.0,6.0,3.0,6.0,4.0,,,2.0,0.0,Completed,5.0,1.16,5.23,1.2,5.23,1.23,4.77,1.18,20220818
40,Cincinnati,Western & Southern Financial Group Women's Open,2022-08-18,WTA1000,Outdoor,Hard,3rd Round,3,Garcia C.,Mertens E.,35.0,33.0,1380.0,1390.0,6.0,4.0,7.0,5.0,,,2.0,0.0,Completed,1.72,2.1,1.81,2.12,1.81,2.18,1.74,2.08,20220818
40,Cincinnati,Western & Southern Financial Group Women's Open,2022-08-18,WTA1000,Outdoor,Hard,3rd Round,3,Tomljanovic A.,Kudermetova V.,63.0,20.0,910.0,2161.0,3.0,6.0,7.0,6.0,6.0,3.0,2.0,1.0,Completed,2.37,1.57,2.77,1.51,2.77,1.62,2.44,1.54,20220818
40,Cincinnati,Western & Southern Financial Group Women's Open,2022-08-19,WTA1000,Outdoor,Hard,3rd Round,3,Pegula J.,Raducanu E.,8.0,13.0,3116.0,2742.0,7.0,5.0,6.0,4.0,,,2.0,0.0,Completed,1.72,2.1,1.74,2.22,1.75,2.3,1.71,2.13,20220819
40,Cincinnati,Western & Southern Financial Group Women's Open,2022-08-19,WTA1000,Outdoor,Hard,3rd Round,3,Sabalenka A.,Rogers S.,7.0,30.0,3121.0,1471.0,6.0,4.0,6.0,7.0,6.0,4.0,2.0,1.0,Completed,1.61,2.3,1.76,2.19,1.76,2.43,1.68,2.18,20220819
40,Cincinnati,Western & Southern Financial Group Women's Open,2022-08-19,WTA1000,Outdoor,Hard,Quarterfinals,3,Keys M.,Rybakina E.,24.0,25.0,1779.0,1765.0,6.0,2.0,6.0,4.0,,,2.0,0.0,Completed,2.2,1.66,2.35,1.67,2.35,1.75,2.2,1.67,20220819
40,Cincinnati,Western & Southern Financial Group Women's Open,2022-08-19,WTA1000,Outdoor,Hard,Quarterfinals,3,Kvitova P.,Tomljanovic A.,28.0,63.0,1682.0,910.0,6.0,2.0,6.0,3.0,,,2.0,0.0,Completed,1.44,2.75,1.45,2.97,1.53,2.97,1.45,2.73,20220819
40,Cincinnati,Western & Southern Financial Group Women's Open,2022-08-19,WTA1000,Outdoor,Hard,Quarterfinals,3,Sabalenka A.,Zhang S.,7.0,44.0,3121.0,1200.0,6.0,4.0,7.0,6.0,,,2.0,0.0,Completed,1.36,3.2,1.39,3.29,1.4,3.4,1.34,3.21,20220819
40,Cincinnati,Western & Southern Financial Group Women's Open,2022-08-20,WTA1000,Outdoor,Hard,Quarterfinals,3,Garcia C.,Pegula J.,35.0,8.0,1380.0,3116.0,6.0,1.0,7.0,5.0,,,2.0,0.0,Completed,2.37,1.57,2.55,1.58,2.55,1.75,2.39,1.57,20220820
40,Cincinnati,Western & Southern Financial Group Women's Open,2022-08-20,WTA1000,Outdoor,Hard,Semifinals,3,Kvitova P.,Keys M.,28.0,24.0,1682.0,1779.0,6.0,7.0,6.0,4.0,6.0,3.0,2.0,1.0,Completed,2.0,1.8,2.08,1.84,2.1,1.91,2.0,1.81,20220820
40,Cincinnati,Western & Southern Financial Group Women's Open,2022-08-20,WTA1000,Outdoor,Hard,Semifinals,3,Garcia C.,Sabalenka A.,35.0,7.0,1380.0,3121.0,6.0,2.0,4.0,6.0,6.0,1.0,2.0,1.0,Completed,2.0,1.8,2.06,1.85,2.08,1.93,1.99,1.82,20220820
40,Cincinnati,Western & Southern Financial Group Women's Open,2022-08-21,WTA1000,Outdoor,Hard,The Final,3,Garcia C.,Kvitova P.,35.0,28.0,1380.0,1682.0,6.0,2.0,6.0,4.0,,,2.0,0.0,Completed,2.0,1.8,2.04,1.87,2.15,1.87,2.0,1.81,20220821
41,Cleveland,Tennis in the Land,2022-08-21,WTA250,Outdoor,Hard,1st Round,3,Begu I.,Stearns P.,34.0,329.0,1384.0,180.0,6.0,4.0,6.0,3.0,,,2.0,0.0,Completed,1.33,3.4,1.39,2.8,1.39,3.4,1.35,3.12,20220821
41,Cleveland,Tennis in the Land,2022-08-21,WTA250,Outdoor,Hard,1st Round,3,Sasnovich A.,Krunic A.,36.0,97.0,1341.0,652.0,7.0,6.0,6.0,1.0,,,2.0,0.0,Completed,1.4,3.0,1.39,3.22,1.46,4.2,1.38,3.01,20220821
41,Cleveland,Tennis in the Land,2022-08-22,WTA250,Outdoor,Hard,1st Round,3,Tauson C.,Tan H.,58.0,111.0,1001.0,570.0,6.0,3.0,6.0,1.0,,,2.0,0.0,Completed,1.5,2.62,1.53,2.63,1.55,2.78,1.5,2.56,20220822
41,Cleveland,Tennis in the Land,2022-08-22,WTA250,Outdoor,Hard,1st Round,3,Linette M.,Putintseva Y.,67.0,39.0,900.0,1295.0,6.0,4.0,6.0,2.0,,,2.0,0.0,Completed,2.0,1.8,1.93,1.95,2.06,1.95,1.94,1.85,20220822
41,Cleveland,Tennis in the Land,2022-08-22,WTA250,Outdoor,Hard,1st Round,3,Cirstea S.,Zacarias M.,38.0,212.0,1330.0,314.0,6.0,2.0,6.0,3.0,,,2.0,0.0,Completed,,,,,1.1,7.0,1.1,7.0,20220822
41,Cleveland,Tennis in the Land,2022-08-22,WTA250,Outdoor,Hard,1st Round,3,Sorribes Tormo S.,Osorio M.,46.0,71.0,1136.0,866.0,7.0,6.0,4.0,6.0,6.0,3.0,2.0,1.0,Completed,1.5,2.62,1.58,2.51,1.58,2.71,1.54,2.48,20220822
41,Cleveland,Tennis in the Land,2022-08-22,WTA250,Outdoor,Hard,1st Round,3,Cornet A.,Yastremska D.,37.0,86.0,1330.0,707.0,6.0,2.0,6.0,1.0,,,2.0,0.0,Completed,1.53,2.5,1.58,2.53,1.58,2.59,1.54,2.46,20220822
41,Cleveland,Tennis in the Land,2022-08-22,WTA250,Outdoor,Hard,1st Round,3,Trevisan M.,Sherif M.,27.0,61.0,1761.0,940.0,2.0,6.0,6.0,2.0,6.0,4.0,2.0,1.0,Completed,1.61,2.3,1.75,2.19,1.75,2.36,1.66,2.2,20220822
41,Cleveland,Tennis in the Land,2022-08-22,WTA250,Outdoor,Hard,1st Round,3,Zhang S.,Siniakova K.,35.0,77.0,1360.0,787.0,6.0,2.0,6.0,1.0,,,2.0,0.0,Completed,1.8,2.0,1.81,2.1,1.91,2.1,1.8,1.98,20220822
41,Cleveland,Tennis in the Land,2022-08-22,WTA250,Outdoor,Hard,1st Round,3,Pera B.,Hozumi E.,51.0,591.0,1072.0,64.0,6.0,1.0,6.0,2.0,,,2.0,0.0,Completed,1.08,8.0,1.07,11.03,1.09,11.03,1.06,8.66,20220822
41,Cleveland,Tennis in the Land,2022-08-22,WTA250,Outdoor,Hard,1st Round,3,Brengle M.,Gracheva V.,63.0,62.0,913.0,934.0,6.0,3.0,4.0,6.0,7.0,5.0,2.0,1.0,Completed,1.3,3.5,1.33,3.57,1.36,4.0,1.31,3.39,20220822
41,Cleveland,Tennis in the Land,2022-08-22,WTA250,Outdoor,Hard,1st Round,3,Kenin S.,Hewitt D.,415.0,437.0,126.0,115.0,6.0,4.0,6.0,3.0,,,2.0,0.0,Completed,1.16,5.0,1.15,6.19,1.18,6.5,1.14,5.48,20220822
41,Cleveland,Tennis in the Land,2022-08-22,WTA250,Outdoor,Hard,1st Round,3,Siegemund L.,Kalinina A.,216.0,49.0,308.0,1091.0,6.0,2.0,4.0,6.0,6.0,2.0,2.0,1.0,Completed,2.75,1.44,2.84,1.48,2.89,1.51,2.73,1.44,20220822
41,Cleveland,Tennis in the Land,2022-08-22,WTA250,Outdoor,Hard,1st Round,3,Alexandrova E.,Davis L.,28.0,106.0,1750.0,604.0,4.0,6.0,6.0,2.0,6.0,4.0,2.0,1.0,Completed,1.33,3.4,1.34,3.5,1.36,3.51,1.32,3.32,20220822
41,Cleveland,Tennis in the Land,2022-08-23,WTA250,Outdoor,Hard,1st Round,3,Krejcikova B.,Di Lorenzo F.,23.0,252.0,1974.0,259.0,6.0,3.0,6.0,1.0,,,2.0,0.0,Completed,1.08,8.0,1.08,9.39,1.08,11.42,1.06,8.94,20220823
41,Cleveland,Tennis in the Land,2022-08-23,WTA250,Outdoor,Hard,1st Round,3,Samsonova L.,Shymanovich I.,45.0,322.0,1162.0,193.0,6.0,1.0,6.0,0.0,,,2.0,0.0,Completed,1.14,5.5,1.12,7.02,1.15,7.02,1.12,5.91,20220823
41,Cleveland,Tennis in the Land,2022-08-23,WTA250,Outdoor,Hard,2nd Round,3,Sasnovich A.,Sorribes Tormo S.,36.0,46.0,1341.0,1136.0,4.0,6.0,6.0,3.0,6.0,3.0,2.0,1.0,Completed,1.66,2.2,1.7,2.3,1.8,2.4,1.67,2.18,20220823
41,Cleveland,Tennis in the Land,2022-08-23,WTA250,Outdoor,Hard,2nd Round,3,Cornet A.,Tauson C.,37.0,58.0,1330.0,1001.0,6.0,3.0,7.0,6.0,,,2.0,0.0,Completed,1.9,1.9,2.15,1.79,2.16,1.9,1.99,1.8,20220823
41,Cleveland,Tennis in the Land,2022-08-23,WTA250,Outdoor,Hard,2nd Round,3,Kenin S.,Begu I.,415.0,34.0,126.0,1384.0,6.0,3.0,6.0,2.0,,,2.0,0.0,Completed,2.62,1.5,2.73,1.52,2.75,1.52,2.62,1.48,20220823
41,Cleveland,Tennis in the Land,2022-08-24,WTA250,Outdoor,Hard,2nd Round,3,Linette M.,Cirstea S.,67.0,38.0,900.0,1330.0,6.0,4.0,6.0,2.0,,,2.0,0.0,Completed,1.9,1.9,1.93,1.98,1.95,2.0,1.86,1.92,20220824
41,Cleveland,Tennis in the Land,2022-08-24,WTA250,Outdoor,Hard,2nd Round,3,Brengle M.,Alexandrova E.,63.0,28.0,913.0,1750.0,3.0,6.0,7.0,5.0,7.0,5.0,2.0,1.0,Completed,3.4,1.33,3.94,1.3,3.94,1.36,3.31,1.32,20220824
41,Cleveland,Tennis in the Land,2022-08-24,WTA250,Outdoor,Hard,2nd Round,3,Pera B.,Krejcikova B.,51.0,23.0,1072.0,1974.0,6.0,4.0,6.0,1.0,,,2.0,0.0,Completed,1.9,1.9,1.88,2.03,1.95,2.03,1.86,1.92,20220824
41,Cleveland,Tennis in the Land,2022-08-24,WTA250,Outdoor,Hard,2nd Round,3,Samsonova L.,Siegemund L.,45.0,216.0,1162.0,308.0,6.0,2.0,6.0,1.0,,,2.0,0.0,Completed,1.28,3.75,1.24,4.58,1.31,4.58,1.25,3.84,20220824
41,Cleveland,Tennis in the Land,2022-08-24,WTA250,Outdoor,Hard,2nd Round,3,Zhang S.,Trevisan M.,35.0,27.0,1360.0,1761.0,,,,,,,,,Walkover,1.3,3.5,1.34,3.6,1.39,3.6,1.32,3.26,20220824
41,Cleveland,Tennis in the Land,2022-08-25,WTA250,Outdoor,Hard,Quarterfinals,3,Sasnovich A.,Brengle M.,36.0,63.0,1341.0,913.0,6.0,4.0,6.0,1.0,,,2.0,0.0,Completed,1.53,2.5,1.55,2.64,1.59,2.65,1.53,2.47,20220825
41,Cleveland,Tennis in the Land,2022-08-25,WTA250,Outdoor,Hard,Quarterfinals,3,Cornet A.,Zhang S.,37.0,35.0,1330.0,1360.0,6.0,4.0,6.0,2.0,,,2.0,0.0,Completed,1.8,2.0,1.87,2.02,1.94,2.05,1.82,1.97,20220825
41,Cleveland,Tennis in the Land,2022-08-25,WTA250,Outdoor,Hard,Quarterfinals,3,Samsonova L.,Linette M.,45.0,67.0,1162.0,900.0,6.0,4.0,6.0,3.0,,,2.0,0.0,Completed,1.57,2.37,1.59,2.49,1.62,2.81,1.56,2.41,20220825
41,Cleveland,Tennis in the Land,2022-08-25,WTA250,Outdoor,Hard,Quarterfinals,3,Pera B.,Kenin S.,51.0,415.0,1072.0,126.0,6.0,2.0,5.0,7.0,6.0,3.0,2.0,1.0,Completed,1.4,3.0,1.5,2.8,1.5,3.2,1.43,2.78,20220825
41,Cleveland,Tennis in the Land,2022-08-26,WTA250,Outdoor,Hard,Semifinals,3,Sasnovich A.,Cornet A.,36.0,37.0,1341.0,1330.0,6.0,7.0,7.0,5.0,6.0,3.0,2.0,1.0,Completed,2.0,1.8,1.93,1.96,2.07,1.96,1.95,1.85,20220826
41,Cleveland,Tennis in the Land,2022-08-26,WTA250,Outdoor,Hard,Semifinals,3,Samsonova L.,Pera B.,45.0,51.0,1162.0,1072.0,6.0,1.0,6.0,2.0,,,2.0,0.0,Completed,1.61,2.3,1.58,2.55,1.75,2.55,1.63,2.26,20220826
41,Cleveland,Tennis in the Land,2022-08-27,WTA250,Outdoor,Hard,The Final,3,Samsonova L.,Sasnovich A.,45.0,36.0,1162.0,1341.0,6.0,1.0,6.0,3.0,,,2.0,0.0,Completed,1.44,2.75,1.5,2.8,1.51,3.1,1.45,2.75,20220827
42,Granby,Championnats de Granby,2022-08-21,WTA250,Outdoor,Hard,1st Round,3,Maria T.,Podoroska N.,92.0,190.0,663.0,342.0,7.0,5.0,6.0,1.0,,,2.0,0.0,Completed,2.2,1.66,2.2,1.74,2.34,1.79,2.15,1.68,20220821
42,Granby,Championnats de Granby,2022-08-21,WTA250,Outdoor,Hard,1st Round,3,Dart H.,Zanevska M.,93.0,98.0,657.0,650.0,6.0,4.0,7.0,5.0,,,2.0,0.0,Completed,1.8,2.0,1.99,1.9,1.99,2.17,1.84,1.94,20220821
42,Granby,Championnats de Granby,2022-08-21,WTA250,Outdoor,Hard,1st Round,3,Sebov K.,Wang Xin.,307.0,79.0,206.0,759.0,3.0,6.0,6.0,4.0,6.0,0.0,2.0,1.0,Completed,2.5,1.53,2.49,1.59,2.6,1.59,2.45,1.54,20220821
42,Granby,Championnats de Granby,2022-08-21,WTA250,Outdoor,Hard,1st Round,3,Saville D.,Schmiedlova A.,73.0,116.0,818.0,543.0,6.0,3.0,6.0,3.0,,,2.0,0.0,Completed,1.36,3.2,1.34,3.53,1.36,3.53,1.33,3.23,20220821
42,Granby,Championnats de Granby,2022-08-21,WTA250,Outdoor,Hard,1st Round,3,Frech M.,Kovinic D.,104.0,80.0,615.0,749.0,7.0,6.0,6.0,2.0,,,2.0,0.0,Completed,1.33,3.4,1.32,3.72,1.33,3.75,1.3,3.43,20220821
42,Granby,Championnats de Granby,2022-08-22,WTA250,Outdoor,Hard,1st Round,3,Kostyuk M.,Zidansek T.,72.0,82.0,865.0,744.0,6.0,1.0,7.0,5.0,,,2.0,0.0,Completed,1.22,4.33,1.23,4.57,1.33,4.85,1.22,4.18,20220822
42,Granby,Championnats de Granby,2022-08-22,WTA250,Outdoor,Hard,1st Round,3,Wang Xiy.,Loeb J.,75.0,257.0,794.0,256.0,7.0,6.0,6.0,7.0,6.0,2.0,2.0,1.0,Completed,1.2,4.5,1.22,4.74,1.23,4.8,1.2,4.38,20220822
42,Granby,Championnats de Granby,2022-08-22,WTA250,Outdoor,Hard,1st Round,3,Bondar A.,Cross K.,56.0,1162.0,1042.0,10.0,6.0,3.0,6.0,4.0,,,2.0,0.0,Completed,1.1,7.0,1.13,7.1,1.13,8.67,1.1,6.75,20220822
42,Granby,Championnats de Granby,2022-08-22,WTA250,Outdoor,Hard,1st Round,3,Stakusic M.,Fourlis J.,630.0,152.0,56.0,426.0,4.0,6.0,6.0,3.0,6.0,2.0,2.0,1.0,Completed,4.33,1.22,4.2,1.26,4.66,1.32,4.06,1.23,20220822
42,Granby,Championnats de Granby,2022-08-22,WTA250,Outdoor,Hard,1st Round,3,Kasatkina D.,Minnen G.,10.0,109.0,2795.0,587.0,6.0,7.0,6.0,4.0,6.0,2.0,2.0,1.0,Completed,1.16,5.0,1.17,5.67,1.18,5.67,1.16,5.09,20220822
42,Granby,Championnats de Granby,2022-08-22,WTA250,Outdoor,Hard,1st Round,3,Martincova T.,Dodin O.,69.0,99.0,885.0,643.0,6.0,2.0,7.0,5.0,,,2.0,0.0,Completed,1.36,3.2,1.35,3.47,1.4,3.47,1.36,3.11,20220822
42,Granby,Championnats de Granby,2022-08-22,WTA250,Outdoor,Hard,1st Round,3,Parrizas Diaz N.,Peterson R.,64.0,83.0,912.0,741.0,6.0,2.0,6.0,1.0,,,2.0,0.0,Completed,1.9,1.9,1.88,2.01,2.0,2.01,1.85,1.92,20220822
42,Granby,Championnats de Granby,2022-08-22,WTA250,Outdoor,Hard,1st Round,3,Brace C.,Juvan K.,646.0,70.0,52.0,883.0,7.0,5.0,6.0,3.0,,,2.0,0.0,Completed,7.0,1.1,6.97,1.13,8.0,1.13,6.54,1.11,20220822
42,Granby,Championnats de Granby,2022-08-22,WTA250,Outdoor,Hard,1st Round,3,Parry D.,Sun L.,81.0,355.0,749.0,162.0,6.0,4.0,6.0,2.0,,,2.0,0.0,Completed,1.3,3.5,1.35,3.47,1.35,3.55,1.31,3.4,20220822
42,Granby,Championnats de Granby,2022-08-22,WTA250,Outdoor,Hard,1st Round,3,Paolini J.,Sakatsume H.,57.0,359.0,1035.0,160.0,7.0,6.0,6.0,4.0,,,2.0,0.0,Completed,1.14,5.5,1.16,5.99,1.18,5.99,1.15,5.31,20220822
42,Granby,Championnats de Granby,2022-08-22,WTA250,Outdoor,Hard,1st Round,3,Marino R.,Mboko V.,112.0,519.0,558.0,84.0,6.0,3.0,6.0,3.0,,,2.0,0.0,Completed,1.4,3.0,1.36,3.4,1.4,3.4,1.35,3.14,20220822
42,Granby,Championnats de Granby,2022-08-23,WTA250,Outdoor,Hard,2nd Round,3,Parrizas Diaz N.,Dart H.,64.0,93.0,912.0,657.0,6.0,2.0,6.0,4.0,,,2.0,0.0,Completed,1.9,1.9,1.75,2.21,1.91,2.25,1.76,2.05,20220823
42,Granby,Championnats de Granby,2022-08-24,WTA250,Outdoor,Hard,2nd Round,3,Maria T.,Bondar A.,92.0,56.0,663.0,1042.0,6.0,3.0,6.0,2.0,,,2.0,0.0,Completed,2.0,1.8,2.11,1.81,2.12,1.91,1.97,1.8,20220824
42,Granby,Championnats de Granby,2022-08-24,WTA250,Outdoor,Hard,2nd Round,3,Parry D.,Martincova T.,81.0,69.0,749.0,885.0,6.0,3.0,7.0,6.0,,,2.0,0.0,Completed,3.0,1.4,3.18,1.41,3.18,1.44,2.93,1.39,20220824
42,Granby,Championnats de Granby,2022-08-24,WTA250,Outdoor,Hard,2nd Round,3,Saville D.,Sebov K.,73.0,307.0,818.0,206.0,6.0,1.0,6.0,0.0,,,2.0,0.0,Completed,1.22,4.33,1.21,5.12,1.25,5.12,1.2,4.41,20220824
42,Granby,Championnats de Granby,2022-08-24,WTA250,Outdoor,Hard,2nd Round,3,Kasatkina D.,Frech M.,10.0,104.0,2795.0,615.0,6.0,3.0,6.0,2.0,,,2.0,0.0,Completed,1.3,3.5,1.27,4.22,1.3,4.7,1.25,3.91,20220824
42,Granby,Championnats de Granby,2022-08-24,WTA250,Outdoor,Hard,2nd Round,3,Kostyuk M.,Stakusic M.,72.0,630.0,865.0,56.0,6.0,7.0,6.0,4.0,6.0,1.0,2.0,1.0,Completed,1.1,7.0,1.14,6.59,1.14,8.08,1.11,6.32,20220824
42,Granby,Championnats de Granby,2022-08-24,WTA250,Outdoor,Hard,2nd Round,3,Marino R.,Paolini J.,112.0,57.0,558.0,1035.0,4.0,6.0,6.0,1.0,6.0,2.0,2.0,1.0,Completed,1.57,2.37,1.59,2.53,1.62,2.53,1.57,2.37,20220824
42,Granby,Championnats de Granby,2022-08-25,WTA250,Outdoor,Hard,2nd Round,3,Wang Xiy.,Brace C.,75.0,646.0,794.0,52.0,7.0,6.0,6.0,1.0,,,2.0,0.0,Completed,1.22,4.33,1.26,4.3,1.26,4.81,1.22,4.18,20220825
42,Granby,Championnats de Granby,2022-08-25,WTA250,Outdoor,Hard,Quarterfinals,3,Parry D.,Maria T.,81.0,92.0,749.0,663.0,6.0,4.0,6.0,7.0,7.0,6.0,2.0,1.0,Completed,1.8,2.0,1.9,2.0,1.91,2.11,1.83,1.97,20220825
42,Granby,Championnats de Granby,2022-08-25,WTA250,Outdoor,Hard,Quarterfinals,3,Saville D.,Wang Xiy.,73.0,75.0,818.0,794.0,6.0,3.0,6.0,0.0,,,2.0,0.0,Completed,1.61,2.3,1.66,2.37,1.67,2.37,1.64,2.27,20220825
42,Granby,Championnats de Granby,2022-08-25,WTA250,Outdoor,Hard,Quarterfinals,3,Kostyuk M.,Marino R.,72.0,112.0,865.0,558.0,6.0,2.0,4.0,6.0,6.0,2.0,2.0,1.0,Completed,1.72,2.1,1.81,2.11,1.81,2.26,1.74,2.08,20220825
42,Granby,Championnats de Granby,2022-08-26,WTA250,Outdoor,Hard,Quarterfinals,3,Kasatkina D.,Parrizas Diaz N.,10.0,64.0,2795.0,912.0,6.0,3.0,6.0,2.0,,,2.0,0.0,Completed,1.2,4.5,1.25,4.48,1.25,4.73,1.21,4.28,20220826
42,Granby,Championnats de Granby,2022-08-26,WTA250,Outdoor,Hard,Semifinals,3,Kasatkina D.,Parry D.,10.0,81.0,2795.0,749.0,6.0,2.0,6.0,0.0,,,2.0,0.0,Completed,1.2,4.5,1.19,5.35,1.22,5.5,1.17,4.92,20220826
42,Granby,Championnats de Granby,2022-08-27,WTA250,Outdoor,Hard,Semifinals,3,Saville D.,Kostyuk M.,73.0,72.0,818.0,865.0,,,,,,,,,Walkover,,,,,,,,,20220827
42,Granby,Championnats de Granby,2022-08-27,WTA250,Outdoor,Hard,The Final,3,Kasatkina D.,Saville D.,10.0,73.0,2795.0,818.0,6.0,4.0,6.0,4.0,,,2.0,0.0,Completed,1.3,3.5,1.38,3.34,1.38,3.53,1.34,3.25,20220827
43,New York,US Open,2022-08-29,Grand Slam,Outdoor,Hard,1st Round,3,Osorio M.,Li A.,70.0,66.0,866.0,909.0,1.0,6.0,6.0,3.0,6.0,1.0,2.0,1.0,Completed,1.8,2.0,1.71,2.25,1.86,2.25,1.75,2.09,20220829
43,New York,US Open,2022-08-29,Grand Slam,Outdoor,Hard,1st Round,3,Garcia C.,Rakhimova K.,17.0,90.0,2220.0,676.0,6.0,2.0,6.0,4.0,,,2.0,0.0,Completed,1.16,5.0,1.14,6.49,1.21,6.49,1.14,5.72,20220829
43,New York,US Open,2022-08-29,Grand Slam,Outdoor,Hard,1st Round,3,Kudermetova V.,Vekic D.,18.0,84.0,2206.0,715.0,7.0,5.0,6.0,3.0,,,2.0,0.0,Completed,1.28,3.75,1.3,3.85,1.32,3.9,1.28,3.67,20220829
43,New York,US Open,2022-08-29,Grand Slam,Outdoor,Hard,1st Round,3,Riske A.,Yu E.,29.0,763.0,1525.0,35.0,6.0,2.0,6.0,4.0,,,2.0,0.0,Completed,1.03,15.0,1.03,16.52,1.03,18.0,1.02,14.42,20220829
43,New York,US Open,2022-08-29,Grand Slam,Outdoor,Hard,1st Round,3,Sakkari M.,Maria T.,3.0,85.0,4190.0,711.0,6.0,4.0,3.0,6.0,6.0,0.0,2.0,1.0,Completed,1.2,4.5,1.2,5.02,1.24,5.4,1.2,4.62,20220829
43,New York,US Open,2022-08-29,Grand Slam,Outdoor,Hard,1st Round,3,Kalinskaya A.,Peterson R.,60.0,92.0,948.0,661.0,6.0,4.0,6.0,3.0,,,2.0,0.0,Completed,1.44,2.75,1.47,2.86,1.5,3.0,1.44,2.8,20220829
43,New York,US Open,2022-08-29,Grand Slam,Outdoor,Hard,1st Round,3,Andreescu B.,Tan H.,48.0,112.0,1082.0,573.0,6.0,0.0,3.0,6.0,6.0,1.0,2.0,1.0,Completed,1.16,5.0,1.17,5.81,1.19,6.0,1.15,5.41,20220829
43,New York,US Open,2022-08-29,Grand Slam,Outdoor,Hard,1st Round,3,Mandlik E.,Zidansek T.,144.0,81.0,437.0,744.0,5.0,7.0,7.0,6.0,6.0,4.0,2.0,1.0,Completed,1.4,3.0,1.48,2.83,1.57,3.2,1.43,2.85,20220829
43,New York,US Open,2022-08-29,Grand Slam,Outdoor,Hard,1st Round,3,Snigur D.,Halep S.,124.0,7.0,503.0,3255.0,6.0,2.0,0.0,6.0,6.0,4.0,2.0,1.0,Completed,10.0,1.06,11.0,1.07,11.5,1.08,10.12,1.05,20220829
43,New York,US Open,2022-08-29,Grand Slam,Outdoor,Hard,1st Round,3,Gauff C.,Jeanjean L.,12.0,149.0,2687.0,430.0,6.0,2.0,6.0,3.0,,,2.0,0.0,Completed,1.07,9.0,1.06,11.51,1.07,13.0,1.05,10.06,20220829
43,New York,US Open,2022-08-29,Grand Slam,Outdoor,Hard,1st Round,3,Zanevska M.,Vandeweghe C.,97.0,121.0,650.0,513.0,6.0,1.0,7.0,5.0,,,2.0,0.0,Completed,2.5,1.53,2.57,1.56,2.7,1.58,2.53,1.52,20220829
43,New York,US Open,2022-08-29,Grand Slam,Outdoor,Hard,1st Round,3,Galfi D.,Parrizas Diaz N.,91.0,62.0,676.0,942.0,6.0,4.0,6.0,3.0,,,2.0,0.0,Completed,3.0,1.4,2.88,1.47,3.0,1.51,2.82,1.44,20220829
43,New York,US Open,2022-08-29,Grand Slam,Outdoor,Hard,1st Round,3,Haddad Maia B.,Konjuh A.,15.0,117.0,2317.0,528.0,6.0,0.0,6.0,0.0,,,2.0,0.0,Completed,1.1,7.0,1.14,6.63,1.16,7.0,1.12,6.25,20220829
43,New York,US Open,2022-08-29,Grand Slam,Outdoor,Hard,1st Round,3,Giorgi C.,Bondar A.,67.0,55.0,894.0,1042.0,4.0,6.0,6.0,3.0,6.0,1.0,2.0,1.0,Completed,1.25,4.0,1.24,4.56,1.28,4.56,1.24,4.1,20220829
43,New York,US Open,2022-08-29,Grand Slam,Outdoor,Hard,1st Round,3,Dart H.,Kasatkina D.,88.0,9.0,685.0,3015.0,7.0,6.0,1.0,6.0,6.0,3.0,2.0,1.0,Completed,5.5,1.14,6.14,1.15,6.25,1.18,5.65,1.14,20220829
43,New York,US Open,2022-08-29,Grand Slam,Outdoor,Hard,1st Round,3,Wang Xiy.,Parry D.,75.0,74.0,842.0,849.0,5.0,7.0,6.0,3.0,6.0,3.0,2.0,1.0,Completed,1.8,2.0,1.71,2.24,1.83,2.24,1.74,2.11,20220829
43,New York,US Open,2022-08-29,Grand Slam,Outdoor,Hard,1st Round,3,Keys M.,Yastremska D.,20.0,86.0,2128.0,707.0,7.0,6.0,6.0,3.0,,,2.0,0.0,Completed,1.12,6.0,1.16,6.11,1.16,6.5,1.13,5.99,20220829
43,New York,US Open,2022-08-29,Grand Slam,Outdoor,Hard,1st Round,3,Jabeur O.,Brengle M.,5.0,61.0,3920.0,944.0,7.0,5.0,6.0,2.0,,,2.0,0.0,Completed,1.12,6.0,1.16,6.07,1.18,6.75,1.14,5.87,20220829
43,New York,US Open,2022-08-29,Grand Slam,Outdoor,Hard,1st Round,3,Rodina E.,Trevisan M.,139.0,27.0,400.0,1771.0,7.0,5.0,6.0,1.0,,,2.0,0.0,Completed,9.0,1.07,9.01,1.09,10.37,1.09,8.91,1.07,20220829
43,New York,US Open,2022-08-29,Grand Slam,Outdoor,Hard,1st Round,3,Marino R.,Frech M.,106.0,103.0,603.0,616.0,6.0,2.0,6.0,3.0,,,2.0,0.0,Completed,1.66,2.2,1.7,2.26,1.75,2.3,1.68,2.19,20220829
43,New York,US Open,2022-08-29,Grand Slam,Outdoor,Hard,1st Round,3,Ruse E.G.,Saville D.,101.0,58.0,626.0,997.0,3.0,6.0,6.0,2.0,6.0,4.0,2.0,1.0,Completed,4.5,1.2,4.26,1.26,4.8,1.25,4.34,1.22,20220829
43,New York,US Open,2022-08-29,Grand Slam,Outdoor,Hard,1st Round,3,Zhang S.,Teichmann J.,36.0,30.0,1360.0,1517.0,6.0,4.0,6.0,2.0,,,2.0,0.0,Completed,1.9,1.9,2.04,1.86,2.05,1.94,1.95,1.86,20220829
43,New York,US Open,2022-08-29,Grand Slam,Outdoor,Hard,1st Round,3,Tomljanovic A.,Muchova K.,46.0,235.0,1100.0,287.0,6.0,3.0,7.0,6.0,,,2.0,0.0,Completed,1.61,2.3,1.64,2.38,1.67,2.45,1.62,2.3,20220829
43,New York,US Open,2022-08-29,Grand Slam,Outdoor,Hard,1st Round,3,Rogers S.,Rus A.,31.0,95.0,1516.0,652.0,3.0,6.0,6.0,3.0,6.0,4.0,2.0,1.0,Completed,1.16,5.0,1.16,6.02,1.21,6.5,1.15,5.41,20220829
43,New York,US Open,2022-08-29,Grand Slam,Outdoor,Hard,1st Round,3,Krejcikova B.,Contreras Gomez F.,23.0,200.0,2003.0,323.0,6.0,0.0,6.0,4.0,,,2.0,0.0,Completed,1.12,6.0,1.16,6.12,1.17,6.5,1.14,5.76,20220829
43,New York,US Open,2022-08-29,Grand Slam,Outdoor,Hard,1st Round,3,Kontaveit A.,Cristian J.,2.0,77.0,4360.0,788.0,6.0,3.0,6.0,0.0,,,2.0,0.0,Completed,1.1,7.0,1.11,8.0,1.13,8.5,1.1,7.32,20220829
43,New York,US Open,2022-08-30,Grand Slam,Outdoor,Hard,1st Round,3,Schmiedlova A.,Podoroska N.,115.0,212.0,543.0,313.0,6.0,3.0,6.0,2.0,,,2.0,0.0,Completed,2.75,1.44,2.58,1.56,2.77,1.56,2.58,1.51,20220830
43,New York,US Open,2022-08-30,Grand Slam,Outdoor,Hard,1st Round,3,Krunic A.,Avanesyan E.,96.0,138.0,652.0,450.0,6.0,4.0,6.0,4.0,,,2.0,0.0,Completed,1.61,2.3,1.6,2.47,1.67,2.55,1.57,2.38,20220830
43,New York,US Open,2022-08-30,Grand Slam,Outdoor,Hard,1st Round,3,Williams S.,Kovinic D.,605.0,80.0,61.0,749.0,6.0,3.0,6.0,3.0,,,2.0,0.0,Completed,1.28,3.75,1.37,3.35,1.37,3.75,1.32,3.42,20220830
43,New York,US Open,2022-08-30,Grand Slam,Outdoor,Hard,1st Round,3,Samsonova L.,Bejlek S.,35.0,209.0,1407.0,316.0,6.0,3.0,6.0,1.0,,,2.0,0.0,Completed,1.12,6.0,1.13,7.05,1.17,7.05,1.12,6.25,20220830
43,New York,US Open,2022-08-30,Grand Slam,Outdoor,Hard,1st Round,3,Kuzmova V.,Sorribes Tormo S.,183.0,49.0,352.0,1081.0,6.0,3.0,6.0,4.0,,,2.0,0.0,Completed,3.5,1.3,3.47,1.35,3.75,1.35,3.44,1.31,20220830
43,New York,US Open,2022-08-30,Grand Slam,Outdoor,Hard,1st Round,3,Fernandez L.A.,Dodin O.,14.0,98.0,2540.0,643.0,6.0,3.0,6.0,4.0,,,2.0,0.0,Completed,1.16,5.0,1.22,4.81,1.23,5.06,1.19,4.71,20220830
43,New York,US Open,2022-08-30,Grand Slam,Outdoor,Hard,1st Round,3,Cirstea S.,Siegemund L.,37.0,182.0,1330.0,356.0,6.0,4.0,6.0,4.0,,,2.0,0.0,Completed,1.36,3.2,1.39,3.22,1.42,3.22,1.4,2.98,20220830
43,New York,US Open,2022-08-30,Grand Slam,Outdoor,Hard,1st Round,3,Kanepi K.,Martincova T.,34.0,71.0,1433.0,855.0,7.0,6.0,6.0,3.0,,,2.0,0.0,Completed,1.44,2.75,1.5,2.75,1.55,2.85,1.46,2.72,20220830
43,New York,US Open,2022-08-30,Grand Slam,Outdoor,Hard,1st Round,3,Muguruza G.,Tauson C.,10.0,57.0,2886.0,1018.0,6.0,3.0,7.0,6.0,,,2.0,0.0,Completed,1.9,1.9,1.96,1.93,1.97,2.0,1.91,1.9,20220830
43,New York,US Open,2022-08-30,Grand Slam,Outdoor,Hard,1st Round,3,Sabalenka A.,Harrison Ca.,6.0,243.0,3470.0,265.0,6.0,1.0,6.0,3.0,,,2.0,0.0,Completed,1.08,8.0,1.09,9.23,1.18,9.5,1.08,8.04,20220830
43,New York,US Open,2022-08-30,Grand Slam,Outdoor,Hard,1st Round,3,Pliskova Ka.,Linette M.,22.0,73.0,2007.0,850.0,6.0,2.0,4.0,6.0,7.0,6.0,2.0,1.0,Completed,1.44,2.75,1.57,2.55,1.57,2.85,1.49,2.61,20220830
43,New York,US Open,2022-08-30,Grand Slam,Outdoor,Hard,1st Round,3,Pegula J.,Golubic V.,8.0,89.0,3201.0,677.0,6.0,2.0,6.0,2.0,,,2.0,0.0,Completed,1.12,6.0,1.13,6.92,1.16,6.92,1.13,5.89,20220830
43,New York,US Open,2022-08-30,Grand Slam,Outdoor,Hard,1st Round,3,Fruhvirtova L.,Wang Xin.,167.0,79.0,373.0,759.0,6.0,3.0,6.0,4.0,,,2.0,0.0,Completed,1.44,2.75,1.52,2.69,1.55,2.8,1.49,2.63,20220830
43,New York,US Open,2022-08-30,Grand Slam,Outdoor,Hard,1st Round,3,Zheng Q.,Ostapenko J.,39.0,16.0,1268.0,2316.0,6.0,3.0,3.0,6.0,6.0,4.0,2.0,1.0,Completed,1.9,1.9,2.01,1.88,2.05,1.93,1.95,1.86,20220830
43,New York,US Open,2022-08-30,Grand Slam,Outdoor,Hard,1st Round,3,Bouzkova M.,Noskova L.,41.0,109.0,1252.0,601.0,6.0,2.0,6.0,7.0,6.0,2.0,2.0,1.0,Completed,1.36,3.2,1.38,3.29,1.42,3.4,1.36,3.15,20220830
43,New York,US Open,2022-08-30,Grand Slam,Outdoor,Hard,1st Round,3,Swiatek I.,Paolini J.,1.0,56.0,8605.0,1035.0,6.0,3.0,6.0,0.0,,,2.0,0.0,Completed,1.04,13.0,1.05,13.44,1.07,16.0,1.04,11.45,20220830
43,New York,US Open,2022-08-30,Grand Slam,Outdoor,Hard,1st Round,3,Stephens S.,Minnen G.,51.0,110.0,1066.0,587.0,1.0,6.0,6.0,3.0,6.0,3.0,2.0,1.0,Completed,1.3,3.5,1.34,3.54,1.35,3.6,1.31,3.44,20220830
43,New York,US Open,2022-08-30,Grand Slam,Outdoor,Hard,1st Round,3,Kvitova P.,Andreeva E.,21.0,130.0,2077.0,474.0,7.0,6.0,6.0,0.0,,,2.0,0.0,Completed,1.14,5.5,1.18,5.48,1.2,5.75,1.16,5.29,20220830
43,New York,US Open,2022-08-30,Grand Slam,Outdoor,Hard,1st Round,3,Kalinina A.,Pera B.,47.0,45.0,1091.0,1181.0,6.0,4.0,6.0,4.0,,,2.0,0.0,Completed,3.2,1.36,3.09,1.42,3.2,1.44,3.01,1.39,20220830
43,New York,US Open,2022-08-30,Grand Slam,Outdoor,Hard,1st Round,3,Potapova A.,Liu C.,52.0,82.0,1066.0,730.0,6.0,1.0,6.0,4.0,,,2.0,0.0,Completed,1.4,3.0,1.45,2.94,1.45,3.1,1.4,2.94,20220830
43,New York,US Open,2022-08-30,Grand Slam,Outdoor,Hard,1st Round,3,Burel C.,Rybakina E.,131.0,25.0,471.0,1850.0,6.0,4.0,6.0,4.0,,,2.0,0.0,Completed,8.0,1.08,10.07,1.08,11.0,1.09,8.64,1.07,20220830
43,New York,US Open,2022-08-30,Grand Slam,Outdoor,Hard,1st Round,3,Sasnovich A.,Cocciaretto E.,32.0,99.0,1461.0,641.0,6.0,2.0,6.0,4.0,,,2.0,0.0,Completed,1.4,3.0,1.43,3.05,1.44,3.11,1.4,2.95,20220830
43,New York,US Open,2022-08-30,Grand Slam,Outdoor,Hard,1st Round,3,Badosa P.,Tsurenko L.,4.0,87.0,3980.0,689.0,3.0,6.0,7.0,6.0,6.0,3.0,2.0,1.0,Completed,1.14,5.5,1.19,5.3,1.2,6.0,1.17,5.16,20220830
43,New York,US Open,2022-08-30,Grand Slam,Outdoor,Hard,1st Round,3,Bencic B.,Petkovic A.,13.0,104.0,2635.0,606.0,6.0,2.0,4.0,6.0,6.0,4.0,2.0,1.0,Completed,1.16,5.0,1.18,5.53,1.2,9.0,1.17,5.24,20220830
43,New York,US Open,2022-08-30,Grand Slam,Outdoor,Hard,1st Round,3,Davis L.,Bronzetti L.,105.0,59.0,604.0,977.0,4.0,6.0,7.0,6.0,5.0,4.0,1.0,1.0,Retired,1.8,2.0,1.93,1.95,2.1,2.02,1.91,1.9,20220830
43,New York,US Open,2022-08-30,Grand Slam,Outdoor,Hard,1st Round,3,Van Uytvanck A.,Williams V.,43.0,1504.0,1220.0,3.0,6.0,1.0,7.0,6.0,,,2.0,0.0,Completed,1.25,4.0,1.32,3.7,1.35,4.21,1.29,3.65,20220830
43,New York,US Open,2022-08-30,Grand Slam,Outdoor,Hard,1st Round,3,Yuan Y.,Fourlis J.,142.0,173.0,444.0,369.0,6.0,3.0,6.0,2.0,,,2.0,0.0,Completed,1.53,2.5,1.51,2.73,1.57,2.75,1.52,2.54,20220830
43,New York,US Open,2022-08-30,Grand Slam,Outdoor,Hard,1st Round,3,Martic P.,Gracheva V.,54.0,72.0,1049.0,853.0,6.0,4.0,7.0,6.0,,,2.0,0.0,Completed,1.16,5.0,1.25,4.41,1.25,5.1,1.2,4.52,20220830
43,New York,US Open,2022-08-30,Grand Slam,Outdoor,Hard,1st Round,3,Begu I.,Mertens E.,42.0,33.0,1234.0,1435.0,3.0,6.0,6.0,2.0,6.0,3.0,2.0,1.0,Completed,2.75,1.44,2.9,1.46,3.08,1.49,2.78,1.44,20220830
43,New York,US Open,2022-08-30,Grand Slam,Outdoor,Hard,1st Round,3,Putintseva Y.,Anisimova A.,38.0,24.0,1295.0,1900.0,6.0,3.0,6.0,3.0,,,2.0,0.0,Completed,3.4,1.33,3.49,1.35,3.58,1.36,3.35,1.33,20220830
43,New York,US Open,2022-08-30,Grand Slam,Outdoor,Hard,1st Round,3,Bucsa C.,Juvan K.,118.0,68.0,528.0,883.0,6.0,4.0,6.0,4.0,,,2.0,0.0,Completed,2.0,1.8,2.08,1.83,2.1,1.91,1.99,1.82,20220830
43,New York,US Open,2022-08-30,Grand Slam,Outdoor,Hard,1st Round,3,Kostyuk M.,Sherif M.,65.0,63.0,915.0,940.0,7.0,6.0,6.0,4.0,,,2.0,0.0,Completed,1.14,5.5,1.2,5.13,1.25,5.75,1.18,4.98,20220830
43,New York,US Open,2022-08-31,Grand Slam,Outdoor,Hard,1st Round,3,Niemeier J.,Kenin S.,108.0,327.0,601.0,186.0,7.0,6.0,6.0,4.0,,,2.0,0.0,Completed,2.1,1.72,2.3,1.68,2.36,1.75,2.23,1.66,20220831
43,New York,US Open,2022-08-31,Grand Slam,Outdoor,Hard,1st Round,3,Siniakova K.,Townsend T.,83.0,197.0,728.0,329.0,6.0,4.0,4.0,6.0,6.0,2.0,2.0,1.0,Completed,2.0,1.8,2.01,1.88,2.05,1.9,1.99,1.82,20220831
43,New York,US Open,2022-08-31,Grand Slam,Outdoor,Hard,1st Round,3,Cornet A.,Raducanu E.,40.0,11.0,1260.0,2756.0,6.0,3.0,6.0,3.0,,,2.0,0.0,Completed,2.3,1.61,2.21,1.74,2.45,1.74,2.29,1.62,20220831
43,New York,US Open,2022-08-31,Grand Slam,Outdoor,Hard,1st Round,3,Azarenka V.,Krueger A.,26.0,244.0,1841.0,264.0,6.0,1.0,4.0,6.0,6.0,2.0,2.0,1.0,Completed,1.11,6.5,1.12,7.15,1.18,7.5,1.11,6.59,20220831
43,New York,US Open,2022-08-31,Grand Slam,Outdoor,Hard,1st Round,3,Collins D.,Osaka N.,19.0,44.0,2167.0,1187.0,7.0,6.0,6.0,3.0,,,2.0,0.0,Completed,2.5,1.53,2.48,1.6,2.5,1.67,2.38,1.58,20220831
43,New York,US Open,2022-08-31,Grand Slam,Outdoor,Hard,1st Round,3,Alexandrova E.,Stearns P.,28.0,332.0,1750.0,180.0,6.0,4.0,4.0,6.0,7.0,5.0,2.0,1.0,Completed,1.12,6.0,1.17,5.77,1.18,7.0,1.14,5.83,20220831
43,New York,US Open,2022-08-31,Grand Slam,Outdoor,Hard,2nd Round,3,Rogers S.,Kuzmova V.,31.0,183.0,1516.0,352.0,7.0,5.0,6.0,1.0,,,2.0,0.0,Completed,1.2,4.5,1.23,4.68,1.24,4.85,1.21,4.5,20220831
43,New York,US Open,2022-08-31,Grand Slam,Outdoor,Hard,2nd Round,3,Jabeur O.,Mandlik E.,5.0,144.0,3920.0,437.0,7.0,5.0,6.0,2.0,,,2.0,0.0,Completed,1.16,5.0,1.19,5.25,1.23,6.0,1.18,4.86,20220831
43,New York,US Open,2022-08-31,Grand Slam,Outdoor,Hard,2nd Round,3,Wang Xiy.,Sakkari M.,75.0,3.0,842.0,4190.0,3.0,6.0,7.0,5.0,7.0,5.0,2.0,1.0,Completed,4.33,1.22,4.81,1.22,4.85,1.25,4.4,1.21,20220831
43,New York,US Open,2022-08-31,Grand Slam,Outdoor,Hard,2nd Round,3,Riske A.,Osorio M.,29.0,70.0,1525.0,866.0,6.0,4.0,6.0,7.0,7.0,6.0,2.0,1.0,Completed,1.53,2.5,1.54,2.62,1.55,2.79,1.51,2.57,20220831
43,New York,US Open,2022-08-31,Grand Slam,Outdoor,Hard,2nd Round,3,Zhang S.,Schmiedlova A.,36.0,115.0,1360.0,543.0,7.0,5.0,6.0,1.0,,,2.0,0.0,Completed,1.36,3.2,1.26,4.29,1.36,4.29,1.31,3.49,20220831
43,New York,US Open,2022-08-31,Grand Slam,Outdoor,Hard,2nd Round,3,Keys M.,Giorgi C.,20.0,67.0,2128.0,894.0,6.0,4.0,5.0,7.0,7.0,6.0,2.0,1.0,Completed,1.44,2.75,1.48,2.82,1.5,2.97,1.45,2.76,20220831
43,New York,US Open,2022-08-31,Grand Slam,Outdoor,Hard,2nd Round,3,Marino R.,Snigur D.,106.0,124.0,603.0,503.0,6.0,3.0,7.0,6.0,,,2.0,0.0,Completed,1.53,2.5,1.64,2.38,1.68,2.56,1.59,2.37,20220831
43,New York,US Open,2022-08-31,Grand Slam,Outdoor,Hard,2nd Round,3,Kudermetova V.,Zanevska M.,18.0,97.0,2206.0,650.0,6.0,2.0,6.0,3.0,,,2.0,0.0,Completed,1.2,4.5,1.19,5.21,1.22,5.5,1.18,4.85,20220831
43,New York,US Open,2022-08-31,Grand Slam,Outdoor,Hard,2nd Round,3,Galfi D.,Dart H.,91.0,88.0,676.0,685.0,6.0,4.0,6.0,0.0,,,2.0,0.0,Completed,2.2,1.66,2.1,1.81,2.2,1.83,2.09,1.75,20220831
43,New York,US Open,2022-08-31,Grand Slam,Outdoor,Hard,2nd Round,3,Gauff C.,Ruse E.G.,12.0,101.0,2687.0,626.0,6.0,2.0,7.0,6.0,,,2.0,0.0,Completed,1.1,7.0,1.11,7.62,1.13,8.25,1.1,7.14,20220831
43,New York,US Open,2022-08-31,Grand Slam,Outdoor,Hard,2nd Round,3,Garcia C.,Kalinskaya A.,17.0,60.0,2220.0,948.0,6.0,3.0,6.0,1.0,,,2.0,0.0,Completed,1.33,3.4,1.37,3.32,1.39,3.74,1.33,3.31,20220831
43,New York,US Open,2022-09-01,Grand Slam,Outdoor,Hard,2nd Round,3,Tomljanovic A.,Rodina E.,46.0,139.0,1100.0,400.0,1.0,6.0,6.0,2.0,7.0,5.0,2.0,1.0,Completed,1.11,6.5,1.13,6.91,1.13,7.5,1.12,6.47,20220901
43,New York,US Open,2022-09-01,Grand Slam,Outdoor,Hard,2nd Round,3,Williams S.,Kontaveit A.,605.0,2.0,61.0,4360.0,7.0,6.0,2.0,6.0,6.0,2.0,2.0,1.0,Completed,3.0,1.4,3.19,1.4,3.19,1.44,2.97,1.4,20220901
43,New York,US Open,2022-09-01,Grand Slam,Outdoor,Hard,2nd Round,3,Krunic A.,Krejcikova B.,96.0,23.0,652.0,2003.0,2.0,6.0,6.0,4.0,6.0,2.0,2.0,1.0,Completed,3.5,1.3,3.39,1.36,3.74,1.36,3.36,1.33,20220901
43,New York,US Open,2022-09-01,Grand Slam,Outdoor,Hard,2nd Round,3,Samsonova L.,Fernandez L.A.,35.0,14.0,1407.0,2540.0,6.0,3.0,7.0,6.0,,,2.0,0.0,Completed,1.53,2.5,1.59,2.49,1.59,2.65,1.54,2.49,20220901
43,New York,US Open,2022-09-01,Grand Slam,Outdoor,Hard,2nd Round,3,Andreescu B.,Haddad Maia B.,48.0,15.0,1082.0,2317.0,6.0,2.0,6.0,4.0,,,2.0,0.0,Completed,2.2,1.66,2.18,1.75,2.25,1.88,2.13,1.72,20220901
43,New York,US Open,2022-09-01,Grand Slam,Outdoor,Hard,2nd Round,3,Bencic B.,Cirstea S.,13.0,37.0,2635.0,1330.0,3.0,6.0,7.0,5.0,6.0,2.0,2.0,1.0,Completed,1.44,2.75,1.49,2.79,1.5,2.85,1.46,2.72,20220901
43,New York,US Open,2022-09-01,Grand Slam,Outdoor,Hard,2nd Round,3,Davis L.,Alexandrova E.,105.0,28.0,604.0,1750.0,0.0,6.0,6.0,4.0,7.0,6.0,2.0,1.0,Completed,3.2,1.36,3.19,1.4,3.26,1.42,3.13,1.37,20220901
43,New York,US Open,2022-09-01,Grand Slam,Outdoor,Hard,2nd Round,3,Azarenka V.,Kostyuk M.,26.0,65.0,1841.0,915.0,6.0,2.0,6.0,3.0,,,2.0,0.0,Completed,1.61,2.3,1.67,2.32,1.68,2.4,1.62,2.3,20220901
43,New York,US Open,2022-09-01,Grand Slam,Outdoor,Hard,2nd Round,3,Pegula J.,Sasnovich A.,8.0,32.0,3201.0,1461.0,6.0,4.0,6.0,4.0,,,2.0,0.0,Completed,1.4,3.0,1.4,3.16,1.43,3.2,1.39,3.0,20220901
43,New York,US Open,2022-09-01,Grand Slam,Outdoor,Hard,2nd Round,3,Swiatek I.,Stephens S.,1.0,51.0,8605.0,1066.0,6.0,3.0,6.0,2.0,,,2.0,0.0,Completed,1.2,4.5,1.2,5.14,1.22,5.75,1.19,4.7,20220901
43,New York,US Open,2022-09-01,Grand Slam,Outdoor,Hard,2nd Round,3,Niemeier J.,Putintseva Y.,108.0,38.0,601.0,1295.0,6.0,4.0,6.0,3.0,,,2.0,0.0,Completed,2.2,1.66,2.49,1.6,2.49,1.68,2.31,1.62,20220901
43,New York,US Open,2022-09-01,Grand Slam,Outdoor,Hard,2nd Round,3,Martic P.,Badosa P.,54.0,4.0,1049.0,3980.0,6.0,7.0,6.0,1.0,6.0,2.0,2.0,1.0,Completed,2.5,1.53,2.48,1.6,2.6,1.6,2.47,1.55,20220901
43,New York,US Open,2022-09-01,Grand Slam,Outdoor,Hard,2nd Round,3,Kvitova P.,Kalinina A.,21.0,47.0,2077.0,1091.0,,,,,,,,,Walkover,1.28,3.75,1.31,3.78,1.32,3.9,1.29,3.65,20220901
43,New York,US Open,2022-09-01,Grand Slam,Outdoor,Hard,2nd Round,3,Zheng Q.,Potapova A.,39.0,52.0,1268.0,1066.0,7.0,6.0,7.0,6.0,,,2.0,0.0,Completed,1.57,2.37,1.56,2.56,1.73,2.56,1.57,2.41,20220901
43,New York,US Open,2022-09-01,Grand Slam,Outdoor,Hard,2nd Round,3,Yuan Y.,Begu I.,142.0,42.0,444.0,1234.0,6.0,3.0,7.0,6.0,,,2.0,0.0,Completed,3.0,1.4,2.92,1.46,3.0,1.5,2.86,1.42,20220901
43,New York,US Open,2022-09-01,Grand Slam,Outdoor,Hard,2nd Round,3,Cornet A.,Siniakova K.,40.0,83.0,1260.0,728.0,6.0,1.0,1.0,6.0,6.0,3.0,2.0,1.0,Completed,1.44,2.75,1.48,2.82,1.56,2.85,1.46,2.72,20220901
43,New York,US Open,2022-09-01,Grand Slam,Outdoor,Hard,2nd Round,3,Muguruza G.,Fruhvirtova L.,10.0,167.0,2886.0,373.0,6.0,0.0,6.0,4.0,,,2.0,0.0,Completed,1.5,2.62,1.52,2.7,1.56,2.8,1.5,2.58,20220901
43,New York,US Open,2022-09-01,Grand Slam,Outdoor,Hard,2nd Round,3,Sabalenka A.,Kanepi K.,6.0,34.0,3470.0,1433.0,2.0,6.0,7.0,6.0,6.0,4.0,2.0,1.0,Completed,1.5,2.62,1.46,2.89,1.57,2.95,1.46,2.73,20220901
43,New York,US Open,2022-09-01,Grand Slam,Outdoor,Hard,2nd Round,3,Pliskova Ka.,Bouzkova M.,22.0,41.0,2007.0,1252.0,6.0,3.0,6.0,2.0,,,2.0,0.0,Completed,2.2,1.66,2.34,1.66,2.34,1.73,2.21,1.67,20220901
43,New York,US Open,2022-09-02,Grand Slam,Outdoor,Hard,2nd Round,3,Collins D.,Bucsa C.,19.0,118.0,2167.0,528.0,6.0,2.0,7.0,5.0,,,2.0,0.0,Completed,1.28,3.75,1.29,3.9,1.33,3.9,1.3,3.55,20220902
43,New York,US Open,2022-09-02,Grand Slam,Outdoor,Hard,2nd Round,3,Burel C.,Van Uytvanck A.,131.0,43.0,471.0,1220.0,6.0,4.0,4.0,6.0,6.0,4.0,2.0,1.0,Completed,2.2,1.66,2.57,1.55,2.6,1.69,2.39,1.58,20220902
43,New York,US Open,2022-09-02,Grand Slam,Outdoor,Hard,3rd Round,3,Jabeur O.,Rogers S.,5.0,31.0,3920.0,1516.0,4.0,6.0,6.0,4.0,6.0,3.0,2.0,1.0,Completed,1.57,2.37,1.63,2.41,1.68,2.61,1.6,2.36,20220902
43,New York,US Open,2022-09-02,Grand Slam,Outdoor,Hard,3rd Round,3,Kudermetova V.,Galfi D.,18.0,91.0,2206.0,676.0,6.0,2.0,6.0,0.0,,,2.0,0.0,Completed,1.25,4.0,1.3,3.86,1.3,4.0,1.27,3.82,20220902
43,New York,US Open,2022-09-02,Grand Slam,Outdoor,Hard,3rd Round,3,Zhang S.,Marino R.,36.0,106.0,1360.0,603.0,6.0,2.0,6.0,4.0,,,2.0,0.0,Completed,1.5,2.62,1.55,2.61,1.57,2.75,1.52,2.55,20220902
43,New York,US Open,2022-09-02,Grand Slam,Outdoor,Hard,3rd Round,3,Gauff C.,Keys M.,12.0,20.0,2687.0,2128.0,6.0,2.0,6.0,3.0,,,2.0,0.0,Completed,1.61,2.3,1.67,2.32,1.68,2.35,1.64,2.27,20220902
43,New York,US Open,2022-09-02,Grand Slam,Outdoor,Hard,3rd Round,3,Riske A.,Wang Xiy.,29.0,75.0,1525.0,842.0,6.0,4.0,3.0,6.0,6.0,4.0,2.0,1.0,Completed,1.61,2.3,1.67,2.32,1.74,2.35,1.66,2.22,20220902
43,New York,US Open,2022-09-02,Grand Slam,Outdoor,Hard,3rd Round,3,Samsonova L.,Krunic A.,35.0,96.0,1407.0,652.0,6.0,3.0,6.0,3.0,,,2.0,0.0,Completed,1.16,5.0,1.17,5.75,1.2,5.75,1.17,5.13,20220902
43,New York,US Open,2022-09-03,Grand Slam,Outdoor,Hard,3rd Round,3,Tomljanovic A.,Williams S.,46.0,605.0,1100.0,61.0,7.0,5.0,6.0,7.0,6.0,1.0,2.0,1.0,Completed,2.2,1.66,2.21,1.74,2.25,1.83,2.15,1.71,20220903
43,New York,US Open,2022-09-03,Grand Slam,Outdoor,Hard,3rd Round,3,Garcia C.,Andreescu B.,17.0,48.0,2220.0,1082.0,6.0,3.0,6.0,2.0,,,2.0,0.0,Completed,1.61,2.3,1.68,2.3,1.75,2.47,1.65,2.26,20220903
43,New York,US Open,2022-09-03,Grand Slam,Outdoor,Hard,3rd Round,3,Kvitova P.,Muguruza G.,21.0,10.0,2077.0,2886.0,5.0,7.0,6.0,3.0,7.0,6.0,2.0,1.0,Completed,1.53,2.5,1.57,2.54,1.58,2.69,1.54,2.49,20220903
43,New York,US Open,2022-09-03,Grand Slam,Outdoor,Hard,3rd Round,3,Pegula J.,Yuan Y.,8.0,142.0,3201.0,444.0,6.0,2.0,6.0,7.0,6.0,0.0,2.0,1.0,Completed,1.16,5.0,1.18,5.47,1.19,5.75,1.16,5.39,20220903
43,New York,US Open,2022-09-03,Grand Slam,Outdoor,Hard,3rd Round,3,Azarenka V.,Martic P.,26.0,54.0,1841.0,1049.0,6.0,3.0,6.0,0.0,,,2.0,0.0,Completed,1.53,2.5,1.57,2.54,1.62,2.6,1.55,2.46,20220903
43,New York,US Open,2022-09-03,Grand Slam,Outdoor,Hard,3rd Round,3,Pliskova Ka.,Bencic B.,22.0,13.0,2007.0,2635.0,5.0,7.0,6.0,4.0,6.0,3.0,2.0,1.0,Completed,2.0,1.8,2.16,1.76,2.25,1.8,2.11,1.74,20220903
43,New York,US Open,2022-09-04,Grand Slam,Outdoor,Hard,3rd Round,3,Swiatek I.,Davis L.,1.0,105.0,8605.0,604.0,6.0,3.0,6.0,4.0,,,2.0,0.0,Completed,1.07,9.0,1.07,10.44,1.1,11.0,1.07,8.73,20220904
43,New York,US Open,2022-09-04,Grand Slam,Outdoor,Hard,3rd Round,3,Niemeier J.,Zheng Q.,108.0,39.0,601.0,1268.0,6.0,4.0,7.0,6.0,,,2.0,0.0,Completed,3.2,1.36,3.47,1.35,3.6,1.5,3.23,1.35,20220904
43,New York,US Open,2022-09-04,Grand Slam,Outdoor,Hard,3rd Round,3,Sabalenka A.,Burel C.,6.0,131.0,3470.0,471.0,6.0,0.0,6.0,2.0,,,2.0,0.0,Completed,1.16,5.0,1.16,6.03,1.19,6.03,1.16,5.32,20220904
43,New York,US Open,2022-09-04,Grand Slam,Outdoor,Hard,3rd Round,3,Collins D.,Cornet A.,19.0,40.0,2167.0,1260.0,6.0,4.0,7.0,6.0,,,2.0,0.0,Completed,1.57,2.37,1.54,2.62,1.67,2.62,1.59,2.37,20220904
43,New York,US Open,2022-09-04,Grand Slam,Outdoor,Hard,4th Round,3,Garcia C.,Riske A.,17.0,29.0,2220.0,1525.0,6.0,4.0,6.0,1.0,,,2.0,0.0,Completed,1.22,4.33,1.25,4.5,1.29,4.89,1.23,4.23,20220904
43,New York,US Open,2022-09-04,Grand Slam,Outdoor,Hard,4th Round,3,Gauff C.,Zhang S.,12.0,36.0,2687.0,1360.0,7.0,5.0,7.0,5.0,,,2.0,0.0,Completed,1.28,3.75,1.31,3.82,1.33,3.85,1.29,3.57,20220904
43,New York,US Open,2022-09-05,Grand Slam,Outdoor,Hard,4th Round,3,Tomljanovic A.,Samsonova L.,46.0,35.0,1100.0,1407.0,7.0,6.0,6.0,1.0,,,2.0,0.0,Completed,3.0,1.4,3.39,1.37,3.4,1.5,3.07,1.38,20220905
43,New York,US Open,2022-09-05,Grand Slam,Outdoor,Hard,4th Round,3,Jabeur O.,Kudermetova V.,5.0,18.0,3920.0,2206.0,7.0,6.0,6.0,4.0,,,2.0,0.0,Completed,1.9,1.9,1.86,2.06,1.9,2.08,1.82,2.0,20220905
43,New York,US Open,2022-09-05,Grand Slam,Outdoor,Hard,4th Round,3,Pegula J.,Kvitova P.,8.0,21.0,3201.0,2077.0,6.0,3.0,6.0,2.0,,,2.0,0.0,Completed,1.8,2.0,1.81,2.11,1.91,2.11,1.82,2.0,20220905
43,New York,US Open,2022-09-05,Grand Slam,Outdoor,Hard,4th Round,3,Swiatek I.,Niemeier J.,1.0,108.0,8605.0,601.0,2.0,6.0,6.0,4.0,6.0,0.0,2.0,1.0,Completed,1.16,5.0,1.17,5.98,1.18,6.5,1.16,5.35,20220905
43,New York,US Open,2022-09-05,Grand Slam,Outdoor,Hard,4th Round,3,Pliskova Ka.,Azarenka V.,22.0,26.0,2007.0,1841.0,7.0,5.0,6.0,7.0,6.0,2.0,2.0,1.0,Completed,1.9,1.9,1.98,1.93,2.03,1.97,1.93,1.89,20220905
43,New York,US Open,2022-09-06,Grand Slam,Outdoor,Hard,4th Round,3,Sabalenka A.,Collins D.,6.0,19.0,3470.0,2167.0,3.0,6.0,6.0,3.0,6.0,2.0,2.0,1.0,Completed,1.8,2.0,1.93,1.97,2.0,2.1,1.85,1.96,20220906
43,New York,US Open,2022-09-06,Grand Slam,Outdoor,Hard,Quarterfinals,3,Jabeur O.,Tomljanovic A.,5.0,46.0,3920.0,1100.0,6.0,4.0,7.0,6.0,,,2.0,0.0,Completed,1.44,2.75,1.43,3.06,1.5,3.08,1.45,2.8,20220906
43,New York,US Open,2022-09-07,Grand Slam,Outdoor,Hard,Quarterfinals,3,Garcia C.,Gauff C.,17.0,12.0,2220.0,2687.0,6.0,3.0,6.0,4.0,,,2.0,0.0,Completed,1.9,1.9,1.93,1.97,1.95,2.2,1.87,1.95,20220907
43,New York,US Open,2022-09-07,Grand Slam,Outdoor,Hard,Quarterfinals,3,Sabalenka A.,Pliskova Ka.,6.0,22.0,3470.0,2007.0,6.0,1.0,7.0,6.0,,,2.0,0.0,Completed,1.8,2.0,1.85,2.07,1.85,2.2,1.78,2.05,20220907
43,New York,US Open,2022-09-08,Grand Slam,Outdoor,Hard,Quarterfinals,3,Swiatek I.,Pegula J.,1.0,8.0,8605.0,3201.0,6.0,3.0,7.0,6.0,,,2.0,0.0,Completed,1.5,2.62,1.56,2.61,1.64,2.7,1.55,2.5,20220908
43,New York,US Open,2022-09-09,Grand Slam,Outdoor,Hard,Semifinals,3,Jabeur O.,Garcia C.,5.0,17.0,3920.0,2220.0,6.0,1.0,6.0,3.0,,,2.0,0.0,Completed,2.2,1.66,2.35,1.67,2.42,1.75,2.26,1.65,20220909
43,New York,US Open,2022-09-09,Grand Slam,Outdoor,Hard,Semifinals,3,Swiatek I.,Sabalenka A.,1.0,6.0,8605.0,3470.0,3.0,6.0,6.0,1.0,6.0,4.0,2.0,1.0,Completed,1.5,2.62,1.49,2.83,1.55,2.85,1.49,2.65,20220909
43,New York,US Open,2022-09-10,Grand Slam,Outdoor,Hard,The Final,3,Swiatek I.,Jabeur O.,1.0,5.0,8605.0,3920.0,6.0,2.0,7.0,6.0,,,2.0,0.0,Completed,1.57,2.5,1.56,2.62,1.62,2.78,1.54,2.52,20220910
44,Chennai,Chennai Open,2022-09-12,WTA250,Outdoor,Hard,1st Round,3,Kawa K.,Sharma A.,166.0,205.0,377.0,316.0,6.0,4.0,6.0,3.0,,,2.0,0.0,Completed,2.2,1.66,2.22,1.73,2.45,1.73,2.24,1.63,20220912
44,Chennai,Chennai Open,2022-09-12,WTA250,Outdoor,Hard,1st Round,3,Bouchard E.,Zueger J.,902.0,167.0,21.0,376.0,7.0,6.0,6.0,2.0,,,2.0,0.0,Completed,1.8,2.0,1.86,2.03,2.0,2.03,1.84,1.94,20220912
44,Chennai,Chennai Open,2022-09-12,WTA250,Outdoor,Hard,1st Round,3,Hibino N.,Fett J.,185.0,255.0,344.0,250.0,6.0,0.0,6.0,4.0,,,2.0,0.0,Completed,1.53,2.5,1.47,2.86,1.54,2.88,1.47,2.63,20220912
44,Chennai,Chennai Open,2022-09-12,WTA250,Outdoor,Hard,1st Round,3,Marino R.,Blinkova A.,90.0,149.0,693.0,423.0,7.0,5.0,6.0,2.0,,,2.0,0.0,Completed,1.5,2.62,1.48,2.83,1.5,2.95,1.46,2.69,20220912
44,Chennai,Chennai Open,2022-09-12,WTA250,Outdoor,Hard,1st Round,3,Fruhvirtova L.,Liang E.S.,130.0,399.0,482.0,133.0,4.0,6.0,6.0,1.0,6.0,3.0,2.0,1.0,Completed,1.12,6.0,1.13,6.91,1.14,7.0,1.12,6.2,20220912
44,Chennai,Chennai Open,2022-09-12,WTA250,Outdoor,Hard,1st Round,3,Thandi K.,Paquet C.,359.0,109.0,159.0,567.0,4.0,6.0,6.0,4.0,6.0,3.0,2.0,1.0,Completed,4.5,1.2,4.8,1.22,4.8,1.22,4.4,1.2,20220912
44,Chennai,Chennai Open,2022-09-12,WTA250,Outdoor,Hard,1st Round,3,Wang Q.,Wickmayer Y.,101.0,464.0,646.0,102.0,6.0,4.0,1.0,6.0,6.0,4.0,2.0,1.0,Completed,1.25,4.0,1.25,4.42,1.26,4.42,1.23,4.08,20220912
44,Chennai,Chennai Open,2022-09-12,WTA250,Outdoor,Hard,1st Round,3,Peterson R.,Jimenez V.,95.0,180.0,661.0,352.0,6.0,2.0,7.0,6.0,,,2.0,0.0,Completed,1.61,2.3,1.63,2.4,1.63,2.51,1.54,2.42,20220912
44,Chennai,Chennai Open,2022-09-13,WTA250,Outdoor,Hard,1st Round,3,Swan K.,Hartono A.,174.0,156.0,366.0,401.0,6.0,1.0,6.0,2.0,,,2.0,0.0,Completed,1.61,2.3,1.64,2.38,1.68,2.4,1.62,2.27,20220913
44,Chennai,Chennai Open,2022-09-13,WTA250,Outdoor,Hard,1st Round,3,Gasanova A.,Riske-Amritraj A.,147.0,23.0,425.0,1755.0,6.0,2.0,6.0,3.0,,,2.0,0.0,Completed,5.0,1.16,5.29,1.19,5.29,1.29,4.6,1.19,20220913
44,Chennai,Chennai Open,2022-09-13,WTA250,Outdoor,Hard,1st Round,3,Podoroska N.,Okamura K.,298.0,297.0,213.0,214.0,6.0,4.0,6.0,3.0,,,2.0,0.0,Completed,1.28,3.75,1.35,3.46,1.39,4.2,1.28,3.59,20220913
44,Chennai,Chennai Open,2022-09-13,WTA250,Outdoor,Hard,1st Round,3,Selekhmeteva O.,Papamichail D.,142.0,197.0,437.0,331.0,6.0,3.0,6.0,1.0,,,2.0,0.0,Completed,1.2,4.5,1.19,5.29,1.22,5.29,1.18,4.64,20220913
44,Chennai,Chennai Open,2022-09-13,WTA250,Outdoor,Hard,1st Round,3,Maria T.,Raina A.,84.0,325.0,724.0,187.0,6.0,0.0,6.0,1.0,,,2.0,0.0,Completed,1.16,5.0,1.19,5.36,1.2,5.5,1.17,4.92,20220913
44,Chennai,Chennai Open,2022-09-13,WTA250,Outdoor,Hard,1st Round,3,Zhao C.,Tjandramulia O.,187.0,421.0,343.0,123.0,6.0,1.0,6.0,1.0,,,2.0,0.0,Completed,1.28,3.75,1.28,4.0,1.35,4.15,1.27,3.69,20220913
44,Chennai,Chennai Open,2022-09-13,WTA250,Outdoor,Hard,1st Round,3,Gracheva V.,Tkacheva M.,80.0,366.0,733.0,156.0,6.0,3.0,6.0,2.0,,,2.0,0.0,Completed,1.44,2.75,1.53,2.66,1.53,2.78,1.47,2.63,20220913
44,Chennai,Chennai Open,2022-09-13,WTA250,Outdoor,Hard,1st Round,3,Linette M.,Uchijima M.,67.0,125.0,850.0,499.0,6.0,4.0,6.0,0.0,,,2.0,0.0,Completed,1.16,5.0,1.18,5.51,1.22,5.7,1.17,4.96,20220913
44,Chennai,Chennai Open,2022-09-14,WTA250,Outdoor,Hard,2nd Round,3,Hibino N.,Wang Q.,185.0,101.0,344.0,646.0,6.0,2.0,6.0,3.0,,,2.0,0.0,Completed,2.5,1.53,2.52,1.58,2.54,1.6,2.43,1.54,20220914
44,Chennai,Chennai Open,2022-09-14,WTA250,Outdoor,Hard,2nd Round,3,Fruhvirtova L.,Peterson R.,130.0,95.0,482.0,661.0,6.0,4.0,6.0,2.0,,,2.0,0.0,Completed,1.61,2.3,1.61,2.46,1.71,2.46,1.62,2.26,20220914
44,Chennai,Chennai Open,2022-09-14,WTA250,Outdoor,Hard,2nd Round,3,Bouchard E.,Thandi K.,902.0,359.0,21.0,159.0,6.0,2.0,7.0,6.0,,,2.0,0.0,Completed,1.28,3.75,1.28,3.99,1.33,4.0,1.27,3.71,20220914
44,Chennai,Chennai Open,2022-09-14,WTA250,Outdoor,Hard,2nd Round,3,Marino R.,Kawa K.,90.0,166.0,693.0,377.0,7.0,5.0,6.0,3.0,,,2.0,0.0,Completed,1.22,4.33,1.2,5.09,1.24,5.09,1.21,4.29,20220914
44,Chennai,Chennai Open,2022-09-15,WTA250,Outdoor,Hard,2nd Round,3,Swan K.,Gasanova A.,174.0,147.0,366.0,425.0,7.0,6.0,6.0,2.0,,,2.0,0.0,Completed,1.72,2.1,1.69,2.28,1.83,2.28,1.74,2.08,20220915
44,Chennai,Chennai Open,2022-09-15,WTA250,Outdoor,Hard,2nd Round,3,Linette M.,Selekhmeteva O.,67.0,142.0,850.0,437.0,6.0,2.0,6.0,0.0,,,2.0,0.0,Completed,1.33,3.4,1.33,3.6,1.35,3.6,1.32,3.32,20220915
44,Chennai,Chennai Open,2022-09-15,WTA250,Outdoor,Hard,2nd Round,3,Podoroska N.,Maria T.,298.0,84.0,213.0,724.0,3.0,6.0,6.0,2.0,7.0,6.0,2.0,1.0,Completed,2.2,1.66,2.12,1.79,2.25,1.8,2.11,1.71,20220915
44,Chennai,Chennai Open,2022-09-15,WTA250,Outdoor,Hard,2nd Round,3,Gracheva V.,Zhao C.,80.0,187.0,733.0,343.0,6.0,1.0,7.0,5.0,,,2.0,0.0,Completed,1.4,3.0,1.38,3.3,1.44,3.3,1.38,2.99,20220915
44,Chennai,Chennai Open,2022-09-16,WTA250,Outdoor,Hard,Quarterfinals,3,Podoroska N.,Bouchard E.,298.0,902.0,213.0,21.0,1.0,6.0,6.0,4.0,6.0,2.0,2.0,1.0,Completed,1.8,2.0,1.79,2.14,1.86,2.14,1.77,2.04,20220916
44,Chennai,Chennai Open,2022-09-16,WTA250,Outdoor,Hard,Quarterfinals,3,Fruhvirtova L.,Gracheva V.,130.0,80.0,482.0,733.0,6.0,4.0,6.0,3.0,,,2.0,0.0,Completed,1.5,2.62,1.48,2.88,1.51,2.88,1.48,2.66,20220916
44,Chennai,Chennai Open,2022-09-16,WTA250,Outdoor,Hard,Quarterfinals,3,Linette M.,Marino R.,67.0,90.0,850.0,693.0,7.0,6.0,6.0,3.0,,,2.0,0.0,Completed,1.5,2.62,1.49,2.84,1.54,2.84,1.49,2.62,20220916
44,Chennai,Chennai Open,2022-09-16,WTA250,Outdoor,Hard,Quarterfinals,3,Swan K.,Hibino N.,174.0,185.0,366.0,344.0,6.0,3.0,3.0,6.0,6.0,3.0,2.0,1.0,Completed,2.0,1.8,2.18,1.76,2.18,1.8,2.09,1.73,20220916
44,Chennai,Chennai Open,2022-09-17,WTA250,Outdoor,Hard,Semifinals,3,Fruhvirtova L.,Podoroska N.,130.0,298.0,482.0,213.0,5.0,7.0,6.0,2.0,6.0,4.0,2.0,1.0,Completed,1.57,2.37,1.58,2.54,1.59,2.61,1.55,2.42,20220917
44,Chennai,Chennai Open,2022-09-17,WTA250,Outdoor,Hard,Semifinals,3,Linette M.,Swan K.,67.0,174.0,850.0,366.0,3.0,0.0,,,,,0.0,0.0,Retired,1.25,4.0,1.3,3.89,1.3,4.25,1.26,3.79,20220917
44,Chennai,Chennai Open,2022-09-18,WTA250,Outdoor,Hard,The Final,3,Fruhvirtova L.,Linette M.,130.0,67.0,482.0,850.0,4.0,6.0,6.0,3.0,6.0,4.0,2.0,1.0,Completed,2.75,1.44,3.09,1.43,3.11,1.46,2.91,1.4,20220918
45,Portoroz,Slovenia Open,2022-09-12,WTA250,Outdoor,Hard,1st Round,3,Alexandrova E.,Kostyuk M.,24.0,54.0,1750.0,975.0,7.0,6.0,5.0,7.0,7.0,5.0,2.0,1.0,Completed,1.72,2.1,1.72,2.22,1.82,2.22,1.72,2.1,20220912
45,Portoroz,Slovenia Open,2022-09-12,WTA250,Outdoor,Hard,1st Round,3,Potapova A.,Liu C.,45.0,81.0,1126.0,730.0,6.0,4.0,7.0,6.0,,,2.0,0.0,Completed,1.36,3.2,1.44,2.99,1.44,3.52,1.36,3.06,20220912
45,Portoroz,Slovenia Open,2022-09-12,WTA250,Outdoor,Hard,1st Round,3,Haddad Maia B.,Tauson C.,18.0,59.0,2238.0,958.0,7.0,6.0,6.0,3.0,,,2.0,0.0,Completed,1.61,2.3,1.76,2.16,1.76,2.38,1.66,2.19,20220912
45,Portoroz,Slovenia Open,2022-09-12,WTA250,Outdoor,Hard,1st Round,3,Raducanu E.,Yastremska D.,83.0,89.0,726.0,707.0,6.0,2.0,5.0,3.0,,,1.0,0.0,Retired,1.36,3.2,1.47,2.88,1.47,3.3,1.39,2.97,20220912
45,Portoroz,Slovenia Open,2022-09-13,WTA250,Outdoor,Hard,1st Round,3,Bogdan A.,Tomljanovic A.,65.0,34.0,887.0,1400.0,7.0,5.0,4.0,6.0,6.0,1.0,2.0,1.0,Completed,3.2,1.36,3.06,1.42,3.5,1.42,3.04,1.37,20220913
45,Portoroz,Slovenia Open,2022-09-13,WTA250,Outdoor,Hard,1st Round,3,Parry D.,Vekic D.,71.0,86.0,824.0,715.0,2.0,6.0,6.0,4.0,6.0,1.0,2.0,1.0,Completed,2.2,1.66,2.2,1.74,2.25,1.74,2.19,1.66,20220913
45,Portoroz,Slovenia Open,2022-09-13,WTA250,Outdoor,Hard,1st Round,3,Tsurenko L.,Ruse E.G.,92.0,96.0,679.0,656.0,6.0,1.0,4.0,6.0,6.0,4.0,2.0,1.0,Completed,1.57,2.37,,,1.62,2.5,1.58,2.34,20220913
45,Portoroz,Slovenia Open,2022-09-13,WTA250,Outdoor,Hard,1st Round,3,Burrage J.,Krunic A.,151.0,75.0,411.0,780.0,6.0,4.0,6.0,4.0,,,2.0,0.0,Completed,2.62,1.5,,,2.63,1.6,2.53,1.51,20220913
45,Portoroz,Slovenia Open,2022-09-13,WTA250,Outdoor,Hard,1st Round,3,Rybakina E.,Siegemund L.,25.0,173.0,1730.0,366.0,6.0,7.0,6.0,4.0,7.0,6.0,2.0,1.0,Completed,1.14,5.5,1.17,5.65,1.17,6.0,1.14,5.49,20220913
45,Portoroz,Slovenia Open,2022-09-13,WTA250,Outdoor,Hard,1st Round,3,Martincova T.,Dart H.,66.0,85.0,855.0,715.0,0.0,6.0,6.0,4.0,6.0,1.0,2.0,1.0,Completed,1.5,2.62,1.45,2.95,1.5,2.95,1.46,2.65,20220913
45,Portoroz,Slovenia Open,2022-09-13,WTA250,Outdoor,Hard,1st Round,3,Friedsam A.L.,Mandlik E.,213.0,124.0,305.0,503.0,0.0,6.0,6.0,4.0,6.0,1.0,2.0,1.0,Completed,3.0,1.4,2.84,1.48,3.12,1.48,2.86,1.41,20220913
45,Portoroz,Slovenia Open,2022-09-13,WTA250,Outdoor,Hard,1st Round,3,Paolini J.,Wurth T.,55.0,219.0,975.0,297.0,7.0,5.0,6.0,1.0,,,2.0,0.0,Completed,1.44,2.75,1.44,2.98,1.47,3.2,1.42,2.81,20220913
45,Portoroz,Slovenia Open,2022-09-13,WTA250,Outdoor,Hard,1st Round,3,Bucsa C.,Marcinko P.,110.0,301.0,553.0,210.0,2.0,6.0,6.0,4.0,6.0,1.0,2.0,1.0,Completed,1.36,3.2,1.5,2.75,1.5,3.2,1.39,2.94,20220913
45,Portoroz,Slovenia Open,2022-09-13,WTA250,Outdoor,Hard,1st Round,3,Juvan K.,Cornet A.,72.0,35.0,823.0,1380.0,7.0,6.0,6.0,3.0,,,2.0,0.0,Completed,2.62,1.5,2.73,1.51,2.8,1.53,2.62,1.47,20220913
45,Portoroz,Slovenia Open,2022-09-13,WTA250,Outdoor,Hard,1st Round,3,Zidansek T.,Zakharova A.,91.0,160.0,684.0,396.0,6.0,4.0,6.0,4.0,,,2.0,0.0,Completed,1.61,2.3,1.65,2.37,1.67,2.45,1.61,2.27,20220913
45,Portoroz,Slovenia Open,2022-09-14,WTA250,Outdoor,Hard,1st Round,3,Siniakova K.,Trevisan M.,82.0,27.0,728.0,1636.0,6.0,1.0,6.0,4.0,,,2.0,0.0,Completed,1.57,2.37,1.68,2.3,1.68,2.51,1.59,2.33,20220914
45,Portoroz,Slovenia Open,2022-09-14,WTA250,Outdoor,Hard,2nd Round,3,Tsurenko L.,Alexandrova E.,92.0,24.0,679.0,1750.0,7.0,5.0,7.0,6.0,,,2.0,0.0,Completed,2.2,1.66,2.3,1.68,2.36,1.73,2.17,1.67,20220914
45,Portoroz,Slovenia Open,2022-09-14,WTA250,Outdoor,Hard,2nd Round,3,Rybakina E.,Martincova T.,25.0,66.0,1730.0,855.0,6.0,4.0,6.0,1.0,,,2.0,0.0,Completed,1.3,3.5,1.28,4.01,1.31,4.01,1.27,3.71,20220914
45,Portoroz,Slovenia Open,2022-09-14,WTA250,Outdoor,Hard,2nd Round,3,Bogdan A.,Zidansek T.,65.0,91.0,887.0,684.0,6.0,1.0,6.0,7.0,6.0,1.0,2.0,1.0,Completed,1.53,2.5,1.64,2.39,1.64,2.51,1.57,2.39,20220914
45,Portoroz,Slovenia Open,2022-09-14,WTA250,Outdoor,Hard,2nd Round,3,Haddad Maia B.,Bucsa C.,18.0,110.0,2238.0,553.0,6.0,1.0,6.0,4.0,,,2.0,0.0,Completed,1.22,4.33,1.25,4.36,1.28,4.36,1.24,3.95,20220914
45,Portoroz,Slovenia Open,2022-09-15,WTA250,Outdoor,Hard,2nd Round,3,Parry D.,Potapova A.,71.0,45.0,824.0,1126.0,7.0,6.0,6.0,4.0,,,2.0,0.0,Completed,3.0,1.4,3.01,1.43,3.3,1.43,3.11,1.36,20220915
45,Portoroz,Slovenia Open,2022-09-15,WTA250,Outdoor,Hard,2nd Round,3,Siniakova K.,Burrage J.,82.0,151.0,728.0,411.0,7.0,5.0,6.0,1.0,,,2.0,0.0,Completed,1.25,4.0,1.28,4.07,1.33,4.07,1.28,3.61,20220915
45,Portoroz,Slovenia Open,2022-09-15,WTA250,Outdoor,Hard,2nd Round,3,Friedsam A.L.,Raducanu E.,213.0,83.0,305.0,726.0,7.0,5.0,0.0,6.0,6.0,3.0,2.0,1.0,Completed,5.5,1.14,6.01,1.16,6.01,1.19,5.3,1.15,20220915
45,Portoroz,Slovenia Open,2022-09-15,WTA250,Outdoor,Hard,2nd Round,3,Paolini J.,Juvan K.,55.0,72.0,975.0,823.0,5.0,7.0,6.0,2.0,7.0,6.0,2.0,1.0,Completed,2.0,1.8,2.14,1.78,2.28,1.91,2.02,1.78,20220915
45,Portoroz,Slovenia Open,2022-09-16,WTA250,Outdoor,Hard,Quarterfinals,3,Bogdan A.,Haddad Maia B.,65.0,18.0,887.0,2238.0,6.0,1.0,1.0,6.0,7.0,5.0,2.0,1.0,Completed,3.2,1.36,3.01,1.45,3.2,1.45,2.98,1.39,20220916
45,Portoroz,Slovenia Open,2022-09-16,WTA250,Outdoor,Hard,Quarterfinals,3,Rybakina E.,Tsurenko L.,25.0,92.0,1730.0,679.0,,,,,,,,,Walkover,1.3,3.5,1.36,3.48,1.36,3.6,1.31,3.41,20220916
45,Portoroz,Slovenia Open,2022-09-16,WTA250,Outdoor,Hard,Quarterfinals,3,Friedsam A.L.,Parry D.,213.0,71.0,305.0,824.0,1.0,6.0,7.0,6.0,6.0,3.0,2.0,1.0,Completed,2.62,1.5,2.86,1.48,2.86,1.57,2.61,1.49,20220916
45,Portoroz,Slovenia Open,2022-09-17,WTA250,Outdoor,Hard,Quarterfinals,3,Siniakova K.,Paolini J.,82.0,55.0,728.0,975.0,6.0,2.0,3.0,6.0,7.0,6.0,2.0,1.0,Completed,1.61,2.3,1.66,2.38,1.66,2.38,1.63,2.28,20220917
45,Portoroz,Slovenia Open,2022-09-17,WTA250,Outdoor,Hard,Semifinals,3,Rybakina E.,Bogdan A.,25.0,65.0,1730.0,887.0,6.0,1.0,6.0,1.0,,,2.0,0.0,Completed,1.36,3.2,1.38,3.31,1.4,3.31,1.37,3.06,20220917
45,Portoroz,Slovenia Open,2022-09-17,WTA250,Outdoor,Hard,Semifinals,3,Siniakova K.,Friedsam A.L.,82.0,213.0,728.0,305.0,6.0,1.0,7.0,5.0,,,2.0,0.0,Completed,1.44,2.75,1.46,2.9,1.55,3.0,1.44,2.78,20220917
45,Portoroz,Slovenia Open,2022-09-18,WTA250,Outdoor,Hard,The Final,3,Siniakova K.,Rybakina E.,82.0,25.0,728.0,1730.0,6.0,7.0,7.0,6.0,6.0,4.0,2.0,1.0,Completed,3.5,1.3,4.3,1.26,4.3,1.31,3.71,1.27,20220918
46,Seoul,Korea Open,2022-09-19,WTA250,Outdoor,Hard,1st Round,3,Sun L.,Cabrera L.,340.0,229.0,175.0,281.0,7.0,6.0,6.0,2.0,,,2.0,0.0,Completed,1.8,2.0,1.83,2.06,2.0,2.06,1.82,1.96,20220919
46,Seoul,Korea Open,2022-09-19,WTA250,Outdoor,Hard,1st Round,3,Han N.L.,Back D.,212.0,679.0,306.0,44.0,6.0,1.0,6.0,1.0,,,2.0,0.0,Completed,1.33,3.4,1.39,3.17,1.39,3.5,1.34,3.19,20220919
46,Seoul,Korea Open,2022-09-19,WTA250,Outdoor,Hard,1st Round,3,Zhu L.,Jang S.,70.0,130.0,833.0,478.0,6.0,3.0,6.0,4.0,,,2.0,0.0,Completed,1.57,2.37,1.63,2.38,1.63,2.4,1.59,2.31,20220919
46,Seoul,Korea Open,2022-09-19,WTA250,Outdoor,Hard,1st Round,3,Birrell K.,Hon P.,309.0,166.0,200.0,392.0,6.0,4.0,4.0,6.0,6.0,4.0,2.0,1.0,Completed,2.3,1.61,2.23,1.7,2.4,1.74,2.23,1.63,20220919
46,Seoul,Korea Open,2022-09-20,WTA250,Outdoor,Hard,1st Round,3,Raina A.,Inglis M.,329.0,137.0,184.0,453.0,4.0,6.0,7.0,5.0,6.0,1.0,2.0,1.0,Completed,2.37,1.57,2.24,1.71,2.4,1.71,2.26,1.62,20220920
46,Seoul,Korea Open,2022-09-20,WTA250,Outdoor,Hard,1st Round,3,Marino R.,Fett J.,81.0,286.0,738.0,220.0,6.0,1.0,6.0,2.0,,,2.0,0.0,Completed,1.12,6.0,1.16,6.07,1.16,6.25,1.13,5.67,20220920
46,Seoul,Korea Open,2022-09-20,WTA250,Outdoor,Hard,1st Round,3,Mladenovic K.,Park S.,135.0,469.0,459.0,97.0,6.0,4.0,4.0,6.0,6.0,3.0,2.0,1.0,Completed,1.36,3.2,1.42,3.06,1.43,3.2,1.38,2.98,20220920
46,Seoul,Korea Open,2022-09-20,WTA250,Outdoor,Hard,1st Round,3,Jimenez V.,Paquet C.,186.0,113.0,352.0,567.0,6.0,2.0,6.0,2.0,,,2.0,0.0,Completed,2.1,1.72,2.06,1.84,2.12,1.9,1.98,1.81,20220920
46,Seoul,Korea Open,2022-09-20,WTA250,Outdoor,Hard,1st Round,3,Gasanova A.,Sharma A.,141.0,206.0,441.0,316.0,7.0,5.0,7.0,5.0,,,2.0,0.0,Completed,1.8,2.0,1.74,2.2,1.83,2.2,1.74,2.06,20220920
46,Seoul,Korea Open,2022-09-20,WTA250,Outdoor,Hard,1st Round,3,Alexandrova E.,Muhammad A.,24.0,142.0,1750.0,432.0,6.0,1.0,3.0,6.0,6.0,1.0,2.0,1.0,Completed,1.22,4.33,1.24,4.62,1.28,4.62,1.22,4.15,20220920
46,Seoul,Korea Open,2022-09-20,WTA250,Outdoor,Hard,1st Round,3,Ostapenko J.,Jeong B.,19.0,688.0,2146.0,43.0,6.0,4.0,3.0,6.0,7.0,6.0,2.0,1.0,Completed,1.01,26.0,1.03,20.56,1.03,26.0,1.01,15.4,20220920
46,Seoul,Korea Open,2022-09-20,WTA250,Outdoor,Hard,1st Round,3,Maria T.,Bouchard E.,80.0,520.0,739.0,81.0,7.0,6.0,7.0,6.0,,,2.0,0.0,Completed,1.8,2.0,1.81,2.1,1.83,2.1,1.77,2.0,20220920
46,Seoul,Korea Open,2022-09-21,WTA250,Outdoor,Hard,1st Round,3,Blinkova A.,Gracheva V.,146.0,85.0,423.0,726.0,6.0,4.0,7.0,6.0,,,2.0,0.0,Completed,1.9,1.9,1.83,2.08,2.05,2.15,1.82,1.96,20220921
46,Seoul,Korea Open,2022-09-21,WTA250,Outdoor,Hard,1st Round,3,Linette M.,Hartono A.,51.0,179.0,1000.0,362.0,6.0,2.0,7.0,5.0,,,2.0,0.0,Completed,1.16,5.0,1.2,5.09,1.2,5.5,1.18,4.78,20220921
46,Seoul,Korea Open,2022-09-21,WTA250,Outdoor,Hard,1st Round,3,Wickmayer Y.,Fruhvirtova L.,460.0,74.0,103.0,761.0,6.0,1.0,6.0,4.0,,,2.0,0.0,Completed,4.0,1.25,3.5,1.34,4.0,1.34,3.54,1.29,20220921
46,Seoul,Korea Open,2022-09-21,WTA250,Outdoor,Hard,1st Round,3,Raducanu E.,Uchijima M.,77.0,126.0,751.0,499.0,6.0,2.0,6.0,4.0,,,2.0,0.0,Completed,1.12,6.0,1.17,5.82,1.17,6.5,1.13,5.76,20220921
46,Seoul,Korea Open,2022-09-21,WTA250,Outdoor,Hard,2nd Round,3,Zhu L.,Raina A.,70.0,329.0,833.0,184.0,6.0,1.0,6.0,3.0,,,2.0,0.0,Completed,1.2,4.5,1.22,4.74,1.31,4.74,1.2,4.38,20220921
46,Seoul,Korea Open,2022-09-21,WTA250,Outdoor,Hard,2nd Round,3,Maria T.,Birrell K.,80.0,309.0,739.0,200.0,6.0,0.0,6.0,3.0,,,2.0,0.0,Completed,1.5,2.62,1.55,2.6,1.55,2.84,1.48,2.61,20220921
46,Seoul,Korea Open,2022-09-21,WTA250,Outdoor,Hard,2nd Round,3,Alexandrova E.,Han N.L.,24.0,212.0,1750.0,306.0,6.0,1.0,6.0,3.0,,,2.0,0.0,Completed,1.14,5.5,1.14,6.67,1.16,6.75,1.13,5.8,20220921
46,Seoul,Korea Open,2022-09-21,WTA250,Outdoor,Hard,2nd Round,3,Jimenez V.,Marino R.,186.0,81.0,352.0,738.0,6.0,4.0,6.0,2.0,,,2.0,0.0,Completed,3.75,1.28,3.47,1.35,3.75,1.35,3.43,1.3,20220921
46,Seoul,Korea Open,2022-09-22,WTA250,Outdoor,Hard,2nd Round,3,Sun L.,Blinkova A.,340.0,146.0,175.0,423.0,6.0,4.0,7.0,6.0,,,2.0,0.0,Completed,3.2,1.36,3.07,1.42,3.27,1.42,3.0,1.37,20220922
46,Seoul,Korea Open,2022-09-22,WTA250,Outdoor,Hard,2nd Round,3,Linette M.,Mladenovic K.,51.0,135.0,1000.0,459.0,4.0,6.0,7.0,6.0,6.0,2.0,2.0,1.0,Completed,1.14,5.5,1.13,6.94,1.15,7.0,1.12,5.97,20220922
46,Seoul,Korea Open,2022-09-22,WTA250,Outdoor,Hard,2nd Round,3,Raducanu E.,Wickmayer Y.,77.0,460.0,751.0,103.0,6.0,3.0,7.0,5.0,,,2.0,0.0,Completed,1.25,4.0,1.3,3.84,1.3,4.25,1.26,3.74,20220922
46,Seoul,Korea Open,2022-09-22,WTA250,Outdoor,Hard,2nd Round,3,Ostapenko J.,Gasanova A.,19.0,141.0,2146.0,441.0,6.0,3.0,5.0,7.0,7.0,5.0,2.0,1.0,Completed,1.22,4.33,1.24,4.54,1.29,4.75,1.22,4.12,20220922
46,Seoul,Korea Open,2022-09-23,WTA250,Outdoor,Hard,Quarterfinals,3,Alexandrova E.,Sun L.,24.0,340.0,1750.0,175.0,7.0,5.0,7.0,6.0,,,2.0,0.0,Completed,1.12,6.0,1.12,7.91,1.13,8.2,1.1,6.71,20220923
46,Seoul,Korea Open,2022-09-23,WTA250,Outdoor,Hard,Quarterfinals,3,Maria T.,Zhu L.,80.0,70.0,739.0,833.0,6.0,1.0,6.0,1.0,,,2.0,0.0,Completed,1.8,2.0,1.91,2.0,1.91,2.06,1.83,1.95,20220923
46,Seoul,Korea Open,2022-09-23,WTA250,Outdoor,Hard,Quarterfinals,3,Raducanu E.,Linette M.,77.0,51.0,751.0,1000.0,6.0,2.0,6.0,2.0,,,2.0,0.0,Completed,1.72,2.1,1.74,2.24,1.8,2.25,1.7,2.12,20220923
46,Seoul,Korea Open,2022-09-23,WTA250,Outdoor,Hard,Quarterfinals,3,Ostapenko J.,Jimenez V.,19.0,186.0,2146.0,352.0,6.0,2.0,6.0,1.0,,,2.0,0.0,Completed,1.28,3.75,1.35,3.54,1.35,4.0,1.29,3.52,20220923
46,Seoul,Korea Open,2022-09-24,WTA250,Outdoor,Hard,Semifinals,3,Alexandrova E.,Maria T.,24.0,80.0,1750.0,739.0,6.0,2.0,6.0,4.0,,,2.0,0.0,Completed,1.36,3.2,1.47,2.92,1.47,3.2,1.4,2.89,20220924
46,Seoul,Korea Open,2022-09-24,WTA250,Outdoor,Hard,Semifinals,3,Ostapenko J.,Raducanu E.,19.0,77.0,2146.0,751.0,4.0,6.0,6.0,3.0,3.0,0.0,1.0,1.0,Retired,1.9,1.9,2.08,1.84,2.08,1.9,1.96,1.82,20220924
46,Seoul,Korea Open,2022-09-25,WTA250,Outdoor,Hard,The Final,3,Alexandrova E.,Ostapenko J.,24.0,19.0,1750.0,2146.0,7.0,6.0,6.0,0.0,,,2.0,0.0,Completed,1.72,2.1,1.81,2.12,1.81,2.15,1.74,2.08,20220925
47,Tokyo,Toray Pan Pacific Open Tennis Tournament,2022-09-19,WTA500,Outdoor,Hard,1st Round,3,Mertens E.,Wang Q.,44.0,92.0,1146.0,675.0,6.0,0.0,6.0,3.0,,,2.0,0.0,Completed,1.44,2.75,1.44,2.98,1.46,3.12,1.43,2.79,20220919
47,Tokyo,Toray Pan Pacific Open Tennis Tournament,2022-09-19,WTA500,Outdoor,Hard,1st Round,3,Wang Xin.,Perez E.,78.0,352.0,749.0,163.0,7.0,5.0,1.0,6.0,6.0,4.0,2.0,1.0,Completed,1.36,3.2,1.36,3.43,1.38,3.5,1.34,3.2,20220919
47,Tokyo,Toray Pan Pacific Open Tennis Tournament,2022-09-19,WTA500,Outdoor,Hard,1st Round,3,Liu C.,Riske-Amritraj A.,84.0,26.0,730.0,1576.0,6.0,2.0,6.0,3.0,,,2.0,0.0,Completed,2.5,1.53,2.45,1.61,2.57,1.61,2.43,1.54,20220919
47,Tokyo,Toray Pan Pacific Open Tennis Tournament,2022-09-19,WTA500,Outdoor,Hard,1st Round,3,Zheng Q.,Doi M.,36.0,107.0,1348.0,615.0,6.0,2.0,6.0,4.0,,,2.0,0.0,Completed,1.12,6.0,1.12,7.23,1.16,7.23,1.13,5.66,20220919
47,Tokyo,Toray Pan Pacific Open Tennis Tournament,2022-09-19,WTA500,Outdoor,Hard,1st Round,3,Martic P.,Saigo R.,46.0,635.0,1109.0,53.0,6.0,1.0,6.0,1.0,,,2.0,0.0,Completed,1.05,11.0,1.05,14.51,1.09,14.51,1.04,10.53,20220919
47,Tokyo,Toray Pan Pacific Open Tennis Tournament,2022-09-19,WTA500,Outdoor,Hard,1st Round,3,Papamichail D.,You X.,213.0,328.0,305.0,185.0,6.0,4.0,6.0,2.0,,,2.0,0.0,Completed,2.2,1.66,2.26,1.7,2.26,1.76,2.12,1.7,20220919
47,Tokyo,Toray Pan Pacific Open Tennis Tournament,2022-09-20,WTA500,Outdoor,Hard,1st Round,3,Contreras Gomez F.,Kenin S.,182.0,315.0,358.0,196.0,7.0,6.0,6.0,4.0,,,2.0,0.0,Completed,3.2,1.36,3.26,1.38,3.27,1.42,3.12,1.35,20220920
47,Tokyo,Toray Pan Pacific Open Tennis Tournament,2022-09-20,WTA500,Outdoor,Hard,1st Round,3,Zhang S.,Hontama M.,28.0,180.0,1530.0,360.0,6.0,0.0,6.0,3.0,,,2.0,0.0,Completed,1.2,4.5,1.24,4.47,1.24,5.1,1.2,4.39,20220920
47,Tokyo,Toray Pan Pacific Open Tennis Tournament,2022-09-20,WTA500,Outdoor,Hard,1st Round,3,Pliskova Ka.,Shinikova I.,20.0,214.0,2007.0,302.0,6.0,2.0,6.0,1.0,,,2.0,0.0,Completed,1.05,11.0,1.06,12.06,1.06,12.5,1.04,10.18,20220920
47,Tokyo,Toray Pan Pacific Open Tennis Tournament,2022-09-20,WTA500,Outdoor,Hard,1st Round,3,Haddad Maia B.,Naito Y.,16.0,210.0,2255.0,309.0,6.0,4.0,6.0,2.0,,,2.0,0.0,Completed,1.11,6.5,1.11,8.06,1.13,8.06,1.1,6.9,20220920
47,Tokyo,Toray Pan Pacific Open Tennis Tournament,2022-09-20,WTA500,Outdoor,Hard,1st Round,3,Osaka N.,Saville D.,48.0,55.0,1067.0,981.0,1.0,0.0,,,,,0.0,0.0,Retired,1.44,2.75,1.41,3.14,1.45,3.26,1.38,2.98,20220920
47,Tokyo,Toray Pan Pacific Open Tennis Tournament,2022-09-21,WTA500,Outdoor,Hard,1st Round,3,Samsonova L.,Rybakina E.,30.0,22.0,1502.0,1855.0,6.0,2.0,6.0,4.0,,,2.0,0.0,Completed,1.61,2.3,1.73,2.21,1.74,2.33,1.65,2.21,20220921
47,Tokyo,Toray Pan Pacific Open Tennis Tournament,2022-09-21,WTA500,Outdoor,Hard,2nd Round,3,Muguruza G.,Papamichail D.,12.0,213.0,2776.0,305.0,6.0,4.0,6.0,2.0,,,2.0,0.0,Completed,1.07,9.0,1.07,10.95,1.1,10.95,1.07,8.35,20220921
47,Tokyo,Toray Pan Pacific Open Tennis Tournament,2022-09-21,WTA500,Outdoor,Hard,2nd Round,3,Zhang S.,Garcia C.,28.0,10.0,1530.0,2930.0,4.0,6.0,7.0,6.0,7.0,6.0,2.0,1.0,Completed,3.0,1.4,2.7,1.52,3.0,1.52,2.71,1.45,20220921
47,Tokyo,Toray Pan Pacific Open Tennis Tournament,2022-09-21,WTA500,Outdoor,Hard,2nd Round,3,Zheng Q.,Badosa P.,36.0,4.0,1348.0,3980.0,6.0,3.0,6.0,2.0,,,2.0,0.0,Completed,1.8,2.0,1.88,2.02,1.88,2.1,1.8,1.99,20220921
47,Tokyo,Toray Pan Pacific Open Tennis Tournament,2022-09-21,WTA500,Outdoor,Hard,2nd Round,3,Liu C.,Mertens E.,84.0,44.0,730.0,1146.0,6.0,4.0,6.0,1.0,,,2.0,0.0,Completed,2.75,1.44,2.93,1.45,2.95,1.48,2.75,1.43,20220921
47,Tokyo,Toray Pan Pacific Open Tennis Tournament,2022-09-22,WTA500,Outdoor,Hard,2nd Round,3,Martic P.,Pliskova Ka.,46.0,20.0,1109.0,2007.0,6.0,3.0,6.0,4.0,,,2.0,0.0,Completed,2.75,1.44,2.72,1.51,2.81,1.51,2.68,1.46,20220922
47,Tokyo,Toray Pan Pacific Open Tennis Tournament,2022-09-22,WTA500,Outdoor,Hard,2nd Round,3,Samsonova L.,Wang Xin.,30.0,78.0,1502.0,749.0,7.0,6.0,6.0,3.0,,,2.0,0.0,Completed,1.11,6.5,1.12,7.49,1.14,7.49,1.11,6.22,20220922
47,Tokyo,Toray Pan Pacific Open Tennis Tournament,2022-09-22,WTA500,Outdoor,Hard,2nd Round,3,Kudermetova V.,Contreras Gomez F.,13.0,182.0,2436.0,358.0,6.0,0.0,6.0,1.0,,,2.0,0.0,Completed,1.11,6.5,1.1,8.62,1.12,8.62,1.09,6.99,20220922
47,Tokyo,Toray Pan Pacific Open Tennis Tournament,2022-09-22,WTA500,Outdoor,Hard,2nd Round,3,Haddad Maia B.,Osaka N.,16.0,48.0,2255.0,1067.0,,,,,,,,,Walkover,2.0,1.8,2.03,1.87,2.15,1.87,1.99,1.8,20220922
47,Tokyo,Toray Pan Pacific Open Tennis Tournament,2022-09-23,WTA500,Outdoor,Hard,Quarterfinals,3,Zhang S.,Martic P.,28.0,46.0,1530.0,1109.0,7.0,5.0,6.0,2.0,,,2.0,0.0,Completed,1.72,2.1,1.73,2.24,1.77,2.33,1.7,2.13,20220923
47,Tokyo,Toray Pan Pacific Open Tennis Tournament,2022-09-23,WTA500,Outdoor,Hard,Quarterfinals,3,Kudermetova V.,Haddad Maia B.,13.0,16.0,2436.0,2255.0,6.0,7.0,7.0,6.0,6.0,1.0,2.0,1.0,Completed,1.61,2.3,1.68,2.34,1.68,2.38,1.61,2.29,20220923
47,Tokyo,Toray Pan Pacific Open Tennis Tournament,2022-09-23,WTA500,Outdoor,Hard,Quarterfinals,3,Samsonova L.,Muguruza G.,30.0,12.0,1502.0,2776.0,6.0,4.0,6.0,2.0,,,2.0,0.0,Completed,1.44,2.75,1.49,2.82,1.56,2.9,1.45,2.71,20220923
47,Tokyo,Toray Pan Pacific Open Tennis Tournament,2022-09-23,WTA500,Outdoor,Hard,Quarterfinals,3,Zheng Q.,Liu C.,36.0,84.0,1348.0,730.0,6.0,4.0,7.0,5.0,,,2.0,0.0,Completed,1.3,3.5,1.35,3.53,1.35,3.7,1.3,3.43,20220923
47,Tokyo,Toray Pan Pacific Open Tennis Tournament,2022-09-24,WTA500,Outdoor,Hard,Semifinals,3,Samsonova L.,Zhang S.,30.0,28.0,1502.0,1530.0,7.0,6.0,6.0,2.0,,,2.0,0.0,Completed,1.44,2.75,1.48,2.88,1.5,2.88,1.45,2.7,20220924
47,Tokyo,Toray Pan Pacific Open Tennis Tournament,2022-09-24,WTA500,Outdoor,Hard,Semifinals,3,Zheng Q.,Kudermetova V.,36.0,13.0,1348.0,2436.0,5.0,7.0,6.0,3.0,7.0,6.0,2.0,1.0,Completed,2.0,1.8,2.04,1.87,2.04,2.1,1.93,1.86,20220924
47,Tokyo,Toray Pan Pacific Open Tennis Tournament,2022-09-25,WTA500,Outdoor,Hard,The Final,3,Samsonova L.,Zheng Q.,30.0,36.0,1502.0,1348.0,7.0,5.0,7.0,5.0,,,2.0,0.0,Completed,1.57,2.37,1.55,2.63,1.59,2.63,1.54,2.44,20220925
48,Parma,Parma Ladies Open,2022-09-26,WTA250,Outdoor,Clay,1st Round,3,Stephens S.,Frech M.,50.0,121.0,1006.0,523.0,3.0,6.0,6.0,3.0,6.0,4.0,2.0,1.0,Completed,1.5,2.62,1.58,2.52,1.58,2.63,1.53,2.47,20220926
48,Parma,Parma Ladies Open,2022-09-26,WTA250,Outdoor,Clay,1st Round,3,Bogdan A.,Pigossi L.,53.0,108.0,982.0,606.0,6.0,1.0,6.0,2.0,,,2.0,0.0,Completed,1.08,8.0,1.1,8.79,1.1,8.8,1.08,7.56,20220926
48,Parma,Parma Ladies Open,2022-09-26,WTA250,Outdoor,Clay,1st Round,3,Schmiedlova A.,Jani R-L.,118.0,195.0,545.0,341.0,6.0,2.0,6.0,4.0,,,2.0,0.0,Completed,1.66,2.2,1.67,2.3,1.7,2.3,1.66,2.19,20220926
48,Parma,Parma Ladies Open,2022-09-26,WTA250,Outdoor,Clay,1st Round,3,Sakkari M.,Baindl K.,7.0,124.0,3176.0,499.0,6.0,7.0,6.0,2.0,6.0,3.0,2.0,1.0,Completed,1.22,4.33,1.27,4.07,1.28,4.33,1.24,3.93,20220926
48,Parma,Parma Ladies Open,2022-09-26,WTA250,Outdoor,Clay,1st Round,3,Davis L.,Errani S.,99.0,109.0,664.0,590.0,7.0,5.0,7.0,5.0,,,2.0,0.0,Completed,1.66,2.2,1.76,2.17,1.83,2.25,1.69,2.14,20220926
48,Parma,Parma Ladies Open,2022-09-27,WTA250,Outdoor,Clay,1st Round,3,Galfi D.,Andreeva E.,91.0,132.0,692.0,470.0,6.0,1.0,6.0,2.0,,,2.0,0.0,Completed,2.1,1.72,2.26,1.7,2.32,1.75,2.2,1.66,20220927
48,Parma,Parma Ladies Open,2022-09-27,WTA250,Outdoor,Clay,1st Round,3,Waltert S.,Zidansek T.,120.0,92.0,526.0,682.0,6.0,4.0,6.0,4.0,,,2.0,0.0,Completed,2.3,1.61,2.43,1.62,2.5,1.66,2.35,1.58,20220927
48,Parma,Parma Ladies Open,2022-09-27,WTA250,Outdoor,Clay,1st Round,3,Zanevska M.,Bronzetti L.,97.0,61.0,671.0,906.0,6.0,3.0,6.0,2.0,,,2.0,0.0,Completed,1.57,2.37,1.69,2.28,1.69,2.4,1.61,2.28,20220927
48,Parma,Parma Ladies Open,2022-09-27,WTA250,Outdoor,Clay,1st Round,3,Rus A.,Udvardy P.,114.0,83.0,562.0,733.0,7.0,5.0,6.0,3.0,,,2.0,0.0,Completed,1.8,2.0,1.78,2.14,1.82,2.2,1.77,2.03,20220927
48,Parma,Parma Ladies Open,2022-09-27,WTA250,Outdoor,Clay,1st Round,3,Cocciaretto E.,Parrizas Diaz N.,98.0,76.0,670.0,782.0,7.0,5.0,6.0,1.0,,,2.0,0.0,Completed,1.53,2.5,1.55,2.6,1.58,2.65,1.52,2.5,20220927
48,Parma,Parma Ladies Open,2022-09-27,WTA250,Outdoor,Clay,1st Round,3,Kovinic D.,Dodin O.,78.0,103.0,755.0,654.0,6.0,1.0,3.0,6.0,6.0,4.0,2.0,1.0,Completed,1.72,2.1,1.7,2.27,1.74,2.27,1.69,2.14,20220927
48,Parma,Parma Ladies Open,2022-09-27,WTA250,Outdoor,Clay,1st Round,3,Begu I.,Tomova V.,33.0,93.0,1424.0,679.0,7.0,5.0,5.0,1.0,,,1.0,0.0,Retired,1.25,4.0,1.26,4.19,1.27,4.3,1.24,3.94,20220927
48,Parma,Parma Ladies Open,2022-09-27,WTA250,Outdoor,Clay,1st Round,3,Paolini J.,Niemeier J.,79.0,72.0,755.0,818.0,5.0,7.0,6.0,4.0,6.0,2.0,2.0,1.0,Completed,2.5,1.53,2.45,1.61,2.56,1.61,2.45,1.54,20220927
48,Parma,Parma Ladies Open,2022-09-27,WTA250,Outdoor,Clay,1st Round,3,Sherif M.,Bondar A.,74.0,60.0,790.0,932.0,7.0,5.0,6.0,4.0,,,2.0,0.0,Completed,2.1,1.72,2.19,1.75,2.2,1.8,2.09,1.72,20220927
48,Parma,Parma Ladies Open,2022-09-27,WTA250,Outdoor,Clay,1st Round,3,Paoletti M.,Lee G.,366.0,150.0,149.0,415.0,6.0,4.0,3.0,6.0,6.0,0.0,2.0,1.0,Completed,1.8,2.0,1.81,2.11,1.87,2.11,1.8,1.99,20220927
48,Parma,Parma Ladies Open,2022-09-27,WTA250,Outdoor,Clay,1st Round,3,Sorribes Tormo S.,Trevisan M.,67.0,30.0,851.0,1521.0,7.0,5.0,6.0,0.0,,,2.0,0.0,Completed,1.57,2.37,1.68,2.31,1.68,2.4,1.61,2.29,20220927
48,Parma,Parma Ladies Open,2022-09-28,WTA250,Outdoor,Clay,2nd Round,3,Zanevska M.,Galfi D.,97.0,91.0,671.0,692.0,6.0,1.0,6.0,3.0,,,2.0,0.0,Completed,1.66,2.2,1.67,2.33,1.71,2.33,1.65,2.22,20220928
48,Parma,Parma Ladies Open,2022-09-28,WTA250,Outdoor,Clay,2nd Round,3,Sherif M.,Waltert S.,74.0,120.0,790.0,526.0,6.0,3.0,7.0,6.0,,,2.0,0.0,Completed,1.61,2.3,1.55,2.61,1.63,2.61,1.55,2.42,20220928
48,Parma,Parma Ladies Open,2022-09-28,WTA250,Outdoor,Clay,2nd Round,3,Kovinic D.,Stephens S.,78.0,50.0,755.0,1006.0,7.0,5.0,2.0,6.0,7.0,5.0,2.0,1.0,Completed,2.75,1.44,2.88,1.47,2.92,1.47,2.76,1.44,20220928
48,Parma,Parma Ladies Open,2022-09-28,WTA250,Outdoor,Clay,2nd Round,3,Bogdan A.,Schmiedlova A.,53.0,118.0,982.0,545.0,6.0,2.0,3.0,6.0,6.0,3.0,2.0,1.0,Completed,1.4,3.0,1.42,3.09,1.45,3.22,1.39,2.95,20220928
48,Parma,Parma Ladies Open,2022-09-28,WTA250,Outdoor,Clay,2nd Round,3,Davis L.,Sorribes Tormo S.,99.0,67.0,664.0,851.0,3.0,6.0,6.0,4.0,7.0,5.0,2.0,1.0,Completed,3.2,1.36,3.3,1.38,3.39,1.38,3.13,1.35,20220928
48,Parma,Parma Ladies Open,2022-09-28,WTA250,Outdoor,Clay,2nd Round,3,Sakkari M.,Rus A.,7.0,114.0,3176.0,562.0,3.0,6.0,6.0,2.0,6.0,3.0,2.0,1.0,Completed,1.22,4.33,1.23,4.68,1.29,4.8,1.22,4.16,20220928
48,Parma,Parma Ladies Open,2022-09-28,WTA250,Outdoor,Clay,2nd Round,3,Paolini J.,Cocciaretto E.,79.0,98.0,755.0,670.0,4.0,6.0,6.0,3.0,6.0,4.0,2.0,1.0,Completed,1.8,2.0,1.79,2.13,1.84,2.32,1.79,2.01,20220928
48,Parma,Parma Ladies Open,2022-09-28,WTA250,Outdoor,Clay,2nd Round,3,Begu I.,Paoletti M.,33.0,366.0,1424.0,149.0,6.0,4.0,6.0,4.0,,,2.0,0.0,Completed,1.1,7.0,1.14,6.57,1.14,7.65,1.11,6.52,20220928
48,Parma,Parma Ladies Open,2022-09-29,WTA250,Outdoor,Clay,Quarterfinals,3,Sherif M.,Davis L.,74.0,99.0,790.0,664.0,7.0,6.0,6.0,3.0,,,2.0,0.0,Completed,1.72,2.1,1.75,2.21,1.82,2.21,1.72,2.1,20220929
48,Parma,Parma Ladies Open,2022-09-29,WTA250,Outdoor,Clay,Quarterfinals,3,Kovinic D.,Paolini J.,78.0,79.0,755.0,755.0,6.0,4.0,6.0,4.0,,,2.0,0.0,Completed,2.62,1.5,2.6,1.56,2.8,1.56,2.55,1.51,20220929
48,Parma,Parma Ladies Open,2022-09-29,WTA250,Outdoor,Clay,Quarterfinals,3,Sakkari M.,Zanevska M.,7.0,97.0,3176.0,671.0,2.0,6.0,6.0,4.0,6.0,4.0,2.0,1.0,Completed,1.44,2.75,1.49,2.83,1.49,2.9,1.44,2.75,20220929
48,Parma,Parma Ladies Open,2022-09-29,WTA250,Outdoor,Clay,Quarterfinals,3,Bogdan A.,Begu I.,53.0,33.0,982.0,1424.0,6.0,2.0,7.0,6.0,,,2.0,0.0,Completed,2.1,1.72,2.07,1.85,2.15,1.85,2.06,1.75,20220929
48,Parma,Parma Ladies Open,2022-10-01,WTA250,Outdoor,Clay,Semifinals,3,Sakkari M.,Kovinic D.,7.0,78.0,3176.0,755.0,7.0,5.0,6.0,2.0,,,2.0,0.0,Completed,1.36,3.2,1.38,3.33,1.4,3.33,1.37,3.07,20221001
48,Parma,Parma Ladies Open,2022-10-01,WTA250,Outdoor,Clay,Semifinals,3,Sherif M.,Bogdan A.,74.0,53.0,790.0,982.0,6.0,4.0,3.0,6.0,6.0,4.0,2.0,1.0,Completed,2.75,1.44,2.88,1.48,2.93,1.48,2.81,1.43,20221001
48,Parma,Parma Ladies Open,2022-10-01,WTA250,Outdoor,Clay,The Final,3,Sherif M.,Sakkari M.,74.0,7.0,790.0,3176.0,7.0,5.0,6.0,3.0,,,2.0,0.0,Completed,3.5,1.3,4.28,1.26,4.28,1.3,3.87,1.25,20221001
49,Tallinn,Tallinn Open,2022-09-26,WTA250,Outdoor,Hard,1st Round,3,Muchova K.,Ponchet J.,224.0,174.0,287.0,374.0,6.0,0.0,6.0,2.0,,,2.0,0.0,Completed,1.25,4.0,1.3,3.8,1.32,4.03,1.27,3.66,20220926
49,Tallinn,Tallinn Open,2022-09-26,WTA250,Outdoor,Hard,1st Round,3,Boulter K.,Cristian J.,145.0,68.0,422.0,841.0,6.0,3.0,6.0,1.0,,,2.0,0.0,Completed,1.8,2.0,1.87,2.02,1.91,2.05,1.84,1.94,20220926
49,Tallinn,Tallinn Open,2022-09-26,WTA250,Outdoor,Hard,1st Round,3,Kostyuk M.,Pera B.,56.0,45.0,975.0,1140.0,6.0,4.0,4.0,6.0,6.0,3.0,2.0,1.0,Completed,1.66,2.2,1.62,2.42,1.68,2.42,1.63,2.24,20220926
49,Tallinn,Tallinn Open,2022-09-26,WTA250,Outdoor,Hard,1st Round,3,Noskova L.,Parry D.,105.0,65.0,623.0,871.0,2.0,6.0,6.0,3.0,6.0,4.0,2.0,1.0,Completed,1.53,2.5,1.54,2.62,1.59,2.65,1.53,2.44,20220926
49,Tallinn,Tallinn Open,2022-09-26,WTA250,Outdoor,Hard,1st Round,3,Krejcikova B.,Tomljanovic A.,27.0,34.0,1627.0,1400.0,6.0,1.0,7.0,6.0,,,2.0,0.0,Completed,2.37,1.57,2.45,1.6,2.53,1.62,2.36,1.57,20220926
49,Tallinn,Tallinn Open,2022-09-26,WTA250,Outdoor,Hard,1st Round,3,Bencic B.,Malygina E.,14.0,400.0,2295.0,130.0,6.0,0.0,6.0,2.0,,,2.0,0.0,Completed,1.03,15.0,1.04,16.57,1.04,16.57,1.03,11.75,20220926
49,Tallinn,Tallinn Open,2022-09-26,WTA250,Outdoor,Hard,1st Round,3,Golubic V.,Keys M.,89.0,18.0,699.0,2248.0,6.0,3.0,6.0,2.0,,,2.0,0.0,Completed,3.0,1.4,3.07,1.42,3.1,1.42,2.96,1.38,20220926
49,Tallinn,Tallinn Open,2022-09-27,WTA250,Outdoor,Hard,1st Round,3,Teichmann J.,Siegemund L.,36.0,179.0,1358.0,367.0,6.0,4.0,7.0,6.0,,,2.0,0.0,Completed,1.44,2.75,1.47,2.87,1.5,2.87,1.46,2.67,20220927
49,Tallinn,Tallinn Open,2022-09-27,WTA250,Outdoor,Hard,1st Round,3,Martincova T.,Bjorklund M.,75.0,134.0,785.0,464.0,7.0,6.0,6.0,3.0,,,2.0,0.0,Completed,1.4,3.0,1.44,3.14,1.45,3.14,1.41,2.87,20220927
49,Tallinn,Tallinn Open,2022-09-27,WTA250,Outdoor,Hard,1st Round,3,Bonaventure Y.,Rogers S.,138.0,35.0,446.0,1379.0,6.0,4.0,6.0,4.0,,,2.0,0.0,Completed,3.2,1.36,3.47,1.35,3.47,1.38,3.15,1.35,20220927
49,Tallinn,Tallinn Open,2022-09-27,WTA250,Outdoor,Hard,1st Round,3,Li A.,Liu C.,62.0,73.0,890.0,810.0,6.0,2.0,7.0,5.0,,,2.0,0.0,Completed,2.5,1.53,2.4,1.63,2.72,1.63,2.42,1.54,20220927
49,Tallinn,Tallinn Open,2022-09-27,WTA250,Outdoor,Hard,1st Round,3,Haddad Maia B.,Wang Xin.,15.0,87.0,2295.0,709.0,6.0,3.0,1.0,6.0,6.0,4.0,2.0,1.0,Completed,1.22,4.33,1.24,4.45,1.28,4.7,1.22,4.14,20220927
49,Tallinn,Tallinn Open,2022-09-27,WTA250,Outdoor,Hard,1st Round,3,Vekic D.,Nuudi M.,85.0,640.0,715.0,51.0,6.0,2.0,6.0,0.0,,,2.0,0.0,Completed,1.04,13.0,1.07,11.07,1.08,14.25,1.04,10.71,20220927
49,Tallinn,Tallinn Open,2022-09-27,WTA250,Outdoor,Hard,1st Round,3,Kontaveit A.,Wang Xiy.,4.0,58.0,3860.0,958.0,3.0,6.0,6.0,2.0,7.0,5.0,2.0,1.0,Completed,1.22,4.33,1.25,4.4,1.25,4.57,1.21,4.24,20220927
49,Tallinn,Tallinn Open,2022-09-28,WTA250,Outdoor,Hard,1st Round,3,Zhang S.,Kuzmova V.,26.0,151.0,1655.0,414.0,7.0,6.0,7.0,6.0,,,2.0,0.0,Completed,1.2,4.5,1.24,4.44,1.24,4.55,1.21,4.29,20220928
49,Tallinn,Tallinn Open,2022-09-28,WTA250,Outdoor,Hard,1st Round,3,Kanepi K.,Ostapenko J.,32.0,17.0,1433.0,2271.0,4.0,6.0,6.0,4.0,6.0,0.0,2.0,1.0,Completed,1.57,2.37,1.65,2.35,1.71,2.4,1.62,2.27,20220928
49,Tallinn,Tallinn Open,2022-09-28,WTA250,Outdoor,Hard,2nd Round,3,Bencic B.,Boulter K.,14.0,145.0,2295.0,422.0,6.0,4.0,6.0,7.0,6.0,3.0,2.0,1.0,Completed,1.25,4.0,1.25,4.35,1.28,4.57,1.24,3.97,20220928
49,Tallinn,Tallinn Open,2022-09-28,WTA250,Outdoor,Hard,2nd Round,3,Muchova K.,Golubic V.,224.0,89.0,287.0,699.0,4.0,6.0,6.0,0.0,6.0,2.0,2.0,1.0,Completed,1.72,2.1,1.68,2.3,1.75,2.3,1.66,2.19,20220928
49,Tallinn,Tallinn Open,2022-09-28,WTA250,Outdoor,Hard,2nd Round,3,Haddad Maia B.,Noskova L.,15.0,105.0,2295.0,623.0,6.0,1.0,7.0,5.0,,,2.0,0.0,Completed,1.5,2.62,1.57,2.56,1.57,2.77,1.52,2.51,20220928
49,Tallinn,Tallinn Open,2022-09-28,WTA250,Outdoor,Hard,2nd Round,3,Krejcikova B.,Kostyuk M.,27.0,56.0,1627.0,975.0,7.0,5.0,6.0,3.0,,,2.0,0.0,Completed,1.8,2.0,1.88,2.01,1.88,2.15,1.81,1.99,20220928
49,Tallinn,Tallinn Open,2022-09-29,WTA250,Outdoor,Hard,2nd Round,3,Bonaventure Y.,Teichmann J.,138.0,36.0,446.0,1358.0,7.0,6.0,6.0,3.0,,,2.0,0.0,Completed,2.2,1.66,2.26,1.7,2.35,1.76,2.17,1.67,20220929
49,Tallinn,Tallinn Open,2022-09-29,WTA250,Outdoor,Hard,2nd Round,3,Vekic D.,Zhang S.,85.0,26.0,715.0,1655.0,6.0,2.0,6.0,4.0,,,2.0,0.0,Completed,3.2,1.36,3.26,1.38,3.26,1.5,2.92,1.39,20220929
49,Tallinn,Tallinn Open,2022-09-29,WTA250,Outdoor,Hard,2nd Round,3,Kanepi K.,Li A.,32.0,62.0,1433.0,890.0,7.0,5.0,7.0,5.0,,,2.0,0.0,Completed,1.33,3.4,1.44,2.99,1.44,3.4,1.37,3.04,20220929
49,Tallinn,Tallinn Open,2022-09-29,WTA250,Outdoor,Hard,2nd Round,3,Kontaveit A.,Martincova T.,4.0,75.0,3860.0,785.0,6.0,2.0,6.0,1.0,,,2.0,0.0,Completed,1.28,3.75,1.28,4.08,1.33,4.08,1.28,3.59,20220929
49,Tallinn,Tallinn Open,2022-09-30,WTA250,Outdoor,Hard,Quarterfinals,3,Bencic B.,Vekic D.,14.0,85.0,2295.0,715.0,6.0,4.0,6.0,1.0,,,2.0,0.0,Completed,1.44,2.75,1.44,3.02,1.5,3.02,1.45,2.7,20220930
49,Tallinn,Tallinn Open,2022-09-30,WTA250,Outdoor,Hard,Quarterfinals,3,Krejcikova B.,Haddad Maia B.,27.0,15.0,1627.0,2295.0,6.0,3.0,6.0,4.0,,,2.0,0.0,Completed,2.1,1.72,2.22,1.75,2.22,1.8,2.08,1.73,20220930
49,Tallinn,Tallinn Open,2022-09-30,WTA250,Outdoor,Hard,Quarterfinals,3,Kontaveit A.,Bonaventure Y.,4.0,138.0,3860.0,446.0,6.0,3.0,3.0,6.0,6.0,3.0,2.0,1.0,Completed,1.16,5.0,1.21,5.07,1.21,5.5,1.17,5.02,20220930
49,Tallinn,Tallinn Open,2022-09-30,WTA250,Outdoor,Hard,Quarterfinals,3,Kanepi K.,Muchova K.,32.0,224.0,1433.0,287.0,6.0,2.0,3.0,6.0,7.0,6.0,2.0,1.0,Completed,2.0,1.8,2.11,1.82,2.11,1.87,2.0,1.8,20220930
49,Tallinn,Tallinn Open,2022-10-01,WTA250,Outdoor,Hard,Semifinals,3,Krejcikova B.,Bencic B.,27.0,14.0,1627.0,2295.0,6.0,7.0,7.0,6.0,6.0,2.0,2.0,1.0,Completed,2.2,1.66,2.32,1.66,2.32,1.75,2.22,1.66,20221001
49,Tallinn,Tallinn Open,2022-10-01,WTA250,Outdoor,Hard,Semifinals,3,Kontaveit A.,Kanepi K.,4.0,32.0,3860.0,1433.0,6.0,4.0,6.0,4.0,,,2.0,0.0,Completed,1.5,2.62,1.57,2.58,1.57,2.75,1.5,2.59,20221001
49,Tallinn,Tallinn Open,2022-10-02,WTA250,Outdoor,Hard,The Final,3,Krejcikova B.,Kontaveit A.,27.0,4.0,1627.0,3860.0,6.0,2.0,6.0,3.0,,,2.0,0.0,Completed,2.5,1.53,2.4,1.65,2.61,1.65,2.41,1.56,20221002
50,Monastir,Jasmin Open,2022-10-03,WTA250,Outdoor,Hard,1st Round,3,Papamichail D.,Zhu L.,175.0,64.0,374.0,884.0,1.0,6.0,7.0,6.0,6.0,0.0,2.0,1.0,Completed,5.0,1.16,4.76,1.22,5.05,1.24,4.47,1.2,20221003
50,Monastir,Jasmin Open,2022-10-03,WTA250,Outdoor,Hard,1st Round,3,Siniakova K.,Paquet C.,53.0,112.0,1007.0,567.0,6.0,4.0,4.0,0.0,,,1.0,0.0,Retired,1.14,5.5,1.15,6.4,1.16,6.5,1.13,5.62,20221003
50,Monastir,Jasmin Open,2022-10-03,WTA250,Outdoor,Hard,1st Round,3,Stefanini L.,Linette M.,152.0,55.0,402.0,980.0,2.0,6.0,6.0,4.0,6.0,4.0,2.0,1.0,Completed,5.0,1.16,4.86,1.21,5.2,1.21,4.74,1.18,20221003
50,Monastir,Jasmin Open,2022-10-03,WTA250,Outdoor,Hard,1st Round,3,Liu C.,Konjuh A.,73.0,157.0,810.0,395.0,6.0,3.0,6.0,2.0,,,2.0,0.0,Completed,1.66,2.2,1.7,2.27,1.73,2.27,1.67,2.17,20221003
50,Monastir,Jasmin Open,2022-10-03,WTA250,Outdoor,Hard,1st Round,3,Mertens E.,Cristian J.,42.0,82.0,1146.0,732.0,6.0,1.0,6.0,1.0,,,2.0,0.0,Completed,1.36,3.2,1.36,3.37,1.38,3.37,1.35,3.15,20221003
50,Monastir,Jasmin Open,2022-10-03,WTA250,Outdoor,Hard,1st Round,3,Cornet A.,Pigossi L.,37.0,106.0,1321.0,598.0,7.0,6.0,6.0,0.0,,,2.0,0.0,Completed,1.12,6.0,1.09,8.94,1.13,9.0,1.09,7.01,20221003
50,Monastir,Jasmin Open,2022-10-04,WTA250,Outdoor,Hard,1st Round,3,Rodina E.,Ruse E.G.,556.0,104.0,70.0,619.0,6.0,1.0,6.0,3.0,,,2.0,0.0,Completed,2.75,1.44,2.88,1.47,3.1,1.47,2.83,1.42,20221004
50,Monastir,Jasmin Open,2022-10-04,WTA250,Outdoor,Hard,1st Round,3,Dart H.,Parrizas Diaz N.,96.0,74.0,671.0,782.0,6.0,2.0,6.0,4.0,,,2.0,0.0,Completed,2.1,1.72,2.15,1.78,2.15,1.82,2.07,1.74,20221004
50,Monastir,Jasmin Open,2022-10-04,WTA250,Outdoor,Hard,1st Round,3,Potapova A.,Andreeva M.,51.0,429.0,1031.0,111.0,6.0,3.0,6.0,7.0,6.0,3.0,2.0,1.0,Completed,1.28,3.75,1.26,4.25,1.29,4.15,1.25,3.89,20221004
50,Monastir,Jasmin Open,2022-10-04,WTA250,Outdoor,Hard,1st Round,3,Parry D.,Tan H.,65.0,119.0,871.0,535.0,6.0,4.0,2.0,6.0,6.0,1.0,2.0,1.0,Completed,,,1.44,2.94,1.5,2.94,1.47,2.64,20221004
50,Monastir,Jasmin Open,2022-10-04,WTA250,Outdoor,Hard,1st Round,3,Uchijima M.,Rakhimova K.,124.0,123.0,499.0,504.0,6.0,3.0,6.0,3.0,,,2.0,0.0,Completed,2.37,1.57,2.38,1.65,2.51,1.65,2.34,1.58,20221004
50,Monastir,Jasmin Open,2022-10-04,WTA250,Outdoor,Hard,1st Round,3,Martic P.,Fruhvirtova L.,41.0,77.0,1208.0,761.0,6.0,2.0,7.0,5.0,,,2.0,0.0,Completed,1.53,2.5,1.51,2.72,1.61,2.72,1.53,2.48,20221004
50,Monastir,Jasmin Open,2022-10-04,WTA250,Outdoor,Hard,1st Round,3,Zidansek T.,Bassols M.,101.0,172.0,653.0,376.0,5.0,7.0,6.0,3.0,7.0,5.0,2.0,1.0,Completed,1.5,2.62,1.56,2.59,1.56,2.7,1.52,2.5,20221004
50,Monastir,Jasmin Open,2022-10-04,WTA250,Outdoor,Hard,1st Round,3,Frech M.,Mansouri Y.,120.0,574.0,523.0,67.0,6.0,3.0,6.0,2.0,,,2.0,0.0,Completed,1.04,13.0,1.05,15.3,1.05,15.3,1.03,11.84,20221004
50,Monastir,Jasmin Open,2022-10-04,WTA250,Outdoor,Hard,1st Round,3,Jabeur O.,Li A.,2.0,63.0,4885.0,890.0,6.0,2.0,6.0,3.0,,,2.0,0.0,Completed,1.14,5.5,1.14,6.61,1.17,6.61,1.13,5.63,20221004
50,Monastir,Jasmin Open,2022-10-04,WTA250,Outdoor,Hard,1st Round,3,Kudermetova V.,Gracheva V.,12.0,103.0,2561.0,649.0,6.0,1.0,6.0,0.0,,,2.0,0.0,Completed,1.1,7.0,1.1,8.81,1.14,8.81,1.09,7.22,20221004
50,Monastir,Jasmin Open,2022-10-05,WTA250,Outdoor,Hard,2nd Round,3,Liu C.,Siniakova K.,73.0,53.0,810.0,1007.0,7.0,5.0,6.0,2.0,,,2.0,0.0,Completed,2.37,1.57,2.41,1.63,2.45,1.65,2.37,1.57,20221005
50,Monastir,Jasmin Open,2022-10-05,WTA250,Outdoor,Hard,2nd Round,3,Parry D.,Stefanini L.,65.0,152.0,871.0,402.0,6.0,3.0,1.0,0.0,,,1.0,0.0,Retired,1.61,2.3,1.56,2.56,1.63,2.56,1.57,2.38,20221005
50,Monastir,Jasmin Open,2022-10-05,WTA250,Outdoor,Hard,2nd Round,3,Cornet A.,Dart H.,37.0,96.0,1321.0,671.0,6.0,3.0,6.0,4.0,,,2.0,0.0,Completed,1.33,3.4,1.37,3.38,1.43,3.4,1.34,3.22,20221005
50,Monastir,Jasmin Open,2022-10-05,WTA250,Outdoor,Hard,2nd Round,3,Mertens E.,Papamichail D.,42.0,175.0,1146.0,374.0,5.0,7.0,6.0,1.0,6.0,2.0,2.0,1.0,Completed,1.11,6.5,1.11,7.95,1.14,7.95,1.1,6.9,20221005
50,Monastir,Jasmin Open,2022-10-06,WTA250,Outdoor,Hard,2nd Round,3,Zidansek T.,Potapova A.,101.0,51.0,653.0,1031.0,6.0,3.0,3.0,6.0,6.0,2.0,2.0,1.0,Completed,3.5,1.3,3.57,1.33,3.7,1.34,3.4,1.31,20221006
50,Monastir,Jasmin Open,2022-10-06,WTA250,Outdoor,Hard,2nd Round,3,Kudermetova V.,Frech M.,12.0,120.0,2561.0,523.0,6.0,3.0,6.0,4.0,,,2.0,0.0,Completed,1.14,5.5,1.17,5.74,1.19,6.0,1.15,5.26,20221006
50,Monastir,Jasmin Open,2022-10-06,WTA250,Outdoor,Hard,2nd Round,3,Uchijima M.,Martic P.,124.0,41.0,499.0,1208.0,7.0,5.0,7.0,6.0,,,2.0,0.0,Completed,5.0,1.16,5.2,1.2,5.54,1.2,5.0,1.17,20221006
50,Monastir,Jasmin Open,2022-10-06,WTA250,Outdoor,Hard,2nd Round,3,Jabeur O.,Rodina E.,2.0,556.0,4885.0,70.0,6.0,1.0,6.0,3.0,,,2.0,0.0,Completed,1.07,9.0,1.09,9.28,1.09,9.5,1.07,8.2,20221006
50,Monastir,Jasmin Open,2022-10-07,WTA250,Outdoor,Hard,Quarterfinals,3,Cornet A.,Zidansek T.,37.0,101.0,1321.0,653.0,7.0,5.0,7.0,6.0,,,2.0,0.0,Completed,1.4,3.0,1.45,3.0,1.45,3.15,1.4,2.9,20221007
50,Monastir,Jasmin Open,2022-10-07,WTA250,Outdoor,Hard,Quarterfinals,3,Kudermetova V.,Parry D.,12.0,65.0,2561.0,871.0,6.0,4.0,6.0,1.0,,,2.0,0.0,Completed,1.22,4.33,1.23,4.71,1.27,4.71,1.22,4.28,20221007
50,Monastir,Jasmin Open,2022-10-07,WTA250,Outdoor,Hard,Quarterfinals,3,Liu C.,Jabeur O.,73.0,2.0,810.0,4885.0,6.0,3.0,4.0,6.0,6.0,4.0,2.0,1.0,Completed,5.0,1.16,4.9,1.22,5.45,1.22,4.64,1.19,20221007
50,Monastir,Jasmin Open,2022-10-07,WTA250,Outdoor,Hard,Quarterfinals,3,Mertens E.,Uchijima M.,42.0,124.0,1146.0,499.0,6.0,0.0,3.0,6.0,6.0,4.0,2.0,1.0,Completed,1.2,4.5,1.24,4.66,1.25,4.7,1.21,4.35,20221007
50,Monastir,Jasmin Open,2022-10-08,WTA250,Outdoor,Hard,Semifinals,3,Cornet A.,Kudermetova V.,37.0,12.0,1321.0,2561.0,6.0,4.0,6.0,3.0,,,2.0,0.0,Completed,3.2,1.36,3.45,1.36,3.45,1.49,3.06,1.37,20221008
50,Monastir,Jasmin Open,2022-10-08,WTA250,Outdoor,Hard,Semifinals,3,Mertens E.,Liu C.,42.0,73.0,1146.0,810.0,6.0,4.0,6.0,0.0,,,2.0,0.0,Completed,1.9,1.9,1.96,1.94,1.96,2.0,1.88,1.91,20221008
50,Monastir,Jasmin Open,2022-10-09,WTA250,Outdoor,Hard,The Final,3,Mertens E.,Cornet A.,42.0,37.0,1146.0,1321.0,6.0,2.0,6.0,0.0,,,2.0,0.0,Completed,1.8,2.0,1.82,2.11,1.87,2.11,1.8,2.0,20221009
51,Ostrava,Ostrava Open,2022-10-03,WTA500,Indoor,Hard,1st Round,3,Tomljanovic A.,Zhang S.,34.0,27.0,1400.0,1655.0,6.0,3.0,6.0,3.0,,,2.0,0.0,Completed,1.72,2.1,1.85,2.05,1.93,2.15,1.77,2.04,20221003
51,Ostrava,Ostrava Open,2022-10-03,WTA500,Indoor,Hard,1st Round,3,Alexandrova E.,Azarenka V.,21.0,24.0,1975.0,1896.0,6.0,4.0,4.0,6.0,6.0,2.0,2.0,1.0,Completed,1.72,2.1,1.86,2.03,1.86,2.12,1.76,2.03,20221003
51,Ostrava,Ostrava Open,2022-10-03,WTA500,Indoor,Hard,1st Round,3,Rybakina E.,Keys M.,26.0,17.0,1655.0,2248.0,5.0,7.0,6.0,3.0,6.0,3.0,2.0,1.0,Completed,1.66,2.2,1.72,2.22,1.77,2.23,1.69,2.15,20221003
51,Ostrava,Ostrava Open,2022-10-03,WTA500,Indoor,Hard,1st Round,3,Kvitova P.,Pera B.,20.0,43.0,2003.0,1140.0,6.0,3.0,2.0,6.0,6.0,4.0,2.0,1.0,Completed,1.44,2.75,1.46,2.92,1.5,2.95,1.45,2.71,20221003
51,Ostrava,Ostrava Open,2022-10-03,WTA500,Indoor,Hard,1st Round,3,Martincova T.,Teichmann J.,78.0,36.0,760.0,1333.0,7.0,6.0,7.0,6.0,,,2.0,0.0,Completed,1.8,2.0,1.95,1.93,1.95,2.03,1.86,1.92,20221003
51,Ostrava,Ostrava Open,2022-10-04,WTA500,Indoor,Hard,1st Round,3,Mcnally C.,Blinkova A.,151.0,137.0,402.0,440.0,6.0,1.0,6.0,2.0,,,2.0,0.0,Completed,1.72,2.1,1.72,2.23,1.85,2.23,1.71,2.12,20221004
51,Ostrava,Ostrava Open,2022-10-04,WTA500,Indoor,Hard,1st Round,3,Sasnovich A.,Ostapenko J.,31.0,16.0,1521.0,2271.0,6.0,2.0,6.0,2.0,,,2.0,0.0,Completed,2.3,1.61,2.31,1.68,2.65,1.68,2.3,1.61,20221004
51,Ostrava,Ostrava Open,2022-10-04,WTA500,Indoor,Hard,1st Round,3,Kasatkina D.,Raducanu E.,11.0,67.0,2895.0,852.0,7.0,5.0,6.0,4.0,,,2.0,0.0,Completed,1.61,2.3,1.65,2.37,1.67,2.4,1.61,2.29,20221004
51,Ostrava,Ostrava Open,2022-10-04,WTA500,Indoor,Hard,1st Round,3,Parks A.,Pliskova Ka.,144.0,19.0,420.0,2061.0,6.0,0.0,7.0,6.0,,,2.0,0.0,Completed,7.0,1.1,8.5,1.1,8.5,1.11,7.03,1.09,20221004
51,Ostrava,Ostrava Open,2022-10-04,WTA500,Indoor,Hard,1st Round,3,Bencic B.,Bouchard E.,14.0,506.0,2305.0,82.0,6.0,7.0,6.0,1.0,6.0,4.0,2.0,1.0,Completed,1.16,5.0,1.22,4.71,1.23,5.0,1.2,4.48,20221004
51,Ostrava,Ostrava Open,2022-10-05,WTA500,Indoor,Hard,1st Round,3,Krejcikova B.,Rogers S.,23.0,35.0,1906.0,1334.0,6.0,2.0,6.0,2.0,,,2.0,0.0,Completed,1.4,3.0,1.39,3.23,1.51,3.3,1.4,2.91,20221005
51,Ostrava,Ostrava Open,2022-10-05,WTA500,Indoor,Hard,1st Round,3,Muchova K.,Haddad Maia B.,189.0,15.0,347.0,2295.0,6.0,4.0,6.0,4.0,,,2.0,0.0,Completed,1.8,2.0,1.8,2.11,1.83,2.26,1.78,2.02,20221005
51,Ostrava,Ostrava Open,2022-10-05,WTA500,Indoor,Hard,2nd Round,3,Swiatek I.,Tomljanovic A.,1.0,34.0,10180.0,1400.0,7.0,5.0,2.0,2.0,,,1.0,0.0,Retired,1.16,5.0,1.21,4.89,1.22,5.0,1.2,4.47,20221005
51,Ostrava,Ostrava Open,2022-10-05,WTA500,Indoor,Hard,2nd Round,3,Kvitova P.,Badosa P.,20.0,4.0,2003.0,3934.0,7.0,6.0,6.0,4.0,,,2.0,0.0,Completed,1.57,2.37,1.7,2.27,1.7,2.4,1.62,2.28,20221005
51,Ostrava,Ostrava Open,2022-10-05,WTA500,Indoor,Hard,2nd Round,3,Rybakina E.,Sasnovich A.,26.0,31.0,1655.0,1521.0,6.0,7.0,6.0,4.0,7.0,5.0,2.0,1.0,Completed,1.53,2.5,1.55,2.6,1.55,2.75,1.5,2.55,20221005
51,Ostrava,Ostrava Open,2022-10-06,WTA500,Indoor,Hard,2nd Round,3,Parks A.,Sakkari M.,144.0,7.0,420.0,3355.0,5.0,7.0,7.0,5.0,7.0,5.0,2.0,1.0,Completed,3.5,1.3,3.79,1.31,4.0,1.32,3.66,1.27,20221006
51,Ostrava,Ostrava Open,2022-10-06,WTA500,Indoor,Hard,2nd Round,3,Mcnally C.,Muchova K.,151.0,189.0,402.0,347.0,6.0,1.0,3.0,6.0,6.0,1.0,2.0,1.0,Completed,3.5,1.3,3.75,1.31,3.75,1.37,3.43,1.3,20221006
51,Ostrava,Ostrava Open,2022-10-06,WTA500,Indoor,Hard,2nd Round,3,Krejcikova B.,Bencic B.,23.0,14.0,1906.0,2305.0,,,,,,,,,Walkover,1.66,2.2,1.74,2.21,1.78,2.21,1.7,2.12,20221006
51,Ostrava,Ostrava Open,2022-10-06,WTA500,Indoor,Hard,2nd Round,3,Martincova T.,Kontaveit A.,78.0,3.0,760.0,4010.0,7.0,6.0,1.0,0.0,,,1.0,0.0,Retired,4.0,1.25,3.85,1.3,4.01,1.32,3.71,1.27,20221006
51,Ostrava,Ostrava Open,2022-10-06,WTA500,Indoor,Hard,2nd Round,3,Alexandrova E.,Kasatkina D.,21.0,11.0,1975.0,2895.0,6.0,1.0,7.0,6.0,,,2.0,0.0,Completed,2.1,1.72,2.13,1.79,2.34,1.84,2.06,1.75,20221006
51,Ostrava,Ostrava Open,2022-10-07,WTA500,Indoor,Hard,Quarterfinals,3,Krejcikova B.,Parks A.,23.0,144.0,1906.0,420.0,7.0,6.0,6.0,3.0,,,2.0,0.0,Completed,1.16,5.0,1.18,5.55,1.21,5.55,1.16,5.06,20221007
51,Ostrava,Ostrava Open,2022-10-07,WTA500,Indoor,Hard,Quarterfinals,3,Swiatek I.,Mcnally C.,1.0,151.0,10180.0,402.0,6.0,4.0,6.0,4.0,,,2.0,0.0,Completed,1.14,5.5,1.16,6.57,1.18,6.57,1.14,5.61,20221007
51,Ostrava,Ostrava Open,2022-10-07,WTA500,Indoor,Hard,Quarterfinals,3,Rybakina E.,Kvitova P.,26.0,20.0,1655.0,2003.0,7.0,6.0,6.0,4.0,,,2.0,0.0,Completed,1.9,1.9,1.83,2.1,1.94,2.1,1.85,1.94,20221007
51,Ostrava,Ostrava Open,2022-10-07,WTA500,Indoor,Hard,Quarterfinals,3,Alexandrova E.,Martincova T.,21.0,78.0,1975.0,760.0,6.0,1.0,4.0,6.0,6.0,1.0,2.0,1.0,Completed,1.36,3.2,1.38,3.31,1.4,3.45,1.35,3.16,20221007
51,Ostrava,Ostrava Open,2022-10-08,WTA500,Indoor,Hard,Semifinals,3,Krejcikova B.,Rybakina E.,23.0,26.0,1906.0,1655.0,3.0,6.0,7.0,6.0,6.0,4.0,2.0,1.0,Completed,1.9,1.9,1.94,1.96,1.97,2.01,1.91,1.88,20221008
51,Ostrava,Ostrava Open,2022-10-08,WTA500,Indoor,Hard,Semifinals,3,Swiatek I.,Alexandrova E.,1.0,21.0,10180.0,1975.0,7.0,6.0,2.0,6.0,6.0,4.0,2.0,1.0,Completed,1.36,3.2,1.41,3.19,1.45,3.2,1.38,3.03,20221008
51,Ostrava,Ostrava Open,2022-10-09,WTA500,Indoor,Hard,The Final,3,Krejcikova B.,Swiatek I.,23.0,1.0,1906.0,10180.0,5.0,7.0,7.0,6.0,6.0,3.0,2.0,1.0,Completed,2.75,1.44,2.82,1.5,2.89,1.52,2.71,1.46,20221009
52,Cluj-Napoca,Transylvania Open,2022-10-10,WTA250,Indoor,Hard,1st Round,3,Bonaventure Y.,Gracheva V.,126.0,103.0,515.0,649.0,7.0,5.0,7.0,5.0,,,2.0,0.0,Completed,1.4,3.0,1.43,3.04,1.48,3.04,1.4,2.9,20221010
52,Cluj-Napoca,Transylvania Open,2022-10-10,WTA250,Indoor,Hard,1st Round,3,Blinkova A.,Zakharova A.,138.0,183.0,452.0,363.0,6.0,1.0,7.0,6.0,,,2.0,0.0,Completed,1.5,2.62,1.56,2.58,1.56,2.68,1.52,2.51,20221010
52,Cluj-Napoca,Transylvania Open,2022-10-10,WTA250,Indoor,Hard,1st Round,3,Yastremska D.,Korpatsch T.,94.0,98.0,678.0,673.0,6.0,3.0,4.0,6.0,7.0,5.0,2.0,1.0,Completed,1.72,2.1,1.9,1.99,2.08,2.19,1.79,2.0,20221010
52,Cluj-Napoca,Transylvania Open,2022-10-10,WTA250,Indoor,Hard,1st Round,3,Bondar A.,Avanesyan E.,62.0,129.0,909.0,481.0,6.0,4.0,6.0,2.0,,,2.0,0.0,Completed,1.53,2.5,1.61,2.45,1.61,2.53,1.55,2.42,20221010
52,Cluj-Napoca,Transylvania Open,2022-10-10,WTA250,Indoor,Hard,1st Round,3,Niemeier J.,Bogdan A.,74.0,46.0,823.0,1077.0,7.0,6.0,6.0,2.0,,,2.0,0.0,Completed,2.3,1.61,2.31,1.68,2.32,1.71,2.23,1.64,20221010
52,Cluj-Napoca,Transylvania Open,2022-10-10,WTA250,Indoor,Hard,1st Round,3,Paolini J.,Kostyuk M.,78.0,56.0,772.0,975.0,5.0,7.0,6.0,3.0,6.0,4.0,2.0,1.0,Completed,2.75,1.44,2.82,1.48,2.85,1.48,2.71,1.45,20221010
52,Cluj-Napoca,Transylvania Open,2022-10-11,WTA250,Indoor,Hard,1st Round,3,Potapova A.,Li A.,48.0,65.0,1046.0,890.0,6.0,2.0,7.0,6.0,,,2.0,0.0,Completed,1.57,2.37,1.66,2.34,1.7,2.5,1.61,2.3,20221011
52,Cluj-Napoca,Transylvania Open,2022-10-11,WTA250,Indoor,Hard,1st Round,3,Rakhimova K.,Danilovic O.,127.0,159.0,504.0,401.0,6.0,2.0,6.0,4.0,,,2.0,0.0,Completed,1.66,2.2,1.73,2.21,1.82,2.29,1.68,2.16,20221011
52,Cluj-Napoca,Transylvania Open,2022-10-11,WTA250,Indoor,Hard,1st Round,3,Parrizas Diaz N.,Bara I.,75.0,150.0,782.0,417.0,6.0,1.0,7.0,5.0,,,2.0,0.0,Completed,1.3,3.5,1.32,3.68,1.32,3.75,1.29,3.49,20221011
52,Cluj-Napoca,Transylvania Open,2022-10-11,WTA250,Indoor,Hard,1st Round,3,Dart H.,Dodin O.,90.0,101.0,699.0,654.0,6.0,2.0,6.0,0.0,,,2.0,0.0,Completed,1.57,2.37,1.69,2.28,1.72,2.38,1.63,2.25,20221011
52,Cluj-Napoca,Transylvania Open,2022-10-11,WTA250,Indoor,Hard,1st Round,3,Golubic V.,Parry D.,81.0,61.0,734.0,918.0,7.0,5.0,7.0,6.0,,,2.0,0.0,Completed,1.53,2.5,1.65,2.37,1.65,2.63,1.54,2.43,20221011
52,Cluj-Napoca,Transylvania Open,2022-10-11,WTA250,Indoor,Hard,1st Round,3,Wang Xiy.,Cristian J.,59.0,83.0,958.0,732.0,6.0,3.0,6.0,3.0,,,2.0,0.0,Completed,1.61,2.3,1.63,2.4,1.66,2.47,1.58,2.34,20221011
52,Cluj-Napoca,Transylvania Open,2022-10-11,WTA250,Indoor,Hard,1st Round,3,Kalinina A.,Bouchard E.,45.0,443.0,1091.0,107.0,6.0,3.0,,,,,1.0,0.0,Retired,2.1,1.72,2.22,1.72,2.3,1.75,2.18,1.67,20221011
52,Cluj-Napoca,Transylvania Open,2022-10-11,WTA250,Indoor,Hard,1st Round,3,Ruse E.G.,Tan H.,104.0,122.0,619.0,535.0,6.0,7.0,6.0,2.0,6.0,3.0,2.0,1.0,Completed,1.8,2.0,1.77,2.16,1.83,2.2,1.75,2.06,20221011
52,Cluj-Napoca,Transylvania Open,2022-10-12,WTA250,Indoor,Hard,1st Round,3,Wang Xin.,Linette M.,80.0,55.0,745.0,980.0,6.0,2.0,6.0,4.0,,,2.0,0.0,Completed,2.62,1.5,2.57,1.56,2.63,1.59,2.49,1.53,20221012
52,Cluj-Napoca,Transylvania Open,2022-10-12,WTA250,Indoor,Hard,1st Round,3,Galfi D.,Bronzetti L.,89.0,63.0,710.0,906.0,4.0,6.0,6.0,2.0,6.0,4.0,2.0,1.0,Completed,1.72,2.1,1.7,2.27,1.76,2.27,1.7,2.14,20221012
52,Cluj-Napoca,Transylvania Open,2022-10-12,WTA250,Indoor,Hard,2nd Round,3,Bondar A.,Dart H.,62.0,90.0,909.0,699.0,7.0,6.0,6.0,4.0,,,2.0,0.0,Completed,1.8,2.0,2.06,1.85,2.1,2.0,1.95,1.84,20221012
52,Cluj-Napoca,Transylvania Open,2022-10-12,WTA250,Indoor,Hard,2nd Round,3,Paolini J.,Yastremska D.,78.0,94.0,772.0,678.0,6.0,4.0,6.0,1.0,,,2.0,0.0,Completed,1.66,2.2,1.62,2.43,1.73,2.43,1.64,2.24,20221012
52,Cluj-Napoca,Transylvania Open,2022-10-12,WTA250,Indoor,Hard,2nd Round,3,Niemeier J.,Rakhimova K.,74.0,127.0,823.0,504.0,6.0,4.0,6.0,4.0,,,2.0,0.0,Completed,1.44,2.75,1.42,3.06,1.46,3.06,1.42,2.84,20221012
52,Cluj-Napoca,Transylvania Open,2022-10-13,WTA250,Indoor,Hard,2nd Round,3,Potapova A.,Golubic V.,48.0,81.0,1046.0,734.0,6.0,2.0,6.0,3.0,,,2.0,0.0,Completed,1.9,1.9,1.92,1.97,1.95,2.15,1.82,1.98,20221013
52,Cluj-Napoca,Transylvania Open,2022-10-13,WTA250,Indoor,Hard,2nd Round,3,Parrizas Diaz N.,Galfi D.,75.0,89.0,782.0,710.0,6.0,1.0,6.0,4.0,,,2.0,0.0,Completed,2.2,1.66,2.23,1.72,2.25,1.89,2.1,1.72,20221013
52,Cluj-Napoca,Transylvania Open,2022-10-13,WTA250,Indoor,Hard,2nd Round,3,Kalinina A.,Bonaventure Y.,45.0,126.0,1091.0,515.0,6.0,3.0,6.0,2.0,,,2.0,0.0,Completed,1.9,1.9,1.93,1.96,2.12,1.96,1.96,1.83,20221013
52,Cluj-Napoca,Transylvania Open,2022-10-13,WTA250,Indoor,Hard,2nd Round,3,Wang Xiy.,Ruse E.G.,59.0,104.0,958.0,619.0,6.0,1.0,6.0,7.0,7.0,6.0,2.0,1.0,Completed,1.57,2.37,1.56,2.59,1.6,2.75,1.53,2.47,20221013
52,Cluj-Napoca,Transylvania Open,2022-10-13,WTA250,Indoor,Hard,2nd Round,3,Blinkova A.,Wang Xin.,138.0,80.0,452.0,745.0,6.0,4.0,2.0,6.0,6.0,1.0,2.0,1.0,Completed,2.2,1.66,2.3,1.68,2.3,1.76,2.2,1.65,20221013
52,Cluj-Napoca,Transylvania Open,2022-10-14,WTA250,Indoor,Hard,Quarterfinals,3,Potapova A.,Bondar A.,48.0,62.0,1046.0,909.0,7.0,5.0,3.0,6.0,6.0,1.0,2.0,1.0,Completed,1.4,3.0,1.42,3.11,1.44,3.2,1.39,2.95,20221014
52,Cluj-Napoca,Transylvania Open,2022-10-14,WTA250,Indoor,Hard,Quarterfinals,3,Paolini J.,Niemeier J.,78.0,74.0,772.0,823.0,7.0,5.0,7.0,5.0,,,2.0,0.0,Completed,2.37,1.57,2.53,1.59,2.53,1.63,2.41,1.56,20221014
52,Cluj-Napoca,Transylvania Open,2022-10-14,WTA250,Indoor,Hard,Quarterfinals,3,Blinkova A.,Kalinina A.,138.0,45.0,452.0,1091.0,6.0,7.0,6.0,1.0,6.0,3.0,2.0,1.0,Completed,2.2,1.66,2.19,1.76,2.25,1.79,2.16,1.69,20221014
52,Cluj-Napoca,Transylvania Open,2022-10-14,WTA250,Indoor,Hard,Quarterfinals,3,Wang Xiy.,Parrizas Diaz N.,59.0,75.0,958.0,782.0,6.0,1.0,7.0,6.0,,,2.0,0.0,Completed,1.9,1.9,1.94,1.96,2.15,2.0,1.93,1.86,20221014
52,Cluj-Napoca,Transylvania Open,2022-10-15,WTA250,Indoor,Hard,Semifinals,3,Blinkova A.,Potapova A.,138.0,48.0,452.0,1046.0,5.0,7.0,6.0,4.0,6.0,4.0,2.0,1.0,Completed,2.75,1.44,2.8,1.5,2.85,1.56,2.67,1.46,20221015
52,Cluj-Napoca,Transylvania Open,2022-10-15,WTA250,Indoor,Hard,Semifinals,3,Paolini J.,Wang Xiy.,78.0,59.0,772.0,958.0,7.0,5.0,4.0,6.0,6.0,3.0,2.0,1.0,Completed,1.66,2.2,1.67,2.35,1.8,2.35,1.65,2.22,20221015
52,Cluj-Napoca,Transylvania Open,2022-10-16,WTA250,Indoor,Hard,The Final,3,Blinkova A.,Paolini J.,138.0,78.0,452.0,772.0,6.0,2.0,3.0,6.0,6.0,2.0,2.0,1.0,Completed,2.1,1.72,2.15,1.79,2.15,1.84,2.03,1.78,20221016
53,San Diego,San Diego Open,2022-10-10,WTA250,Outdoor,Hard,1st Round,3,Keys M.,Perez E.,18.0,346.0,2248.0,167.0,6.0,1.0,6.0,4.0,,,2.0,0.0,Completed,1.08,8.0,1.1,8.61,1.12,9.5,1.08,7.74,20221010
53,San Diego,San Diego Open,2022-10-10,WTA250,Outdoor,Hard,1st Round,3,Chirico L.,Riske-Amritraj A.,196.0,30.0,339.0,1522.0,1.0,6.0,7.0,5.0,7.0,6.0,2.0,1.0,Completed,2.75,1.44,2.73,1.51,2.78,1.51,2.65,1.47,20221010
53,San Diego,San Diego Open,2022-10-10,WTA250,Outdoor,Hard,1st Round,3,Trevisan M.,Osorio M.,31.0,73.0,1521.0,828.0,6.0,3.0,6.0,4.0,,,2.0,0.0,Completed,2.75,1.44,3.06,1.42,3.06,1.5,2.8,1.42,20221010
53,San Diego,San Diego Open,2022-10-10,WTA250,Outdoor,Hard,1st Round,3,Vandeweghe C.,Kenin S.,143.0,311.0,434.0,197.0,6.0,1.0,1.0,6.0,6.0,4.0,2.0,1.0,Completed,2.0,1.8,2.01,1.88,2.05,1.92,1.94,1.85,20221010
53,San Diego,San Diego Open,2022-10-11,WTA250,Outdoor,Hard,1st Round,3,Collins D.,Garcia C.,19.0,10.0,2177.0,2930.0,6.0,2.0,7.0,6.0,,,2.0,0.0,Completed,2.3,1.61,2.21,1.74,2.38,1.75,2.2,1.66,20221011
53,San Diego,San Diego Open,2022-10-11,WTA250,Outdoor,Hard,1st Round,3,Andreescu B.,Samsonova L.,57.0,23.0,971.0,1937.0,7.0,6.0,4.0,6.0,6.0,2.0,2.0,1.0,Completed,2.75,1.44,2.78,1.49,2.78,1.6,2.6,1.48,20221011
53,San Diego,San Diego Open,2022-10-11,WTA250,Outdoor,Hard,1st Round,3,Vekic D.,Sakkari M.,77.0,7.0,774.0,3355.0,7.0,6.0,6.0,1.0,,,2.0,0.0,Completed,2.5,1.53,2.61,1.56,2.61,1.67,2.47,1.53,20221011
53,San Diego,San Diego Open,2022-10-11,WTA250,Outdoor,Hard,1st Round,3,Pliskova Ka.,Dolehide C.,22.0,181.0,2061.0,369.0,6.0,3.0,6.0,4.0,,,2.0,0.0,Completed,1.25,4.0,1.28,4.06,1.29,4.25,1.24,3.91,20221011
53,San Diego,San Diego Open,2022-10-11,WTA250,Outdoor,Hard,1st Round,3,Stephens S.,Teichmann J.,52.0,38.0,1035.0,1333.0,6.0,1.0,7.0,6.0,,,2.0,0.0,Completed,1.8,2.0,1.85,2.04,1.92,2.13,1.81,1.97,20221011
53,San Diego,San Diego Open,2022-10-11,WTA250,Outdoor,Hard,1st Round,3,Kasatkina D.,Fernandez L.A.,11.0,39.0,2895.0,1310.0,6.0,2.0,6.0,2.0,,,2.0,0.0,Completed,1.61,2.3,1.55,2.61,1.73,2.61,1.6,2.3,20221011
53,San Diego,San Diego Open,2022-10-12,WTA250,Outdoor,Hard,1st Round,3,Zheng Q.,Muguruza G.,28.0,13.0,1602.0,2406.0,5.0,0.0,,,,,0.0,0.0,Retired,1.53,2.5,1.6,2.45,1.6,2.6,1.54,2.42,20221012
53,San Diego,San Diego Open,2022-10-12,WTA250,Outdoor,Hard,1st Round,3,Gauff C.,Montgomery R.,8.0,294.0,3047.0,217.0,6.0,3.0,6.0,3.0,,,2.0,0.0,Completed,1.14,5.5,1.14,6.56,1.18,6.56,1.14,5.38,20221012
53,San Diego,San Diego Open,2022-10-12,WTA250,Outdoor,Hard,2nd Round,3,Vekic D.,Pliskova Ka.,77.0,22.0,774.0,2061.0,6.0,3.0,6.0,2.0,,,2.0,0.0,Completed,2.37,1.57,2.45,1.61,2.45,1.7,2.34,1.59,20221012
53,San Diego,San Diego Open,2022-10-13,WTA250,Outdoor,Hard,2nd Round,3,Collins D.,Trevisan M.,19.0,31.0,2177.0,1521.0,6.0,2.0,6.0,4.0,,,2.0,0.0,Completed,1.12,6.0,1.13,6.9,1.55,6.9,1.14,5.89,20221013
53,San Diego,San Diego Open,2022-10-13,WTA250,Outdoor,Hard,2nd Round,3,Pegula J.,Vandeweghe C.,6.0,143.0,3447.0,434.0,6.0,3.0,6.0,1.0,,,2.0,0.0,Completed,1.16,5.0,1.19,5.29,1.2,5.4,1.18,4.85,20221013
53,San Diego,San Diego Open,2022-10-13,WTA250,Outdoor,Hard,2nd Round,3,Swiatek I.,Zheng Q.,1.0,28.0,10485.0,1602.0,6.0,4.0,4.0,6.0,6.0,1.0,2.0,1.0,Completed,1.33,3.4,1.33,3.61,1.4,3.7,1.33,3.3,20221013
53,San Diego,San Diego Open,2022-10-13,WTA250,Outdoor,Hard,2nd Round,3,Gauff C.,Andreescu B.,8.0,57.0,3047.0,971.0,6.0,4.0,4.0,6.0,6.0,3.0,2.0,1.0,Completed,1.57,2.37,1.69,2.29,1.69,2.45,1.61,2.29,20221013
53,San Diego,San Diego Open,2022-10-14,WTA250,Outdoor,Hard,2nd Round,3,Keys M.,Kasatkina D.,18.0,11.0,2248.0,2895.0,6.0,4.0,6.0,3.0,,,2.0,0.0,Completed,2.2,1.66,2.22,1.73,2.22,1.76,2.13,1.69,20221014
53,San Diego,San Diego Open,2022-10-14,WTA250,Outdoor,Hard,2nd Round,3,Sabalenka A.,Stephens S.,5.0,52.0,3470.0,1035.0,1.0,6.0,6.0,3.0,6.0,2.0,2.0,1.0,Completed,1.33,3.4,1.41,3.11,1.41,3.5,1.36,3.11,20221014
53,San Diego,San Diego Open,2022-10-14,WTA250,Outdoor,Hard,2nd Round,3,Badosa P.,Chirico L.,4.0,196.0,3934.0,339.0,6.0,0.0,6.0,3.0,,,2.0,0.0,Completed,1.2,4.5,1.23,4.7,1.24,5.0,1.2,4.43,20221014
53,San Diego,San Diego Open,2022-10-14,WTA250,Outdoor,Hard,Quarterfinals,3,Vekic D.,Sabalenka A.,77.0,5.0,774.0,3470.0,6.0,4.0,6.0,7.0,6.0,1.0,2.0,1.0,Completed,2.62,1.5,2.58,1.57,2.7,1.6,2.53,1.51,20221014
53,San Diego,San Diego Open,2022-10-14,WTA250,Outdoor,Hard,Quarterfinals,3,Pegula J.,Keys M.,6.0,18.0,3447.0,2248.0,6.0,4.0,7.0,5.0,,,2.0,0.0,Completed,1.5,2.62,1.54,2.67,1.6,2.67,1.53,2.5,20221014
53,San Diego,San Diego Open,2022-10-15,WTA250,Outdoor,Hard,Quarterfinals,3,Swiatek I.,Gauff C.,1.0,8.0,10485.0,3047.0,6.0,0.0,6.0,3.0,,,2.0,0.0,Completed,1.36,3.2,1.38,3.32,1.53,3.5,1.36,3.09,20221015
53,San Diego,San Diego Open,2022-10-15,WTA250,Outdoor,Hard,Quarterfinals,3,Collins D.,Badosa P.,19.0,4.0,2177.0,3934.0,7.0,6.0,6.0,4.0,,,2.0,0.0,Completed,1.61,2.3,1.75,2.21,1.76,2.4,1.67,2.19,20221015
53,San Diego,San Diego Open,2022-10-15,WTA250,Outdoor,Hard,Semifinals,3,Swiatek I.,Pegula J.,1.0,6.0,10485.0,3447.0,4.0,6.0,6.0,2.0,6.0,2.0,2.0,1.0,Completed,1.33,3.4,1.35,3.51,1.36,3.77,1.33,3.32,20221015
53,San Diego,San Diego Open,2022-10-16,WTA250,Outdoor,Hard,Semifinals,3,Vekic D.,Collins D.,77.0,19.0,774.0,2177.0,6.0,4.0,4.0,6.0,7.0,6.0,2.0,1.0,Completed,1.57,2.37,1.61,2.49,1.65,3.49,1.59,2.34,20221016
53,San Diego,San Diego Open,2022-10-17,WTA250,Outdoor,Hard,The Final,3,Swiatek I.,Vekic D.,1.0,77.0,10485.0,774.0,6.0,3.0,3.0,6.0,6.0,0.0,2.0,1.0,Completed,1.16,5.0,1.16,6.08,1.21,6.1,1.16,5.12,20221017
54,Guadalajara,Guadalajara Open,2022-10-17,WTA1000,Outdoor,Hard,1st Round,3,Zhu L.,Cornet A.,69.0,31.0,850.0,1466.0,3.0,6.0,6.0,3.0,6.0,4.0,2.0,1.0,Completed,3.4,1.33,3.79,1.31,3.79,1.35,3.48,1.3,20221017
54,Guadalajara,Guadalajara Open,2022-10-17,WTA1000,Outdoor,Hard,1st Round,3,Samsonova L.,Kanepi K.,22.0,29.0,1937.0,1498.0,6.0,1.0,7.0,5.0,,,2.0,0.0,Completed,1.36,3.2,1.37,3.33,1.38,3.68,1.34,3.2,20221017
54,Guadalajara,Guadalajara Open,2022-10-17,WTA1000,Outdoor,Hard,1st Round,3,Azarenka V.,Avanesyan E.,37.0,130.0,1247.0,486.0,6.0,4.0,6.0,2.0,,,2.0,0.0,Completed,,,,,1.1,8.5,1.09,7.25,20221017
54,Guadalajara,Guadalajara Open,2022-10-17,WTA1000,Outdoor,Hard,1st Round,3,Marino R.,Li A.,80.0,65.0,748.0,885.0,6.0,2.0,7.0,6.0,,,2.0,0.0,Completed,1.8,2.0,1.89,2.0,1.9,2.24,1.8,1.99,20221017
54,Guadalajara,Guadalajara Open,2022-10-17,WTA1000,Outdoor,Hard,1st Round,3,Andreescu B.,Teichmann J.,59.0,36.0,961.0,1336.0,6.0,2.0,6.0,4.0,,,2.0,0.0,Completed,1.25,4.0,1.21,4.57,1.27,4.6,1.22,4.18,20221017
54,Guadalajara,Guadalajara Open,2022-10-17,WTA1000,Outdoor,Hard,1st Round,3,Kostyuk M.,Sasnovich A.,58.0,32.0,970.0,1456.0,6.0,1.0,6.0,3.0,,,2.0,0.0,Completed,1.9,1.9,2.03,1.86,2.05,2.02,1.91,1.87,20221017
54,Guadalajara,Guadalajara Open,2022-10-17,WTA1000,Outdoor,Hard,1st Round,3,Mertens E.,Muhammad A.,34.0,185.0,1416.0,359.0,6.0,3.0,6.0,2.0,,,2.0,0.0,Completed,1.16,5.0,1.23,4.56,1.25,5.25,1.21,4.33,20221017
54,Guadalajara,Guadalajara Open,2022-10-17,WTA1000,Outdoor,Hard,1st Round,3,Osorio M.,Alexandrova E.,71.0,19.0,843.0,2160.0,6.0,4.0,7.0,6.0,,,2.0,0.0,Completed,3.4,1.33,3.99,1.26,4.3,1.33,3.68,1.27,20221017
54,Guadalajara,Guadalajara Open,2022-10-17,WTA1000,Outdoor,Hard,1st Round,3,Kvitova P.,Pera B.,21.0,42.0,2038.0,1176.0,6.0,3.0,7.0,5.0,,,2.0,0.0,Completed,1.44,2.75,1.53,2.65,1.56,2.85,1.48,2.64,20221017
54,Guadalajara,Guadalajara Open,2022-10-18,WTA1000,Outdoor,Hard,1st Round,3,Bencic B.,Fernandez L.A.,14.0,41.0,2360.0,1187.0,7.0,5.0,6.0,7.0,6.0,3.0,2.0,1.0,Completed,1.5,2.62,1.49,2.81,1.69,2.81,1.51,2.54,20221018
54,Guadalajara,Guadalajara Open,2022-10-18,WTA1000,Outdoor,Hard,1st Round,3,Stephens S.,Fruhvirtova L.,50.0,77.0,1055.0,777.0,6.0,0.0,6.0,2.0,,,2.0,0.0,Completed,1.8,2.0,1.65,2.35,1.8,2.35,1.73,2.1,20221018
54,Guadalajara,Guadalajara Open,2022-10-18,WTA1000,Outdoor,Hard,1st Round,3,Tomljanovic A.,Contreras Gomez F.,35.0,144.0,1360.0,433.0,6.0,2.0,6.0,1.0,,,2.0,0.0,Completed,1.14,5.5,1.17,5.86,1.18,6.15,1.14,5.44,20221018
54,Guadalajara,Guadalajara Open,2022-10-18,WTA1000,Outdoor,Hard,1st Round,3,Frech M.,Putintseva Y.,128.0,55.0,488.0,995.0,6.0,3.0,6.0,4.0,,,2.0,0.0,Completed,2.37,1.57,2.34,1.65,2.4,1.66,2.28,1.62,20221018
54,Guadalajara,Guadalajara Open,2022-10-18,WTA1000,Outdoor,Hard,1st Round,3,Ostapenko J.,Davis L.,23.0,89.0,1882.0,701.0,6.0,1.0,6.0,3.0,,,2.0,0.0,Completed,1.66,2.2,1.71,2.24,1.71,2.34,1.65,2.21,20221018
54,Guadalajara,Guadalajara Open,2022-10-18,WTA1000,Outdoor,Hard,1st Round,3,Cocciaretto E.,Potapova A.,92.0,44.0,685.0,1138.0,6.0,2.0,6.0,1.0,,,2.0,0.0,Completed,2.5,1.53,2.43,1.62,2.52,1.62,2.39,1.57,20221018
54,Guadalajara,Guadalajara Open,2022-10-18,WTA1000,Outdoor,Hard,1st Round,3,Siniakova K.,Haddad Maia B.,54.0,18.0,1002.0,2215.0,7.0,5.0,6.0,2.0,,,2.0,0.0,Completed,2.2,1.66,2.42,1.63,2.56,1.69,2.34,1.59,20221018
54,Guadalajara,Guadalajara Open,2022-10-18,WTA1000,Outdoor,Hard,1st Round,3,Collins D.,Dolehide C.,16.0,175.0,2297.0,374.0,6.0,4.0,6.0,1.0,,,2.0,0.0,Completed,1.14,5.5,1.13,6.37,1.2,6.5,1.14,5.67,20221018
54,Guadalajara,Guadalajara Open,2022-10-18,WTA1000,Outdoor,Hard,1st Round,3,Keys M.,Linette M.,15.0,57.0,2313.0,974.0,6.0,3.0,6.0,3.0,,,2.0,0.0,Completed,1.33,3.4,1.41,3.13,1.41,3.4,1.35,3.17,20221018
54,Guadalajara,Guadalajara Open,2022-10-18,WTA1000,Outdoor,Hard,1st Round,3,Bouzkova M.,Martincova T.,38.0,75.0,1242.0,825.0,6.0,2.0,7.0,5.0,,,2.0,0.0,Completed,1.36,3.2,1.44,2.91,1.45,3.21,1.39,2.95,20221018
54,Guadalajara,Guadalajara Open,2022-10-18,WTA1000,Outdoor,Hard,1st Round,3,Kalinskaya A.,Krejcikova B.,73.0,17.0,834.0,2252.0,6.0,3.0,6.0,4.0,,,2.0,0.0,Completed,4.0,1.25,4.1,1.27,4.55,1.32,4.13,1.23,20221018
54,Guadalajara,Guadalajara Open,2022-10-18,WTA1000,Outdoor,Hard,1st Round,3,Vekic D.,Pigossi L.,47.0,108.0,1094.0,588.0,6.0,4.0,6.0,1.0,,,2.0,0.0,Completed,1.06,10.0,1.06,10.82,1.09,11.0,1.05,9.37,20221018
54,Guadalajara,Guadalajara Open,2022-10-18,WTA1000,Outdoor,Hard,1st Round,3,Bouchard E.,Day K.,430.0,194.0,108.0,342.0,7.0,5.0,6.0,3.0,,,2.0,0.0,Completed,1.61,2.3,1.68,2.3,1.73,2.33,1.64,2.23,20221018
54,Guadalajara,Guadalajara Open,2022-10-18,WTA1000,Outdoor,Hard,1st Round,3,Trevisan M.,Hibino N.,28.0,148.0,1509.0,422.0,6.0,4.0,6.0,3.0,,,2.0,0.0,Completed,,,,,1.53,2.65,1.51,2.53,20221018
54,Guadalajara,Guadalajara Open,2022-10-18,WTA1000,Outdoor,Hard,1st Round,3,Rybakina E.,Pliskova Ka.,24.0,20.0,1830.0,2051.0,7.0,6.0,6.0,2.0,,,2.0,0.0,Completed,1.53,2.5,1.48,2.83,1.64,2.83,1.51,2.54,20221018
54,Guadalajara,Guadalajara Open,2022-10-18,WTA1000,Outdoor,Hard,2nd Round,3,Andreescu B.,Kvitova P.,59.0,21.0,961.0,2038.0,3.0,6.0,6.0,2.0,6.0,0.0,2.0,1.0,Completed,1.72,2.1,1.76,2.17,1.8,2.24,1.72,2.1,20221018
54,Guadalajara,Guadalajara Open,2022-10-19,WTA1000,Outdoor,Hard,2nd Round,3,Sakkari M.,Kostyuk M.,6.0,58.0,3346.0,970.0,6.0,4.0,6.0,4.0,,,2.0,0.0,Completed,1.66,2.2,1.76,2.16,1.76,2.25,1.69,2.15,20221019
54,Guadalajara,Guadalajara Open,2022-10-19,WTA1000,Outdoor,Hard,2nd Round,3,Kasatkina D.,Zhu L.,11.0,69.0,2885.0,850.0,6.0,1.0,6.0,2.0,,,2.0,0.0,Completed,1.12,6.0,1.15,6.23,1.16,7.0,1.12,6.01,20221019
54,Guadalajara,Guadalajara Open,2022-10-19,WTA1000,Outdoor,Hard,2nd Round,3,Garcia C.,Marino R.,10.0,80.0,2924.0,748.0,6.0,7.0,6.0,3.0,7.0,6.0,2.0,1.0,Completed,1.28,3.75,1.3,3.83,1.32,3.83,1.28,3.62,20221019
54,Guadalajara,Guadalajara Open,2022-10-19,WTA1000,Outdoor,Hard,2nd Round,3,Collins D.,Frech M.,16.0,128.0,2297.0,488.0,6.0,3.0,6.0,4.0,,,2.0,0.0,Completed,1.12,6.0,1.16,5.9,1.16,7.0,1.14,5.7,20221019
54,Guadalajara,Guadalajara Open,2022-10-19,WTA1000,Outdoor,Hard,2nd Round,3,Ostapenko J.,Bouchard E.,23.0,430.0,1882.0,108.0,7.0,5.0,2.0,6.0,6.0,1.0,2.0,1.0,Completed,1.4,3.0,1.38,3.28,1.42,3.38,1.37,3.06,20221019
54,Guadalajara,Guadalajara Open,2022-10-19,WTA1000,Outdoor,Hard,2nd Round,3,Samsonova L.,Sabalenka A.,22.0,4.0,1937.0,3515.0,6.0,4.0,2.0,6.0,6.0,2.0,2.0,1.0,Completed,1.61,2.3,1.6,2.47,1.67,2.48,1.6,2.32,20221019
54,Guadalajara,Guadalajara Open,2022-10-19,WTA1000,Outdoor,Hard,2nd Round,3,Trevisan M.,Siniakova K.,28.0,54.0,1509.0,1002.0,6.0,0.0,4.0,6.0,6.0,3.0,2.0,1.0,Completed,3.75,1.28,3.73,1.31,4.15,1.31,3.72,1.27,20221019
54,Guadalajara,Guadalajara Open,2022-10-19,WTA1000,Outdoor,Hard,2nd Round,3,Kalinskaya A.,Mertens E.,73.0,34.0,834.0,1416.0,6.0,4.0,0.0,6.0,7.0,5.0,2.0,1.0,Completed,2.5,1.53,2.57,1.55,2.63,1.55,2.52,1.51,20221019
54,Guadalajara,Guadalajara Open,2022-10-19,WTA1000,Outdoor,Hard,2nd Round,3,Gauff C.,Cocciaretto E.,7.0,92.0,3082.0,685.0,7.0,6.0,6.0,3.0,,,2.0,0.0,Completed,1.14,5.5,1.15,6.4,1.16,6.4,1.14,5.64,20221019
54,Guadalajara,Guadalajara Open,2022-10-19,WTA1000,Outdoor,Hard,2nd Round,3,Kudermetova V.,Vekic D.,12.0,47.0,2606.0,1094.0,6.0,4.0,7.0,5.0,,,2.0,0.0,Completed,1.5,2.62,1.53,2.6,1.57,2.63,1.52,2.5,20221019
54,Guadalajara,Guadalajara Open,2022-10-19,WTA1000,Outdoor,Hard,2nd Round,3,Pegula J.,Rybakina E.,5.0,24.0,3417.0,1830.0,2.0,6.0,6.0,3.0,7.0,6.0,2.0,1.0,Completed,1.66,2.2,1.76,2.16,1.76,2.22,1.7,2.12,20221019
54,Guadalajara,Guadalajara Open,2022-10-20,WTA1000,Outdoor,Hard,2nd Round,3,Bouzkova M.,Osorio M.,38.0,71.0,1242.0,843.0,6.0,3.0,6.0,1.0,,,2.0,0.0,Completed,1.3,3.5,1.41,3.12,1.44,3.53,1.37,3.07,20221020
54,Guadalajara,Guadalajara Open,2022-10-20,WTA1000,Outdoor,Hard,2nd Round,3,Stephens S.,Bencic B.,50.0,14.0,1055.0,2360.0,6.0,4.0,6.0,4.0,,,2.0,0.0,Completed,2.37,1.57,2.49,1.59,2.56,1.6,2.4,1.56,20221020
54,Guadalajara,Guadalajara Open,2022-10-20,WTA1000,Outdoor,Hard,2nd Round,3,Keys M.,Tomljanovic A.,15.0,35.0,2313.0,1360.0,3.0,6.0,6.0,4.0,6.0,3.0,2.0,1.0,Completed,1.72,2.1,1.67,2.31,1.75,2.31,1.67,2.19,20221020
54,Guadalajara,Guadalajara Open,2022-10-20,WTA1000,Outdoor,Hard,2nd Round,3,Azarenka V.,Badosa P.,37.0,8.0,1247.0,3010.0,6.0,2.0,,,,,1.0,0.0,Retired,1.8,2.0,1.93,1.96,1.93,2.1,1.79,2.0,20221020
54,Guadalajara,Guadalajara Open,2022-10-20,WTA1000,Outdoor,Hard,3rd Round,3,Gauff C.,Trevisan M.,7.0,28.0,3082.0,1509.0,6.0,0.0,6.0,3.0,,,2.0,0.0,Completed,1.12,6.0,1.13,7.15,1.16,7.15,1.12,6.06,20221020
54,Guadalajara,Guadalajara Open,2022-10-20,WTA1000,Outdoor,Hard,3rd Round,3,Pegula J.,Andreescu B.,5.0,59.0,3417.0,961.0,6.0,4.0,6.0,4.0,,,2.0,0.0,Completed,1.72,2.1,1.72,2.23,1.75,2.3,1.67,2.18,20221020
54,Guadalajara,Guadalajara Open,2022-10-20,WTA1000,Outdoor,Hard,3rd Round,3,Kudermetova V.,Ostapenko J.,12.0,23.0,2606.0,1882.0,6.0,4.0,6.0,4.0,,,2.0,0.0,Completed,1.5,2.62,1.46,2.9,1.5,2.95,1.45,2.74,20221020
54,Guadalajara,Guadalajara Open,2022-10-20,WTA1000,Outdoor,Hard,3rd Round,3,Bouzkova M.,Samsonova L.,38.0,22.0,1242.0,1937.0,0.0,6.0,7.0,5.0,6.0,3.0,2.0,1.0,Completed,2.37,1.57,2.43,1.62,2.5,1.68,2.35,1.58,20221020
54,Guadalajara,Guadalajara Open,2022-10-20,WTA1000,Outdoor,Hard,3rd Round,3,Azarenka V.,Keys M.,37.0,15.0,1247.0,2313.0,6.0,4.0,6.0,7.0,6.0,1.0,2.0,1.0,Completed,1.8,2.0,1.9,1.99,1.9,2.05,1.82,1.96,20221020
54,Guadalajara,Guadalajara Open,2022-10-20,WTA1000,Outdoor,Hard,3rd Round,3,Stephens S.,Garcia C.,50.0,10.0,1055.0,2924.0,7.0,6.0,7.0,5.0,,,2.0,0.0,Completed,2.0,1.8,2.26,1.7,2.26,1.86,2.07,1.74,20221020
54,Guadalajara,Guadalajara Open,2022-10-21,WTA1000,Outdoor,Hard,3rd Round,3,Sakkari M.,Collins D.,6.0,16.0,3346.0,2297.0,5.0,7.0,6.0,3.0,6.0,3.0,2.0,1.0,Completed,2.3,1.61,2.45,1.61,2.53,1.65,2.36,1.57,20221021
54,Guadalajara,Guadalajara Open,2022-10-21,WTA1000,Outdoor,Hard,3rd Round,3,Kalinskaya A.,Kasatkina D.,73.0,11.0,834.0,2885.0,6.0,2.0,2.0,6.0,6.0,3.0,2.0,1.0,Completed,3.4,1.33,3.8,1.3,3.8,1.36,3.41,1.31,20221021
54,Guadalajara,Guadalajara Open,2022-10-21,WTA1000,Outdoor,Hard,Quarterfinals,3,Azarenka V.,Gauff C.,37.0,7.0,1247.0,3082.0,7.0,6.0,4.0,6.0,6.0,3.0,2.0,1.0,Completed,2.5,1.53,2.79,1.5,2.79,1.6,2.55,1.51,20221021
54,Guadalajara,Guadalajara Open,2022-10-21,WTA1000,Outdoor,Hard,Quarterfinals,3,Pegula J.,Stephens S.,5.0,50.0,3417.0,1055.0,6.0,2.0,6.0,2.0,,,2.0,0.0,Completed,1.4,3.0,1.41,3.18,1.47,3.18,1.42,2.84,20221021
54,Guadalajara,Guadalajara Open,2022-10-22,WTA1000,Outdoor,Hard,Quarterfinals,3,Sakkari M.,Kudermetova V.,6.0,12.0,3346.0,2606.0,6.0,1.0,5.0,7.0,6.0,4.0,2.0,1.0,Completed,2.2,1.66,2.53,1.59,2.53,1.71,2.32,1.6,20221022
54,Guadalajara,Guadalajara Open,2022-10-22,WTA1000,Outdoor,Hard,Quarterfinals,3,Bouzkova M.,Kalinskaya A.,38.0,73.0,1242.0,834.0,5.0,2.0,,,,,0.0,0.0,Retired,1.36,3.2,1.41,3.15,1.46,3.2,1.4,2.93,20221022
54,Guadalajara,Guadalajara Open,2022-10-22,WTA1000,Outdoor,Hard,Semifinals,3,Pegula J.,Azarenka V.,5.0,37.0,3417.0,1247.0,7.0,6.0,6.0,1.0,,,2.0,0.0,Completed,1.44,2.75,1.46,2.93,1.55,2.95,1.45,2.76,20221022
54,Guadalajara,Guadalajara Open,2022-10-23,WTA1000,Outdoor,Hard,Semifinals,3,Sakkari M.,Bouzkova M.,6.0,38.0,3346.0,1242.0,7.0,5.0,6.0,4.0,,,2.0,0.0,Completed,1.72,2.1,1.88,2.03,1.97,2.15,1.8,2.0,20221023
54,Guadalajara,Guadalajara Open,2022-10-24,WTA1000,Outdoor,Hard,The Final,3,Pegula J.,Sakkari M.,5.0,6.0,3417.0,3346.0,6.0,2.0,6.0,3.0,,,2.0,0.0,Completed,1.57,2.37,1.54,2.63,1.57,2.91,1.5,2.57,20221024
55,Fort Worth,WTA Finals,2022-10-31,Tour Championships,Indoor,Hard,Round Robin,3,Sakkari M.,Pegula J.,5.0,3.0,3121.0,4316.0,7.0,6.0,7.0,6.0,,,2.0,0.0,Completed,3.0,1.4,3.27,1.42,3.27,1.49,2.91,1.41,20221031
55,Fort Worth,WTA Finals,2022-11-01,Tour Championships,Indoor,Hard,Round Robin,3,Sabalenka A.,Jabeur O.,7.0,2.0,2970.0,4555.0,3.0,6.0,7.0,6.0,7.0,5.0,2.0,1.0,Completed,2.0,1.8,2.16,1.78,2.2,1.88,2.05,1.78,20221101
55,Fort Worth,WTA Finals,2022-11-01,Tour Championships,Indoor,Hard,Round Robin,3,Swiatek I.,Kasatkina D.,1.0,8.0,10335.0,2935.0,6.0,2.0,6.0,3.0,,,2.0,0.0,Completed,1.16,5.0,1.19,5.42,1.22,6.44,1.17,5.08,20221101
55,Fort Worth,WTA Finals,2022-11-02,Tour Championships,Indoor,Hard,Round Robin,3,Garcia C.,Gauff C.,6.0,4.0,3000.0,3271.0,6.0,4.0,6.0,3.0,,,2.0,0.0,Completed,2.3,1.61,2.56,1.58,2.56,1.67,2.38,1.58,20221102
55,Fort Worth,WTA Finals,2022-11-02,Tour Championships,Indoor,Hard,Round Robin,3,Jabeur O.,Pegula J.,2.0,3.0,4555.0,4316.0,1.0,6.0,6.0,3.0,6.0,3.0,2.0,1.0,Completed,2.0,1.8,2.12,1.81,2.24,1.86,2.04,1.77,20221102
55,Fort Worth,WTA Finals,2022-11-03,Tour Championships,Indoor,Hard,Round Robin,3,Sakkari M.,Sabalenka A.,5.0,7.0,3121.0,2970.0,6.0,2.0,6.0,4.0,,,2.0,0.0,Completed,2.1,1.72,2.07,1.85,2.15,1.86,2.05,1.78,20221103
55,Fort Worth,WTA Finals,2022-11-03,Tour Championships,Indoor,Hard,Round Robin,3,Swiatek I.,Garcia C.,1.0,6.0,10335.0,3000.0,6.0,3.0,6.0,2.0,,,2.0,0.0,Completed,1.28,3.75,1.28,4.16,1.34,4.37,1.27,3.75,20221103
55,Fort Worth,WTA Finals,2022-11-04,Tour Championships,Indoor,Hard,Round Robin,3,Kasatkina D.,Gauff C.,8.0,4.0,2935.0,3271.0,7.0,6.0,6.0,3.0,,,2.0,0.0,Completed,2.2,1.66,2.26,1.72,2.28,1.77,2.15,1.7,20221104
55,Fort Worth,WTA Finals,2022-11-04,Tour Championships,Indoor,Hard,Round Robin,3,Sabalenka A.,Pegula J.,7.0,3.0,2970.0,4316.0,3.0,6.0,5.0,7.0,,,2.0,0.0,Completed,2.0,1.8,2.1,1.82,2.15,1.89,2.02,1.8,20221104
55,Fort Worth,WTA Finals,2022-11-05,Tour Championships,Indoor,Hard,Round Robin,3,Sakkari M.,Jabeur O.,5.0,2.0,3121.0,4555.0,6.0,2.0,6.0,3.0,,,2.0,0.0,Completed,2.1,1.72,2.21,1.75,2.25,1.79,2.14,1.71,20221105
55,Fort Worth,WTA Finals,2022-11-05,Tour Championships,Indoor,Hard,Round Robin,3,Garcia C.,Kasatkina D.,6.0,8.0,3000.0,2935.0,4.0,6.0,6.0,1.0,7.0,6.0,2.0,1.0,Completed,1.61,2.3,1.61,2.48,1.71,2.48,1.64,2.28,20221105
55,Fort Worth,WTA Finals,2022-11-06,Tour Championships,Indoor,Hard,Round Robin,3,Swiatek I.,Gauff C.,1.0,4.0,10335.0,3271.0,6.0,3.0,6.0,0.0,,,2.0,0.0,Completed,1.12,6.0,1.16,6.23,1.18,6.55,1.14,5.61,20221106
55,Fort Worth,WTA Finals,2022-11-06,Tour Championships,Indoor,Hard,Semifinals,3,Garcia C.,Sakkari M.,6.0,5.0,3000.0,3121.0,6.0,3.0,6.0,2.0,,,2.0,0.0,Completed,2.2,1.61,2.4,1.65,2.47,1.66,2.32,1.61,20221106
55,Fort Worth,WTA Finals,2022-11-07,Tour Championships,Indoor,Hard,Semifinals,3,Sabalenka A.,Swiatek I.,7.0,1.0,2970.0,10335.0,6.0,2.0,2.0,6.0,6.0,1.0,2.0,1.0,Completed,4.5,1.16,5.68,1.18,5.9,1.2,5.25,1.16,20221107
55,Fort Worth,WTA Finals,2022-11-08,Tour Championships,Indoor,Hard,The Final,3,Garcia C.,Sabalenka A.,6.0,7.0,3000.0,2970.0,7.0,6.0,6.0,4.0,,,2.0,0.0,Completed,2.0,1.8,2.02,1.89,2.09,1.91,1.99,1.83,20221108
