WTA,Location,Tournament,Date,Tier,Court,surface,Round,best_of,winner_name,loser_name,winner_rank,loser_rank,winner_rank_points,loser_rank_points,W1,L1,W2,L2,W3,L3,Wsets,Lsets,Comment,B365W,B365L,PSW,PSL,MaxW,MaxL,AvgW,AvgL,tourney_date
1,Auckland,ASB Classic,2023-12-31,WTA250,Outdoor,Hard,1st Round,3,Wang Xiy.,Cristian J.,71.0,87.0,937.0,831.0,6.0,1.0,5.0,7.0,7.0,6.0,2.0,1.0,Completed,1.44,2.75,1.53,2.62,1.53,2.78,1.48,2.61,20231231
1,Auckland,ASB Classic,2024-01-01,WTA250,Outdoor,Hard,1st Round,3,Avanesyan E.,Barry M.,74.0,649.0,917.0,62.0,7.0,6.0,6.0,2.0,,,2.0,0.0,Completed,1.05,11.0,1.05,14.08,1.05,16.43,1.04,11.37,20240101
1,Auckland,ASB Classic,2024-01-01,WTA250,Outdoor,Hard,1st Round,3,Navarro E.,Fruhvirtova L.,31.0,88.0,1480.0,829.0,2.0,6.0,6.0,4.0,6.0,2.0,2.0,1.0,Completed,1.36,3.2,1.45,2.9,1.45,3.2,1.39,2.96,20240101
1,Auckland,ASB Classic,2024-01-01,WTA250,Outdoor,Hard,1st Round,3,Tsurenko L.,Vickery S.,32.0,143.0,1451.0,537.0,7.0,5.0,6.0,4.0,,,2.0,0.0,Completed,1.5,2.63,1.48,2.79,1.5,2.96,1.47,2.67,20240101
1,Auckland,ASB Classic,2024-01-01,WTA250,Outdoor,Hard,1st Round,3,Parry D.,Bektas E.,76.0,91.0,904.0,820.0,6.0,7.0,7.0,5.0,6.0,3.0,2.0,1.0,Completed,2.3,1.62,2.26,1.69,2.36,1.69,2.24,1.64,20240101
1,Auckland,ASB Classic,2024-01-01,WTA250,Outdoor,Hard,1st Round,3,Bouzkova M.,Frech M.,36.0,70.0,1353.0,937.0,6.0,0.0,3.0,6.0,6.0,4.0,2.0,1.0,Completed,1.25,4.0,1.29,3.82,1.31,4.01,1.28,3.63,20240101
1,Auckland,ASB Classic,2024-01-01,WTA250,Outdoor,Hard,1st Round,3,Wang Xin.,Putintseva Y.,35.0,63.0,1383.0,1002.0,6.0,4.0,7.0,5.0,,,2.0,0.0,Completed,1.91,1.91,1.77,2.13,1.93,2.13,1.84,1.95,20240101
1,Auckland,ASB Classic,2024-01-01,WTA250,Outdoor,Hard,1st Round,3,Anisimova A.,Pavlyuchenkova A.,373.0,60.0,169.0,1045.0,7.0,5.0,6.0,4.0,,,2.0,0.0,Completed,2.5,1.53,2.61,1.54,2.75,1.54,2.59,1.49,20240101
1,Auckland,ASB Classic,2024-01-01,WTA250,Outdoor,Hard,1st Round,3,Sun L.,Kessler M.,214.0,217.0,362.0,359.0,6.0,4.0,6.0,3.0,,,2.0,0.0,Completed,2.0,1.8,2.14,1.76,2.14,1.82,2.04,1.76,20240101
1,Auckland,ASB Classic,2024-01-02,WTA250,Outdoor,Hard,1st Round,3,Martic P.,Masarova R.,41.0,65.0,1264.0,982.0,3.0,6.0,6.0,3.0,6.0,3.0,2.0,1.0,Completed,1.73,2.1,1.67,2.29,1.74,2.29,1.67,2.2,20240102
1,Auckland,ASB Classic,2024-01-02,WTA250,Outdoor,Hard,1st Round,3,Fruhvirtova B.,Blinkova A.,117.0,48.0,657.0,1170.0,7.0,5.0,6.0,4.0,,,2.0,0.0,Completed,1.62,2.3,1.61,2.42,1.8,2.42,1.63,2.28,20240102
1,Auckland,ASB Classic,2024-01-02,WTA250,Outdoor,Hard,1st Round,3,Gracheva V.,Martincova T.,42.0,156.0,1248.0,495.0,6.0,7.0,7.0,5.0,6.0,2.0,2.0,1.0,Completed,2.0,1.8,2.11,1.79,2.11,1.83,2.02,1.78,20240102
1,Auckland,ASB Classic,2024-01-02,WTA250,Outdoor,Hard,1st Round,3,Gauff C.,Liu C.,3.0,95.0,6690.0,797.0,6.0,4.0,6.0,2.0,,,2.0,0.0,Completed,1.08,8.0,1.06,11.34,1.08,11.34,1.06,8.88,20240102
1,Auckland,ASB Classic,2024-01-02,WTA250,Outdoor,Hard,1st Round,3,Svitolina E.,Wozniacki C.,25.0,256.0,1809.0,301.0,6.0,4.0,6.0,3.0,,,2.0,0.0,Completed,1.62,2.3,1.73,2.19,1.77,2.32,1.66,2.2,20240102
1,Auckland,ASB Classic,2024-01-02,WTA250,Outdoor,Hard,1st Round,3,Yuan Y.,Day K.,77.0,89.0,903.0,825.0,7.0,6.0,6.0,7.0,6.0,1.0,2.0,1.0,Completed,1.57,2.38,1.57,2.52,1.65,2.52,1.56,2.38,20240102
1,Auckland,ASB Classic,2024-01-02,WTA250,Outdoor,Hard,1st Round,3,Raducanu E.,Ruse E.G.,301.0,134.0,231.0,575.0,6.0,3.0,4.0,6.0,7.0,5.0,2.0,1.0,Completed,1.91,1.91,1.76,2.15,1.91,2.15,1.82,1.98,20240102
1,Auckland,ASB Classic,2024-01-02,WTA250,Outdoor,Hard,2nd Round,3,Wang Xiy.,Wang Xin.,71.0,35.0,937.0,1383.0,6.0,3.0,3.0,6.0,7.0,6.0,2.0,1.0,Completed,2.1,1.73,2.14,1.76,2.22,1.76,2.1,1.72,20240102
1,Auckland,ASB Classic,2024-01-03,WTA250,Outdoor,Hard,2nd Round,3,Navarro E.,Avanesyan E.,31.0,74.0,1480.0,917.0,6.0,1.0,6.0,2.0,,,2.0,0.0,Completed,1.22,4.33,1.24,4.44,1.25,4.81,1.22,4.18,20240103
1,Auckland,ASB Classic,2024-01-03,WTA250,Outdoor,Hard,2nd Round,3,Bouzkova M.,Anisimova A.,36.0,373.0,1353.0,169.0,6.0,0.0,6.0,1.0,,,2.0,0.0,Completed,1.57,2.38,1.67,2.3,1.67,2.4,1.61,2.29,20240103
1,Auckland,ASB Classic,2024-01-03,WTA250,Outdoor,Hard,2nd Round,3,Parry D.,Tsurenko L.,76.0,32.0,904.0,1451.0,2.0,6.0,6.0,4.0,6.0,1.0,2.0,1.0,Completed,3.2,1.36,3.28,1.37,3.3,1.37,3.17,1.35,20240103
1,Auckland,ASB Classic,2024-01-03,WTA250,Outdoor,Hard,2nd Round,3,Martic P.,Yuan Y.,41.0,77.0,1264.0,903.0,6.0,2.0,6.0,2.0,,,2.0,0.0,Completed,1.73,2.1,1.77,2.14,1.77,2.32,1.7,2.14,20240103
1,Auckland,ASB Classic,2024-01-04,WTA250,Outdoor,Hard,2nd Round,3,Gauff C.,Fruhvirtova B.,3.0,117.0,6690.0,657.0,6.0,3.0,6.0,0.0,,,2.0,0.0,Completed,1.06,10.0,1.08,9.36,1.09,10.0,1.07,8.31,20240104
1,Auckland,ASB Classic,2024-01-04,WTA250,Outdoor,Hard,2nd Round,3,Gracheva V.,Sun L.,42.0,214.0,1248.0,362.0,6.0,3.0,6.0,4.0,,,2.0,0.0,Completed,1.67,2.2,1.74,2.19,1.75,2.21,1.7,2.13,20240104
1,Auckland,ASB Classic,2024-01-04,WTA250,Outdoor,Hard,2nd Round,3,Svitolina E.,Raducanu E.,25.0,301.0,1809.0,231.0,6.0,7.0,7.0,6.0,6.0,1.0,2.0,1.0,Completed,1.44,2.75,1.47,2.85,1.54,2.85,1.46,2.69,20240104
1,Auckland,ASB Classic,2024-01-04,WTA250,Outdoor,Hard,Quarterfinals,3,Navarro E.,Martic P.,31.0,41.0,1480.0,1264.0,6.0,4.0,6.0,3.0,,,2.0,0.0,Completed,1.8,2.0,1.8,2.13,1.88,2.13,1.77,2.04,20240104
1,Auckland,ASB Classic,2024-01-05,WTA250,Outdoor,Hard,Quarterfinals,3,Gauff C.,Gracheva V.,3.0,42.0,6690.0,1248.0,6.0,1.0,6.0,1.0,,,2.0,0.0,Completed,1.04,13.0,1.05,14.7,1.09,14.96,1.05,10.58,20240105
1,Auckland,ASB Classic,2024-01-05,WTA250,Outdoor,Hard,Quarterfinals,3,Wang Xiy.,Parry D.,71.0,76.0,937.0,904.0,6.0,7.0,6.0,3.0,6.0,4.0,2.0,1.0,Completed,1.44,2.75,1.4,3.23,1.5,3.23,1.42,2.86,20240105
1,Auckland,ASB Classic,2024-01-05,WTA250,Outdoor,Hard,Quarterfinals,3,Svitolina E.,Bouzkova M.,25.0,36.0,1809.0,1353.0,6.0,0.0,6.0,3.0,,,2.0,0.0,Completed,1.8,2.0,1.98,1.93,1.98,2.0,1.88,1.91,20240105
1,Auckland,ASB Classic,2024-01-06,WTA250,Outdoor,Hard,Semifinals,3,Gauff C.,Navarro E.,3.0,31.0,6690.0,1480.0,6.0,3.0,6.0,1.0,,,2.0,0.0,Completed,1.08,8.0,1.13,7.12,1.13,8.2,1.1,6.99,20240106
1,Auckland,ASB Classic,2024-01-06,WTA250,Outdoor,Hard,Semifinals,3,Svitolina E.,Wang Xiy.,25.0,71.0,1809.0,937.0,2.0,6.0,6.0,4.0,6.0,3.0,2.0,1.0,Completed,1.25,4.0,1.26,4.34,1.32,4.34,1.26,3.85,20240106
1,Auckland,ASB Classic,2024-01-07,WTA250,Outdoor,Hard,The Final,3,Gauff C.,Svitolina E.,3.0,25.0,6690.0,1809.0,6.0,7.0,6.0,3.0,6.0,3.0,2.0,1.0,Completed,1.17,5.0,1.2,5.24,1.22,5.25,1.18,4.86,20240107
2,Brisbane,Brisbane International,2023-12-31,WTA500,Outdoor,Hard,1st Round,3,Andreeva M.,Shnaider D.,58.0,97.0,1060.0,785.0,6.0,2.0,6.0,3.0,,,2.0,0.0,Completed,1.22,4.33,1.25,4.26,1.25,4.41,1.22,4.21,20231231
2,Brisbane,Brisbane International,2023-12-31,WTA500,Outdoor,Hard,1st Round,3,Rodionova Ar.,Trevisan M.,113.0,46.0,677.0,1189.0,6.0,3.0,6.0,2.0,,,2.0,0.0,Completed,2.63,1.5,2.77,1.49,2.77,1.54,2.64,1.48,20231231
2,Brisbane,Brisbane International,2023-12-31,WTA500,Outdoor,Hard,1st Round,3,Kalinskaya A.,Pera B.,80.0,69.0,887.0,943.0,6.0,2.0,6.0,1.0,,,2.0,0.0,Completed,1.44,2.75,1.39,3.19,1.49,3.19,1.4,2.92,20231231
2,Brisbane,Brisbane International,2023-12-31,WTA500,Outdoor,Hard,1st Round,3,Schmiedlova A.,Dolehide C.,73.0,45.0,918.0,1193.0,3.0,6.0,6.0,4.0,6.0,2.0,2.0,1.0,Completed,2.38,1.57,2.39,1.63,2.52,1.65,2.35,1.59,20231231
2,Brisbane,Brisbane International,2023-12-31,WTA500,Outdoor,Hard,1st Round,3,Giorgi C.,Stearns P.,55.0,49.0,1089.0,1168.0,5.0,7.0,6.0,2.0,6.0,3.0,2.0,1.0,Completed,1.73,2.1,1.88,1.99,1.88,2.2,1.79,2.01,20231231
2,Brisbane,Brisbane International,2023-12-31,WTA500,Outdoor,Hard,1st Round,3,Stephens S.,Siniakova K.,44.0,50.0,1200.0,1162.0,7.0,5.0,6.0,3.0,,,2.0,0.0,Completed,2.1,1.73,2.29,1.68,2.29,1.75,2.18,1.68,20231231
2,Brisbane,Brisbane International,2023-12-31,WTA500,Outdoor,Hard,1st Round,3,Kostyuk M.,Bogdan A.,38.0,66.0,1316.0,956.0,4.0,6.0,6.0,3.0,6.0,3.0,2.0,1.0,Completed,1.5,2.63,1.48,2.79,1.5,2.88,1.47,2.68,20231231
2,Brisbane,Brisbane International,2023-12-31,WTA500,Outdoor,Hard,1st Round,3,Bucsa C.,Minnen G.,61.0,64.0,1023.0,999.0,5.0,7.0,6.0,3.0,6.0,1.0,2.0,1.0,Completed,1.73,2.1,1.71,2.22,1.8,2.22,1.72,2.11,20231231
2,Brisbane,Brisbane International,2024-01-01,WTA500,Outdoor,Hard,1st Round,3,Osaka N.,Korpatsch T.,,83.0,,847.0,6.0,3.0,7.0,6.0,,,2.0,0.0,Completed,1.29,3.75,1.3,3.79,1.35,3.79,1.31,3.42,20240101
2,Brisbane,Brisbane International,2024-01-01,WTA500,Outdoor,Hard,1st Round,3,Saville D.,Yastremska D.,209.0,98.0,366.0,767.0,6.0,0.0,6.0,4.0,,,2.0,0.0,Completed,3.0,1.4,2.81,1.48,3,1.49,2.79,1.43,20240101
2,Brisbane,Brisbane International,2024-01-02,WTA500,Outdoor,Hard,1st Round,3,Noskova L.,Babos T.,40.0,192.0,1278.0,404.0,5.0,7.0,7.0,6.0,7.0,6.0,2.0,1.0,Completed,1.2,4.5,1.24,4.35,1.24,4.66,1.21,4.33,20240102
2,Brisbane,Brisbane International,2024-01-02,WTA500,Outdoor,Hard,1st Round,3,Bronzetti L.,Krueger A.,52.0,78.0,1137.0,896.0,6.0,4.0,7.0,5.0,,,2.0,0.0,Completed,2.2,1.67,2.15,1.76,2.2,1.76,2.18,1.67,20240102
2,Brisbane,Brisbane International,2024-01-02,WTA500,Outdoor,Hard,1st Round,3,Gadecki O.,Birrell K.,124.0,115.0,607.0,671.0,4.0,6.0,6.0,0.0,6.0,4.0,2.0,1.0,Completed,1.53,2.5,1.54,2.6,1.55,2.75,1.52,2.51,20240102
2,Brisbane,Brisbane International,2024-01-02,WTA500,Outdoor,Hard,1st Round,3,Burel C.,Sonmez Z.,56.0,163.0,1081.0,478.0,6.0,4.0,6.0,2.0,,,2.0,0.0,Completed,1.33,3.4,1.39,3.18,1.39,3.4,1.36,3.17,20240102
2,Brisbane,Brisbane International,2024-01-02,WTA500,Outdoor,Hard,1st Round,3,Riera J.,Tomova V.,137.0,75.0,563.0,906.0,6.0,2.0,6.0,4.0,,,2.0,0.0,Completed,2.5,1.53,2.58,1.55,2.6,1.6,2.47,1.54,20240102
2,Brisbane,Brisbane International,2024-01-02,WTA500,Outdoor,Hard,1st Round,3,Collins D.,Baptiste H.,54.0,129.0,1090.0,583.0,6.0,1.0,4.0,6.0,6.0,3.0,2.0,1.0,Completed,1.25,4.0,1.28,3.98,1.29,4.0,1.26,3.82,20240102
2,Brisbane,Brisbane International,2024-01-02,WTA500,Outdoor,Hard,2nd Round,3,Rodionova Ar.,Kenin S.,113.0,37.0,677.0,1334.0,7.0,5.0,7.0,6.0,,,2.0,0.0,Completed,3.75,1.29,3.97,1.28,4,1.33,3.68,1.28,20240102
2,Brisbane,Brisbane International,2024-01-02,WTA500,Outdoor,Hard,2nd Round,3,Azarenka V.,Kalinskaya A.,23.0,80.0,1916.0,887.0,6.0,1.0,7.0,6.0,,,2.0,0.0,Completed,1.91,1.91,2.03,1.85,2.03,2.0,1.93,1.87,20240102
2,Brisbane,Brisbane International,2024-01-03,WTA500,Outdoor,Hard,2nd Round,3,Kudermetova V.,Schmiedlova A.,16.0,73.0,2720.0,918.0,6.0,2.0,6.0,3.0,,,2.0,0.0,Completed,1.2,4.5,1.2,5.03,1.21,5.16,1.19,4.58,20240103
2,Brisbane,Brisbane International,2024-01-03,WTA500,Outdoor,Hard,2nd Round,3,Potapova A.,Saville D.,28.0,209.0,1611.0,366.0,6.0,4.0,3.0,6.0,6.0,4.0,2.0,1.0,Completed,1.5,2.63,1.58,2.49,1.58,2.63,1.53,2.49,20240103
2,Brisbane,Brisbane International,2024-01-03,WTA500,Outdoor,Hard,2nd Round,3,Pliskova Ka.,Osaka N.,39.0,,1287.0,,3.0,6.0,7.0,6.0,6.0,4.0,2.0,1.0,Completed,2.5,1.53,2.5,1.58,2.51,1.63,2.4,1.56,20240103
2,Brisbane,Brisbane International,2024-01-03,WTA500,Outdoor,Hard,2nd Round,3,Noskova L.,Cirstea S.,40.0,26.0,1278.0,1800.0,6.0,4.0,4.0,6.0,6.0,4.0,2.0,1.0,Completed,1.8,2.0,1.83,2.05,1.83,2.05,1.79,2.0,20240103
2,Brisbane,Brisbane International,2024-01-03,WTA500,Outdoor,Hard,2nd Round,3,Sabalenka A.,Bronzetti L.,2.0,52.0,9050.0,1137.0,6.0,3.0,6.0,0.0,,,2.0,0.0,Completed,1.05,11.0,1.05,14.42,1.05,14.42,1.04,11.27,20240103
2,Brisbane,Brisbane International,2024-01-03,WTA500,Outdoor,Hard,2nd Round,3,Kasatkina D.,Kostyuk M.,18.0,38.0,2715.0,1316.0,6.0,3.0,6.0,4.0,,,2.0,0.0,Completed,1.91,1.91,1.98,1.89,2,1.96,1.92,1.87,20240103
2,Brisbane,Brisbane International,2024-01-03,WTA500,Outdoor,Hard,2nd Round,3,Riera J.,Alexandrova E.,137.0,21.0,563.0,2075.0,6.0,3.0,6.0,4.0,,,2.0,0.0,Completed,4.33,1.22,4.02,1.27,5.16,1.27,4.1,1.23,20240103
2,Brisbane,Brisbane International,2024-01-03,WTA500,Outdoor,Hard,2nd Round,3,Ostapenko J.,Giorgi C.,12.0,55.0,2830.0,1089.0,6.0,1.0,6.0,4.0,,,2.0,0.0,Completed,1.62,2.3,1.65,2.34,1.65,2.38,1.62,2.28,20240103
2,Brisbane,Brisbane International,2024-01-03,WTA500,Outdoor,Hard,2nd Round,3,Burel C.,Kalinina A.,56.0,27.0,1081.0,1630.0,6.0,4.0,6.0,1.0,,,2.0,0.0,Completed,2.0,1.8,2.04,1.84,2.04,1.95,1.96,1.84,20240103
2,Brisbane,Brisbane International,2024-01-03,WTA500,Outdoor,Hard,2nd Round,3,Andreeva M.,Samsonova L.,58.0,15.0,1060.0,2760.0,6.0,2.0,6.0,1.0,,,2.0,0.0,Completed,1.8,2.0,1.84,2.04,1.98,2.05,1.82,1.99,20240103
2,Brisbane,Brisbane International,2024-01-03,WTA500,Outdoor,Hard,2nd Round,3,Linette M.,Bucsa C.,22.0,61.0,1921.0,1023.0,6.0,3.0,7.0,5.0,,,2.0,0.0,Completed,2.0,1.8,2.01,1.86,2.1,1.89,1.99,1.8,20240103
2,Brisbane,Brisbane International,2024-01-03,WTA500,Outdoor,Hard,2nd Round,3,Mertens E.,Stephens S.,30.0,44.0,1506.0,1200.0,2.0,6.0,6.0,1.0,6.0,3.0,2.0,1.0,Completed,1.67,2.2,1.68,2.28,1.68,2.33,1.64,2.23,20240103
2,Brisbane,Brisbane International,2024-01-03,WTA500,Outdoor,Hard,2nd Round,3,Rybakina E.,Gadecki O.,4.0,124.0,6366.0,607.0,6.0,4.0,6.0,1.0,,,2.0,0.0,Completed,1.08,8.0,1.1,8.46,1.1,9.3,1.08,7.89,20240103
2,Brisbane,Brisbane International,2024-01-03,WTA500,Outdoor,Hard,2nd Round,3,Zhu L.,Collins D.,33.0,54.0,1420.0,1090.0,1.0,6.0,6.0,3.0,7.0,6.0,2.0,1.0,Completed,3.5,1.3,3.9,1.29,3.9,1.3,3.68,1.28,20240103
2,Brisbane,Brisbane International,2024-01-04,WTA500,Outdoor,Hard,3rd Round,3,Azarenka V.,Burel C.,23.0,56.0,1916.0,1081.0,7.0,5.0,6.0,2.0,,,2.0,0.0,Completed,1.44,2.75,1.43,3.03,1.49,3.04,1.44,2.77,20240104
2,Brisbane,Brisbane International,2024-01-04,WTA500,Outdoor,Hard,3rd Round,3,Noskova L.,Riera J.,40.0,137.0,1278.0,563.0,6.0,1.0,6.0,7.0,6.0,3.0,2.0,1.0,Completed,1.4,3.0,1.41,3.13,1.42,3.14,1.4,2.93,20240104
2,Brisbane,Brisbane International,2024-01-04,WTA500,Outdoor,Hard,3rd Round,3,Ostapenko J.,Pliskova Ka.,12.0,39.0,2830.0,1287.0,6.0,2.0,4.0,6.0,6.0,3.0,2.0,1.0,Completed,1.53,2.5,1.56,2.59,1.58,2.59,1.54,2.46,20240104
2,Brisbane,Brisbane International,2024-01-04,WTA500,Outdoor,Hard,3rd Round,3,Kasatkina D.,Linette M.,18.0,22.0,2715.0,1921.0,6.0,4.0,6.0,2.0,,,2.0,0.0,Completed,1.4,3.0,1.45,2.93,1.47,3.25,1.41,2.86,20240104
2,Brisbane,Brisbane International,2024-01-04,WTA500,Outdoor,Hard,3rd Round,3,Andreeva M.,Rodionova Ar.,58.0,113.0,1060.0,677.0,6.0,1.0,6.0,1.0,,,2.0,0.0,Completed,1.08,8.0,1.12,7.36,1.12,9.5,1.08,7.7,20240104
2,Brisbane,Brisbane International,2024-01-04,WTA500,Outdoor,Hard,3rd Round,3,Potapova A.,Kudermetova V.,28.0,16.0,1611.0,2720.0,7.0,5.0,6.0,7.0,6.0,4.0,2.0,1.0,Completed,3.0,1.4,3.11,1.41,3.11,1.46,2.91,1.4,20240104
2,Brisbane,Brisbane International,2024-01-04,WTA500,Outdoor,Hard,3rd Round,3,Rybakina E.,Mertens E.,4.0,30.0,6366.0,1506.0,6.0,1.0,6.0,0.0,,,2.0,0.0,Completed,1.29,3.75,1.3,3.87,1.3,4.0,1.27,3.72,20240104
2,Brisbane,Brisbane International,2024-01-04,WTA500,Outdoor,Hard,3rd Round,3,Sabalenka A.,Zhu L.,2.0,33.0,9050.0,1420.0,6.0,1.0,6.0,0.0,,,2.0,0.0,Completed,1.05,11.0,1.05,13.83,1.06,14.01,1.04,10.54,20240104
2,Brisbane,Brisbane International,2024-01-05,WTA500,Outdoor,Hard,Quarterfinals,3,Azarenka V.,Ostapenko J.,23.0,12.0,1916.0,2830.0,6.0,3.0,3.0,6.0,7.0,5.0,2.0,1.0,Completed,1.91,1.91,2.02,1.89,2.02,1.99,1.91,1.89,20240105
2,Brisbane,Brisbane International,2024-01-05,WTA500,Outdoor,Hard,Quarterfinals,3,Rybakina E.,Potapova A.,4.0,28.0,6366.0,1611.0,6.0,1.0,,,,,1.0,0.0,Retired,1.11,6.5,1.14,6.98,1.15,7.09,1.12,6.16,20240105
2,Brisbane,Brisbane International,2024-01-05,WTA500,Outdoor,Hard,Quarterfinals,3,Noskova L.,Andreeva M.,40.0,58.0,1278.0,1060.0,7.0,5.0,6.0,3.0,,,2.0,0.0,Completed,4.0,1.25,4.24,1.27,4.65,1.27,4.02,1.24,20240105
2,Brisbane,Brisbane International,2024-01-05,WTA500,Outdoor,Hard,Quarterfinals,3,Sabalenka A.,Kasatkina D.,2.0,18.0,9050.0,2715.0,6.0,1.0,6.0,4.0,,,2.0,0.0,Completed,1.11,6.5,1.14,6.8,1.14,8.5,1.12,6.38,20240105
2,Brisbane,Brisbane International,2024-01-06,WTA500,Outdoor,Hard,Semifinals,3,Rybakina E.,Noskova L.,4.0,40.0,6366.0,1278.0,6.0,3.0,6.0,2.0,,,2.0,0.0,Completed,1.14,5.5,1.2,5.31,1.2,5.58,1.17,5.01,20240106
2,Brisbane,Brisbane International,2024-01-06,WTA500,Outdoor,Hard,Semifinals,3,Sabalenka A.,Azarenka V.,2.0,23.0,9050.0,1916.0,6.0,2.0,6.0,4.0,,,2.0,0.0,Completed,1.13,6.0,1.17,5.96,1.18,6.19,1.15,5.5,20240106
2,Brisbane,Brisbane International,2024-01-07,WTA500,Outdoor,Hard,The Final,3,Rybakina E.,Sabalenka A.,4.0,2.0,6366.0,9050.0,6.0,0.0,6.0,3.0,,,2.0,0.0,Completed,1.91,1.91,2.03,1.88,5,1.4,5.0,1.4,20240107
3,Adelaide,Adelaide International,2024-01-08,WTA500,Outdoor,Hard,1st Round,3,Kostyuk M.,Kalinina A.,41.0,28.0,1223.0,1630.0,7.0,6.0,6.0,1.0,,,2.0,0.0,Completed,1.67,2.2,1.69,2.26,1.7,2.27,1.66,2.2,20240108
3,Adelaide,Adelaide International,2024-01-08,WTA500,Outdoor,Hard,1st Round,3,Pavlyuchenkova A.,Haddad Maia B.,59.0,11.0,1046.0,2920.0,6.0,3.0,6.0,4.0,,,2.0,0.0,Completed,2.2,1.67,2.28,1.68,2.34,1.71,2.2,1.66,20240108
3,Adelaide,Adelaide International,2024-01-08,WTA500,Outdoor,Hard,1st Round,3,Bucsa C.,Paolini J.,61.0,30.0,1035.0,1530.0,6.0,3.0,6.0,3.0,,,2.0,0.0,Completed,3.4,1.33,3.43,1.35,3.45,1.4,3.26,1.33,20240108
3,Adelaide,Adelaide International,2024-01-08,WTA500,Outdoor,Hard,1st Round,3,Kalinskaya A.,Krejcikova B.,75.0,10.0,918.0,2945.0,7.0,5.0,3.0,6.0,7.0,5.0,2.0,1.0,Completed,2.0,1.8,2.09,1.8,2.25,1.8,2.08,1.75,20240108
3,Adelaide,Adelaide International,2024-01-08,WTA500,Outdoor,Hard,1st Round,3,Bogdan A.,Boulter K.,66.0,57.0,956.0,1085.0,,3.0,6.0,4.0,,,2.0,0.0,Completed,2.5,1.53,3.46,1.33,4.4,1.53,3.35,1.37,20240108
3,Adelaide,Adelaide International,2024-01-08,WTA500,Outdoor,Hard,1st Round,3,Pera B.,Badosa P.,69.0,74.0,943.0,922.0,3.0,6.0,6.0,2.0,6.0,3.0,2.0,1.0,Completed,2.63,1.5,3.29,1.37,3.29,1.52,2.85,1.42,20240108
3,Adelaide,Adelaide International,2024-01-08,WTA500,Outdoor,Hard,1st Round,3,Siegemund L.,Samsonova L.,89.0,14.0,814.0,2760.0,6.0,7.0,6.0,4.0,6.0,4.0,2.0,1.0,Completed,4.33,1.22,3.93,1.28,4.34,1.3,3.85,1.26,20240108
3,Adelaide,Adelaide International,2024-01-09,WTA500,Outdoor,Hard,1st Round,3,Ostapenko J.,Cirstea S.,12.0,26.0,2883.0,1746.0,2.0,6.0,6.0,2.0,6.0,4.0,2.0,1.0,Completed,1.5,2.63,1.56,2.56,1.57,2.63,1.53,2.48,20240109
3,Adelaide,Adelaide International,2024-01-09,WTA500,Outdoor,Hard,1st Round,3,Garcia C.,Preston T.,20.0,203.0,2330.0,382.0,6.0,4.0,1.0,6.0,6.0,3.0,2.0,1.0,Completed,1.14,5.5,1.16,5.71,1.18,5.92,1.15,5.38,20240109
3,Adelaide,Adelaide International,2024-01-09,WTA500,Outdoor,Hard,1st Round,3,Kudermetova V.,Krueger A.,16.0,78.0,2680.0,896.0,6.0,2.0,7.0,5.0,,,2.0,0.0,Completed,1.3,3.5,1.33,3.53,1.33,3.59,1.31,3.44,20240109
3,Adelaide,Adelaide International,2024-01-09,WTA500,Outdoor,Hard,1st Round,3,Siniakova K.,Pliskova Ka.,49.0,37.0,1150.0,1346.0,6.0,2.0,6.0,1.0,,,2.0,0.0,Completed,2.1,1.73,2.14,1.76,2.14,1.77,2.08,1.73,20240109
3,Adelaide,Adelaide International,2024-01-09,WTA500,Outdoor,Hard,1st Round,3,Kasatkina D.,Liu C.,15.0,104.0,2758.0,730.0,6.0,4.0,6.0,3.0,,,2.0,0.0,Completed,1.33,3.4,1.43,2.98,1.44,3.4,1.41,2.88,20240109
3,Adelaide,Adelaide International,2024-01-09,WTA500,Outdoor,Hard,1st Round,3,Alexandrova E.,Linette M.,21.0,24.0,2075.0,1896.0,3.0,6.0,7.0,6.0,7.0,5.0,2.0,1.0,Completed,1.62,2.3,1.67,2.45,1.67,2.45,1.61,2.3,20240109
3,Adelaide,Adelaide International,2024-01-09,WTA500,Outdoor,Hard,1st Round,3,Townsend T.,Sasnovich A.,80.0,83.0,870.0,831.0,6.0,3.0,7.0,6.0,,,2.0,0.0,Completed,2.2,1.67,2.2,1.71,2.22,1.71,2.21,1.68,20240109
3,Adelaide,Adelaide International,2024-01-10,WTA500,Outdoor,Hard,2nd Round,3,Pegula J.,Pera B.,5.0,69.0,5905.0,943.0,4.0,6.0,6.0,2.0,6.0,3.0,2.0,1.0,Completed,1.08,8.0,1.11,7.77,1.13,8.0,1.1,6.87,20240110
3,Adelaide,Adelaide International,2024-01-10,WTA500,Outdoor,Hard,2nd Round,3,Siegemund L.,Bogdan A.,89.0,66.0,814.0,956.0,6.0,4.0,7.0,5.0,,,2.0,0.0,Completed,2.1,1.73,2.01,1.88,2.15,1.88,2.02,1.78,20240110
3,Adelaide,Adelaide International,2024-01-10,WTA500,Outdoor,Hard,2nd Round,3,Pavlyuchenkova A.,Siniakova K.,59.0,49.0,1046.0,1150.0,2.0,6.0,6.0,3.0,6.0,2.0,2.0,1.0,Completed,1.73,2.1,1.79,2.12,1.87,2.12,1.79,2.01,20240110
3,Adelaide,Adelaide International,2024-01-10,WTA500,Outdoor,Hard,2nd Round,3,Kostyuk M.,Townsend T.,41.0,80.0,1223.0,870.0,6.0,3.0,2.0,6.0,6.0,4.0,2.0,1.0,Completed,1.5,2.63,1.53,2.65,1.57,2.75,1.52,2.52,20240110
3,Adelaide,Adelaide International,2024-01-10,WTA500,Outdoor,Hard,2nd Round,3,Ostapenko J.,Garcia C.,12.0,20.0,2883.0,2330.0,6.0,4.0,5.0,7.0,6.0,4.0,2.0,1.0,Completed,1.62,2.3,1.6,2.48,1.64,2.5,1.59,2.34,20240110
3,Adelaide,Adelaide International,2024-01-10,WTA500,Outdoor,Hard,2nd Round,3,Kasatkina D.,Kalinskaya A.,15.0,75.0,2758.0,918.0,5.0,7.0,6.0,4.0,7.0,5.0,2.0,1.0,Completed,1.62,2.3,1.81,2.1,1.81,2.3,1.67,2.19,20240110
3,Adelaide,Adelaide International,2024-01-10,WTA500,Outdoor,Hard,2nd Round,3,Rybakina E.,Bucsa C.,3.0,61.0,6811.0,1035.0,6.0,3.0,7.0,5.0,,,2.0,0.0,Completed,1.07,9.0,1.07,11.73,1.07,11.73,1.06,9.37,20240110
3,Adelaide,Adelaide International,2024-01-10,WTA500,Outdoor,Hard,2nd Round,3,Alexandrova E.,Kudermetova V.,21.0,16.0,2075.0,2680.0,6.0,4.0,6.0,4.0,,,2.0,0.0,Completed,2.5,1.53,2.53,1.58,2.6,1.62,2.47,1.53,20240110
3,Adelaide,Adelaide International,2024-01-11,WTA500,Outdoor,Hard,Quarterfinals,3,Ostapenko J.,Kostyuk M.,12.0,41.0,2883.0,1223.0,7.0,5.0,6.0,3.0,,,2.0,0.0,Completed,1.53,2.5,1.57,2.57,1.57,2.68,1.52,2.52,20240111
3,Adelaide,Adelaide International,2024-01-11,WTA500,Outdoor,Hard,Quarterfinals,3,Kasatkina D.,Siegemund L.,15.0,89.0,2758.0,814.0,,,,,,,,,Walkover,1.36,3.2,1.4,3.23,1.45,3.5,1.37,3.1,20240111
3,Adelaide,Adelaide International,2024-01-11,WTA500,Outdoor,Hard,Quarterfinals,3,Pegula J.,Pavlyuchenkova A.,5.0,59.0,5905.0,1046.0,6.0,7.0,7.0,5.0,6.0,4.0,2.0,1.0,Completed,1.3,3.5,1.4,3.24,1.4,3.54,1.33,3.29,20240111
3,Adelaide,Adelaide International,2024-01-11,WTA500,Outdoor,Hard,Quarterfinals,3,Alexandrova E.,Rybakina E.,21.0,3.0,2075.0,6811.0,6.0,3.0,6.0,3.0,,,2.0,0.0,Completed,4.5,1.2,4.49,1.25,4.6,1.25,4.31,1.21,20240111
3,Adelaide,Adelaide International,2024-01-12,WTA500,Outdoor,Hard,Semifinals,3,Ostapenko J.,Alexandrova E.,12.0,21.0,2883.0,2075.0,6.0,2.0,7.0,6.0,,,2.0,0.0,Completed,1.8,2.0,1.93,1.98,1.93,2.08,1.84,1.97,20240112
3,Adelaide,Adelaide International,2024-01-12,WTA500,Outdoor,Hard,Semifinals,3,Kasatkina D.,Pegula J.,15.0,5.0,2758.0,5905.0,,,,,,,,,Walkover,3.4,1.33,3.44,1.36,3.44,1.37,3.25,1.34,20240112
3,Adelaide,Adelaide International,2024-01-13,WTA500,Outdoor,Hard,The Final,3,Ostapenko J.,Kasatkina D.,12.0,15.0,2883.0,2758.0,6.0,3.0,6.0,2.0,,,2.0,0.0,Completed,1.57,2.38,1.59,2.54,1.62,2.6,1.57,2.4,20240113
4,Hobart,Hobart International,2024-01-08,WTA250,Outdoor,Hard,1st Round,3,Gracheva V.,Stearns P.,39.0,48.0,1290.0,1168.0,7.0,6.0,3.0,6.0,7.0,5.0,2.0,1.0,Completed,2.1,1.73,2.08,1.81,2.14,1.81,2.07,1.74,20240108
4,Hobart,Hobart International,2024-01-08,WTA250,Outdoor,Hard,1st Round,3,Rus A.,Fruhvirtova L.,50.0,85.0,1149.0,829.0,6.0,3.0,5.0,7.0,6.0,3.0,2.0,1.0,Completed,2.38,1.57,2.41,1.62,2.43,1.62,2.32,1.6,20240108
4,Hobart,Hobart International,2024-01-08,WTA250,Outdoor,Hard,1st Round,3,Schmiedlova A.,Osorio M.,67.0,79.0,949.0,876.0,1.0,6.0,7.0,6.0,7.0,5.0,2.0,1.0,Completed,2.3,1.62,2.36,1.64,2.36,1.73,2.26,1.62,20240108
4,Hobart,Hobart International,2024-01-08,WTA250,Outdoor,Hard,1st Round,3,Mertens E.,Collins D.,29.0,54.0,1551.0,1121.0,6.0,2.0,6.0,3.0,,,2.0,0.0,Completed,2.1,1.73,2.15,1.76,2.2,1.78,2.11,1.72,20240108
4,Hobart,Hobart International,2024-01-08,WTA250,Outdoor,Hard,1st Round,3,Saville D.,Blinkova A.,195.0,46.0,398.0,1170.0,3.0,6.0,6.0,4.0,6.0,4.0,2.0,1.0,Completed,1.8,2.0,1.85,2.03,1.91,2.05,1.81,1.98,20240108
4,Hobart,Hobart International,2024-01-08,WTA250,Outdoor,Hard,1st Round,3,Zhu L.,Bronzetti L.,33.0,56.0,1420.0,1099.0,7.0,5.0,6.0,1.0,,,2.0,0.0,Completed,1.67,2.2,1.73,2.2,1.73,2.25,1.68,2.18,20240108
4,Hobart,Hobart International,2024-01-09,WTA250,Outdoor,Hard,1st Round,3,Dolehide C.,Sherif M.,44.0,58.0,1193.0,1053.0,6.0,1.0,6.0,4.0,,,2.0,0.0,Completed,1.53,2.5,1.59,2.47,1.59,2.66,1.55,2.44,20240109
4,Hobart,Hobart International,2024-01-09,WTA250,Outdoor,Hard,1st Round,3,Tomova V.,Trevisan M.,77.0,60.0,906.0,1045.0,6.0,3.0,6.0,3.0,,,2.0,0.0,Completed,2.2,1.67,2.09,1.8,2.36,1.82,2.1,1.73,20240109
4,Hobart,Hobart International,2024-01-09,WTA250,Outdoor,Hard,1st Round,3,Kenin S.,Minnen G.,38.0,65.0,1305.0,999.0,6.0,3.0,6.0,3.0,,,2.0,0.0,Completed,1.44,2.75,1.45,2.89,1.46,3.01,1.43,2.78,20240109
4,Hobart,Hobart International,2024-01-09,WTA250,Outdoor,Hard,1st Round,3,Putintseva Y.,Cocciaretto E.,64.0,45.0,1002.0,1179.0,0.0,6.0,7.0,5.0,7.0,6.0,2.0,1.0,Completed,1.57,2.38,1.58,2.48,1.59,2.64,1.55,2.44,20240109
4,Hobart,Hobart International,2024-01-09,WTA250,Outdoor,Hard,1st Round,3,Maria T.,Podoroska N.,42.0,63.0,1215.0,1009.0,6.0,1.0,4.0,3.0,,,1.0,0.0,Retired,1.8,2.0,1.94,1.93,1.94,2.05,1.86,1.93,20240109
4,Hobart,Hobart International,2024-01-09,WTA250,Outdoor,Hard,1st Round,3,Yuan Y.,Stephens S.,73.0,43.0,925.0,1202.0,6.0,4.0,3.0,6.0,7.0,6.0,2.0,1.0,Completed,2.63,1.5,2.49,1.58,2.63,1.58,2.47,1.53,20240109
4,Hobart,Hobart International,2024-01-09,WTA250,Outdoor,Hard,1st Round,3,Bouzkova M.,Golubic V.,35.0,90.0,1382.0,812.0,6.0,2.0,6.0,4.0,,,2.0,0.0,Completed,1.33,3.4,1.37,3.27,1.38,3.55,1.33,3.26,20240109
4,Hobart,Hobart International,2024-01-09,WTA250,Outdoor,Hard,1st Round,3,Frech M.,Sorribes Tormo S.,72.0,53.0,937.0,1126.0,0.0,6.0,6.0,1.0,6.0,4.0,2.0,1.0,Completed,2.2,1.67,1.96,1.9,2.22,1.9,2.16,1.69,20240109
4,Hobart,Hobart International,2024-01-09,WTA250,Outdoor,Hard,1st Round,3,Wang Xin.,Gadecki O.,34.0,121.0,1395.0,655.0,6.0,3.0,3.0,6.0,6.0,3.0,2.0,1.0,Completed,1.44,2.75,1.58,2.49,1.58,2.89,1.51,2.55,20240109
4,Hobart,Hobart International,2024-01-09,WTA250,Outdoor,Hard,1st Round,3,Navarro E.,Burel C.,31.0,52.0,1530.0,1140.0,4.0,6.0,6.0,3.0,6.0,3.0,2.0,1.0,Completed,1.67,2.2,1.75,2.16,1.75,2.3,1.69,2.16,20240109
4,Hobart,Hobart International,2024-01-10,WTA250,Outdoor,Hard,2nd Round,3,Rus A.,Gracheva V.,50.0,39.0,1149.0,1290.0,6.0,2.0,6.0,3.0,,,2.0,0.0,Completed,2.1,1.73,2.22,1.72,2.22,1.8,2.12,1.71,20240110
4,Hobart,Hobart International,2024-01-10,WTA250,Outdoor,Hard,2nd Round,3,Tomova V.,Maria T.,77.0,42.0,906.0,1215.0,6.0,0.0,6.0,1.0,,,2.0,0.0,Completed,2.0,1.8,2.02,1.88,2.13,1.88,1.97,1.82,20240110
4,Hobart,Hobart International,2024-01-10,WTA250,Outdoor,Hard,2nd Round,3,Mertens E.,Schmiedlova A.,29.0,67.0,1551.0,949.0,6.0,2.0,6.0,3.0,,,2.0,0.0,Completed,1.17,5.0,1.22,4.85,1.22,5.05,1.19,4.6,20240110
4,Hobart,Hobart International,2024-01-10,WTA250,Outdoor,Hard,2nd Round,3,Zhu L.,Dolehide C.,33.0,44.0,1420.0,1193.0,5.0,7.0,6.0,3.0,6.0,4.0,2.0,1.0,Completed,1.53,2.5,1.58,2.52,1.58,2.52,1.55,2.42,20240110
4,Hobart,Hobart International,2024-01-10,WTA250,Outdoor,Hard,2nd Round,3,Yuan Y.,Wang Xin.,73.0,34.0,925.0,1395.0,7.0,5.0,6.0,3.0,,,2.0,0.0,Completed,2.38,1.57,2.37,1.65,2.4,1.65,2.31,1.6,20240110
4,Hobart,Hobart International,2024-01-10,WTA250,Outdoor,Hard,2nd Round,3,Navarro E.,Frech M.,31.0,72.0,1530.0,937.0,6.0,3.0,6.0,3.0,,,2.0,0.0,Completed,1.44,2.75,1.49,2.8,1.53,2.8,1.47,2.65,20240110
4,Hobart,Hobart International,2024-01-10,WTA250,Outdoor,Hard,2nd Round,3,Saville D.,Kenin S.,195.0,38.0,398.0,1305.0,7.0,6.0,6.0,1.0,,,2.0,0.0,Completed,2.5,1.53,2.6,1.55,2.6,1.57,2.47,1.53,20240110
4,Hobart,Hobart International,2024-01-10,WTA250,Outdoor,Hard,2nd Round,3,Putintseva Y.,Bouzkova M.,64.0,35.0,1002.0,1382.0,6.0,4.0,1.0,6.0,6.0,3.0,2.0,1.0,Completed,3.0,1.4,3.01,1.43,3.37,1.44,2.91,1.4,20240110
4,Hobart,Hobart International,2024-01-11,WTA250,Outdoor,Hard,Quarterfinals,3,Mertens E.,Rus A.,29.0,50.0,1551.0,1149.0,7.0,5.0,6.0,0.0,,,2.0,0.0,Completed,1.2,4.5,1.23,4.78,1.23,4.78,1.21,4.35,20240111
4,Hobart,Hobart International,2024-01-11,WTA250,Outdoor,Hard,Quarterfinals,3,Navarro E.,Tomova V.,31.0,77.0,1530.0,906.0,4.0,6.0,6.0,3.0,6.0,2.0,2.0,1.0,Completed,1.29,3.75,1.28,4.09,1.3,4.09,1.26,3.78,20240111
4,Hobart,Hobart International,2024-01-11,WTA250,Outdoor,Hard,Quarterfinals,3,Saville D.,Zhu L.,195.0,33.0,398.0,1420.0,3.0,6.0,6.0,1.0,6.0,4.0,2.0,1.0,Completed,1.8,2.0,1.85,2.07,1.9,2.12,1.79,2.02,20240111
4,Hobart,Hobart International,2024-01-11,WTA250,Outdoor,Hard,Quarterfinals,3,Yuan Y.,Putintseva Y.,73.0,64.0,925.0,1002.0,7.0,5.0,7.0,6.0,,,2.0,0.0,Completed,2.3,1.62,2.36,1.67,2.37,1.67,2.27,1.63,20240111
4,Hobart,Hobart International,2024-01-12,WTA250,Outdoor,Hard,Semifinals,3,Mertens E.,Saville D.,29.0,195.0,1551.0,398.0,6.0,4.0,4.0,6.0,7.0,5.0,2.0,1.0,Completed,1.33,3.4,1.33,3.66,1.36,3.66,1.33,3.33,20240112
4,Hobart,Hobart International,2024-01-12,WTA250,Outdoor,Hard,Semifinals,3,Navarro E.,Yuan Y.,31.0,73.0,1530.0,925.0,6.0,4.0,6.0,3.0,,,2.0,0.0,Completed,1.33,3.4,1.37,3.4,1.4,3.4,1.37,3.1,20240112
4,Hobart,Hobart International,2024-01-13,WTA250,Outdoor,Hard,The Final,3,Navarro E.,Mertens E.,31.0,29.0,1530.0,1551.0,6.0,1.0,4.0,6.0,7.0,5.0,2.0,1.0,Completed,2.1,1.73,2.15,1.79,2.16,1.79,2.09,1.74,20240113
5,Melbourne,Australian Open,2024-01-14,Grand Slam,Outdoor,Hard,1st Round,3,Rakhimova K.,Bektas E.,90.0,89.0,793.0,804.0,6.0,4.0,6.0,4.0,,,2.0,0.0,Completed,1.91,1.91,1.85,2.05,1.94,2.06,1.86,1.95,20240114
5,Melbourne,Australian Open,2024-01-14,Grand Slam,Outdoor,Hard,1st Round,3,Tsurenko L.,Bronzetti L.,33.0,55.0,1452.0,1099.0,3.0,6.0,7.0,5.0,6.0,3.0,2.0,1.0,Completed,1.5,2.63,1.44,2.97,1.55,2.97,1.5,2.61,20240114
5,Melbourne,Australian Open,2024-01-14,Grand Slam,Outdoor,Hard,1st Round,3,Fernandez L.A.,Bejlek S.,35.0,133.0,1355.0,574.0,7.0,6.0,6.0,2.0,,,2.0,0.0,Completed,1.25,4.0,1.28,4.0,1.31,4.01,1.27,3.82,20240114
5,Melbourne,Australian Open,2024-01-14,Grand Slam,Outdoor,Hard,1st Round,3,Krejcikova B.,Hontama M.,11.0,121.0,2891.0,645.0,2.0,6.0,6.0,4.0,6.0,3.0,2.0,1.0,Completed,1.17,5.0,1.17,5.87,1.2,5.87,1.17,5.23,20240114
5,Melbourne,Australian Open,2024-01-14,Grand Slam,Outdoor,Hard,1st Round,3,Avanesyan E.,Bai Z.,74.0,87.0,939.0,825.0,4.0,6.0,7.0,5.0,6.0,2.0,2.0,1.0,Completed,2.38,1.57,2.67,1.53,2.67,1.62,2.47,1.55,20240114
5,Melbourne,Australian Open,2024-01-14,Grand Slam,Outdoor,Hard,1st Round,3,Korpatsch T.,Burrage J.,80.0,102.0,847.0,733.0,2.0,6.0,6.0,3.0,6.0,0.0,2.0,1.0,Completed,1.67,2.2,1.79,2.12,1.8,2.25,1.75,2.1,20240114
5,Melbourne,Australian Open,2024-01-14,Grand Slam,Outdoor,Hard,1st Round,3,Parks A.,Snigur D.,82.0,134.0,838.0,566.0,2.0,6.0,6.0,2.0,6.0,4.0,2.0,1.0,Completed,2.0,1.8,2.19,1.75,2.19,1.88,2.06,1.78,20240114
5,Melbourne,Australian Open,2024-01-14,Grand Slam,Outdoor,Hard,1st Round,3,Timofeeva M.,Cornet A.,170.0,110.0,451.0,690.0,6.0,2.0,6.0,4.0,,,2.0,0.0,Completed,1.8,2.0,1.72,2.23,1.85,2.23,1.74,2.11,20240114
5,Melbourne,Australian Open,2024-01-14,Grand Slam,Outdoor,Hard,1st Round,3,Fruhvirtova B.,Bogdan A.,107.0,63.0,704.0,1016.0,2.0,6.0,6.0,4.0,6.0,3.0,2.0,1.0,Completed,1.67,2.2,1.65,2.38,1.72,2.38,1.65,2.26,20240114
5,Melbourne,Australian Open,2024-01-14,Grand Slam,Outdoor,Hard,1st Round,3,Sakkari M.,Hibino N.,8.0,88.0,3770.0,808.0,6.0,4.0,6.0,1.0,,,2.0,0.0,Completed,1.06,10.0,1.07,11.07,1.08,11.07,1.07,9.12,20240114
5,Melbourne,Australian Open,2024-01-14,Grand Slam,Outdoor,Hard,1st Round,3,Parry D.,Wang Xin.,72.0,36.0,943.0,1353.0,6.0,3.0,2.0,6.0,6.0,3.0,2.0,1.0,Completed,3.2,1.36,3.11,1.41,3.2,1.42,3.06,1.38,20240114
5,Melbourne,Australian Open,2024-01-14,Grand Slam,Outdoor,Hard,1st Round,3,Anisimova A.,Samsonova L.,442.0,14.0,130.0,2760.0,6.0,3.0,6.0,4.0,,,2.0,0.0,Completed,3.0,1.4,3.0,1.44,3.01,1.44,2.93,1.41,20240114
5,Melbourne,Australian Open,2024-01-14,Grand Slam,Outdoor,Hard,1st Round,3,Korneeva A.,Sorribes Tormo S.,179.0,52.0,427.0,1127.0,4.0,6.0,6.0,3.0,6.0,2.0,2.0,1.0,Completed,2.2,1.67,2.36,1.65,2.4,1.71,2.26,1.65,20240114
5,Melbourne,Australian Open,2024-01-14,Grand Slam,Outdoor,Hard,1st Round,3,Dolehide C.,Jeanjean L.,43.0,143.0,1208.0,523.0,6.0,2.0,6.0,4.0,,,2.0,0.0,Completed,1.36,3.2,1.47,2.87,1.47,3.2,1.42,2.9,20240114
5,Melbourne,Australian Open,2024-01-14,Grand Slam,Outdoor,Hard,1st Round,3,Wozniacki C.,Linette M.,252.0,24.0,302.0,1896.0,6.0,2.0,2.0,0.0,,,1.0,0.0,Retired,1.53,2.5,1.52,2.69,1.6,2.69,1.53,2.52,20240114
5,Melbourne,Australian Open,2024-01-14,Grand Slam,Outdoor,Hard,1st Round,3,Sabalenka A.,Seidel E.,2.0,173.0,8905.0,439.0,6.0,0.0,6.0,1.0,,,2.0,0.0,Completed,1.03,17.0,1.05,13.06,1.05,17.0,1.03,13.59,20240114
5,Melbourne,Australian Open,2024-01-15,Grand Slam,Outdoor,Hard,1st Round,3,Noskova L.,Bouzkova M.,50.0,34.0,1143.0,1382.0,6.0,1.0,7.0,5.0,,,2.0,0.0,Completed,2.3,1.62,2.39,1.64,2.5,1.67,2.29,1.63,20240115
5,Melbourne,Australian Open,2024-01-15,Grand Slam,Outdoor,Hard,1st Round,3,Hunter S.,Errani S.,180.0,101.0,426.0,738.0,6.0,4.0,6.0,3.0,,,2.0,0.0,Completed,1.29,3.75,1.31,3.77,1.35,3.87,1.3,3.58,20240115
5,Melbourne,Australian Open,2024-01-15,Grand Slam,Outdoor,Hard,1st Round,3,Podoroska N.,Zidansek T.,65.0,98.0,1009.0,745.0,6.0,1.0,6.0,0.0,,,2.0,0.0,Completed,1.8,2.0,1.85,2.05,1.96,2.05,1.84,1.97,20240115
5,Melbourne,Australian Open,2024-01-15,Grand Slam,Outdoor,Hard,1st Round,3,Gracheva V.,Wickmayer Y.,39.0,79.0,1290.0,880.0,6.0,3.0,6.0,4.0,,,2.0,0.0,Completed,1.57,2.38,1.69,2.28,1.69,2.45,1.63,2.28,20240115
5,Melbourne,Australian Open,2024-01-15,Grand Slam,Outdoor,Hard,1st Round,3,Svitolina E.,Preston T.,23.0,201.0,1972.0,383.0,6.0,2.0,6.0,2.0,,,2.0,0.0,Completed,1.07,9.0,1.08,9.7,1.11,9.73,1.07,8.41,20240115
5,Melbourne,Australian Open,2024-01-15,Grand Slam,Outdoor,Hard,1st Round,3,Tomova V.,Day K.,70.0,86.0,957.0,825.0,6.0,4.0,6.0,2.0,,,2.0,0.0,Completed,1.44,2.75,1.53,2.67,1.58,2.78,1.49,2.66,20240115
5,Melbourne,Australian Open,2024-01-15,Grand Slam,Outdoor,Hard,1st Round,3,Yastremska D.,Vondrousova M.,93.0,7.0,777.0,3966.0,6.0,1.0,6.0,2.0,,,2.0,0.0,Completed,5.0,1.17,5.16,1.2,5.25,1.24,4.92,1.18,20240115
5,Melbourne,Australian Open,2024-01-15,Grand Slam,Outdoor,Hard,1st Round,3,Gauff C.,Schmiedlova A.,4.0,68.0,6660.0,996.0,6.0,3.0,6.0,0.0,,,2.0,0.0,Completed,1.02,21.0,1.02,25.47,1.03,26.39,1.02,17.12,20240115
5,Melbourne,Australian Open,2024-01-15,Grand Slam,Outdoor,Hard,1st Round,3,Juvan K.,Potapova A.,109.0,29.0,696.0,1694.0,6.0,1.0,6.0,4.0,,,2.0,0.0,Completed,3.2,1.36,3.42,1.36,3.42,1.39,3.26,1.34,20240115
5,Melbourne,Australian Open,2024-01-15,Grand Slam,Outdoor,Hard,1st Round,3,Siegemund L.,Alexandrova E.,78.0,20.0,892.0,2215.0,6.0,2.0,3.0,6.0,7.0,6.0,2.0,1.0,Completed,3.2,1.36,3.01,1.43,3.2,1.45,3.01,1.39,20240115
5,Melbourne,Australian Open,2024-01-15,Grand Slam,Outdoor,Hard,1st Round,3,Maria T.,Osorio M.,42.0,10.0,1215.0,3328.0,7.0,5.0,6.0,7.0,6.0,4.0,2.0,1.0,Completed,2.38,1.57,2.76,1.5,2.76,1.57,2.61,1.5,20240115
5,Melbourne,Australian Open,2024-01-15,Grand Slam,Outdoor,Hard,1st Round,3,Kessler M.,Ferro F.,206.0,153.0,371.0,496.0,3.0,6.0,6.0,3.0,6.0,2.0,2.0,1.0,Completed,2.5,1.53,2.56,1.56,2.68,1.62,2.49,1.54,20240115
5,Melbourne,Australian Open,2024-01-15,Grand Slam,Outdoor,Hard,1st Round,3,Masarova R.,Sasnovich A.,91.0,81.0,786.0,843.0,6.0,3.0,6.0,4.0,,,2.0,0.0,Completed,2.3,1.62,2.42,1.63,2.42,1.66,2.34,1.6,20240115
5,Melbourne,Australian Open,2024-01-15,Grand Slam,Outdoor,Hard,1st Round,3,Kostyuk M.,Liu C.,37.0,99.0,1330.0,742.0,6.0,3.0,4.0,6.0,6.0,1.0,2.0,1.0,Completed,1.44,2.75,1.41,3.11,1.46,3.11,1.41,2.9,20240115
5,Melbourne,Australian Open,2024-01-15,Grand Slam,Outdoor,Hard,1st Round,3,Pavlyuchenkova A.,Vekic D.,46.0,25.0,1178.0,1865.0,6.0,4.0,6.0,4.0,,,2.0,0.0,Completed,1.44,2.75,1.39,3.23,1.46,3.23,1.4,2.97,20240115
5,Melbourne,Australian Open,2024-01-15,Grand Slam,Outdoor,Hard,1st Round,3,Paolini J.,Shnaider D.,31.0,92.0,1530.0,785.0,6.0,3.0,6.0,4.0,,,2.0,0.0,Completed,1.5,2.63,1.56,2.58,1.56,2.73,1.51,2.57,20240115
5,Melbourne,Australian Open,2024-01-15,Grand Slam,Outdoor,Hard,1st Round,3,Mertens E.,Sherif M.,28.0,58.0,1713.0,1053.0,6.0,2.0,2.0,0.0,,,1.0,0.0,Retired,1.14,5.5,1.15,6.32,1.17,6.32,1.14,5.69,20240115
5,Melbourne,Australian Open,2024-01-15,Grand Slam,Outdoor,Hard,1st Round,3,Frech M.,Saville D.,69.0,152.0,965.0,496.0,6.0,7.0,6.0,3.0,7.0,5.0,2.0,1.0,Completed,2.2,1.67,2.19,1.75,2.25,1.75,2.16,1.7,20240115
5,Melbourne,Australian Open,2024-01-15,Grand Slam,Outdoor,Hard,1st Round,3,Siniakova K.,Cristian J.,49.0,83.0,1155.0,831.0,6.0,2.0,7.0,5.0,,,2.0,0.0,Completed,1.33,3.4,1.34,3.5,1.35,3.5,1.33,3.35,20240115
5,Melbourne,Australian Open,2024-01-15,Grand Slam,Outdoor,Hard,1st Round,3,Zakharova A.,Putintseva Y.,190.0,64.0,404.0,1014.0,2.0,6.0,6.0,0.0,6.0,3.0,2.0,1.0,Completed,4.0,1.25,3.81,1.3,4.01,1.32,3.79,1.27,20240115
5,Melbourne,Australian Open,2024-01-15,Grand Slam,Outdoor,Hard,1st Round,3,Golubic V.,Kudermetova V.,85.0,17.0,829.0,2555.0,7.0,6.0,1.0,6.0,6.0,1.0,2.0,1.0,Completed,3.4,1.33,3.78,1.31,3.78,1.33,3.49,1.31,20240115
5,Melbourne,Australian Open,2024-01-15,Grand Slam,Outdoor,Hard,1st Round,3,Jabeur O.,Starodubtseva Y.,6.0,150.0,4076.0,504.0,6.0,3.0,6.0,1.0,,,2.0,0.0,Completed,1.17,5.0,1.22,4.79,1.22,6.05,1.17,5.1,20240115
5,Melbourne,Australian Open,2024-01-15,Grand Slam,Outdoor,Hard,1st Round,3,Badosa P.,Townsend T.,100.0,73.0,738.0,942.0,6.0,1.0,6.0,3.0,,,2.0,0.0,Completed,1.62,2.3,1.75,2.18,1.75,2.55,1.63,2.29,20240115
5,Melbourne,Australian Open,2024-01-15,Grand Slam,Outdoor,Hard,1st Round,3,Haddad Maia B.,Fruhvirtova L.,12.0,84.0,2830.0,829.0,6.0,2.0,3.0,6.0,6.0,2.0,2.0,1.0,Completed,1.22,4.33,1.3,3.85,1.3,4.34,1.26,3.94,20240115
5,Melbourne,Australian Open,2024-01-15,Grand Slam,Outdoor,Hard,1st Round,3,Rus A.,Kalinina A.,45.0,30.0,1188.0,1600.0,6.0,1.0,6.0,0.0,,,2.0,0.0,Completed,2.38,1.57,2.33,1.67,2.46,1.67,2.36,1.59,20240115
5,Melbourne,Australian Open,2024-01-15,Grand Slam,Outdoor,Hard,1st Round,3,Andreeva M.,Pera B.,47.0,71.0,1168.0,956.0,7.0,5.0,6.0,2.0,,,2.0,0.0,Completed,1.17,5.0,1.18,5.28,1.21,5.45,1.17,5.04,20240115
5,Melbourne,Australian Open,2024-01-15,Grand Slam,Outdoor,Hard,1st Round,3,Kalinskaya A.,Volynets K.,75.0,103.0,923.0,732.0,6.0,3.0,3.0,6.0,6.0,2.0,2.0,1.0,Completed,1.36,3.2,1.36,3.42,1.41,3.5,1.35,3.22,20240115
5,Melbourne,Australian Open,2024-01-15,Grand Slam,Outdoor,Hard,1st Round,3,Garcia C.,Osaka N.,19.0,831.0,2330.0,32.0,6.0,4.0,7.0,6.0,,,2.0,0.0,Completed,2.2,1.67,2.21,1.74,2.22,1.77,2.16,1.7,20240115
5,Melbourne,Australian Open,2024-01-16,Grand Slam,Outdoor,Hard,1st Round,3,Kasatkina D.,Stearns P.,13.0,48.0,2778.0,1168.0,6.0,2.0,3.0,6.0,6.0,2.0,2.0,1.0,Completed,1.3,3.5,1.27,4.15,1.39,4.15,1.28,3.72,20240116
5,Melbourne,Australian Open,2024-01-16,Grand Slam,Outdoor,Hard,1st Round,3,Trevisan M.,Zarazua R.,59.0,97.0,1045.0,749.0,4.0,6.0,6.0,4.0,6.0,2.0,2.0,1.0,Completed,1.62,2.3,1.74,2.2,1.74,2.42,1.66,2.23,20240116
5,Melbourne,Australian Open,2024-01-16,Grand Slam,Outdoor,Hard,1st Round,3,Cocciaretto E.,Sun L.,66.0,193.0,1000.0,401.0,6.0,1.0,7.0,5.0,,,2.0,0.0,Completed,1.8,2.0,1.83,2.08,1.83,2.2,1.77,2.06,20240116
5,Melbourne,Australian Open,2024-01-16,Grand Slam,Outdoor,Hard,1st Round,3,Stephens S.,Gadecki O.,44.0,120.0,1202.0,655.0,6.0,3.0,6.0,1.0,,,2.0,0.0,Completed,1.44,2.75,1.56,2.56,1.57,2.81,1.5,2.62,20240116
5,Melbourne,Australian Open,2024-01-16,Grand Slam,Outdoor,Hard,1st Round,3,Swiatek I.,Kenin S.,1.0,41.0,9880.0,1225.0,7.0,6.0,6.0,2.0,,,2.0,0.0,Completed,1.04,13.0,1.03,19.73,1.05,19.73,1.03,12.99,20240116
5,Melbourne,Australian Open,2024-01-16,Grand Slam,Outdoor,Hard,1st Round,3,Collins D.,Kerber A.,62.0,655.0,1022.0,60.0,6.0,2.0,3.0,6.0,6.0,1.0,2.0,1.0,Completed,1.4,3.0,1.36,3.41,1.42,3.45,1.37,3.15,20240116
5,Melbourne,Australian Open,2024-01-16,Grand Slam,Outdoor,Hard,1st Round,3,Navarro E.,Wang Xiy.,26.0,60.0,1730.0,1034.0,6.0,1.0,6.0,7.0,7.0,5.0,2.0,1.0,Completed,1.5,2.63,1.52,2.7,1.53,2.75,1.5,2.6,20240116
5,Melbourne,Australian Open,2024-01-16,Grand Slam,Outdoor,Hard,1st Round,3,Azarenka V.,Giorgi C.,22.0,53.0,2011.0,1120.0,6.0,1.0,4.0,6.0,6.0,3.0,2.0,1.0,Completed,1.3,3.5,1.3,3.88,1.33,3.88,1.3,3.59,20240116
5,Melbourne,Australian Open,2024-01-16,Grand Slam,Outdoor,Hard,1st Round,3,Tauson C.,Minnen G.,96.0,67.0,749.0,999.0,7.0,5.0,7.0,5.0,,,2.0,0.0,Completed,1.4,3.0,1.35,3.49,1.42,3.49,1.36,3.19,20240116
5,Melbourne,Australian Open,2024-01-16,Grand Slam,Outdoor,Hard,1st Round,3,Dodin O.,Zhu L.,95.0,32.0,765.0,1464.0,6.0,4.0,6.0,3.0,,,2.0,0.0,Completed,3.5,1.3,3.85,1.3,3.85,1.31,3.61,1.29,20240116
5,Melbourne,Australian Open,2024-01-16,Grand Slam,Outdoor,Hard,1st Round,3,Burel C.,Krunic A.,51.0,687.0,1140.0,53.0,6.0,4.0,6.0,1.0,,,2.0,0.0,Completed,1.08,8.0,1.11,7.96,1.11,10.26,1.09,7.76,20240116
5,Melbourne,Australian Open,2024-01-16,Grand Slam,Outdoor,Hard,1st Round,3,Wang Y.,Cirstea S.,94.0,27.0,771.0,1722.0,0.0,6.0,7.0,5.0,6.0,2.0,2.0,1.0,Completed,3.4,1.33,3.61,1.33,3.61,1.36,3.36,1.33,20240116
5,Melbourne,Australian Open,2024-01-16,Grand Slam,Outdoor,Hard,1st Round,3,Blinkova A.,Bucsa C.,57.0,56.0,1072.0,1088.0,6.0,2.0,6.0,4.0,,,2.0,0.0,Completed,2.2,1.67,2.22,1.73,2.31,1.73,2.18,1.69,20240116
5,Melbourne,Australian Open,2024-01-16,Grand Slam,Outdoor,Hard,1st Round,3,Boulter K.,Yuan Y.,54.0,61.0,1109.0,1028.0,7.0,5.0,7.0,6.0,,,2.0,0.0,Completed,1.67,2.2,1.67,2.32,1.72,2.33,1.64,2.26,20240116
5,Melbourne,Australian Open,2024-01-16,Grand Slam,Outdoor,Hard,1st Round,3,Ostapenko J.,Birrell K.,10.0,116.0,3328.0,671.0,7.0,6.0,6.0,1.0,,,2.0,0.0,Completed,1.11,6.5,1.12,7.34,1.15,7.34,1.13,6.07,20240116
5,Melbourne,Australian Open,2024-01-16,Grand Slam,Outdoor,Hard,1st Round,3,Zheng Q.,Krueger A.,15.0,76.0,2720.0,896.0,3.0,6.0,6.0,2.0,6.0,3.0,2.0,1.0,Completed,1.17,5.0,1.18,5.45,1.21,5.67,1.17,5.06,20240116
5,Melbourne,Australian Open,2024-01-16,Grand Slam,Outdoor,Hard,1st Round,3,Rybakina E.,Pliskova Ka.,3.0,38.0,6918.0,1322.0,7.0,6.0,6.0,4.0,,,2.0,0.0,Completed,1.14,5.5,1.12,7.41,1.16,7.41,1.14,5.82,20240116
5,Melbourne,Australian Open,2024-01-16,Grand Slam,Outdoor,Hard,1st Round,3,Raducanu E.,Rogers S.,296.0,161.0,231.0,476.0,6.0,3.0,6.0,2.0,,,2.0,0.0,Completed,1.3,3.5,1.35,3.45,1.38,3.66,1.32,3.4,20240116
5,Melbourne,Australian Open,2024-01-16,Grand Slam,Outdoor,Hard,1st Round,3,Tomljanovic A.,Martic P.,271.0,40.0,271.0,1283.0,7.0,6.0,4.0,6.0,6.0,4.0,2.0,1.0,Completed,2.1,1.73,2.11,1.8,2.3,1.88,2.02,1.81,20240116
5,Melbourne,Australian Open,2024-01-16,Grand Slam,Outdoor,Hard,1st Round,3,Pegula J.,Marino R.,5.0,182.0,6065.0,425.0,6.0,2.0,6.0,4.0,,,2.0,0.0,Completed,1.08,8.0,1.08,9.87,1.09,9.87,1.07,8.79,20240116
5,Melbourne,Australian Open,2024-01-17,Grand Slam,Outdoor,Hard,2nd Round,3,Timofeeva M.,Wozniacki C.,170.0,252.0,451.0,302.0,1.0,6.0,6.0,4.0,6.0,1.0,2.0,1.0,Completed,3.75,1.29,4.18,1.27,4.33,1.37,3.79,1.27,20240117
5,Melbourne,Australian Open,2024-01-17,Grand Slam,Outdoor,Hard,2nd Round,3,Andreeva M.,Jabeur O.,47.0,6.0,1168.0,4076.0,6.0,0.0,6.0,2.0,,,2.0,0.0,Completed,1.8,2.0,1.83,2.1,1.83,2.18,1.78,2.05,20240117
5,Melbourne,Australian Open,2024-01-17,Grand Slam,Outdoor,Hard,2nd Round,3,Hunter S.,Siegemund L.,180.0,78.0,426.0,892.0,6.0,4.0,3.0,6.0,6.0,3.0,2.0,1.0,Completed,2.38,1.57,2.31,1.69,2.44,1.73,2.28,1.63,20240117
5,Melbourne,Australian Open,2024-01-17,Grand Slam,Outdoor,Hard,2nd Round,3,Parks A.,Fernandez L.A.,82.0,35.0,838.0,1355.0,7.0,5.0,6.0,4.0,,,2.0,0.0,Completed,5.5,1.14,5.85,1.17,5.85,1.2,5.23,1.16,20240117
5,Melbourne,Australian Open,2024-01-17,Grand Slam,Outdoor,Hard,2nd Round,3,Krejcikova B.,Korpatsch T.,11.0,80.0,2891.0,847.0,6.0,2.0,6.0,2.0,,,2.0,0.0,Completed,1.14,5.5,1.14,6.77,1.14,6.77,1.14,5.89,20240117
5,Melbourne,Australian Open,2024-01-17,Grand Slam,Outdoor,Hard,2nd Round,3,Gauff C.,Dolehide C.,4.0,43.0,6660.0,1208.0,7.0,6.0,6.0,2.0,,,2.0,0.0,Completed,1.03,15.0,1.03,22.11,1.03,22.15,1.02,15.4,20240117
5,Melbourne,Australian Open,2024-01-17,Grand Slam,Outdoor,Hard,2nd Round,3,Parry D.,Rakhimova K.,72.0,90.0,943.0,793.0,7.0,5.0,6.0,2.0,,,2.0,0.0,Completed,2.0,1.8,2.13,1.81,2.13,1.89,2.01,1.8,20240117
5,Melbourne,Australian Open,2024-01-17,Grand Slam,Outdoor,Hard,2nd Round,3,Anisimova A.,Podoroska N.,442.0,65.0,130.0,1009.0,6.0,2.0,6.0,3.0,,,2.0,0.0,Completed,1.3,3.5,1.34,3.61,1.34,3.82,1.31,3.49,20240117
5,Melbourne,Australian Open,2024-01-17,Grand Slam,Outdoor,Hard,2nd Round,3,Haddad Maia B.,Korneeva A.,12.0,179.0,2830.0,427.0,6.0,1.0,6.0,2.0,,,2.0,0.0,Completed,1.33,3.4,1.4,3.2,1.4,3.66,1.35,3.24,20240117
5,Melbourne,Australian Open,2024-01-17,Grand Slam,Outdoor,Hard,2nd Round,3,Zakharova A.,Juvan K.,190.0,109.0,404.0,696.0,6.0,1.0,6.0,1.0,,,2.0,0.0,Completed,2.38,1.57,2.62,1.56,2.62,1.69,2.43,1.56,20240117
5,Melbourne,Australian Open,2024-01-17,Grand Slam,Outdoor,Hard,2nd Round,3,Frech M.,Garcia C.,69.0,19.0,965.0,2330.0,6.0,4.0,7.0,6.0,,,2.0,0.0,Completed,3.5,1.3,3.38,1.37,3.74,1.37,3.49,1.31,20240117
5,Melbourne,Australian Open,2024-01-17,Grand Slam,Outdoor,Hard,2nd Round,3,Badosa P.,Pavlyuchenkova A.,100.0,46.0,738.0,1178.0,6.0,2.0,6.0,3.0,,,2.0,0.0,Completed,2.2,1.67,2.35,1.67,2.35,1.73,2.22,1.67,20240117
5,Melbourne,Australian Open,2024-01-17,Grand Slam,Outdoor,Hard,2nd Round,3,Sabalenka A.,Fruhvirtova B.,2.0,107.0,8905.0,704.0,6.0,3.0,6.0,2.0,,,2.0,0.0,Completed,1.04,13.0,1.04,17.6,1.05,17.6,1.03,13.13,20240117
5,Melbourne,Australian Open,2024-01-17,Grand Slam,Outdoor,Hard,2nd Round,3,Tsurenko L.,Masarova R.,33.0,91.0,1452.0,786.0,6.0,3.0,6.0,4.0,,,2.0,0.0,Completed,1.5,2.63,1.52,2.73,1.56,2.73,1.51,2.61,20240117
5,Melbourne,Australian Open,2024-01-17,Grand Slam,Outdoor,Hard,2nd Round,3,Kostyuk M.,Mertens E.,37.0,28.0,1330.0,1713.0,5.0,7.0,6.0,1.0,7.0,6.0,2.0,1.0,Completed,2.3,1.62,2.44,1.63,2.44,1.67,2.34,1.61,20240117
5,Melbourne,Australian Open,2024-01-17,Grand Slam,Outdoor,Hard,2nd Round,3,Avanesyan E.,Sakkari M.,74.0,8.0,939.0,3770.0,6.0,4.0,6.0,4.0,,,2.0,0.0,Completed,9.0,1.07,10.48,1.08,10.48,1.09,8.88,1.07,20240117
5,Melbourne,Australian Open,2024-01-18,Grand Slam,Outdoor,Hard,2nd Round,3,Kalinskaya A.,Rus A.,75.0,45.0,923.0,1188.0,6.0,1.0,7.0,5.0,,,2.0,0.0,Completed,1.4,3.0,1.38,3.32,1.49,3.32,1.41,2.94,20240118
5,Melbourne,Australian Open,2024-01-18,Grand Slam,Outdoor,Hard,2nd Round,3,Noskova L.,Kessler M.,50.0,206.0,1143.0,371.0,6.0,3.0,1.0,6.0,6.0,4.0,2.0,1.0,Completed,1.1,7.0,1.18,5.73,1.18,7.03,1.13,5.91,20240118
5,Melbourne,Australian Open,2024-01-18,Grand Slam,Outdoor,Hard,2nd Round,3,Swiatek I.,Collins D.,1.0,62.0,9880.0,1022.0,6.0,4.0,3.0,6.0,6.0,4.0,2.0,1.0,Completed,1.05,11.0,1.07,11.86,1.08,12.0,1.06,10.09,20240118
5,Melbourne,Australian Open,2024-01-18,Grand Slam,Outdoor,Hard,2nd Round,3,Dodin O.,Trevisan M.,95.0,59.0,765.0,1045.0,6.0,4.0,6.0,4.0,,,2.0,0.0,Completed,2.38,1.57,2.35,1.67,2.45,1.68,2.35,1.6,20240118
5,Melbourne,Australian Open,2024-01-18,Grand Slam,Outdoor,Hard,2nd Round,3,Paolini J.,Maria T.,31.0,42.0,1530.0,1215.0,6.0,2.0,6.0,3.0,,,2.0,0.0,Completed,1.36,3.2,1.45,3.0,1.45,3.2,1.39,3.0,20240118
5,Melbourne,Australian Open,2024-01-18,Grand Slam,Outdoor,Hard,2nd Round,3,Stephens S.,Kasatkina D.,44.0,13.0,1202.0,2778.0,4.0,6.0,6.0,3.0,6.0,3.0,2.0,1.0,Completed,2.5,1.53,2.65,1.55,2.65,1.6,2.51,1.53,20240118
5,Melbourne,Australian Open,2024-01-18,Grand Slam,Outdoor,Hard,2nd Round,3,Burel C.,Pegula J.,51.0,5.0,1140.0,6065.0,6.0,4.0,6.0,2.0,,,2.0,0.0,Completed,6.0,1.13,6.08,1.16,6.25,1.2,5.57,1.15,20240118
5,Melbourne,Australian Open,2024-01-18,Grand Slam,Outdoor,Hard,2nd Round,3,Zheng Q.,Boulter K.,15.0,54.0,2720.0,1109.0,6.0,3.0,6.0,3.0,,,2.0,0.0,Completed,1.36,3.2,1.42,3.13,1.42,3.2,1.38,3.07,20240118
5,Melbourne,Australian Open,2024-01-18,Grand Slam,Outdoor,Hard,2nd Round,3,Navarro E.,Cocciaretto E.,26.0,66.0,1730.0,1000.0,4.0,6.0,6.0,3.0,6.0,3.0,2.0,1.0,Completed,1.33,3.4,1.36,3.48,1.44,3.5,1.34,3.26,20240118
5,Melbourne,Australian Open,2024-01-18,Grand Slam,Outdoor,Hard,2nd Round,3,Svitolina E.,Tomova V.,23.0,70.0,1972.0,957.0,6.0,1.0,6.0,3.0,,,2.0,0.0,Completed,1.17,5.0,1.19,5.52,1.19,5.7,1.16,5.18,20240118
5,Melbourne,Australian Open,2024-01-18,Grand Slam,Outdoor,Hard,2nd Round,3,Wang Y.,Raducanu E.,94.0,296.0,771.0,231.0,6.0,4.0,4.0,6.0,6.0,4.0,2.0,1.0,Completed,4.0,1.25,4.15,1.28,4.2,1.31,3.92,1.25,20240118
5,Melbourne,Australian Open,2024-01-18,Grand Slam,Outdoor,Hard,2nd Round,3,Golubic V.,Siniakova K.,85.0,49.0,829.0,1155.0,6.0,3.0,2.0,6.0,6.0,4.0,2.0,1.0,Completed,3.0,1.4,2.85,1.49,3,1.52,2.79,1.44,20240118
5,Melbourne,Australian Open,2024-01-18,Grand Slam,Outdoor,Hard,2nd Round,3,Blinkova A.,Rybakina E.,57.0,3.0,1072.0,6918.0,6.0,4.0,4.0,6.0,7.0,6.0,2.0,1.0,Completed,11.0,1.05,14.07,1.06,14.07,1.08,11.03,1.05,20240118
5,Melbourne,Australian Open,2024-01-18,Grand Slam,Outdoor,Hard,2nd Round,3,Yastremska D.,Gracheva V.,93.0,39.0,777.0,1290.0,6.0,3.0,6.0,2.0,,,2.0,0.0,Completed,1.73,2.1,1.76,2.2,1.77,2.2,1.73,2.11,20240118
5,Melbourne,Australian Open,2024-01-18,Grand Slam,Outdoor,Hard,2nd Round,3,Ostapenko J.,Tomljanovic A.,10.0,271.0,3328.0,271.0,6.0,0.0,3.0,6.0,6.0,4.0,2.0,1.0,Completed,1.25,4.0,1.3,3.92,1.31,4.25,1.26,3.86,20240118
5,Melbourne,Australian Open,2024-01-18,Grand Slam,Outdoor,Hard,2nd Round,3,Azarenka V.,Tauson C.,22.0,96.0,2011.0,749.0,6.0,4.0,3.0,6.0,6.0,2.0,2.0,1.0,Completed,1.44,2.75,1.48,2.87,1.48,3.23,1.42,2.87,20240118
5,Melbourne,Australian Open,2024-01-19,Grand Slam,Outdoor,Hard,3rd Round,3,Anisimova A.,Badosa P.,442.0,100.0,130.0,738.0,7.0,5.0,6.0,4.0,,,2.0,0.0,Completed,2.38,1.57,2.48,1.61,2.51,1.65,2.38,1.59,20240119
5,Melbourne,Australian Open,2024-01-19,Grand Slam,Outdoor,Hard,3rd Round,3,Sabalenka A.,Tsurenko L.,2.0,33.0,8905.0,1452.0,6.0,0.0,6.0,0.0,,,2.0,0.0,Completed,1.05,11.0,1.08,11.81,1.09,12.0,1.06,9.63,20240119
5,Melbourne,Australian Open,2024-01-19,Grand Slam,Outdoor,Hard,3rd Round,3,Andreeva M.,Parry D.,47.0,72.0,1168.0,943.0,1.0,6.0,6.0,1.0,7.0,6.0,2.0,1.0,Completed,1.08,8.0,1.12,7.92,1.14,8.01,1.1,7.18,20240119
5,Melbourne,Australian Open,2024-01-19,Grand Slam,Outdoor,Hard,3rd Round,3,Kostyuk M.,Avanesyan E.,37.0,74.0,1330.0,939.0,2.0,6.0,6.0,4.0,6.0,4.0,2.0,1.0,Completed,1.25,4.0,1.28,4.07,1.31,4.07,1.26,3.9,20240119
5,Melbourne,Australian Open,2024-01-19,Grand Slam,Outdoor,Hard,3rd Round,3,Gauff C.,Parks A.,4.0,82.0,6660.0,838.0,6.0,0.0,6.0,2.0,,,2.0,0.0,Completed,1.05,11.0,1.06,13.09,1.07,13.09,1.05,10.57,20240119
5,Melbourne,Australian Open,2024-01-19,Grand Slam,Outdoor,Hard,3rd Round,3,Frech M.,Zakharova A.,69.0,190.0,965.0,404.0,4.0,6.0,7.0,5.0,6.0,4.0,2.0,1.0,Completed,1.53,2.5,1.63,2.45,1.63,2.71,1.54,2.49,20240119
5,Melbourne,Australian Open,2024-01-19,Grand Slam,Outdoor,Hard,3rd Round,3,Timofeeva M.,Haddad Maia B.,170.0,12.0,451.0,2830.0,7.0,6.0,6.0,3.0,,,2.0,0.0,Completed,4.0,1.25,4.4,1.25,4.4,1.29,4.01,1.25,20240119
5,Melbourne,Australian Open,2024-01-19,Grand Slam,Outdoor,Hard,3rd Round,3,Krejcikova B.,Hunter S.,11.0,180.0,2891.0,426.0,4.0,6.0,7.0,5.0,6.0,3.0,2.0,1.0,Completed,1.22,4.33,1.24,4.63,1.29,4.63,1.23,4.19,20240119
5,Melbourne,Australian Open,2024-01-20,Grand Slam,Outdoor,Hard,3rd Round,3,Kalinskaya A.,Stephens S.,75.0,44.0,923.0,1202.0,6.0,7.0,6.0,1.0,6.0,4.0,2.0,1.0,Completed,1.73,2.1,1.68,2.33,1.79,2.33,1.72,2.14,20240120
5,Melbourne,Australian Open,2024-01-20,Grand Slam,Outdoor,Hard,3rd Round,3,Yastremska D.,Navarro E.,93.0,26.0,777.0,1730.0,6.0,2.0,2.0,6.0,6.0,1.0,2.0,1.0,Completed,2.75,1.44,2.93,1.46,2.93,1.5,2.73,1.46,20240120
5,Melbourne,Australian Open,2024-01-20,Grand Slam,Outdoor,Hard,3rd Round,3,Zheng Q.,Wang Y.,15.0,94.0,2720.0,771.0,6.0,4.0,2.0,6.0,7.0,6.0,2.0,1.0,Completed,1.17,5.0,1.19,5.5,1.21,5.5,1.17,5.06,20240120
5,Melbourne,Australian Open,2024-01-20,Grand Slam,Outdoor,Hard,3rd Round,3,Dodin O.,Burel C.,95.0,51.0,765.0,1140.0,6.0,2.0,6.0,4.0,,,2.0,0.0,Completed,3.4,1.33,3.5,1.35,3.5,1.35,3.34,1.33,20240120
5,Melbourne,Australian Open,2024-01-20,Grand Slam,Outdoor,Hard,3rd Round,3,Paolini J.,Blinkova A.,31.0,57.0,1530.0,1072.0,7.0,6.0,6.0,4.0,,,2.0,0.0,Completed,1.67,2.2,1.56,2.6,1.68,2.6,1.61,2.33,20240120
5,Melbourne,Australian Open,2024-01-20,Grand Slam,Outdoor,Hard,3rd Round,3,Azarenka V.,Ostapenko J.,22.0,10.0,2011.0,3328.0,6.0,1.0,7.0,5.0,,,2.0,0.0,Completed,2.1,1.73,2.0,1.91,2.18,1.91,2.03,1.79,20240120
5,Melbourne,Australian Open,2024-01-20,Grand Slam,Outdoor,Hard,3rd Round,3,Noskova L.,Swiatek I.,50.0,1.0,1143.0,9880.0,3.0,6.0,6.0,3.0,6.0,4.0,2.0,1.0,Completed,10.0,1.06,12.06,1.07,13,1.08,9.79,1.06,20240120
5,Melbourne,Australian Open,2024-01-20,Grand Slam,Outdoor,Hard,3rd Round,3,Svitolina E.,Golubic V.,23.0,85.0,1972.0,829.0,6.0,2.0,6.0,3.0,,,2.0,0.0,Completed,1.14,5.5,1.18,5.7,1.19,5.7,1.17,5.2,20240120
5,Melbourne,Australian Open,2024-01-21,Grand Slam,Outdoor,Hard,4th Round,3,Gauff C.,Frech M.,4.0,69.0,6660.0,965.0,6.0,1.0,6.0,2.0,,,2.0,0.0,Completed,1.04,13.0,1.06,12.99,1.06,13.0,1.04,11.13,20240121
5,Melbourne,Australian Open,2024-01-21,Grand Slam,Outdoor,Hard,4th Round,3,Sabalenka A.,Anisimova A.,2.0,442.0,8905.0,130.0,6.0,3.0,6.0,2.0,,,2.0,0.0,Completed,1.2,4.5,1.21,5.14,1.21,5.14,1.2,4.6,20240121
5,Melbourne,Australian Open,2024-01-21,Grand Slam,Outdoor,Hard,4th Round,3,Kostyuk M.,Timofeeva M.,37.0,170.0,1330.0,451.0,6.0,2.0,6.0,1.0,,,2.0,0.0,Completed,1.5,2.63,1.52,2.73,1.54,2.75,1.5,2.61,20240121
5,Melbourne,Australian Open,2024-01-21,Grand Slam,Outdoor,Hard,4th Round,3,Krejcikova B.,Andreeva M.,11.0,47.0,2891.0,1168.0,4.0,6.0,6.0,3.0,6.0,2.0,2.0,1.0,Completed,2.5,1.53,2.48,1.61,2.74,1.61,2.47,1.55,20240121
5,Melbourne,Australian Open,2024-01-22,Grand Slam,Outdoor,Hard,4th Round,3,Yastremska D.,Azarenka V.,93.0,22.0,777.0,2011.0,7.0,6.0,6.0,4.0,,,2.0,0.0,Completed,3.4,1.33,3.9,1.3,3.9,1.37,3.32,1.33,20240122
5,Melbourne,Australian Open,2024-01-22,Grand Slam,Outdoor,Hard,4th Round,3,Noskova L.,Svitolina E.,50.0,23.0,1143.0,1972.0,3.0,0.0,,,,,0.0,0.0,Retired,2.63,1.5,2.79,1.5,2.79,1.58,2.6,1.51,20240122
5,Melbourne,Australian Open,2024-01-22,Grand Slam,Outdoor,Hard,4th Round,3,Kalinskaya A.,Paolini J.,75.0,31.0,923.0,1530.0,6.0,4.0,6.0,2.0,,,2.0,0.0,Completed,1.57,2.38,1.64,2.42,1.68,2.42,1.61,2.33,20240122
5,Melbourne,Australian Open,2024-01-22,Grand Slam,Outdoor,Hard,4th Round,3,Zheng Q.,Dodin O.,15.0,95.0,2720.0,765.0,6.0,0.0,6.0,3.0,,,2.0,0.0,Completed,1.2,4.5,1.23,4.71,1.24,5.24,1.2,4.55,20240122
5,Melbourne,Australian Open,2024-01-23,Grand Slam,Outdoor,Hard,Quarterfinals,3,Gauff C.,Kostyuk M.,4.0,37.0,6660.0,1330.0,7.0,6.0,6.0,7.0,6.0,2.0,2.0,1.0,Completed,1.11,6.5,1.15,6.54,1.15,6.68,1.13,6.03,20240123
5,Melbourne,Australian Open,2024-01-23,Grand Slam,Outdoor,Hard,Quarterfinals,3,Sabalenka A.,Krejcikova B.,2.0,11.0,8905.0,2891.0,6.0,2.0,6.0,3.0,,,2.0,0.0,Completed,1.14,5.5,1.18,5.59,1.2,6.21,1.16,5.35,20240123
5,Melbourne,Australian Open,2024-01-24,Grand Slam,Outdoor,Hard,Quarterfinals,3,Yastremska D.,Noskova L.,93.0,50.0,777.0,1143.0,6.0,3.0,6.0,4.0,,,2.0,0.0,Completed,2.5,1.53,2.47,1.61,2.63,1.61,2.47,1.55,20240124
5,Melbourne,Australian Open,2024-01-24,Grand Slam,Outdoor,Hard,Quarterfinals,3,Zheng Q.,Kalinskaya A.,15.0,75.0,2720.0,923.0,6.0,7.0,6.0,3.0,6.0,1.0,2.0,1.0,Completed,1.62,2.3,1.64,2.41,1.7,2.41,1.62,2.31,20240124
5,Melbourne,Australian Open,2024-01-25,Grand Slam,Outdoor,Hard,Semifinals,3,Sabalenka A.,Gauff C.,2.0,4.0,8905.0,6660.0,7.0,6.0,6.0,4.0,,,2.0,0.0,Completed,1.44,2.75,1.51,2.78,1.55,2.87,1.46,2.72,20240125
5,Melbourne,Australian Open,2024-01-25,Grand Slam,Outdoor,Hard,Semifinals,3,Zheng Q.,Yastremska D.,15.0,93.0,2720.0,777.0,6.0,4.0,6.0,4.0,,,2.0,0.0,Completed,1.44,2.75,1.51,2.77,1.53,3.0,1.46,2.73,20240125
5,Melbourne,Australian Open,2024-01-27,Grand Slam,Outdoor,Hard,The Final,3,Sabalenka A.,Zheng Q.,2.0,15.0,8905.0,2720.0,6.0,3.0,6.0,2.0,,,2.0,0.0,Completed,1.15,6.0,1.17,5.88,1.19,6.0,1.16,5.37,20240127
6,Hua Hin,Thailand Open,2024-01-29,WTA250,Outdoor,Hard,1st Round,3,Wang Xiy.,Wang Q.,63.0,1378.0,1034.0,3.0,6.0,1.0,6.0,1.0,,,2.0,0.0,Completed,1.22,4.33,1.22,4.65,1.25,4.65,1.21,4.27,20240129
6,Hua Hin,Thailand Open,2024-01-29,WTA250,Outdoor,Hard,1st Round,3,Hibino N.,Rakhimova K.,94.0,84.0,788.0,853.0,7.0,6.0,6.0,0.0,,,2.0,0.0,Completed,2.38,1.57,2.23,1.71,2.44,1.71,2.25,1.63,20240129
6,Hua Hin,Thailand Open,2024-01-29,WTA250,Outdoor,Hard,1st Round,3,Galfi D.,Tomljanovic A.,137.0,227.0,556.0,341.0,6.0,3.0,6.0,0.0,,,2.0,0.0,Completed,3.4,1.33,3.63,1.32,3.63,1.34,3.34,1.32,20240129
6,Hua Hin,Thailand Open,2024-01-29,WTA250,Outdoor,Hard,1st Round,3,Wang Xin.,Bektas E.,40.0,93.0,1293.0,812.0,5.0,2.0,,,,,0.0,0.0,Retired,1.36,3.2,1.38,3.23,1.4,3.5,1.34,3.22,20240129
6,Hua Hin,Thailand Open,2024-01-29,WTA250,Outdoor,Hard,1st Round,3,Shnaider D.,Linette M.,108.0,56.0,685.0,1126.0,6.0,4.0,1.0,6.0,6.0,1.0,2.0,1.0,Completed,2.0,1.8,2.01,1.86,2.02,1.95,1.94,1.84,20240129
6,Hua Hin,Thailand Open,2024-01-29,WTA250,Outdoor,Hard,1st Round,3,Golubic V.,Pigossi L.,71.0,114.0,949.0,641.0,6.0,1.0,6.0,2.0,,,2.0,0.0,Completed,1.14,5.5,1.16,5.81,1.17,5.81,1.15,5.4,20240129
6,Hua Hin,Thailand Open,2024-01-29,WTA250,Outdoor,Hard,1st Round,3,Badosa P.,Tararudee L.,83.0,298.0,868.0,231.0,3.0,6.0,6.0,4.0,6.0,1.0,2.0,1.0,Completed,1.02,19.0,1.03,20.95,1.05,20.95,1.02,15.14,20240129
6,Hua Hin,Thailand Open,2024-01-30,WTA250,Outdoor,Hard,1st Round,3,Rodionova Ar.,Yuan Y.,101.0,64.0,722.0,1028.0,7.0,6.0,4.0,6.0,6.0,3.0,2.0,1.0,Completed,3.75,1.29,4.04,1.27,4.26,1.29,3.75,1.26,20240130
6,Hua Hin,Thailand Open,2024-01-30,WTA250,Outdoor,Hard,1st Round,3,Volynets K.,Zidansek T.,125.0,97.0,602.0,745.0,6.0,2.0,6.0,2.0,,,2.0,0.0,Completed,1.3,3.5,1.39,3.2,1.39,3.53,1.34,3.22,20240130
6,Hua Hin,Thailand Open,2024-01-30,WTA250,Outdoor,Hard,1st Round,3,Maria T.,Hartono A.,44.0,156.0,1235.0,487.0,6.0,3.0,6.0,1.0,,,2.0,0.0,Completed,1.73,2.1,1.7,2.25,1.75,2.75,1.68,2.16,20240130
6,Hua Hin,Thailand Open,2024-01-30,WTA250,Outdoor,Hard,1st Round,3,Fruhvirtova L.,Tikhonova A.,126.0,194.0,599.0,411.0,6.0,3.0,6.0,1.0,,,2.0,0.0,Completed,1.5,2.63,,,1.5,2.75,1.47,2.66,20240130
6,Hua Hin,Thailand Open,2024-01-30,WTA250,Outdoor,Hard,1st Round,3,Bai Z.,Paquet C.,90.0,152.0,829.0,494.0,7.0,6.0,6.0,3.0,,,2.0,0.0,Completed,1.67,2.2,1.68,2.27,1.73,2.35,1.66,2.2,20240130
6,Hua Hin,Thailand Open,2024-01-30,WTA250,Outdoor,Hard,1st Round,3,Zhu L.,Preston T.,45.0,199.0,1234.0,392.0,6.0,4.0,7.0,5.0,,,2.0,0.0,Completed,1.4,3.0,1.48,2.8,1.48,3.2,1.4,2.89,20240130
6,Hua Hin,Thailand Open,2024-01-30,WTA250,Outdoor,Hard,1st Round,3,Schmiedlova A.,Hontama M.,79.0,117.0,896.0,635.0,7.0,6.0,7.0,6.0,,,2.0,0.0,Completed,2.3,1.62,2.45,1.6,2.45,1.7,2.3,1.61,20240130
6,Hua Hin,Thailand Open,2024-01-30,WTA250,Outdoor,Hard,1st Round,3,Putintseva Y.,Naklo T.,70.0,406.0,954.0,148.0,5.0,7.0,6.0,3.0,6.0,2.0,2.0,1.0,Completed,1.06,10.0,1.06,12.19,1.09,12.19,1.05,10.0,20240130
6,Hua Hin,Thailand Open,2024-01-30,WTA250,Outdoor,Hard,1st Round,3,Wang Y.,Korneeva A.,78.0,141.0,900.0,537.0,6.0,2.0,6.0,4.0,,,2.0,0.0,Completed,2.38,1.57,2.35,1.65,2.4,1.67,2.3,1.61,20240130
6,Hua Hin,Thailand Open,2024-01-31,WTA250,Outdoor,Hard,2nd Round,3,Galfi D.,Wang Xiy.,137.0,63.0,556.0,1034.0,6.0,4.0,3.0,6.0,7.0,5.0,2.0,1.0,Completed,3.75,1.29,3.75,1.3,3.75,1.32,3.59,1.28,20240131
6,Hua Hin,Thailand Open,2024-01-31,WTA250,Outdoor,Hard,2nd Round,3,Shnaider D.,Badosa P.,108.0,83.0,685.0,868.0,6.0,2.0,3.0,4.0,,,1.0,0.0,Retired,2.75,1.44,2.76,1.49,2.88,1.87,2.68,1.47,20240131
6,Hua Hin,Thailand Open,2024-01-31,WTA250,Outdoor,Hard,2nd Round,3,Wang Xin.,Hibino N.,40.0,94.0,1293.0,788.0,7.0,5.0,6.0,4.0,,,2.0,0.0,Completed,1.36,3.2,1.37,3.27,1.39,3.27,1.35,3.13,20240131
6,Hua Hin,Thailand Open,2024-01-31,WTA250,Outdoor,Hard,2nd Round,3,Putintseva Y.,Golubic V.,70.0,71.0,954.0,949.0,7.0,6.0,7.0,6.0,,,2.0,0.0,Completed,2.2,1.67,2.28,1.68,2.28,1.73,2.18,1.66,20240131
6,Hua Hin,Thailand Open,2024-02-01,WTA250,Outdoor,Hard,2nd Round,3,Volynets K.,Maria T.,125.0,44.0,602.0,1235.0,5.0,7.0,6.0,2.0,6.0,2.0,2.0,1.0,Completed,1.73,2.1,1.74,2.17,1.74,2.23,1.69,2.14,20240201
6,Hua Hin,Thailand Open,2024-02-01,WTA250,Outdoor,Hard,2nd Round,3,Wang Y.,Schmiedlova A.,78.0,79.0,900.0,896.0,6.0,2.0,6.0,4.0,,,2.0,0.0,Completed,1.5,2.63,1.5,2.72,1.5,2.84,1.48,2.64,20240201
6,Hua Hin,Thailand Open,2024-02-01,WTA250,Outdoor,Hard,2nd Round,3,Zhu L.,Fruhvirtova L.,45.0,126.0,1234.0,599.0,6.0,2.0,6.0,2.0,,,2.0,0.0,Completed,1.8,2.0,1.74,2.18,1.85,2.2,1.76,2.06,20240201
6,Hua Hin,Thailand Open,2024-02-01,WTA250,Outdoor,Hard,2nd Round,3,Rodionova Ar.,Bai Z.,101.0,90.0,722.0,829.0,3.0,6.0,6.0,1.0,6.0,0.0,2.0,1.0,Completed,2.63,1.5,2.63,1.53,2.66,1.53,2.56,1.5,20240201
6,Hua Hin,Thailand Open,2024-02-02,WTA250,Outdoor,Hard,Quarterfinals,3,Wang Xin.,Putintseva Y.,40.0,70.0,1293.0,954.0,6.0,1.0,3.0,6.0,6.0,3.0,2.0,1.0,Completed,1.67,2.2,1.8,2.13,1.8,2.22,1.72,2.11,20240202
6,Hua Hin,Thailand Open,2024-02-02,WTA250,Outdoor,Hard,Quarterfinals,3,Zhu L.,Rodionova Ar.,45.0,101.0,1234.0,722.0,6.0,3.0,6.0,3.0,,,2.0,0.0,Completed,1.29,3.75,1.33,3.67,1.33,3.75,1.3,3.5,20240202
6,Hua Hin,Thailand Open,2024-02-02,WTA250,Outdoor,Hard,Quarterfinals,3,Shnaider D.,Galfi D.,108.0,137.0,685.0,556.0,6.0,2.0,6.0,1.0,,,2.0,0.0,Completed,1.57,2.38,1.56,2.61,1.59,2.61,1.54,2.46,20240202
6,Hua Hin,Thailand Open,2024-02-02,WTA250,Outdoor,Hard,Quarterfinals,3,Wang Y.,Volynets K.,78.0,125.0,900.0,602.0,1.0,6.0,6.0,3.0,7.0,6.0,2.0,1.0,Completed,1.62,2.3,1.71,2.27,1.71,2.3,1.64,2.23,20240202
6,Hua Hin,Thailand Open,2024-02-03,WTA250,Outdoor,Hard,Semifinals,3,Shnaider D.,Wang Xin.,108.0,40.0,685.0,1293.0,6.0,2.0,7.0,6.0,,,2.0,0.0,Completed,1.91,1.91,1.93,1.97,2.03,1.97,1.91,1.89,20240203
6,Hua Hin,Thailand Open,2024-02-03,WTA250,Outdoor,Hard,Semifinals,3,Zhu L.,Wang Y.,45.0,78.0,1234.0,900.0,6.0,3.0,6.0,2.0,,,2.0,0.0,Completed,1.67,2.2,1.79,2.16,1.8,2.25,1.73,2.1,20240203
6,Hua Hin,Thailand Open,2024-02-04,WTA250,Outdoor,Hard,The Final,3,Shnaider D.,Zhu L.,108.0,45.0,685.0,1234.0,6.0,3.0,2.0,6.0,6.0,1.0,2.0,1.0,Completed,1.91,1.91,1.9,2.01,1.91,2.01,1.88,1.92,20240204
7,Linz,Ladies Linz Open,2024-01-29,WTA500,Indoor,Hard,1st Round,3,Pavlyuchenkova A.,Trevisan M.,42.0,57.0,1238.0,1105.0,6.0,4.0,6.0,0.0,,,2.0,0.0,Completed,1.25,4.0,1.27,4.01,1.3,4.75,1.21,4.39,20240129
7,Linz,Ladies Linz Open,2024-01-29,WTA500,Indoor,Hard,1st Round,3,Boulter K.,Paolini J.,53.0,24.0,1159.0,1760.0,6.0,2.0,6.0,2.0,,,2.0,0.0,Completed,2.0,1.8,1.99,1.88,2.02,1.92,1.94,1.85,20240129
7,Linz,Ladies Linz Open,2024-01-30,WTA500,Indoor,Hard,1st Round,3,Burrage J.,Gracheva V.,102.0,46.0,713.0,1230.0,6.0,4.0,6.0,0.0,,,2.0,0.0,Completed,2.38,1.57,2.28,1.7,2.4,1.7,2.26,1.63,20240130
7,Linz,Ladies Linz Open,2024-01-30,WTA500,Indoor,Hard,1st Round,3,Cristian J.,Podoroska N.,89.0,67.0,831.0,1009.0,6.0,3.0,6.0,4.0,,,2.0,0.0,Completed,1.67,2.2,1.67,2.3,1.67,2.43,1.61,2.29,20240130
7,Linz,Ladies Linz Open,2024-01-30,WTA500,Indoor,Hard,1st Round,3,Tauson C.,Giorgi C.,91.0,68.0,818.0,1000.0,3.0,6.0,6.0,3.0,6.0,3.0,2.0,1.0,Completed,1.44,2.75,1.44,2.96,1.53,3.0,1.43,2.78,20240130
7,Linz,Ladies Linz Open,2024-01-30,WTA500,Indoor,Hard,1st Round,3,Cocciaretto E.,Stefanini L.,60.0,153.0,1060.0,493.0,6.0,2.0,6.0,0.0,,,2.0,0.0,Completed,1.53,2.5,1.56,2.55,1.6,2.55,1.54,2.46,20240130
7,Linz,Ladies Linz Open,2024-01-30,WTA500,Indoor,Hard,1st Round,3,Niemeier J.,Blinkova A.,159.0,50.0,481.0,1192.0,6.0,3.0,6.0,4.0,,,2.0,0.0,Completed,2.38,1.57,2.56,1.56,2.6,1.69,2.43,1.55,20240130
7,Linz,Ladies Linz Open,2024-01-30,WTA500,Indoor,Hard,1st Round,3,Bronzetti L.,Kerber A.,58.0,607.0,1099.0,70.0,6.0,1.0,6.0,3.0,,,2.0,0.0,Completed,2.2,1.67,2.36,1.71,2.36,1.73,2.21,1.66,20240130
7,Linz,Ladies Linz Open,2024-01-30,WTA500,Indoor,Hard,1st Round,3,Burel C.,Kraus S.,52.0,185.0,1160.0,418.0,6.0,1.0,6.0,4.0,,,2.0,0.0,Completed,1.14,5.5,1.17,5.57,1.18,6.0,1.15,5.44,20240130
7,Linz,Ladies Linz Open,2024-01-31,WTA500,Indoor,Hard,1st Round,3,Potapova A.,Errani S.,27.0,99.0,1634.0,738.0,6.0,4.0,6.0,3.0,,,2.0,0.0,Completed,1.17,5.0,1.23,4.49,1.23,5.36,1.19,4.65,20240131
7,Linz,Ladies Linz Open,2024-01-31,WTA500,Indoor,Hard,1st Round,3,Yastremska D.,Andreeva E.,29.0,111.0,1587.0,676.0,7.0,6.0,3.0,6.0,6.0,2.0,2.0,1.0,Completed,1.73,2.1,1.97,1.9,1.97,2.1,1.83,1.97,20240131
7,Linz,Ladies Linz Open,2024-01-31,WTA500,Indoor,Hard,1st Round,3,Siniakova K.,Martic P.,49.0,48.0,1215.0,1223.0,4.0,6.0,6.0,3.0,7.0,5.0,2.0,1.0,Completed,1.73,2.1,1.71,2.22,1.74,2.27,1.71,2.12,20240131
7,Linz,Ladies Linz Open,2024-01-31,WTA500,Indoor,Hard,2nd Round,3,Burrage J.,Cristian J.,102.0,89.0,713.0,831.0,6.0,3.0,7.0,6.0,,,2.0,0.0,Completed,1.8,2.0,1.9,1.97,1.9,2.06,1.81,1.98,20240131
7,Linz,Ladies Linz Open,2024-01-31,WTA500,Indoor,Hard,2nd Round,3,Alexandrova E.,Niemeier J.,21.0,159.0,2095.0,481.0,6.0,3.0,6.0,0.0,,,2.0,0.0,Completed,1.36,3.2,1.31,3.71,1.37,3.71,1.33,3.3,20240131
7,Linz,Ladies Linz Open,2024-01-31,WTA500,Indoor,Hard,2nd Round,3,Pavlyuchenkova A.,Boulter K.,42.0,53.0,1238.0,1159.0,7.0,6.0,6.0,4.0,,,2.0,0.0,Completed,1.62,2.3,1.67,2.3,1.73,2.38,1.62,2.28,20240131
7,Linz,Ladies Linz Open,2024-02-01,WTA500,Indoor,Hard,2nd Round,3,Burel C.,Siniakova K.,52.0,49.0,1160.0,1215.0,6.0,3.0,5.0,7.0,6.0,4.0,2.0,1.0,Completed,1.91,1.91,2.06,1.82,2.06,1.91,1.98,1.82,20240201
7,Linz,Ladies Linz Open,2024-02-01,WTA500,Indoor,Hard,2nd Round,3,Mertens E.,Bronzetti L.,26.0,58.0,1653.0,1099.0,6.0,1.0,6.0,3.0,,,2.0,0.0,Completed,1.36,3.2,1.38,3.25,1.4,3.25,1.36,3.09,20240201
7,Linz,Ladies Linz Open,2024-02-01,WTA500,Indoor,Hard,2nd Round,3,Vekic D.,Yastremska D.,34.0,29.0,1445.0,1587.0,6.0,1.0,6.0,1.0,,,2.0,0.0,Completed,2.1,1.73,2.16,1.76,2.22,1.78,2.11,1.72,20240201
7,Linz,Ladies Linz Open,2024-02-01,WTA500,Indoor,Hard,2nd Round,3,Potapova A.,Cocciaretto E.,27.0,60.0,1634.0,1060.0,2.0,6.0,7.0,6.0,7.0,5.0,2.0,1.0,Completed,1.57,2.38,1.67,2.31,1.67,2.43,1.61,2.29,20240201
7,Linz,Ladies Linz Open,2024-02-01,WTA500,Indoor,Hard,2nd Round,3,Ostapenko J.,Tauson C.,12.0,91.0,3028.0,818.0,3.0,6.0,6.0,4.0,7.0,6.0,2.0,1.0,Completed,1.73,2.1,1.72,2.2,1.75,2.26,1.7,2.15,20240201
7,Linz,Ladies Linz Open,2024-02-02,WTA500,Indoor,Hard,Quarterfinals,3,Vekic D.,Burel C.,34.0,52.0,1445.0,1160.0,6.0,0.0,7.0,6.0,,,2.0,0.0,Completed,1.8,2.0,1.79,2.15,1.86,2.18,1.78,2.03,20240202
7,Linz,Ladies Linz Open,2024-02-02,WTA500,Indoor,Hard,Quarterfinals,3,Alexandrova E.,Potapova A.,21.0,27.0,2095.0,1634.0,6.0,2.0,7.0,6.0,,,2.0,0.0,Completed,1.53,2.5,1.52,2.72,1.6,2.75,1.51,2.54,20240202
7,Linz,Ladies Linz Open,2024-02-02,WTA500,Indoor,Hard,Quarterfinals,3,Ostapenko J.,Burrage J.,12.0,102.0,3028.0,713.0,6.0,1.0,6.0,2.0,,,2.0,0.0,Completed,1.25,4.0,1.28,4.09,1.3,4.5,1.25,3.95,20240202
7,Linz,Ladies Linz Open,2024-02-02,WTA500,Indoor,Hard,Quarterfinals,3,Pavlyuchenkova A.,Mertens E.,42.0,26.0,1238.0,1653.0,6.0,3.0,6.0,2.0,,,2.0,0.0,Completed,1.8,2.0,1.77,2.18,1.83,2.18,1.78,2.03,20240202
7,Linz,Ladies Linz Open,2024-02-03,WTA500,Indoor,Hard,Semifinals,3,Alexandrova E.,Vekic D.,21.0,34.0,2095.0,1445.0,5.0,7.0,7.0,6.0,7.0,6.0,2.0,1.0,Completed,1.5,2.63,1.55,2.67,1.55,2.9,1.48,2.66,20240203
7,Linz,Ladies Linz Open,2024-02-03,WTA500,Indoor,Hard,Semifinals,3,Ostapenko J.,Pavlyuchenkova A.,12.0,42.0,3028.0,1238.0,6.0,2.0,6.0,3.0,,,2.0,0.0,Completed,1.8,2.0,1.88,2.03,1.9,2.06,1.83,1.97,20240203
7,Linz,Ladies Linz Open,2024-02-04,WTA500,Indoor,Hard,The Final,3,Ostapenko J.,Alexandrova E.,12.0,21.0,3028.0,2095.0,6.0,2.0,6.0,3.0,,,2.0,0.0,Completed,1.57,2.38,1.56,2.61,1.62,2.61,1.55,2.44,20240204
8,Abu Dhabi,Abu Dhabi WTA Women's Tennis Open,2024-02-05,WTA500,Outdoor,Hard,1st Round,3,Cirstea S.,Garcia C.,26.0,21.0,1722.0,2075.0,6.0,7.0,6.0,4.0,6.0,4.0,2.0,1.0,Completed,2.2,1.67,2.32,1.66,2.38,1.68,2.26,1.63,20240205
8,Abu Dhabi,Abu Dhabi WTA Women's Tennis Open,2024-02-05,WTA500,Outdoor,Hard,1st Round,3,Krueger A.,Pera B.,82.0,89.0,886.0,836.0,6.0,2.0,5.0,7.0,6.0,3.0,2.0,1.0,Completed,1.62,2.3,1.68,2.28,1.68,2.54,1.64,2.24,20240205
8,Abu Dhabi,Abu Dhabi WTA Women's Tennis Open,2024-02-05,WTA500,Outdoor,Hard,1st Round,3,Haddad Maia B.,Wang Xiy.,13.0,60.0,2950.0,1054.0,6.0,2.0,7.0,6.0,,,2.0,0.0,Completed,1.44,2.75,1.52,2.67,1.52,2.78,1.48,2.62,20240205
8,Abu Dhabi,Abu Dhabi WTA Women's Tennis Open,2024-02-05,WTA500,Outdoor,Hard,1st Round,3,Kasatkina D.,Parry D.,14.0,59.0,2838.0,1063.0,6.0,4.0,5.0,7.0,6.0,4.0,2.0,1.0,Completed,1.3,3.5,1.37,3.29,1.37,3.5,1.34,3.2,20240205
8,Abu Dhabi,Abu Dhabi WTA Women's Tennis Open,2024-02-05,WTA500,Outdoor,Hard,1st Round,3,Raducanu E.,Bouzkova M.,296.0,36.0,231.0,1382.0,6.0,4.0,6.0,1.0,,,2.0,0.0,Completed,2.1,1.73,2.17,1.75,2.2,1.79,2.11,1.72,20240205
8,Abu Dhabi,Abu Dhabi WTA Women's Tennis Open,2024-02-06,WTA500,Outdoor,Hard,1st Round,3,Sorribes Tormo S.,Noskova L.,54.0,31.0,1137.0,1494.0,6.0,3.0,3.0,6.0,6.0,3.0,2.0,1.0,Completed,3.4,1.33,3.47,1.34,3.6,1.34,3.35,1.32,20240206
8,Abu Dhabi,Abu Dhabi WTA Women's Tennis Open,2024-02-06,WTA500,Outdoor,Hard,1st Round,3,Linette M.,Eala A.,55.0,187.0,1126.0,421.0,7.0,6.0,6.0,1.0,,,2.0,0.0,Completed,1.4,3.0,1.36,3.35,1.46,3.35,1.38,2.99,20240206
8,Abu Dhabi,Abu Dhabi WTA Women's Tennis Open,2024-02-06,WTA500,Outdoor,Hard,1st Round,3,Bucsa C.,Wang Xin.,74.0,41.0,928.0,1281.0,5.0,7.0,6.0,0.0,6.0,3.0,2.0,1.0,Completed,2.38,1.57,2.33,1.64,2.42,1.65,2.33,1.59,20240206
8,Abu Dhabi,Abu Dhabi WTA Women's Tennis Open,2024-02-06,WTA500,Outdoor,Hard,1st Round,3,Collins D.,Osaka N.,71.0,757.0,962.0,42.0,7.0,5.0,6.0,0.0,,,2.0,0.0,Completed,1.67,2.2,1.68,2.27,1.72,2.27,1.66,2.19,20240206
8,Abu Dhabi,Abu Dhabi WTA Women's Tennis Open,2024-02-06,WTA500,Outdoor,Hard,1st Round,3,Watson H.,Kudermetova V.,156.0,16.0,482.0,2495.0,6.0,3.0,7.0,5.0,,,2.0,0.0,Completed,3.75,1.29,3.87,1.29,3.87,1.3,3.62,1.28,20240206
8,Abu Dhabi,Abu Dhabi WTA Women's Tennis Open,2024-02-06,WTA500,Outdoor,Hard,1st Round,3,Kalinina A.,Bronzetti L.,32.0,53.0,1480.0,1139.0,6.0,1.0,7.0,6.0,,,2.0,0.0,Completed,2.1,1.73,2.12,1.78,2.15,1.78,2.08,1.73,20240206
8,Abu Dhabi,Abu Dhabi WTA Women's Tennis Open,2024-02-06,WTA500,Outdoor,Hard,1st Round,3,Samsonova L.,Tsurenko L.,15.0,37.0,2700.0,1363.0,6.0,0.0,6.0,1.0,,,2.0,0.0,Completed,1.57,2.38,1.6,2.49,1.63,2.49,1.58,2.35,20240206
8,Abu Dhabi,Abu Dhabi WTA Women's Tennis Open,2024-02-07,WTA500,Outdoor,Hard,2nd Round,3,Kasatkina D.,Krueger A.,14.0,82.0,2838.0,886.0,6.0,3.0,7.0,5.0,,,2.0,0.0,Completed,1.44,2.75,1.47,2.87,1.53,2.97,1.45,2.71,20240207
8,Abu Dhabi,Abu Dhabi WTA Women's Tennis Open,2024-02-07,WTA500,Outdoor,Hard,2nd Round,3,Haddad Maia B.,Linette M.,13.0,55.0,2950.0,1126.0,7.0,6.0,6.0,7.0,6.0,1.0,2.0,1.0,Completed,1.29,3.75,1.3,3.88,1.33,3.88,1.28,3.62,20240207
8,Abu Dhabi,Abu Dhabi WTA Women's Tennis Open,2024-02-07,WTA500,Outdoor,Hard,2nd Round,3,Cirstea S.,Sakkari M.,26.0,9.0,1722.0,3710.0,6.0,2.0,6.0,1.0,,,2.0,0.0,Completed,2.5,1.53,2.55,1.57,2.55,1.6,2.42,1.55,20240207
8,Abu Dhabi,Abu Dhabi WTA Women's Tennis Open,2024-02-07,WTA500,Outdoor,Hard,2nd Round,3,Jabeur O.,Raducanu E.,6.0,296.0,4076.0,231.0,6.0,4.0,6.0,1.0,,,2.0,0.0,Completed,1.91,1.91,1.98,1.91,1.98,1.98,1.9,1.89,20240207
8,Abu Dhabi,Abu Dhabi WTA Women's Tennis Open,2024-02-08,WTA500,Outdoor,Hard,2nd Round,3,Krejcikova B.,Sorribes Tormo S.,12.0,54.0,3081.0,1137.0,6.0,2.0,1.0,0.0,,,1.0,0.0,Retired,1.29,3.75,1.29,3.98,1.34,3.98,1.29,3.52,20240208
8,Abu Dhabi,Abu Dhabi WTA Women's Tennis Open,2024-02-08,WTA500,Outdoor,Hard,2nd Round,3,Samsonova L.,Kalinina A.,15.0,32.0,2700.0,1480.0,6.0,1.0,6.0,3.0,,,2.0,0.0,Completed,1.29,3.75,1.32,3.65,1.32,3.9,1.29,3.58,20240208
8,Abu Dhabi,Abu Dhabi WTA Women's Tennis Open,2024-02-08,WTA500,Outdoor,Hard,2nd Round,3,Rybakina E.,Collins D.,5.0,71.0,5688.0,962.0,4.0,6.0,6.0,3.0,6.0,3.0,2.0,1.0,Completed,1.36,3.2,1.4,3.18,1.41,3.25,1.37,3.08,20240208
8,Abu Dhabi,Abu Dhabi WTA Women's Tennis Open,2024-02-08,WTA500,Outdoor,Hard,2nd Round,3,Bucsa C.,Watson H.,74.0,156.0,928.0,482.0,7.0,6.0,7.0,5.0,,,2.0,0.0,Completed,1.73,2.1,1.85,2.05,1.85,2.1,1.78,2.02,20240208
8,Abu Dhabi,Abu Dhabi WTA Women's Tennis Open,2024-02-09,WTA500,Outdoor,Hard,Quarterfinals,3,Samsonova L.,Krejcikova B.,15.0,12.0,2700.0,3081.0,7.0,5.0,6.0,4.0,,,2.0,0.0,Completed,1.91,1.91,2.08,1.84,2.08,1.97,1.88,1.91,20240209
8,Abu Dhabi,Abu Dhabi WTA Women's Tennis Open,2024-02-09,WTA500,Outdoor,Hard,Quarterfinals,3,Rybakina E.,Bucsa C.,5.0,74.0,5688.0,928.0,6.0,1.0,6.0,4.0,,,2.0,0.0,Completed,1.07,9.0,1.11,8.29,1.12,9.0,1.08,7.52,20240209
8,Abu Dhabi,Abu Dhabi WTA Women's Tennis Open,2024-02-09,WTA500,Outdoor,Hard,Quarterfinals,3,Haddad Maia B.,Jabeur O.,13.0,6.0,2950.0,4076.0,6.0,3.0,6.0,4.0,,,2.0,0.0,Completed,2.3,1.62,2.16,1.78,2.41,1.78,2.19,1.68,20240209
8,Abu Dhabi,Abu Dhabi WTA Women's Tennis Open,2024-02-09,WTA500,Outdoor,Hard,Quarterfinals,3,Kasatkina D.,Cirstea S.,14.0,26.0,2838.0,1722.0,6.0,2.0,6.0,0.0,,,2.0,0.0,Completed,1.8,2.0,1.83,2.09,1.87,2.09,1.81,1.99,20240209
8,Abu Dhabi,Abu Dhabi WTA Women's Tennis Open,2024-02-10,WTA500,Outdoor,Hard,Semifinals,3,Kasatkina D.,Haddad Maia B.,14.0,13.0,2838.0,2950.0,6.0,3.0,4.0,6.0,7.0,6.0,2.0,1.0,Completed,2.0,1.8,2.06,1.85,2.1,1.85,2.01,1.8,20240210
8,Abu Dhabi,Abu Dhabi WTA Women's Tennis Open,2024-02-10,WTA500,Outdoor,Hard,Semifinals,3,Rybakina E.,Samsonova L.,5.0,15.0,5688.0,2700.0,6.0,0.0,4.0,6.0,6.0,2.0,2.0,1.0,Completed,1.53,2.5,1.52,2.72,1.58,2.72,1.5,2.58,20240210
8,Abu Dhabi,Abu Dhabi WTA Women's Tennis Open,2024-02-11,WTA500,Outdoor,Hard,The Final,3,Rybakina E.,Kasatkina D.,5.0,14.0,5688.0,2838.0,6.0,1.0,6.0,4.0,,,2.0,0.0,Completed,1.29,3.75,1.3,3.94,1.32,4.0,1.28,3.68,20240211
9,Cluj-Napoca,Transylvania Open,2024-02-05,WTA250,Indoor,Hard,1st Round,3,Osorio M.,Tomova V.,11.0,64.0,3473.0,1017.0,6.0,2.0,6.0,4.0,,,2.0,0.0,Completed,1.53,2.5,1.56,2.53,1.57,2.6,1.53,2.48,20240205
9,Cluj-Napoca,Transylvania Open,2024-02-05,WTA250,Indoor,Hard,1st Round,3,Parrizas Diaz N.,Siegemund L.,132.0,90.0,556.0,832.0,6.0,4.0,6.0,4.0,,,2.0,0.0,Completed,2.5,1.53,2.37,1.55,2.67,1.55,2.51,1.52,20240205
9,Cluj-Napoca,Transylvania Open,2024-02-05,WTA250,Indoor,Hard,1st Round,3,Tauson C.,Podoroska N.,80.0,85.0,895.0,867.0,6.0,3.0,6.0,1.0,,,2.0,0.0,Completed,1.14,5.5,1.17,5.57,1.18,5.57,1.16,5.16,20240205
9,Cluj-Napoca,Transylvania Open,2024-02-05,WTA250,Indoor,Hard,1st Round,3,Blinkova A.,Waltert S.,51.0,175.0,1192.0,437.0,6.0,3.0,6.0,0.0,,,2.0,0.0,Completed,1.36,3.2,1.38,3.22,1.4,3.25,1.35,3.15,20240205
9,Cluj-Napoca,Transylvania Open,2024-02-05,WTA250,Indoor,Hard,1st Round,3,Bogdan A.,Parks A.,65.0,110.0,1016.0,669.0,7.0,5.0,7.0,5.0,,,2.0,0.0,Completed,1.91,1.91,1.85,2.02,1.97,2.02,1.84,1.94,20240205
9,Cluj-Napoca,Transylvania Open,2024-02-05,WTA250,Indoor,Hard,1st Round,3,Rus A.,Minnen G.,45.0,75.0,1238.0,928.0,7.0,5.0,6.0,1.0,,,2.0,0.0,Completed,1.91,1.91,1.9,1.97,1.96,1.97,1.88,1.9,20240205
9,Cluj-Napoca,Transylvania Open,2024-02-06,WTA250,Indoor,Hard,1st Round,3,Dart H.,Bondar A.,103.0,125.0,699.0,601.0,6.0,4.0,7.0,6.0,,,2.0,0.0,Completed,1.53,2.5,1.58,2.49,1.59,2.64,1.55,2.41,20240206
9,Cluj-Napoca,Transylvania Open,2024-02-06,WTA250,Indoor,Hard,1st Round,3,Cornet A.,Wickmayer Y.,104.0,83.0,690.0,883.0,7.0,5.0,4.0,6.0,6.0,3.0,2.0,1.0,Completed,1.73,2.1,1.75,2.17,1.83,2.17,1.74,2.08,20240206
9,Cluj-Napoca,Transylvania Open,2024-02-06,WTA250,Indoor,Hard,1st Round,3,Maria T.,Bai Z.,49.0,87.0,1205.0,850.0,7.0,5.0,6.0,3.0,,,2.0,0.0,Completed,1.67,2.2,1.71,2.23,1.73,2.27,1.67,2.18,20240206
9,Cluj-Napoca,Transylvania Open,2024-02-06,WTA250,Indoor,Hard,1st Round,3,Andreeva E.,Todoni A.,112.0,230.0,653.0,331.0,6.0,3.0,6.0,4.0,,,2.0,0.0,Completed,1.14,5.5,1.17,5.57,1.17,6.54,1.14,5.4,20240206
9,Cluj-Napoca,Transylvania Open,2024-02-06,WTA250,Indoor,Hard,1st Round,3,Avanesyan E.,Korpatsch T.,61.0,77.0,1049.0,918.0,6.0,4.0,7.0,6.0,,,2.0,0.0,Completed,1.8,2.0,1.88,2.0,1.88,2.08,1.83,1.96,20240206
9,Cluj-Napoca,Transylvania Open,2024-02-06,WTA250,Indoor,Hard,1st Round,3,Sevastova A.,Mitu A.,656.0,216.0,58.0,350.0,6.0,2.0,6.0,3.0,,,2.0,0.0,Completed,1.33,3.4,1.32,3.59,1.36,3.6,1.31,3.36,20240206
9,Cluj-Napoca,Transylvania Open,2024-02-06,WTA250,Indoor,Hard,1st Round,3,Cristian J.,Bassols M.,81.0,105.0,891.0,688.0,6.0,3.0,6.0,2.0,,,2.0,0.0,Completed,3.4,1.33,3.59,1.32,1.7,2.02,1.7,2.02,20240206
9,Cluj-Napoca,Transylvania Open,2024-02-06,WTA250,Indoor,Hard,1st Round,3,Pliskova Ka.,Kraus S.,78.0,188.0,902.0,418.0,6.0,4.0,7.0,6.0,,,2.0,0.0,Completed,1.29,3.75,1.35,3.42,1.35,3.76,1.31,3.38,20240206
9,Cluj-Napoca,Transylvania Open,2024-02-07,WTA250,Indoor,Hard,1st Round,3,Cocciaretto E.,Arango E.,56.0,122.0,1119.0,611.0,6.0,0.0,6.0,1.0,,,2.0,0.0,Completed,1.2,4.5,1.23,4.56,1.29,4.56,1.21,4.3,20240207
9,Cluj-Napoca,Transylvania Open,2024-02-07,WTA250,Indoor,Hard,1st Round,3,Errani S.,Mcnally C.,98.0,170.0,751.0,447.0,6.0,2.0,6.0,4.0,,,2.0,0.0,Completed,2.75,1.44,2.72,1.5,2.85,1.5,2.7,1.45,20240207
9,Cluj-Napoca,Transylvania Open,2024-02-07,WTA250,Indoor,Hard,2nd Round,3,Parrizas Diaz N.,Blinkova A.,132.0,51.0,556.0,1192.0,6.0,1.0,3.0,6.0,6.0,4.0,2.0,1.0,Completed,2.5,1.53,2.52,1.57,2.63,1.57,2.49,1.53,20240207
9,Cluj-Napoca,Transylvania Open,2024-02-07,WTA250,Indoor,Hard,2nd Round,3,Rus A.,Cornet A.,45.0,104.0,1238.0,690.0,4.0,6.0,6.0,4.0,6.0,0.0,2.0,1.0,Completed,1.57,2.38,1.61,2.43,1.62,2.43,1.57,2.36,20240207
9,Cluj-Napoca,Transylvania Open,2024-02-07,WTA250,Indoor,Hard,2nd Round,3,Bogdan A.,Andreeva E.,65.0,112.0,1016.0,653.0,6.0,4.0,6.0,4.0,,,2.0,0.0,Completed,2.3,1.62,2.23,1.71,2.38,1.73,2.24,1.64,20240207
9,Cluj-Napoca,Transylvania Open,2024-02-08,WTA250,Indoor,Hard,2nd Round,3,Dart H.,Cocciaretto E.,103.0,56.0,699.0,1119.0,5.0,7.0,7.0,5.0,6.0,3.0,2.0,1.0,Completed,3.0,1.4,2.8,1.48,3,1.49,2.84,1.41,20240208
9,Cluj-Napoca,Transylvania Open,2024-02-08,WTA250,Indoor,Hard,2nd Round,3,Sevastova A.,Avanesyan E.,656.0,61.0,58.0,1049.0,6.0,2.0,6.0,7.0,2.0,0.0,1.0,1.0,Retired,1.67,2.2,1.73,2.2,1.85,2.26,1.7,2.14,20240208
9,Cluj-Napoca,Transylvania Open,2024-02-08,WTA250,Indoor,Hard,2nd Round,3,Errani S.,Maria T.,98.0,49.0,751.0,1205.0,6.0,0.0,6.0,1.0,,,2.0,0.0,Completed,2.38,1.57,2.41,1.61,2.63,1.67,2.45,1.54,20240208
9,Cluj-Napoca,Transylvania Open,2024-02-08,WTA250,Indoor,Hard,2nd Round,3,Cristian J.,Tauson C.,81.0,80.0,891.0,895.0,6.0,4.0,6.0,0.0,,,2.0,0.0,Completed,3.5,1.3,3.83,1.29,3.83,1.34,3.47,1.3,20240208
9,Cluj-Napoca,Transylvania Open,2024-02-08,WTA250,Indoor,Hard,2nd Round,3,Pliskova Ka.,Osorio M.,78.0,11.0,902.0,3473.0,6.0,2.0,6.0,1.0,,,2.0,0.0,Completed,1.73,2.1,1.79,2.11,1.8,2.11,1.74,2.07,20240208
9,Cluj-Napoca,Transylvania Open,2024-02-09,WTA250,Indoor,Hard,Quarterfinals,3,Dart H.,Parrizas Diaz N.,103.0,132.0,699.0,556.0,6.0,3.0,6.0,2.0,,,2.0,0.0,Completed,1.8,2.0,1.89,2.02,1.89,2.05,1.81,1.99,20240209
9,Cluj-Napoca,Transylvania Open,2024-02-09,WTA250,Indoor,Hard,Quarterfinals,3,Cristian J.,Sevastova A.,81.0,656.0,891.0,58.0,6.0,3.0,7.0,5.0,,,2.0,0.0,Completed,1.73,2.1,1.81,2.11,1.81,2.21,1.73,2.1,20240209
9,Cluj-Napoca,Transylvania Open,2024-02-09,WTA250,Indoor,Hard,Quarterfinals,3,Bogdan A.,Rus A.,65.0,45.0,1016.0,1238.0,3.0,6.0,7.0,6.0,7.0,6.0,2.0,1.0,Completed,1.67,2.2,1.71,2.28,1.73,2.34,1.66,2.2,20240209
9,Cluj-Napoca,Transylvania Open,2024-02-09,WTA250,Indoor,Hard,Quarterfinals,3,Pliskova Ka.,Errani S.,78.0,98.0,902.0,751.0,6.0,2.0,6.0,0.0,,,2.0,0.0,Completed,1.25,4.0,1.29,4.0,1.29,4.21,1.24,3.99,20240209
9,Cluj-Napoca,Transylvania Open,2024-02-10,WTA250,Indoor,Hard,Semifinals,3,Bogdan A.,Cristian J.,65.0,81.0,1016.0,891.0,6.0,3.0,3.0,6.0,6.0,4.0,2.0,1.0,Completed,2.0,1.8,1.94,1.96,2.1,1.96,1.97,1.83,20240210
9,Cluj-Napoca,Transylvania Open,2024-02-10,WTA250,Indoor,Hard,Semifinals,3,Pliskova Ka.,Dart H.,78.0,103.0,902.0,699.0,6.0,3.0,6.0,3.0,,,2.0,0.0,Completed,1.36,3.2,1.39,3.3,1.41,3.3,1.37,3.05,20240210
9,Cluj-Napoca,Transylvania Open,2024-02-11,WTA250,Indoor,Hard,The Final,3,Pliskova Ka.,Bogdan A.,78.0,65.0,902.0,1016.0,6.0,4.0,6.0,3.0,,,2.0,0.0,Completed,1.44,2.75,1.42,3.14,1.52,3.14,1.43,2.8,20240211
10,Doha,Qatar Open,2024-02-11,WTA1000,Outdoor,Hard,1st Round,3,Kostyuk M.,Dolehide C.,29.0,44.0,1517.0,1263.0,6.0,3.0,7.0,5.0,,,2.0,0.0,Completed,1.29,3.75,1.3,3.78,1.3,3.78,1.28,3.64,20240211
10,Doha,Qatar Open,2024-02-11,WTA1000,Outdoor,Hard,1st Round,3,Tsurenko L.,Sonmez Z.,37.0,183.0,1363.0,424.0,7.0,5.0,6.0,3.0,,,2.0,0.0,Completed,1.17,5.0,1.21,4.75,1.23,5.3,1.19,4.6,20240211
10,Doha,Qatar Open,2024-02-11,WTA1000,Outdoor,Hard,1st Round,3,Alexandrova E.,Tomova V.,19.0,68.0,2410.0,1014.0,7.0,6.0,6.0,3.0,,,2.0,0.0,Completed,1.22,4.33,1.25,4.28,1.26,5.16,1.22,4.18,20240211
10,Doha,Qatar Open,2024-02-11,WTA1000,Outdoor,Hard,1st Round,3,Siniakova K.,Vekic D.,42.0,27.0,1274.0,1580.0,7.0,5.0,6.0,1.0,,,2.0,0.0,Completed,2.0,1.8,2.04,1.84,2.1,1.95,2.0,1.8,20240211
10,Doha,Qatar Open,2024-02-11,WTA1000,Outdoor,Hard,1st Round,3,Collins D.,Kudermetova V.,63.0,18.0,1046.0,2425.0,7.0,5.0,6.0,3.0,,,2.0,0.0,Completed,1.62,2.3,1.66,2.32,1.7,2.32,1.64,2.24,20240211
10,Doha,Qatar Open,2024-02-11,WTA1000,Outdoor,Hard,1st Round,3,Minnen G.,Maria T.,85.0,50.0,859.0,1205.0,6.0,1.0,6.0,1.0,,,2.0,0.0,Completed,1.44,2.75,1.48,2.81,1.53,2.81,1.46,2.7,20240211
10,Doha,Qatar Open,2024-02-11,WTA1000,Outdoor,Hard,1st Round,3,Andreeva E.,Shnaider D.,106.0,75.0,686.0,934.0,7.0,6.0,6.0,4.0,,,2.0,0.0,Completed,2.38,1.57,2.49,1.58,2.6,1.6,2.42,1.55,20240211
10,Doha,Qatar Open,2024-02-11,WTA1000,Outdoor,Hard,1st Round,3,Cirstea S.,Stephens S.,22.0,39.0,1829.0,1322.0,6.0,3.0,6.0,2.0,,,2.0,0.0,Completed,1.67,2.2,1.72,2.21,1.74,2.22,1.68,2.16,20240211
10,Doha,Qatar Open,2024-02-11,WTA1000,Outdoor,Hard,1st Round,3,Zhu L.,Gracheva V.,57.0,47.0,1117.0,1218.0,6.0,1.0,6.0,1.0,,,2.0,0.0,Completed,1.4,3.0,1.42,3.02,1.44,3.02,1.41,2.87,20240211
10,Doha,Qatar Open,2024-02-12,WTA1000,Outdoor,Hard,1st Round,3,Navarro E.,Paolini J.,23.0,24.0,1803.0,1735.0,6.0,3.0,7.0,5.0,,,2.0,0.0,Completed,1.57,2.38,1.63,2.39,1.63,2.5,1.57,2.37,20240212
10,Doha,Qatar Open,2024-02-12,WTA1000,Outdoor,Hard,1st Round,3,Mertens E.,Stearns P.,25.0,65.0,1706.0,1032.0,6.0,2.0,6.0,3.0,,,2.0,0.0,Completed,1.29,3.75,1.28,3.98,1.33,4.0,1.28,3.66,20240212
10,Doha,Qatar Open,2024-02-12,WTA1000,Outdoor,Hard,1st Round,3,Kalinina A.,Raducanu E.,30.0,262.0,1510.0,291.0,6.0,0.0,7.0,6.0,,,2.0,0.0,Completed,3.0,1.4,2.77,1.49,3.01,1.5,2.78,1.43,20240212
10,Doha,Qatar Open,2024-02-12,WTA1000,Outdoor,Hard,1st Round,3,Badosa P.,Krueger A.,79.0,74.0,898.0,942.0,6.0,3.0,4.0,6.0,6.0,4.0,2.0,1.0,Completed,1.8,2.0,1.91,1.96,1.91,2.1,1.81,2.01,20240212
10,Doha,Qatar Open,2024-02-12,WTA1000,Outdoor,Hard,1st Round,3,Fernandez L.A.,Samsonova L.,38.0,15.0,1355.0,2590.0,7.0,5.0,7.0,6.0,,,2.0,0.0,Completed,2.75,1.44,2.55,1.56,2.78,1.56,2.59,1.49,20240212
10,Doha,Qatar Open,2024-02-12,WTA1000,Outdoor,Hard,1st Round,3,Azarenka V.,Frech M.,31.0,52.0,1471.0,1185.0,6.0,3.0,3.0,6.0,6.0,3.0,2.0,1.0,Completed,1.3,3.5,1.29,3.87,1.35,3.87,1.3,3.47,20240212
10,Doha,Qatar Open,2024-02-12,WTA1000,Outdoor,Hard,1st Round,3,Martic P.,Rus A.,67.0,43.0,1015.0,1271.0,7.0,5.0,3.0,6.0,7.0,6.0,2.0,1.0,Completed,1.62,2.3,1.64,2.36,1.66,2.38,1.61,2.29,20240212
10,Doha,Qatar Open,2024-02-12,WTA1000,Outdoor,Hard,1st Round,3,Potapova A.,Trevisan M.,34.0,58.0,1403.0,1105.0,6.0,4.0,6.0,4.0,,,2.0,0.0,Completed,1.62,2.3,1.64,2.36,2.11,1.6,2.11,1.6,20240212
10,Doha,Qatar Open,2024-02-12,WTA1000,Outdoor,Hard,1st Round,3,Linette M.,Hibino N.,53.0,93.0,1185.0,788.0,6.0,1.0,6.0,4.0,,,2.0,0.0,Completed,1.5,2.63,1.51,2.7,1.52,2.75,1.47,2.66,20240212
10,Doha,Qatar Open,2024-02-12,WTA1000,Outdoor,Hard,1st Round,3,Pavlyuchenkova A.,Kasatkina D.,32.0,13.0,1421.0,3063.0,6.0,2.0,7.0,6.0,,,2.0,0.0,Completed,1.73,2.1,1.81,2.09,1.83,2.12,1.76,2.05,20240212
10,Doha,Qatar Open,2024-02-12,WTA1000,Outdoor,Hard,1st Round,3,Bouzkova M.,Kenin S.,35.0,45.0,1382.0,1225.0,7.0,5.0,2.0,6.0,7.0,5.0,2.0,1.0,Completed,1.53,2.5,1.6,2.44,1.6,2.51,1.55,2.43,20240212
10,Doha,Qatar Open,2024-02-12,WTA1000,Outdoor,Hard,1st Round,3,Noskova L.,Pera B.,28.0,83.0,1518.0,860.0,6.0,3.0,7.0,6.0,,,2.0,0.0,Completed,1.44,2.75,1.49,2.75,1.5,2.9,1.44,2.74,20240212
10,Doha,Qatar Open,2024-02-12,WTA1000,Outdoor,Hard,1st Round,3,Osaka N.,Garcia C.,747.0,21.0,43.0,2075.0,7.0,5.0,6.0,4.0,,,2.0,0.0,Completed,2.1,1.73,2.15,1.76,2.24,1.76,2.11,1.72,20240212
10,Doha,Qatar Open,2024-02-12,WTA1000,Outdoor,Hard,1st Round,3,Wang Xin.,Haddad Maia B.,41.0,14.0,1281.0,2960.0,6.0,1.0,6.0,3.0,,,2.0,0.0,Completed,3.4,1.33,3.48,1.34,3.53,1.38,3.26,1.34,20240212
10,Doha,Qatar Open,2024-02-12,WTA1000,Outdoor,Hard,1st Round,3,Pliskova Ka.,Kalinskaya A.,59.0,40.0,1097.0,1314.0,2.0,6.0,7.0,6.0,6.0,4.0,2.0,1.0,Completed,2.3,1.62,2.29,1.68,2.32,1.68,2.24,1.64,20240212
10,Doha,Qatar Open,2024-02-12,WTA1000,Outdoor,Hard,2nd Round,3,Swiatek I.,Cirstea S.,1.0,22.0,9770.0,1829.0,6.0,1.0,6.0,1.0,,,2.0,0.0,Completed,1.07,9.0,1.1,8.7,1.11,9.5,1.07,8.29,20240212
10,Doha,Qatar Open,2024-02-12,WTA1000,Outdoor,Hard,2nd Round,3,Vondrousova M.,Minnen G.,8.0,85.0,3736.0,859.0,6.0,2.0,0.0,6.0,6.0,4.0,2.0,1.0,Completed,1.25,4.0,1.35,3.47,1.35,4.1,1.28,3.67,20240212
10,Doha,Qatar Open,2024-02-13,WTA1000,Outdoor,Hard,2nd Round,3,Zheng Q.,Linette M.,7.0,53.0,3766.0,1185.0,6.0,2.0,2.0,6.0,6.0,3.0,2.0,1.0,Completed,1.2,4.5,1.23,4.6,1.23,4.66,1.2,4.43,20240213
10,Doha,Qatar Open,2024-02-13,WTA1000,Outdoor,Hard,2nd Round,3,Pavlyuchenkova A.,Kostyuk M.,32.0,29.0,1421.0,1517.0,2.0,1.0,,,,,0.0,0.0,Retired,1.73,2.1,1.75,2.18,1.82,2.18,1.75,2.06,20240213
10,Doha,Qatar Open,2024-02-13,WTA1000,Outdoor,Hard,2nd Round,3,Fernandez L.A.,Badosa P.,38.0,79.0,1355.0,898.0,0.0,6.0,6.0,2.0,6.0,3.0,2.0,1.0,Completed,1.73,2.1,1.69,2.29,1.77,2.29,1.71,2.12,20240213
10,Doha,Qatar Open,2024-02-13,WTA1000,Outdoor,Hard,2nd Round,3,Navarro E.,Mertens E.,23.0,25.0,1803.0,1706.0,6.0,1.0,6.0,3.0,,,2.0,0.0,Completed,2.0,1.8,2.07,1.83,2.07,1.91,1.97,1.82,20240213
10,Doha,Qatar Open,2024-02-13,WTA1000,Outdoor,Hard,2nd Round,3,Azarenka V.,Wang Xin.,31.0,41.0,1471.0,1281.0,7.0,6.0,6.0,2.0,,,2.0,0.0,Completed,1.44,2.75,1.42,3.1,1.46,3.11,1.41,2.88,20240213
10,Doha,Qatar Open,2024-02-13,WTA1000,Outdoor,Hard,2nd Round,3,Noskova L.,Sakkari M.,28.0,9.0,1518.0,3630.0,3.0,6.0,7.0,6.0,7.0,5.0,2.0,1.0,Completed,1.91,1.91,1.9,1.99,1.92,2.0,1.86,1.93,20240213
10,Doha,Qatar Open,2024-02-13,WTA1000,Outdoor,Hard,2nd Round,3,Collins D.,Bouzkova M.,63.0,35.0,1046.0,1382.0,6.0,4.0,7.0,5.0,,,2.0,0.0,Completed,1.5,2.63,1.52,2.69,1.56,2.7,1.49,2.58,20240213
10,Doha,Qatar Open,2024-02-13,WTA1000,Outdoor,Hard,2nd Round,3,Alexandrova E.,Andreeva E.,19.0,106.0,2410.0,686.0,6.0,0.0,3.0,6.0,6.0,1.0,2.0,1.0,Completed,1.44,2.75,1.51,2.72,1.51,2.8,1.45,2.71,20240213
10,Doha,Qatar Open,2024-02-13,WTA1000,Outdoor,Hard,2nd Round,3,Pliskova Ka.,Potapova A.,59.0,34.0,1097.0,1403.0,6.0,1.0,5.0,7.0,6.0,4.0,2.0,1.0,Completed,1.8,2.0,1.94,1.94,1.98,2.03,1.88,1.91,20240213
10,Doha,Qatar Open,2024-02-13,WTA1000,Outdoor,Hard,2nd Round,3,Siniakova K.,Gauff C.,42.0,3.0,1274.0,7200.0,6.0,2.0,6.0,4.0,,,2.0,0.0,Completed,6.0,1.13,5.82,1.17,6,1.17,5.35,1.15,20240213
10,Doha,Qatar Open,2024-02-13,WTA1000,Outdoor,Hard,2nd Round,3,Ostapenko J.,Kalinina A.,11.0,30.0,3473.0,1510.0,6.0,0.0,6.0,3.0,,,2.0,0.0,Completed,1.17,5.0,1.22,4.83,1.22,5.04,1.2,4.51,20240213
10,Doha,Qatar Open,2024-02-13,WTA1000,Outdoor,Hard,2nd Round,3,Tsurenko L.,Jabeur O.,37.0,6.0,1363.0,4183.0,6.0,3.0,6.0,2.0,,,2.0,0.0,Completed,3.2,1.36,2.96,1.45,3.2,1.45,2.98,1.38,20240213
10,Doha,Qatar Open,2024-02-13,WTA1000,Outdoor,Hard,2nd Round,3,Osaka N.,Martic P.,747.0,67.0,43.0,1015.0,6.0,3.0,7.0,6.0,,,2.0,0.0,Completed,1.44,2.75,1.55,2.6,1.55,2.8,1.46,2.67,20240213
10,Doha,Qatar Open,2024-02-13,WTA1000,Outdoor,Hard,2nd Round,3,Rybakina E.,Zhu L.,4.0,57.0,6088.0,1117.0,6.0,2.0,6.0,1.0,,,2.0,0.0,Completed,1.13,6.0,1.23,4.67,1.23,6.9,1.17,5.13,20240213
10,Doha,Qatar Open,2024-02-14,WTA1000,Outdoor,Hard,3rd Round,3,Pavlyuchenkova A.,Vondrousova M.,32.0,8.0,1421.0,3736.0,7.0,5.0,6.0,3.0,,,2.0,0.0,Completed,1.73,2.1,1.73,2.22,1.86,2.22,1.77,2.04,20240214
10,Doha,Qatar Open,2024-02-14,WTA1000,Outdoor,Hard,3rd Round,3,Collins D.,Siniakova K.,63.0,42.0,1046.0,1274.0,6.0,4.0,6.0,3.0,,,2.0,0.0,Completed,1.62,2.3,1.57,2.55,1.63,2.55,1.56,2.4,20240214
10,Doha,Qatar Open,2024-02-14,WTA1000,Outdoor,Hard,3rd Round,3,Fernandez L.A.,Zheng Q.,38.0,7.0,1355.0,3766.0,7.0,5.0,6.0,3.0,,,2.0,0.0,Completed,2.75,1.44,2.64,1.54,2.75,1.59,2.65,1.47,20240214
10,Doha,Qatar Open,2024-02-14,WTA1000,Outdoor,Hard,3rd Round,3,Pliskova Ka.,Noskova L.,59.0,28.0,1097.0,1518.0,7.0,0.0,6.0,1.0,,,2.0,0.0,Completed,2.5,1.53,2.34,1.66,2.51,1.66,2.35,1.59,20240214
10,Doha,Qatar Open,2024-02-14,WTA1000,Outdoor,Hard,3rd Round,3,Osaka N.,Tsurenko L.,747.0,37.0,43.0,1363.0,,,,,,,,,Walkover,1.4,3.0,1.45,2.96,1.48,3.0,1.42,2.85,20240214
10,Doha,Qatar Open,2024-02-14,WTA1000,Outdoor,Hard,3rd Round,3,Rybakina E.,Navarro E.,4.0,23.0,6088.0,1803.0,6.0,1.0,6.0,7.0,6.0,4.0,2.0,1.0,Completed,1.17,5.0,1.19,5.29,1.19,5.29,1.17,4.91,20240214
10,Doha,Qatar Open,2024-02-14,WTA1000,Outdoor,Hard,3rd Round,3,Swiatek I.,Alexandrova E.,1.0,19.0,9770.0,2410.0,6.0,1.0,6.0,4.0,,,2.0,0.0,Completed,1.07,9.0,1.12,7.69,1.12,9.0,1.08,7.74,20240214
10,Doha,Qatar Open,2024-02-14,WTA1000,Outdoor,Hard,3rd Round,3,Azarenka V.,Ostapenko J.,31.0,11.0,1471.0,3473.0,6.0,0.0,6.0,3.0,,,2.0,0.0,Completed,2.3,1.62,2.43,1.62,2.45,1.65,2.33,1.6,20240214
10,Doha,Qatar Open,2024-02-15,WTA1000,Outdoor,Hard,Quarterfinals,3,Pavlyuchenkova A.,Collins D.,32.0,63.0,1421.0,1046.0,7.0,5.0,6.0,4.0,,,2.0,0.0,Completed,2.1,1.73,2.29,1.7,2.29,1.77,2.16,1.69,20240215
10,Doha,Qatar Open,2024-02-15,WTA1000,Outdoor,Hard,Quarterfinals,3,Rybakina E.,Fernandez L.A.,4.0,38.0,6088.0,1355.0,6.0,4.0,6.0,2.0,,,2.0,0.0,Completed,1.25,4.0,1.26,4.32,1.29,4.32,1.25,3.92,20240215
10,Doha,Qatar Open,2024-02-15,WTA1000,Outdoor,Hard,Quarterfinals,3,Swiatek I.,Azarenka V.,1.0,31.0,9770.0,1471.0,6.0,4.0,6.0,0.0,,,2.0,0.0,Completed,1.13,6.0,1.15,6.47,1.15,7.0,1.12,6.12,20240215
10,Doha,Qatar Open,2024-02-15,WTA1000,Outdoor,Hard,Quarterfinals,3,Pliskova Ka.,Osaka N.,59.0,747.0,1097.0,43.0,7.0,6.0,7.0,6.0,,,2.0,0.0,Completed,2.1,1.73,2.28,1.7,2.28,1.78,2.13,1.7,20240215
10,Doha,Qatar Open,2024-02-16,WTA1000,Outdoor,Hard,Semifinals,3,Rybakina E.,Pavlyuchenkova A.,4.0,32.0,6088.0,1421.0,6.0,2.0,6.0,4.0,,,2.0,0.0,Completed,1.25,4.0,1.27,4.27,1.32,4.27,1.28,3.68,20240216
10,Doha,Qatar Open,2024-02-16,WTA1000,Outdoor,Hard,Semifinals,3,Swiatek I.,Pliskova Ka.,1.0,59.0,9770.0,1097.0,,,,,,,,,Walkover,1.07,9.0,1.09,9.36,1.1,9.5,1.07,8.33,20240216
10,Doha,Qatar Open,2024-02-17,WTA1000,Outdoor,Hard,The Final,3,Swiatek I.,Rybakina E.,1.0,4.0,9770.0,6088.0,7.0,6.0,6.0,2.0,,,2.0,0.0,Completed,1.53,2.5,1.61,2.48,1.61,2.71,1.54,2.46,20240217
11,Dubai,Dubai Duty Free Tennis Championships,2024-02-18,WTA1000,Outdoor,Hard,1st Round,3,Maria T.,Gracheva V.,54.0,49.0,1185.0,1218.0,6.0,2.0,6.0,1.0,,,2.0,0.0,Completed,1.91,1.91,2.07,1.83,2.07,1.91,1.98,1.82,20240218
11,Dubai,Dubai Duty Free Tennis Championships,2024-02-18,WTA1000,Outdoor,Hard,1st Round,3,Stearns P.,Andreeva M.,65.0,38.0,1041.0,1408.0,6.0,2.0,2.0,6.0,6.0,1.0,2.0,1.0,Completed,5.5,1.14,5.33,1.19,5.5,1.19,5.02,1.17,20240218
11,Dubai,Dubai Duty Free Tennis Championships,2024-02-18,WTA1000,Outdoor,Hard,1st Round,3,Frech M.,Alexandrova E.,53.0,17.0,1190.0,2475.0,7.0,6.0,6.0,3.0,,,2.0,0.0,Completed,3.2,1.36,3.31,1.38,3.31,1.4,3.1,1.36,20240218
11,Dubai,Dubai Duty Free Tennis Championships,2024-02-18,WTA1000,Outdoor,Hard,1st Round,3,Hibino N.,Linette M.,90.0,48.0,806.0,1220.0,6.0,2.0,3.0,6.0,6.0,4.0,2.0,1.0,Completed,2.63,1.5,2.7,1.52,2.75,1.52,2.63,1.48,20240218
11,Dubai,Dubai Duty Free Tennis Championships,2024-02-18,WTA1000,Outdoor,Hard,1st Round,3,Vekic D.,Wang Xin.,31.0,42.0,1580.0,1321.0,6.0,2.0,6.0,4.0,,,2.0,0.0,Completed,1.8,2.0,1.91,1.98,1.91,2.08,1.82,1.97,20240218
11,Dubai,Dubai Duty Free Tennis Championships,2024-02-18,WTA1000,Outdoor,Hard,1st Round,3,Navarro E.,Siniakova K.,23.0,39.0,1863.0,1393.0,4.0,6.0,7.0,5.0,6.0,4.0,2.0,1.0,Completed,1.67,2.2,1.75,2.2,1.75,2.23,1.68,2.17,20240218
11,Dubai,Dubai Duty Free Tennis Championships,2024-02-18,WTA1000,Outdoor,Hard,1st Round,3,Kalinskaya A.,Hunter S.,40.0,128.0,1323.0,586.0,6.0,1.0,6.0,2.0,,,2.0,0.0,Completed,1.3,3.5,1.31,3.74,1.34,3.74,1.3,3.47,20240218
11,Dubai,Dubai Duty Free Tennis Championships,2024-02-18,WTA1000,Outdoor,Hard,1st Round,3,Paolini J.,Haddad Maia B.,26.0,14.0,1735.0,2870.0,4.0,6.0,6.0,4.0,6.0,0.0,2.0,1.0,Completed,2.75,1.44,2.6,1.55,2.84,1.55,2.65,1.48,20240218
11,Dubai,Dubai Duty Free Tennis Championships,2024-02-18,WTA1000,Outdoor,Hard,1st Round,3,Stephens S.,Burel C.,41.0,47.0,1322.0,1224.0,6.0,4.0,1.0,6.0,6.0,2.0,2.0,1.0,Completed,2.0,1.8,2.08,1.83,2.08,1.89,1.99,1.8,20240218
11,Dubai,Dubai Duty Free Tennis Championships,2024-02-18,WTA1000,Outdoor,Hard,1st Round,3,Cocciaretto E.,Mertens E.,58.0,25.0,1148.0,1746.0,1.0,6.0,6.0,3.0,7.0,6.0,2.0,1.0,Completed,2.75,1.44,2.91,1.45,2.91,1.53,2.72,1.46,20240218
11,Dubai,Dubai Duty Free Tennis Championships,2024-02-18,WTA1000,Outdoor,Hard,1st Round,3,Krueger A.,Garcia C.,76.0,21.0,936.0,2040.0,3.0,6.0,6.0,3.0,6.0,3.0,2.0,1.0,Completed,2.2,1.67,2.21,1.74,2.22,1.74,2.15,1.69,20240218
11,Dubai,Dubai Duty Free Tennis Championships,2024-02-18,WTA1000,Outdoor,Hard,1st Round,3,Cirstea S.,Kenin S.,22.0,55.0,1893.0,1180.0,6.0,3.0,7.0,6.0,,,2.0,0.0,Completed,1.57,2.38,1.63,2.4,1.63,2.4,1.57,2.36,20240218
11,Dubai,Dubai Duty Free Tennis Championships,2024-02-19,WTA1000,Outdoor,Hard,1st Round,3,Fernandez L.A.,Pera B.,33.0,83.0,1540.0,877.0,6.0,3.0,6.0,2.0,,,2.0,0.0,Completed,1.33,3.4,1.37,3.32,1.37,3.4,1.35,3.18,20240219
11,Dubai,Dubai Duty Free Tennis Championships,2024-02-19,WTA1000,Outdoor,Hard,1st Round,3,Azarenka V.,Rus A.,27.0,43.0,1631.0,1271.0,6.0,2.0,6.0,4.0,,,2.0,0.0,Completed,1.14,5.5,1.16,6.12,1.16,6.12,1.14,5.62,20240219
11,Dubai,Dubai Duty Free Tennis Championships,2024-02-19,WTA1000,Outdoor,Hard,1st Round,3,Martic P.,Dolehide C.,61.0,45.0,1079.0,1263.0,6.0,4.0,7.0,6.0,,,2.0,0.0,Completed,1.4,3.0,1.43,3.02,1.44,3.02,1.41,2.88,20240219
11,Dubai,Dubai Duty Free Tennis Championships,2024-02-19,WTA1000,Outdoor,Hard,1st Round,3,Pliskova Ka.,Zhang S.,36.0,776.0,1462.0,40.0,6.0,3.0,7.0,5.0,,,2.0,0.0,Completed,1.1,7.0,1.09,9.2,1.1,9.2,1.08,7.48,20240219
11,Dubai,Dubai Duty Free Tennis Championships,2024-02-19,WTA1000,Outdoor,Hard,1st Round,3,Potapova A.,Zhu L.,35.0,57.0,1467.0,1152.0,4.0,6.0,6.0,2.0,6.0,4.0,2.0,1.0,Completed,1.73,2.1,1.77,2.15,1.77,2.15,1.72,2.1,20240219
11,Dubai,Dubai Duty Free Tennis Championships,2024-02-19,WTA1000,Outdoor,Hard,1st Round,3,Pavlyuchenkova A.,Bouzkova M.,24.0,37.0,1810.0,1429.0,6.0,4.0,6.0,3.0,,,2.0,0.0,Completed,1.44,2.75,1.51,2.74,1.51,2.8,1.45,2.74,20240219
11,Dubai,Dubai Duty Free Tennis Championships,2024-02-19,WTA1000,Outdoor,Hard,1st Round,3,Ostapenko J.,Wang Xiy.,9.0,64.0,3533.0,1054.0,5.0,7.0,6.0,2.0,6.0,3.0,2.0,1.0,Completed,1.3,3.5,1.32,3.69,1.32,3.69,1.3,3.46,20240219
11,Dubai,Dubai Duty Free Tennis Championships,2024-02-19,WTA1000,Outdoor,Hard,1st Round,3,Kudermetova V.,Yastremska D.,19.0,29.0,2250.0,1607.0,6.0,0.0,1.0,6.0,6.0,0.0,2.0,1.0,Completed,1.62,2.3,1.61,2.44,1.65,2.45,1.61,2.3,20240219
11,Dubai,Dubai Duty Free Tennis Championships,2024-02-19,WTA1000,Outdoor,Hard,1st Round,3,Samsonova L.,Tomova V.,15.0,68.0,2590.0,1009.0,7.0,6.0,6.0,3.0,,,2.0,0.0,Completed,1.22,4.33,1.25,4.41,1.25,4.41,1.22,4.18,20240219
11,Dubai,Dubai Duty Free Tennis Championships,2024-02-19,WTA1000,Outdoor,Hard,1st Round,3,Sun L.,Badosa P.,181.0,74.0,428.0,962.0,6.0,4.0,,,,,1.0,0.0,Retired,4.5,1.2,4.9,1.21,4.9,1.23,4.47,1.2,20240219
11,Dubai,Dubai Duty Free Tennis Championships,2024-02-19,WTA1000,Outdoor,Hard,1st Round,3,Svitolina E.,Kalinina A.,20.0,32.0,2212.0,1545.0,6.0,3.0,7.0,6.0,,,2.0,0.0,Completed,1.4,3.0,1.4,3.18,1.43,3.18,1.38,2.97,20240219
11,Dubai,Dubai Duty Free Tennis Championships,2024-02-19,WTA1000,Outdoor,Hard,1st Round,3,Bronzetti L.,Kasatkina D.,60.0,13.0,1117.0,3063.0,7.0,6.0,4.0,6.0,7.0,5.0,2.0,1.0,Completed,4.33,1.22,4.32,1.25,4.38,1.26,4.07,1.23,20240219
11,Dubai,Dubai Duty Free Tennis Championships,2024-02-20,WTA1000,Outdoor,Hard,2nd Round,3,Paolini J.,Fernandez L.A.,26.0,33.0,1735.0,1540.0,6.0,3.0,6.0,4.0,,,2.0,0.0,Completed,3.5,1.3,3.59,1.33,3.6,1.36,3.39,1.31,20240220
11,Dubai,Dubai Duty Free Tennis Championships,2024-02-20,WTA1000,Outdoor,Hard,2nd Round,3,Frech M.,Martic P.,53.0,61.0,1190.0,1079.0,6.0,4.0,1.0,6.0,6.0,2.0,2.0,1.0,Completed,1.91,1.91,1.88,2.0,1.91,2.0,1.86,1.93,20240220
11,Dubai,Dubai Duty Free Tennis Championships,2024-02-20,WTA1000,Outdoor,Hard,2nd Round,3,Vondrousova M.,Stearns P.,8.0,65.0,3856.0,1041.0,6.0,1.0,5.0,7.0,6.0,2.0,2.0,1.0,Completed,1.3,3.5,1.37,3.36,1.38,3.53,1.33,3.26,20240220
11,Dubai,Dubai Duty Free Tennis Championships,2024-02-20,WTA1000,Outdoor,Hard,2nd Round,3,Sakkari M.,Navarro E.,11.0,23.0,3455.0,1863.0,6.0,2.0,6.0,4.0,,,2.0,0.0,Completed,2.1,1.73,2.05,1.84,2.12,1.84,2.02,1.78,20240220
11,Dubai,Dubai Duty Free Tennis Championships,2024-02-20,WTA1000,Outdoor,Hard,2nd Round,3,Vekic D.,Sabalenka A.,31.0,2.0,1580.0,8905.0,6.0,7.0,6.0,3.0,6.0,0.0,2.0,1.0,Completed,8.0,1.08,8.08,1.11,8.4,1.12,7.12,1.09,20240220
11,Dubai,Dubai Duty Free Tennis Championships,2024-02-20,WTA1000,Outdoor,Hard,2nd Round,3,Samsonova L.,Pavlyuchenkova A.,15.0,24.0,2590.0,1810.0,,,,,,,,,Walkover,2.0,1.8,2.19,1.75,2.22,1.83,2.08,1.74,20240220
11,Dubai,Dubai Duty Free Tennis Championships,2024-02-20,WTA1000,Outdoor,Hard,2nd Round,3,Kalinskaya A.,Bucsa C.,40.0,67.0,1323.0,1020.0,6.0,3.0,6.0,4.0,,,2.0,0.0,Completed,1.17,5.0,1.21,5.02,1.22,5.05,1.19,4.65,20240220
11,Dubai,Dubai Duty Free Tennis Championships,2024-02-20,WTA1000,Outdoor,Hard,2nd Round,3,Cirstea S.,Kudermetova V.,22.0,19.0,1893.0,2250.0,6.0,1.0,6.0,4.0,,,2.0,0.0,Completed,1.91,1.91,1.93,1.95,1.95,1.98,1.89,1.9,20240220
11,Dubai,Dubai Duty Free Tennis Championships,2024-02-20,WTA1000,Outdoor,Hard,2nd Round,3,Svitolina E.,Maria T.,20.0,54.0,2212.0,1185.0,6.0,3.0,6.0,3.0,,,2.0,0.0,Completed,1.14,5.5,1.16,6.13,1.17,6.13,1.14,5.49,20240220
11,Dubai,Dubai Duty Free Tennis Championships,2024-02-20,WTA1000,Outdoor,Hard,2nd Round,3,Potapova A.,Bronzetti L.,35.0,60.0,1467.0,1117.0,6.0,0.0,6.0,3.0,,,2.0,0.0,Completed,1.44,2.75,1.48,2.83,1.5,2.83,1.45,2.71,20240220
11,Dubai,Dubai Duty Free Tennis Championships,2024-02-20,WTA1000,Outdoor,Hard,2nd Round,3,Ostapenko J.,Sun L.,9.0,181.0,3533.0,428.0,6.0,4.0,6.0,3.0,,,2.0,0.0,Completed,1.13,6.0,1.13,6.91,1.14,6.91,1.12,6.07,20240220
11,Dubai,Dubai Duty Free Tennis Championships,2024-02-20,WTA1000,Outdoor,Hard,2nd Round,3,Rybakina E.,Azarenka V.,4.0,27.0,6738.0,1631.0,4.0,6.0,6.0,2.0,,,1.0,1.0,Retired,1.33,3.4,1.35,3.47,1.36,3.5,1.32,3.31,20240220
11,Dubai,Dubai Duty Free Tennis Championships,2024-02-20,WTA1000,Outdoor,Hard,2nd Round,3,Zheng Q.,Hibino N.,7.0,90.0,3885.0,806.0,5.0,7.0,6.0,2.0,6.0,2.0,2.0,1.0,Completed,1.14,5.5,1.14,6.67,1.17,6.67,1.13,5.75,20240220
11,Dubai,Dubai Duty Free Tennis Championships,2024-02-20,WTA1000,Outdoor,Hard,2nd Round,3,Swiatek I.,Stephens S.,1.0,41.0,10300.0,1322.0,6.0,4.0,6.0,4.0,,,2.0,0.0,Completed,1.05,11.0,1.05,14.71,1.06,14.71,1.04,11.08,20240220
11,Dubai,Dubai Duty Free Tennis Championships,2024-02-20,WTA1000,Outdoor,Hard,2nd Round,3,Pliskova Ka.,Krueger A.,36.0,76.0,1462.0,936.0,6.0,7.0,6.0,3.0,6.0,4.0,2.0,1.0,Completed,1.62,2.3,1.67,2.33,1.7,2.38,1.63,2.25,20240220
11,Dubai,Dubai Duty Free Tennis Championships,2024-02-20,WTA1000,Outdoor,Hard,2nd Round,3,Gauff C.,Cocciaretto E.,3.0,58.0,7110.0,1148.0,6.0,1.0,7.0,5.0,,,2.0,0.0,Completed,1.1,7.0,1.14,6.74,1.14,7.0,1.11,6.4,20240220
11,Dubai,Dubai Duty Free Tennis Championships,2024-02-21,WTA1000,Outdoor,Hard,3rd Round,3,Paolini J.,Sakkari M.,26.0,11.0,1735.0,3455.0,6.0,4.0,6.0,2.0,,,2.0,0.0,Completed,2.63,1.5,2.79,1.5,2.79,1.53,2.57,1.5,20240221
11,Dubai,Dubai Duty Free Tennis Championships,2024-02-21,WTA1000,Outdoor,Hard,3rd Round,3,Vondrousova M.,Samsonova L.,8.0,15.0,3856.0,2590.0,6.0,2.0,6.0,2.0,,,2.0,0.0,Completed,2.0,1.8,2.25,1.72,2.25,1.85,2.04,1.77,20240221
11,Dubai,Dubai Duty Free Tennis Championships,2024-02-21,WTA1000,Outdoor,Hard,3rd Round,3,Kalinskaya A.,Ostapenko J.,40.0,9.0,1323.0,3533.0,6.0,4.0,7.0,5.0,,,2.0,0.0,Completed,2.3,1.62,2.33,1.68,2.33,1.69,2.23,1.65,20240221
11,Dubai,Dubai Duty Free Tennis Championships,2024-02-21,WTA1000,Outdoor,Hard,3rd Round,3,Rybakina E.,Frech M.,4.0,53.0,6738.0,1190.0,7.0,6.0,3.0,6.0,6.0,4.0,2.0,1.0,Completed,1.1,7.0,1.11,8.07,1.11,8.5,1.09,7.11,20240221
11,Dubai,Dubai Duty Free Tennis Championships,2024-02-21,WTA1000,Outdoor,Hard,3rd Round,3,Cirstea S.,Vekic D.,22.0,31.0,1893.0,1580.0,3.0,6.0,6.0,3.0,7.0,5.0,2.0,1.0,Completed,1.8,2.0,1.93,1.98,1.93,2.02,1.84,1.95,20240221
11,Dubai,Dubai Duty Free Tennis Championships,2024-02-21,WTA1000,Outdoor,Hard,3rd Round,3,Gauff C.,Pliskova Ka.,3.0,36.0,7110.0,1462.0,2.0,6.0,6.0,4.0,6.0,3.0,2.0,1.0,Completed,1.22,4.33,1.2,5.23,1.24,5.23,1.2,4.51,20240221
11,Dubai,Dubai Duty Free Tennis Championships,2024-02-21,WTA1000,Outdoor,Hard,3rd Round,3,Swiatek I.,Svitolina E.,1.0,20.0,10300.0,2212.0,6.0,1.0,6.0,4.0,,,2.0,0.0,Completed,1.2,4.5,1.22,4.95,1.23,5.5,1.19,4.68,20240221
11,Dubai,Dubai Duty Free Tennis Championships,2024-02-21,WTA1000,Outdoor,Hard,3rd Round,3,Zheng Q.,Potapova A.,7.0,35.0,3885.0,1467.0,6.0,3.0,6.0,2.0,,,2.0,0.0,Completed,1.44,2.75,1.47,2.92,1.51,2.92,1.45,2.72,20240221
11,Dubai,Dubai Duty Free Tennis Championships,2024-02-22,WTA1000,Outdoor,Hard,Quarterfinals,3,Cirstea S.,Vondrousova M.,22.0,8.0,1893.0,3856.0,2.0,6.0,7.0,6.0,6.0,2.0,2.0,1.0,Completed,2.3,1.62,2.32,1.68,2.33,1.7,2.26,1.63,20240222
11,Dubai,Dubai Duty Free Tennis Championships,2024-02-22,WTA1000,Outdoor,Hard,Quarterfinals,3,Paolini J.,Rybakina E.,26.0,4.0,1735.0,6738.0,,,,,,,,,Walkover,4.33,1.22,4.84,1.22,5,1.22,4.63,1.19,20240222
11,Dubai,Dubai Duty Free Tennis Championships,2024-02-22,WTA1000,Outdoor,Hard,Quarterfinals,3,Swiatek I.,Zheng Q.,1.0,7.0,10300.0,3885.0,6.0,3.0,6.0,2.0,,,2.0,0.0,Completed,1.17,5.0,1.14,6.7,1.18,6.7,1.15,5.54,20240222
11,Dubai,Dubai Duty Free Tennis Championships,2024-02-22,WTA1000,Outdoor,Hard,Quarterfinals,3,Kalinskaya A.,Gauff C.,40.0,3.0,1323.0,7110.0,2.0,6.0,6.0,4.0,6.0,2.0,2.0,1.0,Completed,3.4,1.33,3.28,1.39,3.71,1.39,3.23,1.35,20240222
11,Dubai,Dubai Duty Free Tennis Championships,2024-02-23,WTA1000,Outdoor,Hard,Semifinals,3,Paolini J.,Cirstea S.,26.0,22.0,1735.0,1893.0,6.0,2.0,7.0,6.0,,,2.0,0.0,Completed,2.0,1.8,2.03,1.88,2.1,1.91,2.0,1.81,20240223
11,Dubai,Dubai Duty Free Tennis Championships,2024-02-23,WTA1000,Outdoor,Hard,Semifinals,3,Kalinskaya A.,Swiatek I.,40.0,1.0,1323.0,10300.0,6.0,4.0,6.0,4.0,,,2.0,0.0,Completed,6.5,1.11,8.1,1.11,8.1,1.15,6.89,1.1,20240223
11,Dubai,Dubai Duty Free Tennis Championships,2024-02-24,WTA1000,Outdoor,Hard,The Final,3,Paolini J.,Kalinskaya A.,26.0,40.0,1735.0,1323.0,4.0,6.0,7.0,5.0,7.0,5.0,2.0,1.0,Completed,3.0,1.4,3.06,1.43,3.3,1.43,2.97,1.4,20240224
12,Austin,ATX Open,2024-02-26,WTA250,Outdoor,Hard,1st Round,3,Yuan Y.,Rodionova Ar.,68.0,99.0,1006.0,745.0,3.0,6.0,6.0,3.0,6.0,1.0,2.0,1.0,Completed,1.44,2.75,1.43,3.01,1.5,3.01,1.41,2.83,20240226
12,Austin,ATX Open,2024-02-26,WTA250,Outdoor,Hard,1st Round,3,Parry D.,Ponchet J.,62.0,146.0,1073.0,521.0,6.0,3.0,7.0,6.0,,,2.0,0.0,Completed,1.57,2.38,1.51,2.69,1.57,2.69,1.49,2.57,20240226
12,Austin,ATX Open,2024-02-26,WTA250,Outdoor,Hard,1st Round,3,Wang Y.,Bronzetti L.,69.0,52.0,993.0,1192.0,7.0,6.0,6.0,4.0,,,2.0,0.0,Completed,1.8,2.0,1.8,2.09,1.83,2.1,1.77,2.01,20240226
12,Austin,ATX Open,2024-02-27,WTA250,Outdoor,Hard,1st Round,3,Osorio M.,Cornet A.,98.0,104.0,753.0,718.0,6.0,3.0,6.0,2.0,,,2.0,0.0,Completed,1.44,2.75,1.52,2.66,1.53,2.75,1.46,2.66,20240227
12,Austin,ATX Open,2024-02-27,WTA250,Outdoor,Hard,1st Round,3,Arango E.,Parks A.,121.0,117.0,617.0,642.0,6.0,2.0,6.0,3.0,,,2.0,0.0,Completed,2.75,1.44,2.7,1.51,2.9,1.51,2.69,1.45,20240227
12,Austin,ATX Open,2024-02-27,WTA250,Outdoor,Hard,1st Round,3,Rakhimova K.,Wickmayer Y.,94.0,87.0,778.0,828.0,6.0,3.0,6.0,7.0,7.0,6.0,2.0,1.0,Completed,1.62,2.3,1.67,2.31,1.67,2.38,1.62,2.26,20240227
12,Austin,ATX Open,2024-02-27,WTA250,Outdoor,Hard,1st Round,3,Semenistaja D.,Jimenez Kasintseva V.,115.0,318.0,654.0,217.0,6.0,7.0,6.0,2.0,6.0,4.0,2.0,1.0,Completed,1.4,3.0,1.43,2.99,1.43,3.27,1.38,2.96,20240227
12,Austin,ATX Open,2024-02-27,WTA250,Outdoor,Hard,1st Round,3,Townsend T.,Contreras Gomez F.,83.0,366.0,882.0,176.0,3.0,6.0,6.0,2.0,6.0,3.0,2.0,1.0,Completed,1.13,6.0,1.12,7.39,1.15,7.39,1.1,6.53,20240227
12,Austin,ATX Open,2024-02-27,WTA250,Outdoor,Hard,1st Round,3,Stephens S.,Martincova T.,40.0,155.0,1327.0,485.0,6.0,4.0,6.0,0.0,,,2.0,0.0,Completed,1.29,3.75,1.29,3.88,1.32,3.88,1.28,3.59,20240227
12,Austin,ATX Open,2024-02-27,WTA250,Outdoor,Hard,1st Round,3,Wang Xiy.,Podoroska N.,64.0,85.0,1054.0,852.0,7.0,5.0,6.0,4.0,,,2.0,0.0,Completed,1.25,4.0,1.24,4.46,1.31,4.46,1.24,3.96,20240227
12,Austin,ATX Open,2024-02-27,WTA250,Outdoor,Hard,1st Round,3,Kalinina A.,Bejlek S.,35.0,132.0,1470.0,566.0,6.0,3.0,6.0,2.0,,,2.0,0.0,Completed,1.8,2.0,1.79,2.11,1.88,2.11,1.79,2.0,20240227
12,Austin,ATX Open,2024-02-27,WTA250,Outdoor,Hard,1st Round,3,Volynets K.,Zarazua R.,112.0,102.0,662.0,726.0,6.0,4.0,7.0,6.0,,,2.0,0.0,Completed,1.44,2.75,1.48,2.79,1.48,2.81,1.44,2.75,20240227
12,Austin,ATX Open,2024-02-27,WTA250,Outdoor,Hard,1st Round,3,Vickery S.,Marino R.,134.0,147.0,556.0,520.0,6.0,2.0,6.0,4.0,,,2.0,0.0,Completed,2.1,1.73,2.23,1.71,2.24,1.75,2.15,1.68,20240227
12,Austin,ATX Open,2024-02-27,WTA250,Outdoor,Hard,1st Round,3,Sevastova A.,Riera J.,485.0,116.0,112.0,646.0,6.0,4.0,6.0,3.0,,,2.0,0.0,Completed,1.53,2.5,1.45,2.9,1.54,2.9,1.48,2.6,20240227
12,Austin,ATX Open,2024-02-28,WTA250,Outdoor,Hard,1st Round,3,Schmiedlova A.,Stearns P.,76.0,61.0,925.0,1096.0,6.0,2.0,4.0,6.0,7.0,5.0,2.0,1.0,Completed,3.2,1.36,3.31,1.37,3.33,1.4,3.14,1.35,20240228
12,Austin,ATX Open,2024-02-28,WTA250,Outdoor,Hard,1st Round,3,Collins D.,Gadecki O.,48.0,143.0,1236.0,528.0,7.0,5.0,6.0,3.0,,,2.0,0.0,Completed,1.13,6.0,1.12,7.12,1.13,8.54,1.11,6.41,20240228
12,Austin,ATX Open,2024-02-28,WTA250,Outdoor,Hard,2nd Round,3,Wang Y.,Arango E.,69.0,121.0,993.0,617.0,6.0,2.0,6.0,2.0,,,2.0,0.0,Completed,1.25,4.0,1.27,4.06,1.3,4.06,1.26,3.79,20240228
12,Austin,ATX Open,2024-02-28,WTA250,Outdoor,Hard,2nd Round,3,Yuan Y.,Townsend T.,68.0,83.0,1006.0,882.0,6.0,3.0,7.0,6.0,,,2.0,0.0,Completed,2.2,1.67,2.21,1.72,2.21,1.73,2.14,1.69,20240228
12,Austin,ATX Open,2024-02-29,WTA250,Outdoor,Hard,2nd Round,3,Kalinina A.,Osorio M.,35.0,98.0,1470.0,753.0,6.0,1.0,6.0,2.0,,,2.0,0.0,Completed,1.73,2.1,1.79,2.1,1.8,2.12,1.75,2.05,20240229
12,Austin,ATX Open,2024-02-29,WTA250,Outdoor,Hard,2nd Round,3,Parry D.,Rakhimova K.,62.0,94.0,1073.0,778.0,6.0,3.0,6.0,3.0,,,2.0,0.0,Completed,1.53,2.5,1.6,2.45,1.62,2.51,1.55,2.41,20240229
12,Austin,ATX Open,2024-02-29,WTA250,Outdoor,Hard,2nd Round,3,Wang Xiy.,Semenistaja D.,64.0,115.0,1054.0,654.0,6.0,1.0,6.0,2.0,,,2.0,0.0,Completed,1.33,3.4,1.29,4.0,1.36,4.0,1.29,3.54,20240229
12,Austin,ATX Open,2024-02-29,WTA250,Outdoor,Hard,2nd Round,3,Collins D.,Volynets K.,48.0,112.0,1236.0,662.0,4.0,6.0,7.0,6.0,6.0,0.0,2.0,1.0,Completed,1.22,4.33,1.23,4.54,1.23,4.81,1.2,4.36,20240229
12,Austin,ATX Open,2024-03-01,WTA250,Outdoor,Hard,2nd Round,3,Sevastova A.,Stephens S.,485.0,40.0,112.0,1327.0,6.0,3.0,6.0,2.0,,,2.0,0.0,Completed,2.75,1.44,2.87,1.46,2.87,1.54,2.72,1.45,20240301
12,Austin,ATX Open,2024-03-01,WTA250,Outdoor,Hard,2nd Round,3,Schmiedlova A.,Vickery S.,76.0,134.0,925.0,556.0,5.0,7.0,7.0,6.0,7.0,5.0,2.0,1.0,Completed,2.2,1.67,2.29,1.68,2.31,1.73,2.23,1.64,20240301
12,Austin,ATX Open,2024-03-01,WTA250,Outdoor,Hard,Quarterfinals,3,Kalinina A.,Parry D.,35.0,62.0,1470.0,1073.0,1.0,6.0,6.0,4.0,6.0,2.0,2.0,1.0,Completed,1.62,2.3,1.69,2.3,1.69,2.78,1.61,2.29,20240301
12,Austin,ATX Open,2024-03-01,WTA250,Outdoor,Hard,Quarterfinals,3,Wang Xiy.,Collins D.,64.0,48.0,1054.0,1236.0,6.0,2.0,,,,,1.0,0.0,Retired,2.75,1.44,2.72,1.52,2.78,1.57,2.65,1.47,20240301
12,Austin,ATX Open,2024-03-02,WTA250,Outdoor,Hard,Quarterfinals,3,Schmiedlova A.,Sevastova A.,76.0,485.0,925.0,112.0,4.0,6.0,1.0,2.0,,,0.0,1.0,Retired,3.2,1.36,3.34,1.38,3.34,1.41,3.07,1.36,20240302
12,Austin,ATX Open,2024-03-02,WTA250,Outdoor,Hard,Quarterfinals,3,Yuan Y.,Wang Y.,68.0,69.0,1006.0,993.0,6.0,3.0,7.0,5.0,,,2.0,0.0,Completed,2.0,1.8,2.06,1.85,2.06,1.85,2.01,1.78,20240302
12,Austin,ATX Open,2024-03-02,WTA250,Outdoor,Hard,Semifinals,3,Wang Xiy.,Kalinina A.,64.0,35.0,1054.0,1470.0,6.0,3.0,7.0,6.0,,,2.0,0.0,Completed,1.67,2.2,1.72,2.26,1.8,2.26,1.72,2.12,20240302
12,Austin,ATX Open,2024-03-03,WTA250,Outdoor,Hard,Semifinals,3,Yuan Y.,Schmiedlova A.,68.0,76.0,1006.0,925.0,6.0,0.0,6.0,3.0,,,2.0,0.0,Completed,1.44,2.75,1.4,3.22,1.46,3.22,1.39,2.92,20240303
12,Austin,ATX Open,2024-03-03,WTA250,Outdoor,Hard,The Final,3,Yuan Y.,Wang Xiy.,68.0,64.0,1006.0,1054.0,6.0,4.0,7.0,6.0,,,2.0,0.0,Completed,2.63,1.5,2.69,1.53,2.75,1.55,2.64,1.48,20240303
13,San Diego,San Diego Open,2024-02-26,WTA500,Outdoor,Hard,1st Round,3,Boulter K.,Tsurenko L.,49.0,36.0,1218.0,1464.0,6.0,3.0,6.0,1.0,,,2.0,0.0,Completed,1.8,2.0,1.85,2.03,1.95,2.1,1.81,1.98,20240226
13,San Diego,San Diego Open,2024-02-26,WTA500,Outdoor,Hard,1st Round,3,Niemeier J.,Gracheva V.,126.0,55.0,590.0,1186.0,6.0,3.0,6.0,0.0,,,2.0,0.0,Completed,1.67,2.2,1.68,2.29,1.73,2.3,1.65,2.2,20240226
13,San Diego,San Diego Open,2024-02-27,WTA500,Outdoor,Hard,1st Round,3,Saville D.,Zhu L.,148.0,58.0,519.0,1152.0,6.0,3.0,6.0,3.0,,,2.0,0.0,Completed,2.0,1.8,2.03,1.85,2.1,2.02,1.94,1.85,20240227
13,San Diego,San Diego Open,2024-02-27,WTA500,Outdoor,Hard,1st Round,3,Stakusic M.,Melnikova M.,283.0,440.0,261.0,131.0,6.0,4.0,5.0,7.0,6.0,1.0,2.0,1.0,Completed,1.25,4.0,1.23,4.53,1.25,4.53,1.22,4.14,20240227
13,San Diego,San Diego Open,2024-02-27,WTA500,Outdoor,Hard,1st Round,3,Wang Xin.,Tauson C.,41.0,92.0,1316.0,781.0,6.0,2.0,2.0,6.0,6.0,1.0,2.0,1.0,Completed,2.1,1.73,2.25,1.69,2.25,1.78,2.14,1.69,20240227
13,San Diego,San Diego Open,2024-02-27,WTA500,Outdoor,Hard,1st Round,3,Kostyuk M.,Li A.,34.0,167.0,1521.0,452.0,6.0,4.0,4.0,6.0,6.0,2.0,2.0,1.0,Completed,1.2,4.5,1.2,4.95,1.26,4.95,1.2,4.44,20240227
13,San Diego,San Diego Open,2024-02-27,WTA500,Outdoor,Hard,1st Round,3,Yastremska D.,Dolehide C.,33.0,45.0,1532.0,1263.0,6.0,4.0,5.0,7.0,6.0,1.0,2.0,1.0,Completed,1.5,2.63,1.58,2.53,1.58,2.63,1.52,2.48,20240227
13,San Diego,San Diego Open,2024-02-27,WTA500,Outdoor,Hard,1st Round,3,Siniakova K.,Hontama M.,43.0,119.0,1293.0,627.0,6.0,3.0,6.0,1.0,,,2.0,0.0,Completed,1.29,3.75,1.28,3.97,1.29,4.0,1.26,3.8,20240227
13,San Diego,San Diego Open,2024-02-27,WTA500,Outdoor,Hard,1st Round,3,Maria T.,Fernandez L.A.,47.0,32.0,1240.0,1545.0,6.0,7.0,4.0,0.0,,,0.0,1.0,Retired,4.5,1.2,4.79,1.21,4.81,1.22,4.44,1.2,20240227
13,San Diego,San Diego Open,2024-02-27,WTA500,Outdoor,Hard,1st Round,3,Preston T.,Frech M.,153.0,42.0,489.0,1315.0,6.0,4.0,4.0,6.0,6.0,1.0,2.0,1.0,Completed,3.75,1.29,3.72,1.31,3.75,1.34,3.46,1.3,20240227
13,San Diego,San Diego Open,2024-02-28,WTA500,Outdoor,Hard,1st Round,3,Vekic D.,Hui K.,28.0,872.0,1690.0,27.0,7.0,5.0,6.0,2.0,,,2.0,0.0,Completed,1.03,15.0,1.05,14.23,1.05,16.43,1.03,13.44,20240228
13,San Diego,San Diego Open,2024-02-28,WTA500,Outdoor,Hard,1st Round,3,Blinkova A.,Wozniacki C.,51.0,206.0,1192.0,372.0,1.0,6.0,6.0,4.0,6.0,1.0,2.0,1.0,Completed,2.3,1.62,2.36,1.64,2.36,1.67,2.27,1.62,20240228
13,San Diego,San Diego Open,2024-02-28,WTA500,Outdoor,Hard,2nd Round,3,Kostyuk M.,Preston T.,34.0,153.0,1521.0,489.0,6.0,4.0,6.0,3.0,,,2.0,0.0,Completed,1.3,3.5,1.32,3.67,1.33,3.67,1.3,3.4,20240228
13,San Diego,San Diego Open,2024-02-28,WTA500,Outdoor,Hard,2nd Round,3,Saville D.,Maria T.,148.0,47.0,519.0,1240.0,5.0,7.0,7.0,6.0,6.0,2.0,2.0,1.0,Completed,1.57,2.38,1.67,2.33,1.67,2.5,1.59,2.33,20240228
13,San Diego,San Diego Open,2024-02-29,WTA500,Outdoor,Hard,2nd Round,3,Boulter K.,Haddad Maia B.,49.0,13.0,1218.0,2870.0,3.0,6.0,6.0,3.0,6.0,4.0,2.0,1.0,Completed,2.3,1.62,2.23,1.72,2.32,1.73,2.18,1.67,20240229
13,San Diego,San Diego Open,2024-02-29,WTA500,Outdoor,Hard,2nd Round,3,Pegula J.,Niemeier J.,5.0,126.0,5050.0,590.0,6.0,0.0,6.0,4.0,,,2.0,0.0,Completed,1.14,5.5,1.18,5.57,1.19,5.95,1.15,5.26,20240229
13,San Diego,San Diego Open,2024-02-29,WTA500,Outdoor,Hard,2nd Round,3,Blinkova A.,Yastremska D.,51.0,33.0,1192.0,1532.0,7.0,6.0,6.0,2.0,,,2.0,0.0,Completed,2.2,1.67,2.27,1.7,2.27,1.74,2.16,1.68,20240229
13,San Diego,San Diego Open,2024-02-29,WTA500,Outdoor,Hard,2nd Round,3,Vekic D.,Stakusic M.,28.0,283.0,1690.0,261.0,6.0,4.0,3.0,6.0,6.0,3.0,2.0,1.0,Completed,1.36,3.2,1.39,3.24,1.39,3.3,1.35,3.15,20240229
13,San Diego,San Diego Open,2024-03-01,WTA500,Outdoor,Hard,2nd Round,3,Navarro E.,Siniakova K.,26.0,43.0,1868.0,1293.0,6.0,3.0,3.0,6.0,6.0,1.0,2.0,1.0,Completed,1.73,2.1,1.78,2.15,1.78,2.31,1.7,2.14,20240301
13,San Diego,San Diego Open,2024-03-01,WTA500,Outdoor,Hard,2nd Round,3,Pavlyuchenkova A.,Wang Xin.,25.0,41.0,1874.0,1316.0,4.0,6.0,7.0,6.0,6.0,2.0,2.0,1.0,Completed,1.4,3.0,1.43,3.02,1.45,3.02,1.4,2.88,20240301
13,San Diego,San Diego Open,2024-03-01,WTA500,Outdoor,Hard,Quarterfinals,3,Boulter K.,Vekic D.,49.0,28.0,1218.0,1690.0,6.0,4.0,6.0,3.0,,,2.0,0.0,Completed,2.0,1.8,2.01,1.89,2.02,1.92,1.95,1.84,20240301
13,San Diego,San Diego Open,2024-03-01,WTA500,Outdoor,Hard,Quarterfinals,3,Navarro E.,Saville D.,26.0,148.0,1868.0,519.0,6.0,4.0,6.0,2.0,,,2.0,0.0,Completed,1.36,3.2,1.35,3.52,1.4,3.52,1.35,3.13,20240301
13,San Diego,San Diego Open,2024-03-02,WTA500,Outdoor,Hard,Quarterfinals,3,Pegula J.,Blinkova A.,5.0,51.0,5050.0,1192.0,6.0,1.0,2.0,6.0,6.0,2.0,2.0,1.0,Completed,1.14,5.5,1.26,4.31,1.26,5.55,1.2,4.58,20240302
13,San Diego,San Diego Open,2024-03-02,WTA500,Outdoor,Hard,Quarterfinals,3,Kostyuk M.,Pavlyuchenkova A.,34.0,25.0,1521.0,1874.0,3.0,6.0,6.0,4.0,6.0,3.0,2.0,1.0,Completed,2.3,1.62,2.39,1.65,2.39,1.67,2.26,1.63,20240302
13,San Diego,San Diego Open,2024-03-02,WTA500,Outdoor,Hard,Semifinals,3,Boulter K.,Navarro E.,49.0,26.0,1218.0,1868.0,6.0,3.0,6.0,1.0,,,2.0,0.0,Completed,2.5,1.53,2.72,1.52,2.75,1.54,2.53,1.51,20240302
13,San Diego,San Diego Open,2024-03-03,WTA500,Outdoor,Hard,Semifinals,3,Kostyuk M.,Pegula J.,34.0,5.0,1521.0,5050.0,7.0,6.0,6.0,1.0,,,2.0,0.0,Completed,3.2,1.36,3.09,1.43,3.2,1.43,3.01,1.38,20240303
13,San Diego,San Diego Open,2024-03-03,WTA500,Outdoor,Hard,The Final,3,Boulter K.,Kostyuk M.,49.0,34.0,1218.0,1521.0,5.0,7.0,6.0,2.0,6.0,2.0,2.0,1.0,Completed,2.0,1.8,2.07,1.85,2.1,1.85,2.01,1.79,20240303
14,Indian Wells,BNP Paribas Open,2024-03-06,WTA1000,Outdoor,Hard,1st Round,3,Maria T.,Rus A.,46.0,48.0,1270.0,1244.0,7.0,6.0,6.0,2.0,,,2.0,0.0,Completed,2.0,1.8,2.05,1.85,2.1,1.93,1.99,1.82,20240306
14,Indian Wells,BNP Paribas Open,2024-03-06,WTA1000,Outdoor,Hard,1st Round,3,Bouzkova M.,Sorribes Tormo S.,40.0,50.0,1379.0,1209.0,6.0,1.0,6.0,1.0,,,2.0,0.0,Completed,1.44,2.75,1.49,2.8,1.51,2.8,1.48,2.68,20240306
14,Indian Wells,BNP Paribas Open,2024-03-06,WTA1000,Outdoor,Hard,1st Round,3,Kerber A.,Martic P.,607.0,58.0,71.0,1143.0,6.0,3.0,6.0,4.0,,,2.0,0.0,Completed,2.75,1.44,2.78,1.5,2.81,1.5,2.69,1.48,20240306
14,Indian Wells,BNP Paribas Open,2024-03-06,WTA1000,Outdoor,Hard,1st Round,3,Sramkova R.,Wang Y.,127.0,66.0,593.0,1038.0,6.0,4.0,6.0,0.0,,,2.0,0.0,Completed,2.75,1.44,2.69,1.52,2.85,1.52,2.69,1.47,20240306
14,Indian Wells,BNP Paribas Open,2024-03-06,WTA1000,Outdoor,Hard,1st Round,3,Hontama M.,Zhang S.,120.0,713.0,639.0,49.0,5.0,7.0,6.0,2.0,6.0,0.0,2.0,1.0,Completed,1.36,3.2,1.34,3.5,1.38,3.53,1.33,3.34,20240306
14,Indian Wells,BNP Paribas Open,2024-03-06,WTA1000,Outdoor,Hard,1st Round,3,Volynets K.,Andreeva M.,131.0,38.0,582.0,1418.0,7.0,5.0,7.0,5.0,,,2.0,0.0,Completed,3.5,1.3,3.71,1.32,3.71,1.34,3.43,1.31,20240306
14,Indian Wells,BNP Paribas Open,2024-03-06,WTA1000,Outdoor,Hard,1st Round,3,Giorgi C.,Boulter K.,106.0,27.0,691.0,1700.0,6.0,3.0,6.0,2.0,,,2.0,0.0,Completed,3.2,1.36,3.35,1.37,3.37,1.38,3.17,1.36,20240306
14,Indian Wells,BNP Paribas Open,2024-03-06,WTA1000,Outdoor,Hard,1st Round,3,Pera B.,Saville D.,78.0,116.0,906.0,652.0,7.0,5.0,4.0,6.0,7.0,6.0,2.0,1.0,Completed,2.0,1.8,1.97,1.92,2.02,1.92,1.99,1.82,20240306
14,Indian Wells,BNP Paribas Open,2024-03-06,WTA1000,Outdoor,Hard,1st Round,3,Putintseva Y.,Korpatsch T.,79.0,76.0,898.0,918.0,6.0,2.0,6.0,3.0,,,2.0,0.0,Completed,,,,,,,,,20240306
14,Indian Wells,BNP Paribas Open,2024-03-07,WTA1000,Outdoor,Hard,1st Round,3,Burel C.,Wang Xiy.,47.0,52.0,1253.0,1199.0,4.0,6.0,6.0,2.0,6.0,4.0,2.0,1.0,Completed,2.2,1.67,2.23,1.71,2.25,1.71,2.19,1.68,20240307
14,Indian Wells,BNP Paribas Open,2024-03-07,WTA1000,Outdoor,Hard,1st Round,3,Bronzetti L.,Frech M.,53.0,43.0,1192.0,1315.0,6.0,2.0,6.0,4.0,,,2.0,0.0,Completed,2.5,1.53,2.6,1.55,2.61,1.58,2.49,1.54,20240307
14,Indian Wells,BNP Paribas Open,2024-03-07,WTA1000,Outdoor,Hard,1st Round,3,Siniakova K.,Minnen G.,41.0,81.0,1352.0,879.0,7.0,5.0,7.0,6.0,,,2.0,0.0,Completed,1.33,3.4,1.31,3.78,1.34,3.78,1.31,3.51,20240307
14,Indian Wells,BNP Paribas Open,2024-03-07,WTA1000,Outdoor,Hard,1st Round,3,Raducanu E.,Masarova R.,250.0,96.0,301.0,757.0,6.0,2.0,6.0,3.0,,,2.0,0.0,Completed,1.57,2.38,1.58,2.53,1.59,2.57,1.54,2.47,20240307
14,Indian Wells,BNP Paribas Open,2024-03-07,WTA1000,Outdoor,Hard,1st Round,3,Podoroska N.,Krueger A.,84.0,71.0,852.0,983.0,3.0,6.0,6.0,3.0,6.0,3.0,2.0,1.0,Completed,3.4,1.33,3.68,1.32,3.68,1.35,3.45,1.31,20240307
14,Indian Wells,BNP Paribas Open,2024-03-07,WTA1000,Outdoor,Hard,1st Round,3,Collins D.,Andreeva E.,56.0,98.0,1180.0,739.0,7.0,6.0,7.0,6.0,,,2.0,0.0,Completed,1.36,3.2,1.44,2.98,1.45,3.2,1.4,3.02,20240307
14,Indian Wells,BNP Paribas Open,2024-03-07,WTA1000,Outdoor,Hard,1st Round,3,Parrizas Diaz N.,Kessler M.,134.0,123.0,559.0,618.0,6.0,3.0,7.0,6.0,,,2.0,0.0,Completed,2.5,1.53,2.5,1.59,2.6,1.59,2.44,1.56,20240307
14,Indian Wells,BNP Paribas Open,2024-03-07,WTA1000,Outdoor,Hard,1st Round,3,Wozniacki C.,Zhu L.,204.0,62.0,373.0,1072.0,7.0,6.0,6.0,1.0,,,2.0,0.0,Completed,1.67,2.2,1.69,2.29,1.73,2.29,1.68,2.2,20240307
14,Indian Wells,BNP Paribas Open,2024-03-07,WTA1000,Outdoor,Hard,1st Round,3,Hibino N.,Williams V.,80.0,487.0,888.0,112.0,2.0,6.0,6.0,3.0,6.0,0.0,2.0,1.0,Completed,1.29,3.75,1.31,3.78,1.31,4.0,1.28,3.71,20240307
14,Indian Wells,BNP Paribas Open,2024-03-07,WTA1000,Outdoor,Hard,1st Round,3,Baptiste H.,Montgomery R.,105.0,199.0,692.0,387.0,6.0,2.0,4.0,6.0,6.0,1.0,2.0,1.0,Completed,1.73,2.1,1.83,2.08,1.83,2.1,1.77,2.06,20240307
14,Indian Wells,BNP Paribas Open,2024-03-07,WTA1000,Outdoor,Hard,1st Round,3,Blinkova A.,Pliskova Ka.,45.0,39.0,1270.0,1392.0,6.0,1.0,2.0,6.0,6.0,4.0,2.0,1.0,Completed,3.0,1.4,3.07,1.42,3.07,1.44,2.92,1.41,20240307
14,Indian Wells,BNP Paribas Open,2024-03-07,WTA1000,Outdoor,Hard,1st Round,3,Townsend T.,Linette M.,77.0,54.0,911.0,1190.0,3.0,6.0,7.0,6.0,6.0,1.0,2.0,1.0,Completed,1.73,2.1,1.72,2.24,1.76,2.25,1.7,2.17,20240307
14,Indian Wells,BNP Paribas Open,2024-03-07,WTA1000,Outdoor,Hard,1st Round,3,Osaka N.,Errani S.,287.0,100.0,258.0,727.0,6.0,3.0,6.0,1.0,,,2.0,0.0,Completed,1.17,5.0,1.22,4.84,1.22,5.0,1.2,4.55,20240307
14,Indian Wells,BNP Paribas Open,2024-03-08,WTA1000,Outdoor,Hard,1st Round,3,Parry D.,Trevisan M.,61.0,59.0,1098.0,1125.0,7.0,5.0,6.0,3.0,,,2.0,0.0,Completed,1.57,2.38,1.61,2.44,1.62,2.45,1.59,2.36,20240308
14,Indian Wells,BNP Paribas Open,2024-03-08,WTA1000,Outdoor,Hard,1st Round,3,Wang Xin.,Schmiedlova A.,42.0,69.0,1346.0,993.0,6.0,0.0,6.0,4.0,,,2.0,0.0,Completed,1.25,4.0,1.3,3.82,1.3,4.01,1.27,3.79,20240308
14,Indian Wells,BNP Paribas Open,2024-03-08,WTA1000,Outdoor,Hard,1st Round,3,Dodin O.,Avanesyan E.,85.0,63.0,850.0,1050.0,1.0,6.0,6.0,3.0,7.0,6.0,2.0,1.0,Completed,2.0,1.8,2.0,1.89,2.06,1.89,1.99,1.82,20240308
14,Indian Wells,BNP Paribas Open,2024-03-08,WTA1000,Outdoor,Hard,1st Round,3,Tsurenko L.,Hovde L.,37.0,286.0,1447.0,259.0,6.0,3.0,6.0,1.0,,,2.0,0.0,Completed,1.44,2.75,1.44,3.0,1.53,3.0,1.43,2.82,20240308
14,Indian Wells,BNP Paribas Open,2024-03-08,WTA1000,Outdoor,Hard,1st Round,3,Dolehide C.,Bucsa C.,51.0,67.0,1200.0,1020.0,6.0,2.0,6.0,0.0,,,2.0,0.0,Completed,2.2,1.67,2.2,1.74,2.25,1.74,2.17,1.69,20240308
14,Indian Wells,BNP Paribas Open,2024-03-08,WTA1000,Outdoor,Hard,1st Round,3,Stephens S.,Sherif M.,44.0,70.0,1297.0,983.0,7.0,5.0,6.0,3.0,,,2.0,0.0,Completed,1.14,5.5,1.17,5.93,1.19,5.93,1.16,5.39,20240308
14,Indian Wells,BNP Paribas Open,2024-03-08,WTA1000,Outdoor,Hard,1st Round,3,Yuan Y.,Gracheva V.,49.0,68.0,1241.0,1016.0,6.0,4.0,6.0,1.0,,,2.0,0.0,Completed,1.29,3.75,1.3,3.81,1.3,4.0,1.29,3.67,20240308
14,Indian Wells,BNP Paribas Open,2024-03-08,WTA1000,Outdoor,Hard,1st Round,3,Stearns P.,Cocciaretto E.,64.0,60.0,1046.0,1114.0,6.0,3.0,6.0,2.0,,,2.0,0.0,Completed,2.2,1.67,2.29,1.69,2.25,1.69,2.22,1.63,20240308
14,Indian Wells,BNP Paribas Open,2024-03-08,WTA1000,Outdoor,Hard,1st Round,3,Shnaider D.,Bogdan A.,74.0,65.0,963.0,1044.0,5.0,7.0,7.0,6.0,6.0,3.0,2.0,1.0,Completed,1.67,2.2,1.65,2.38,1.72,2.38,1.65,2.25,20240308
14,Indian Wells,BNP Paribas Open,2024-03-08,WTA1000,Outdoor,Hard,1st Round,3,Tomova V.,Kenin S.,75.0,55.0,949.0,1189.0,6.0,4.0,7.0,6.0,,,2.0,0.0,Completed,2.2,1.67,2.41,1.63,2.41,1.67,2.3,1.62,20240308
14,Indian Wells,BNP Paribas Open,2024-03-08,WTA1000,Outdoor,Hard,2nd Round,3,Pavlyuchenkova A.,Parrizas Diaz N.,24.0,134.0,1981.0,559.0,6.0,3.0,6.0,1.0,,,2.0,0.0,Completed,1.25,4.0,1.21,4.97,1.25,4.97,1.21,4.5,20240308
14,Indian Wells,BNP Paribas Open,2024-03-08,WTA1000,Outdoor,Hard,2nd Round,3,Kerber A.,Ostapenko J.,607.0,10.0,71.0,3548.0,5.0,7.0,6.0,3.0,6.0,3.0,2.0,1.0,Completed,3.75,1.29,4.19,1.27,4.25,1.29,3.9,1.26,20240308
14,Indian Wells,BNP Paribas Open,2024-03-08,WTA1000,Outdoor,Hard,2nd Round,3,Putintseva Y.,Alexandrova E.,79.0,16.0,898.0,2475.0,7.0,5.0,6.0,1.0,,,2.0,0.0,Completed,2.75,1.44,2.67,1.53,2.8,1.56,2.67,1.48,20240308
14,Indian Wells,BNP Paribas Open,2024-03-08,WTA1000,Outdoor,Hard,2nd Round,3,Vondrousova M.,Pera B.,7.0,78.0,4070.0,906.0,6.0,0.0,6.0,2.0,,,2.0,0.0,Completed,1.3,3.5,1.38,3.26,1.44,3.65,1.35,3.23,20240308
14,Indian Wells,BNP Paribas Open,2024-03-08,WTA1000,Outdoor,Hard,2nd Round,3,Swiatek I.,Collins D.,1.0,56.0,10105.0,1180.0,6.0,3.0,6.0,0.0,,,2.0,0.0,Completed,1.1,7.0,1.11,8.09,1.14,8.3,1.1,6.97,20240308
14,Indian Wells,BNP Paribas Open,2024-03-08,WTA1000,Outdoor,Hard,2nd Round,3,Kudermetova V.,Hibino N.,19.0,80.0,2305.0,888.0,6.0,1.0,7.0,5.0,,,2.0,0.0,Completed,1.33,3.4,1.34,3.51,1.35,3.52,1.32,3.39,20240308
14,Indian Wells,BNP Paribas Open,2024-03-08,WTA1000,Outdoor,Hard,2nd Round,3,Wozniacki C.,Vekic D.,204.0,36.0,373.0,1518.0,7.0,6.0,6.0,3.0,,,2.0,0.0,Completed,2.0,1.8,1.92,1.97,2.02,1.97,1.96,1.86,20240308
14,Indian Wells,BNP Paribas Open,2024-03-08,WTA1000,Outdoor,Hard,2nd Round,3,Kostyuk M.,Hontama M.,32.0,120.0,1566.0,639.0,6.0,4.0,6.0,2.0,,,2.0,0.0,Completed,1.17,5.0,1.23,4.68,1.23,5.05,1.2,4.64,20240308
14,Indian Wells,BNP Paribas Open,2024-03-09,WTA1000,Outdoor,Hard,2nd Round,3,Paolini J.,Maria T.,14.0,46.0,2700.0,1270.0,6.0,3.0,6.0,3.0,,,2.0,0.0,Completed,1.33,3.4,1.37,3.34,1.38,3.4,1.36,3.18,20240309
14,Indian Wells,BNP Paribas Open,2024-03-09,WTA1000,Outdoor,Hard,2nd Round,3,Potapova A.,Bouzkova M.,33.0,40.0,1557.0,1379.0,7.0,5.0,6.0,1.0,,,2.0,0.0,Completed,2.1,1.73,2.31,1.68,2.33,1.73,2.21,1.67,20240309
14,Indian Wells,BNP Paribas Open,2024-03-09,WTA1000,Outdoor,Hard,2nd Round,3,Haddad Maia B.,Sramkova R.,13.0,127.0,2870.0,593.0,7.0,5.0,6.0,2.0,,,2.0,0.0,Completed,1.22,4.33,1.21,4.87,1.23,5.0,1.2,4.63,20240309
14,Indian Wells,BNP Paribas Open,2024-03-09,WTA1000,Outdoor,Hard,2nd Round,3,Volynets K.,Jabeur O.,131.0,6.0,582.0,4173.0,6.0,4.0,6.0,4.0,,,2.0,0.0,Completed,2.75,1.44,2.58,1.56,2.75,1.62,2.55,1.52,20240309
14,Indian Wells,BNP Paribas Open,2024-03-09,WTA1000,Outdoor,Hard,2nd Round,3,Kalinskaya A.,Townsend T.,25.0,77.0,1943.0,911.0,7.0,5.0,3.0,6.0,6.0,4.0,2.0,1.0,Completed,1.33,3.4,1.38,3.3,1.39,3.5,1.35,3.25,20240309
14,Indian Wells,BNP Paribas Open,2024-03-09,WTA1000,Outdoor,Hard,2nd Round,3,Noskova L.,Giorgi C.,29.0,106.0,1613.0,691.0,6.0,3.0,7.0,5.0,,,2.0,0.0,Completed,1.44,2.75,1.54,2.62,1.54,2.78,1.5,2.6,20240309
14,Indian Wells,BNP Paribas Open,2024-03-09,WTA1000,Outdoor,Hard,2nd Round,3,Podoroska N.,Day K.,84.0,88.0,852.0,818.0,7.0,6.0,6.0,4.0,,,2.0,0.0,Completed,1.67,2.2,1.72,2.21,1.83,2.21,1.74,2.11,20240309
14,Indian Wells,BNP Paribas Open,2024-03-09,WTA1000,Outdoor,Hard,2nd Round,3,Keys M.,Baptiste H.,20.0,105.0,2287.0,692.0,6.0,4.0,4.0,6.0,7.0,6.0,2.0,1.0,Completed,1.5,2.63,1.56,2.59,1.68,2.75,1.51,2.56,20240309
14,Indian Wells,BNP Paribas Open,2024-03-09,WTA1000,Outdoor,Hard,2nd Round,3,Kasatkina D.,Dodin O.,12.0,85.0,3063.0,850.0,6.0,3.0,7.0,6.0,,,2.0,0.0,Completed,1.25,4.0,1.26,4.21,1.26,4.62,1.23,4.22,20240309
14,Indian Wells,BNP Paribas Open,2024-03-09,WTA1000,Outdoor,Hard,2nd Round,3,Bronzetti L.,Kalinina A.,53.0,35.0,1192.0,1538.0,6.0,3.0,6.0,4.0,,,2.0,0.0,Completed,2.5,1.53,2.51,1.59,2.51,1.63,2.41,1.57,20240309
14,Indian Wells,BNP Paribas Open,2024-03-09,WTA1000,Outdoor,Hard,2nd Round,3,Gauff C.,Burel C.,3.0,47.0,6975.0,1253.0,2.0,6.0,6.0,3.0,7.0,6.0,2.0,1.0,Completed,1.13,6.0,1.13,7.2,1.15,7.2,1.12,6.3,20240309
14,Indian Wells,BNP Paribas Open,2024-03-09,WTA1000,Outdoor,Hard,2nd Round,3,Parry D.,Fernandez L.A.,61.0,34.0,1098.0,1545.0,7.0,5.0,5.0,7.0,6.0,2.0,2.0,1.0,Completed,2.75,1.44,2.76,1.5,2.88,1.54,2.73,1.46,20240309
14,Indian Wells,BNP Paribas Open,2024-03-09,WTA1000,Outdoor,Hard,2nd Round,3,Raducanu E.,Yastremska D.,250.0,31.0,301.0,1577.0,4.0,0.0,,,,,0.0,0.0,Retired,1.62,2.3,1.61,2.44,1.65,2.48,1.59,2.36,20240309
14,Indian Wells,BNP Paribas Open,2024-03-09,WTA1000,Outdoor,Hard,2nd Round,3,Sakkari M.,Shnaider D.,9.0,74.0,3565.0,963.0,5.0,7.0,6.0,4.0,6.0,0.0,2.0,1.0,Completed,1.5,2.63,1.5,2.74,1.54,2.75,1.49,2.64,20240309
14,Indian Wells,BNP Paribas Open,2024-03-09,WTA1000,Outdoor,Hard,2nd Round,3,Mertens E.,Wang Xin.,28.0,42.0,1646.0,1346.0,6.0,1.0,6.0,4.0,,,2.0,0.0,Completed,1.8,2.0,1.89,2.0,1.89,2.2,1.81,2.01,20240309
14,Indian Wells,BNP Paribas Open,2024-03-09,WTA1000,Outdoor,Hard,2nd Round,3,Garcia C.,Tomova V.,26.0,75.0,1920.0,949.0,6.0,1.0,3.0,6.0,6.0,3.0,2.0,1.0,Completed,1.5,2.63,1.52,2.68,1.53,2.75,1.49,2.61,20240309
14,Indian Wells,BNP Paribas Open,2024-03-09,WTA1000,Outdoor,Hard,2nd Round,3,Blinkova A.,Pegula J.,45.0,5.0,1270.0,5145.0,6.0,2.0,3.0,6.0,6.0,3.0,2.0,1.0,Completed,4.5,1.2,4.47,1.24,5,1.27,4.38,1.21,20240309
14,Indian Wells,BNP Paribas Open,2024-03-09,WTA1000,Outdoor,Hard,2nd Round,3,Stephens S.,Cirstea S.,44.0,22.0,1297.0,2223.0,6.0,0.0,7.0,5.0,,,2.0,0.0,Completed,2.0,1.8,2.23,1.72,2.23,1.8,2.12,1.73,20240309
14,Indian Wells,BNP Paribas Open,2024-03-09,WTA1000,Outdoor,Hard,2nd Round,3,Dolehide C.,Azarenka V.,51.0,30.0,1200.0,1591.0,7.0,5.0,2.0,6.0,6.0,3.0,2.0,1.0,Completed,4.5,1.2,4.5,1.24,4.5,1.26,4.25,1.22,20240309
14,Indian Wells,BNP Paribas Open,2024-03-09,WTA1000,Outdoor,Hard,2nd Round,3,Osaka N.,Samsonova L.,287.0,15.0,258.0,2605.0,7.0,5.0,6.0,3.0,,,2.0,0.0,Completed,1.91,1.91,1.91,1.98,1.95,1.98,1.89,1.92,20240309
14,Indian Wells,BNP Paribas Open,2024-03-10,WTA1000,Outdoor,Hard,2nd Round,3,Svitolina E.,Siniakova K.,17.0,41.0,2332.0,1352.0,6.0,3.0,2.0,6.0,6.0,1.0,2.0,1.0,Completed,1.44,2.75,1.52,2.71,1.55,2.75,1.49,2.63,20240310
14,Indian Wells,BNP Paribas Open,2024-03-10,WTA1000,Outdoor,Hard,2nd Round,3,Sabalenka A.,Stearns P.,2.0,64.0,8725.0,1046.0,6.0,7.0,6.0,2.0,7.0,6.0,2.0,1.0,Completed,1.08,8.0,1.08,9.46,1.13,10.13,1.08,8.05,20240310
14,Indian Wells,BNP Paribas Open,2024-03-10,WTA1000,Outdoor,Hard,2nd Round,3,Navarro E.,Tsurenko L.,23.0,37.0,1998.0,1447.0,4.0,6.0,7.0,5.0,7.0,5.0,2.0,1.0,Completed,1.5,2.63,1.45,2.95,1.52,2.95,1.45,2.78,20240310
14,Indian Wells,BNP Paribas Open,2024-03-10,WTA1000,Outdoor,Hard,2nd Round,3,Yuan Y.,Zheng Q.,49.0,8.0,1241.0,4040.0,6.0,4.0,6.0,3.0,,,2.0,0.0,Completed,4.0,1.25,3.99,1.28,4,1.35,3.78,1.27,20240310
14,Indian Wells,BNP Paribas Open,2024-03-10,WTA1000,Outdoor,Hard,3rd Round,3,Swiatek I.,Noskova L.,1.0,29.0,10105.0,1613.0,6.0,4.0,6.0,0.0,,,2.0,0.0,Completed,1.13,6.0,1.12,7.73,1.14,7.73,1.12,6.36,20240310
14,Indian Wells,BNP Paribas Open,2024-03-10,WTA1000,Outdoor,Hard,3rd Round,3,Putintseva Y.,Keys M.,79.0,20.0,898.0,2287.0,6.0,4.0,6.0,1.0,,,2.0,0.0,Completed,2.1,1.73,2.18,1.77,2.19,1.8,2.12,1.73,20240310
14,Indian Wells,BNP Paribas Open,2024-03-10,WTA1000,Outdoor,Hard,3rd Round,3,Paolini J.,Kalinskaya A.,14.0,25.0,2700.0,1943.0,6.0,3.0,3.0,6.0,6.0,4.0,2.0,1.0,Completed,2.3,1.62,2.44,1.63,2.45,1.65,2.33,1.61,20240310
14,Indian Wells,BNP Paribas Open,2024-03-10,WTA1000,Outdoor,Hard,3rd Round,3,Potapova A.,Podoroska N.,33.0,84.0,1557.0,852.0,6.0,1.0,6.0,1.0,,,2.0,0.0,Completed,1.3,3.5,1.33,3.68,1.33,3.78,1.3,3.53,20240310
14,Indian Wells,BNP Paribas Open,2024-03-10,WTA1000,Outdoor,Hard,3rd Round,3,Kerber A.,Kudermetova V.,607.0,19.0,71.0,2305.0,6.0,4.0,7.0,5.0,,,2.0,0.0,Completed,2.38,1.57,2.4,1.65,2.47,1.65,2.37,1.59,20240310
14,Indian Wells,BNP Paribas Open,2024-03-11,WTA1000,Outdoor,Hard,3rd Round,3,Wozniacki C.,Volynets K.,204.0,131.0,373.0,582.0,6.0,2.0,4.0,6.0,6.0,0.0,2.0,1.0,Completed,1.53,2.5,1.52,2.74,1.6,2.77,1.51,2.59,20240311
14,Indian Wells,BNP Paribas Open,2024-03-11,WTA1000,Outdoor,Hard,3rd Round,3,Pavlyuchenkova A.,Haddad Maia B.,24.0,13.0,1981.0,2870.0,2.0,6.0,6.0,4.0,6.0,3.0,2.0,1.0,Completed,1.57,2.38,1.59,2.53,1.62,2.53,1.57,2.42,20240311
14,Indian Wells,BNP Paribas Open,2024-03-11,WTA1000,Outdoor,Hard,3rd Round,3,Kostyuk M.,Vondrousova M.,32.0,7.0,1566.0,4070.0,,,,,,,,,Walkover,2.5,1.53,2.6,1.56,2.75,1.57,2.54,1.52,20240311
14,Indian Wells,BNP Paribas Open,2024-03-11,WTA1000,Outdoor,Hard,3rd Round,3,Gauff C.,Bronzetti L.,3.0,53.0,6975.0,1192.0,6.0,2.0,7.0,6.0,,,2.0,0.0,Completed,1.11,6.5,1.12,7.82,1.13,8.18,1.1,7.08,20240311
14,Indian Wells,BNP Paribas Open,2024-03-11,WTA1000,Outdoor,Hard,3rd Round,3,Yuan Y.,Dolehide C.,49.0,51.0,1241.0,1200.0,1.0,6.0,6.0,4.0,7.0,6.0,2.0,1.0,Completed,1.44,2.75,1.52,2.69,1.54,2.75,1.5,2.6,20240311
14,Indian Wells,BNP Paribas Open,2024-03-11,WTA1000,Outdoor,Hard,3rd Round,3,Sabalenka A.,Raducanu E.,2.0,250.0,8725.0,301.0,6.0,3.0,7.0,5.0,,,2.0,0.0,Completed,1.17,5.0,1.23,4.76,1.23,5.05,1.2,4.6,20240311
14,Indian Wells,BNP Paribas Open,2024-03-11,WTA1000,Outdoor,Hard,3rd Round,3,Kasatkina D.,Stephens S.,12.0,44.0,3063.0,1297.0,2.0,6.0,6.0,4.0,6.0,4.0,2.0,1.0,Completed,1.73,2.1,1.89,2.02,1.89,2.12,1.8,2.02,20240311
14,Indian Wells,BNP Paribas Open,2024-03-11,WTA1000,Outdoor,Hard,3rd Round,3,Mertens E.,Osaka N.,28.0,287.0,1646.0,258.0,7.0,5.0,6.0,4.0,,,2.0,0.0,Completed,2.38,1.57,2.28,1.71,2.38,1.71,2.25,1.65,20240311
14,Indian Wells,BNP Paribas Open,2024-03-11,WTA1000,Outdoor,Hard,3rd Round,3,Parry D.,Blinkova A.,61.0,45.0,1098.0,1270.0,6.0,4.0,6.0,3.0,,,2.0,0.0,Completed,2.1,1.73,2.09,1.83,2.25,1.83,2.08,1.76,20240311
14,Indian Wells,BNP Paribas Open,2024-03-12,WTA1000,Outdoor,Hard,3rd Round,3,Sakkari M.,Garcia C.,9.0,26.0,3565.0,1920.0,6.0,3.0,6.0,4.0,,,2.0,0.0,Completed,1.53,2.5,1.6,2.52,1.6,2.52,1.56,2.44,20240312
14,Indian Wells,BNP Paribas Open,2024-03-12,WTA1000,Outdoor,Hard,3rd Round,3,Navarro E.,Svitolina E.,23.0,17.0,1998.0,2332.0,6.0,1.0,4.0,6.0,6.0,3.0,2.0,1.0,Completed,2.2,1.67,2.31,1.68,2.32,1.7,2.24,1.65,20240312
14,Indian Wells,BNP Paribas Open,2024-03-12,WTA1000,Outdoor,Hard,4th Round,3,Potapova A.,Paolini J.,33.0,14.0,1557.0,2700.0,7.0,5.0,0.0,6.0,6.0,3.0,2.0,1.0,Completed,2.2,1.67,2.14,1.79,2.22,1.81,2.13,1.72,20240312
14,Indian Wells,BNP Paribas Open,2024-03-12,WTA1000,Outdoor,Hard,4th Round,3,Kostyuk M.,Pavlyuchenkova A.,32.0,24.0,1566.0,1981.0,6.0,4.0,6.0,1.0,,,2.0,0.0,Completed,2.2,1.67,2.26,1.72,2.36,1.73,2.19,1.69,20240312
14,Indian Wells,BNP Paribas Open,2024-03-13,WTA1000,Outdoor,Hard,4th Round,3,Wozniacki C.,Kerber A.,204.0,607.0,373.0,71.0,6.0,4.0,6.0,2.0,,,2.0,0.0,Completed,1.73,2.1,1.76,2.2,1.81,2.21,1.73,2.12,20240313
14,Indian Wells,BNP Paribas Open,2024-03-13,WTA1000,Outdoor,Hard,4th Round,3,Swiatek I.,Putintseva Y.,1.0,79.0,10105.0,898.0,6.0,1.0,6.0,2.0,,,2.0,0.0,Completed,1.03,15.0,1.05,16.23,1.05,16.23,1.04,12.45,20240313
14,Indian Wells,BNP Paribas Open,2024-03-13,WTA1000,Outdoor,Hard,4th Round,3,Navarro E.,Sabalenka A.,23.0,2.0,1998.0,8725.0,6.0,3.0,3.0,6.0,6.0,2.0,2.0,1.0,Completed,4.5,1.2,4.41,1.25,4.54,1.25,4.3,1.22,20240313
14,Indian Wells,BNP Paribas Open,2024-03-13,WTA1000,Outdoor,Hard,4th Round,3,Gauff C.,Mertens E.,3.0,28.0,6975.0,1646.0,6.0,0.0,6.0,2.0,,,2.0,0.0,Completed,1.29,3.75,1.34,3.57,1.35,3.92,1.3,3.56,20240313
14,Indian Wells,BNP Paribas Open,2024-03-13,WTA1000,Outdoor,Hard,4th Round,3,Sakkari M.,Parry D.,9.0,61.0,3565.0,1098.0,6.0,2.0,3.0,6.0,6.0,3.0,2.0,1.0,Completed,1.4,3.0,1.42,3.1,1.44,3.14,1.4,2.97,20240313
14,Indian Wells,BNP Paribas Open,2024-03-14,WTA1000,Outdoor,Hard,4th Round,3,Yuan Y.,Kasatkina D.,49.0,12.0,1241.0,3063.0,4.0,6.0,6.0,4.0,6.0,3.0,2.0,1.0,Completed,2.5,1.53,2.58,1.57,2.62,1.61,2.48,1.54,20240314
14,Indian Wells,BNP Paribas Open,2024-03-14,WTA1000,Outdoor,Hard,Quarterfinals,3,Kostyuk M.,Potapova A.,32.0,33.0,1566.0,1557.0,6.0,0.0,7.0,5.0,,,2.0,0.0,Completed,1.67,2.2,1.66,2.34,1.7,2.37,1.66,2.24,20240314
14,Indian Wells,BNP Paribas Open,2024-03-14,WTA1000,Outdoor,Hard,Quarterfinals,3,Swiatek I.,Wozniacki C.,1.0,204.0,10105.0,373.0,6.0,4.0,1.0,0.0,,,1.0,0.0,Retired,1.08,8.0,1.08,9.31,1.1,10.44,1.08,8.55,20240314
14,Indian Wells,BNP Paribas Open,2024-03-14,WTA1000,Outdoor,Hard,Quarterfinals,3,Gauff C.,Yuan Y.,3.0,49.0,6975.0,1241.0,6.0,4.0,6.0,3.0,,,2.0,0.0,Completed,1.14,5.5,1.18,5.63,1.19,6.1,1.16,5.34,20240314
14,Indian Wells,BNP Paribas Open,2024-03-15,WTA1000,Outdoor,Hard,Quarterfinals,3,Sakkari M.,Navarro E.,9.0,23.0,3565.0,1998.0,5.0,7.0,6.0,2.0,6.0,4.0,2.0,1.0,Completed,2.1,1.73,2.17,1.76,2.2,1.8,2.09,1.75,20240315
14,Indian Wells,BNP Paribas Open,2024-03-15,WTA1000,Outdoor,Hard,Semifinals,3,Swiatek I.,Kostyuk M.,1.0,32.0,10105.0,1566.0,6.0,2.0,6.0,1.0,,,2.0,0.0,Completed,1.1,7.0,1.13,7.29,1.13,9.17,1.11,6.83,20240315
14,Indian Wells,BNP Paribas Open,2024-03-16,WTA1000,Outdoor,Hard,Semifinals,3,Sakkari M.,Gauff C.,9.0,3.0,3565.0,6975.0,6.0,4.0,6.0,7.0,6.0,2.0,2.0,1.0,Completed,3.4,1.33,3.64,1.33,3.64,1.37,3.32,1.34,20240316
14,Indian Wells,BNP Paribas Open,2024-03-17,WTA1000,Outdoor,Hard,The Final,3,Swiatek I.,Sakkari M.,1.0,9.0,10105.0,3565.0,6.0,4.0,6.0,0.0,,,2.0,0.0,Completed,1.2,4.5,1.17,5.8,1.21,5.8,1.18,5.07,20240317
15,Miami,Miami Open,2024-03-19,WTA1000,Outdoor,Hard,1st Round,3,Wang Xin.,Baptiste H.,43.0,96.0,1316.0,744.0,7.0,6.0,6.0,3.0,,,2.0,0.0,Completed,1.67,2.2,1.73,2.22,1.73,2.32,1.68,2.18,20240319
15,Miami,Miami Open,2024-03-19,WTA1000,Outdoor,Hard,1st Round,3,Yuan Y.,Blinkova A.,37.0,44.0,1436.0,1300.0,6.0,4.0,6.0,2.0,,,2.0,0.0,Completed,1.67,2.2,1.74,2.2,1.74,2.22,1.69,2.16,20240319
15,Miami,Miami Open,2024-03-19,WTA1000,Outdoor,Hard,1st Round,3,Stearns P.,Wang Y.,67.0,64.0,1046.0,1060.0,6.0,2.0,6.0,3.0,,,2.0,0.0,Completed,1.8,2.0,1.81,2.09,1.82,2.1,1.78,2.03,20240319
15,Miami,Miami Open,2024-03-19,WTA1000,Outdoor,Hard,1st Round,3,Saville D.,Zhang S.,115.0,711.0,661.0,49.0,6.0,4.0,2.0,6.0,6.0,4.0,2.0,1.0,Completed,1.25,4.0,1.23,4.67,1.26,4.67,1.22,4.17,20240319
15,Miami,Miami Open,2024-03-19,WTA1000,Outdoor,Hard,1st Round,3,Tauson C.,Dolehide C.,91.0,50.0,793.0,1245.0,6.0,3.0,3.0,6.0,6.0,2.0,2.0,1.0,Completed,1.5,2.63,1.53,2.63,1.63,2.63,1.53,2.47,20240319
15,Miami,Miami Open,2024-03-19,WTA1000,Outdoor,Hard,1st Round,3,Shnaider D.,Williams V.,62.0,457.0,1076.0,122.0,6.0,3.0,6.0,3.0,,,2.0,0.0,Completed,1.14,5.5,1.13,6.84,1.16,6.84,1.13,5.88,20240319
15,Miami,Miami Open,2024-03-19,WTA1000,Outdoor,Hard,1st Round,3,Siegemund L.,Krunic A.,90.0,626.0,795.0,66.0,4.0,6.0,6.0,2.0,6.0,2.0,2.0,1.0,Completed,1.2,4.5,1.24,4.5,1.26,4.6,1.22,4.22,20240319
15,Miami,Miami Open,2024-03-19,WTA1000,Outdoor,Hard,1st Round,3,Siniakova K.,Bogdan A.,42.0,66.0,1352.0,1054.0,6.0,2.0,6.0,4.0,,,2.0,0.0,Completed,1.5,2.63,1.51,2.72,1.53,2.72,1.49,2.6,20240319
15,Miami,Miami Open,2024-03-19,WTA1000,Outdoor,Hard,1st Round,3,Wozniacki C.,Burel C.,129.0,45.0,588.0,1287.0,6.0,1.0,6.0,4.0,,,2.0,0.0,Completed,1.57,2.38,1.57,2.55,1.66,2.55,1.59,2.35,20240319
15,Miami,Miami Open,2024-03-19,WTA1000,Outdoor,Hard,1st Round,3,Townsend T.,Bronzetti L.,72.0,49.0,974.0,1247.0,3.0,6.0,6.0,3.0,6.0,4.0,2.0,1.0,Completed,1.53,2.5,1.61,2.46,1.62,2.51,1.57,2.39,20240319
15,Miami,Miami Open,2024-03-19,WTA1000,Outdoor,Hard,1st Round,3,Fruhvirtova B.,Carle M.,105.0,100.0,704.0,726.0,6.0,3.0,6.0,3.0,,,2.0,0.0,Completed,1.44,2.75,1.52,2.68,1.53,2.8,1.48,2.65,20240319
15,Miami,Miami Open,2024-03-19,WTA1000,Outdoor,Hard,1st Round,3,Wang Xiy.,Schmiedlova A.,56.0,69.0,1174.0,983.0,6.0,1.0,6.0,3.0,,,2.0,0.0,Completed,1.36,3.2,1.41,3.12,1.41,3.2,1.37,3.05,20240319
15,Miami,Miami Open,2024-03-19,WTA1000,Outdoor,Hard,1st Round,3,Badosa P.,Halep S.,80.0,,906.0,,1.0,6.0,6.0,4.0,6.0,3.0,2.0,1.0,Completed,2.0,1.8,2.23,1.72,2.23,1.83,2.08,1.74,20240319
15,Miami,Miami Open,2024-03-19,WTA1000,Outdoor,Hard,1st Round,3,Tsurenko L.,Linette M.,40.0,55.0,1387.0,1190.0,2.0,6.0,6.0,1.0,6.0,4.0,2.0,1.0,Completed,1.57,2.38,1.65,2.37,1.65,2.45,1.6,2.32,20240319
15,Miami,Miami Open,2024-03-19,WTA1000,Outdoor,Hard,1st Round,3,Putintseva Y.,Bucsa C.,68.0,74.0,1008.0,965.0,6.0,2.0,3.0,6.0,6.0,4.0,2.0,1.0,Completed,1.44,2.75,1.49,2.8,1.49,3.15,1.44,2.76,20240319
15,Miami,Miami Open,2024-03-19,WTA1000,Outdoor,Hard,1st Round,3,Parry D.,Cristian J.,54.0,82.0,1200.0,884.0,7.0,6.0,6.0,2.0,,,2.0,0.0,Completed,1.4,3.0,1.47,2.88,1.5,3.0,1.45,2.75,20240319
15,Miami,Miami Open,2024-03-20,WTA1000,Outdoor,Hard,1st Round,3,Zhu L.,Bouzkova M.,63.0,39.0,1072.0,1404.0,6.0,2.0,6.0,4.0,,,2.0,0.0,Completed,2.63,1.5,2.57,1.56,2.63,1.56,2.5,1.53,20240320
15,Miami,Miami Open,2024-03-20,WTA1000,Outdoor,Hard,1st Round,3,Giorgi C.,Frech M.,107.0,47.0,691.0,1270.0,6.0,4.0,6.0,2.0,,,2.0,0.0,Completed,2.1,1.73,2.1,1.81,2.12,1.81,2.05,1.76,20240320
15,Miami,Miami Open,2024-03-20,WTA1000,Outdoor,Hard,1st Round,3,Avanesyan E.,Andreeva E.,65.0,94.0,1059.0,767.0,6.0,0.0,3.0,6.0,6.0,1.0,2.0,1.0,Completed,3.0,1.4,3.12,1.41,3.25,1.44,2.97,1.39,20240320
15,Miami,Miami Open,2024-03-20,WTA1000,Outdoor,Hard,1st Round,3,Timofeeva M.,Gracheva V.,99.0,83.0,726.0,876.0,6.0,3.0,6.0,3.0,,,2.0,0.0,Completed,1.4,3.0,1.37,3.33,1.4,3.4,1.37,3.1,20240320
15,Miami,Miami Open,2024-03-20,WTA1000,Outdoor,Hard,1st Round,3,Stephens S.,Kerber A.,41.0,342.0,1352.0,191.0,6.0,2.0,6.0,3.0,,,2.0,0.0,Completed,1.67,2.2,1.63,2.42,1.69,2.42,1.64,2.23,20240320
15,Miami,Miami Open,2024-03-20,WTA1000,Outdoor,Hard,1st Round,3,Liu C.,Martic P.,114.0,60.0,662.0,1143.0,6.0,4.0,6.0,1.0,,,2.0,0.0,Completed,2.2,1.67,2.38,1.64,2.38,1.67,2.28,1.62,20240320
15,Miami,Miami Open,2024-03-20,WTA1000,Outdoor,Hard,1st Round,3,Arango E.,Maria T.,123.0,48.0,635.0,1270.0,6.0,2.0,6.0,3.0,,,2.0,0.0,Completed,2.63,1.5,2.68,1.53,2.75,1.54,2.61,1.49,20240320
15,Miami,Miami Open,2024-03-20,WTA1000,Outdoor,Hard,1st Round,3,Collins D.,Pera B.,53.0,81.0,1205.0,906.0,3.0,6.0,6.0,1.0,6.0,1.0,2.0,1.0,Completed,1.25,4.0,1.26,4.2,1.28,4.25,1.25,3.93,20240320
15,Miami,Miami Open,2024-03-20,WTA1000,Outdoor,Hard,1st Round,3,Rogers S.,Fruhvirtova L.,325.0,138.0,208.0,536.0,4.0,6.0,6.0,4.0,6.0,2.0,2.0,1.0,Completed,2.0,1.8,2.08,1.82,2.08,1.85,2.0,1.8,20240320
15,Miami,Miami Open,2024-03-20,WTA1000,Outdoor,Hard,1st Round,3,Rus A.,Sorribes Tormo S.,57.0,52.0,1174.0,1218.0,6.0,0.0,6.0,3.0,,,2.0,0.0,Completed,2.1,1.73,2.03,1.86,2.1,1.86,2.03,1.78,20240320
15,Miami,Miami Open,2024-03-20,WTA1000,Outdoor,Hard,1st Round,3,Tomova V.,Korpatsch T.,73.0,77.0,969.0,928.0,6.0,2.0,6.0,4.0,,,2.0,0.0,Completed,1.57,2.38,1.58,2.52,1.59,2.52,1.55,2.43,20240320
15,Miami,Miami Open,2024-03-20,WTA1000,Outdoor,Hard,1st Round,3,Podoroska N.,Krueger A.,78.0,75.0,919.0,963.0,6.0,4.0,6.0,2.0,,,2.0,0.0,Completed,2.75,1.44,2.72,1.51,2.9,1.51,2.72,1.45,20240320
15,Miami,Miami Open,2024-03-20,WTA1000,Outdoor,Hard,1st Round,3,Vekic D.,Pliskova Ka.,34.0,46.0,1518.0,1282.0,6.0,4.0,2.0,6.0,6.0,2.0,2.0,1.0,Completed,2.2,1.67,2.16,1.77,2.22,2.02,2.13,1.71,20240320
15,Miami,Miami Open,2024-03-20,WTA1000,Outdoor,Hard,1st Round,3,Volynets K.,Kenin S.,121.0,58.0,637.0,1164.0,6.0,2.0,4.0,6.0,6.0,3.0,2.0,1.0,Completed,1.91,1.91,1.87,2.02,1.91,2.02,1.86,1.93,20240320
15,Miami,Miami Open,2024-03-20,WTA1000,Outdoor,Hard,1st Round,3,Hunter S.,Trevisan M.,122.0,61.0,636.0,1084.0,6.0,3.0,3.0,0.0,,,1.0,0.0,Retired,1.5,2.63,1.53,2.66,1.56,2.66,1.51,2.54,20240320
15,Miami,Miami Open,2024-03-20,WTA1000,Outdoor,Hard,1st Round,3,Osaka N.,Cocciaretto E.,229.0,51.0,323.0,1238.0,6.0,3.0,6.0,4.0,,,2.0,0.0,Completed,1.5,2.63,1.52,2.7,1.54,2.81,1.48,2.62,20240320
15,Miami,Miami Open,2024-03-21,WTA1000,Outdoor,Hard,2nd Round,3,Boulter K.,Fruhvirtova B.,30.0,105.0,1690.0,704.0,7.0,6.0,1.0,0.0,,,1.0,0.0,Retired,1.53,2.5,1.53,2.67,1.57,2.67,1.52,2.5,20240321
15,Miami,Miami Open,2024-03-21,WTA1000,Outdoor,Hard,2nd Round,3,Townsend T.,Mertens E.,72.0,28.0,974.0,1756.0,6.0,2.0,6.0,2.0,,,2.0,0.0,Completed,2.5,1.53,2.46,1.61,2.58,1.61,2.41,1.56,20240321
15,Miami,Miami Open,2024-03-21,WTA1000,Outdoor,Hard,2nd Round,3,Haddad Maia B.,Parry D.,13.0,54.0,2870.0,1200.0,3.0,6.0,6.0,1.0,6.0,4.0,2.0,1.0,Completed,1.62,2.3,1.63,2.42,1.64,2.5,1.59,2.35,20240321
15,Miami,Miami Open,2024-03-21,WTA1000,Outdoor,Hard,2nd Round,3,Minnen G.,Tsurenko L.,79.0,40.0,908.0,1387.0,7.0,5.0,6.0,1.0,,,2.0,0.0,Completed,2.3,1.62,2.59,1.56,2.59,1.63,2.41,1.56,20240321
15,Miami,Miami Open,2024-03-21,WTA1000,Outdoor,Hard,2nd Round,3,Kalinina A.,Wozniacki C.,36.0,129.0,1483.0,588.0,5.0,7.0,7.0,5.0,6.0,4.0,2.0,1.0,Completed,3.2,1.36,3.3,1.38,3.3,1.4,3.11,1.36,20240321
15,Miami,Miami Open,2024-03-21,WTA1000,Outdoor,Hard,2nd Round,3,Kalinskaya A.,Wang Xiy.,25.0,56.0,1973.0,1174.0,6.0,2.0,6.0,2.0,,,2.0,0.0,Completed,1.44,2.75,1.52,2.7,1.52,2.78,1.48,2.61,20240321
15,Miami,Miami Open,2024-03-21,WTA1000,Outdoor,Hard,2nd Round,3,Sakkari M.,Yuan Y.,9.0,37.0,3825.0,1436.0,6.0,2.0,6.0,2.0,,,2.0,0.0,Completed,1.44,2.75,1.44,2.99,1.46,2.99,1.43,2.79,20240321
15,Miami,Miami Open,2024-03-21,WTA1000,Outdoor,Hard,2nd Round,3,Putintseva Y.,Samsonova L.,68.0,15.0,1008.0,2605.0,6.0,1.0,4.0,6.0,6.0,3.0,2.0,1.0,Completed,2.63,1.5,2.77,1.5,2.77,1.5,2.65,1.48,20240321
15,Miami,Miami Open,2024-03-21,WTA1000,Outdoor,Hard,2nd Round,3,Yastremska D.,Saville D.,33.0,115.0,1577.0,661.0,7.0,5.0,7.0,5.0,,,2.0,0.0,Completed,2.1,1.73,2.14,1.78,2.2,1.8,2.09,1.72,20240321
15,Miami,Miami Open,2024-03-21,WTA1000,Outdoor,Hard,2nd Round,3,Keys M.,Shnaider D.,18.0,62.0,2342.0,1076.0,6.0,2.0,6.0,4.0,,,2.0,0.0,Completed,1.8,2.0,1.88,2.02,1.88,2.02,1.82,1.97,20240321
15,Miami,Miami Open,2024-03-21,WTA1000,Outdoor,Hard,2nd Round,3,Ostapenko J.,Siegemund L.,10.0,90.0,3493.0,795.0,7.0,6.0,6.0,4.0,,,2.0,0.0,Completed,1.3,3.5,1.4,3.25,1.4,3.53,1.35,3.16,20240321
15,Miami,Miami Open,2024-03-21,WTA1000,Outdoor,Hard,2nd Round,3,Zheng Q.,Siniakova K.,7.0,42.0,4050.0,1352.0,4.0,6.0,6.0,3.0,1.0,0.0,1.0,1.0,Retired,1.44,2.75,1.56,2.58,1.56,2.77,1.48,2.61,20240321
15,Miami,Miami Open,2024-03-22,WTA1000,Outdoor,Hard,2nd Round,3,Azarenka V.,Stearns P.,32.0,67.0,1591.0,1046.0,7.0,5.0,3.0,6.0,6.0,4.0,2.0,1.0,Completed,1.5,2.63,1.44,2.94,1.52,2.99,1.45,2.72,20240322
15,Miami,Miami Open,2024-03-22,WTA1000,Outdoor,Hard,2nd Round,3,Rybakina E.,Tauson C.,4.0,91.0,5848.0,793.0,3.0,6.0,7.0,5.0,6.0,4.0,2.0,1.0,Completed,1.11,6.5,1.15,6.34,1.15,6.54,1.13,5.9,20240322
15,Miami,Miami Open,2024-03-22,WTA1000,Outdoor,Hard,2nd Round,3,Wang Xin.,Kudermetova V.,43.0,19.0,1316.0,2305.0,6.0,3.0,6.0,2.0,,,2.0,0.0,Completed,2.2,1.67,2.05,1.85,2.25,1.85,2.11,1.72,20240322
15,Miami,Miami Open,2024-03-22,WTA1000,Outdoor,Hard,2nd Round,3,Gauff C.,Podoroska N.,3.0,78.0,7150.0,919.0,6.0,1.0,6.0,2.0,,,2.0,0.0,Completed,1.08,8.0,1.08,9.73,1.09,9.73,1.07,8.06,20240322
15,Miami,Miami Open,2024-03-22,WTA1000,Outdoor,Hard,2nd Round,3,Sabalenka A.,Badosa P.,2.0,80.0,8195.0,906.0,6.0,4.0,6.0,3.0,,,2.0,0.0,Completed,1.33,3.4,1.33,3.62,1.37,3.62,1.32,3.37,20240322
15,Miami,Miami Open,2024-03-22,WTA1000,Outdoor,Hard,2nd Round,3,Alexandrova E.,Vekic D.,16.0,34.0,2475.0,1518.0,6.0,3.0,6.0,4.0,,,2.0,0.0,Completed,1.91,1.91,2.04,1.85,2.04,1.91,1.95,1.84,20240322
15,Miami,Miami Open,2024-03-22,WTA1000,Outdoor,Hard,2nd Round,3,Pavlyuchenkova A.,Rogers S.,22.0,325.0,2091.0,208.0,6.0,2.0,6.0,1.0,,,2.0,0.0,Completed,1.22,4.33,1.22,4.75,1.23,4.98,1.2,4.49,20240322
15,Miami,Miami Open,2024-03-22,WTA1000,Outdoor,Hard,2nd Round,3,Navarro E.,Hunter S.,20.0,122.0,2178.0,636.0,6.0,4.0,6.0,3.0,,,2.0,0.0,Completed,1.29,3.75,1.31,3.73,1.31,4.03,1.28,3.64,20240322
15,Miami,Miami Open,2024-03-22,WTA1000,Outdoor,Hard,2nd Round,3,Dodin O.,Rus A.,84.0,57.0,849.0,1174.0,6.0,4.0,3.0,6.0,6.0,3.0,2.0,1.0,Completed,2.1,1.73,,,2.1,1.88,1.96,1.82,20240322
15,Miami,Miami Open,2024-03-23,WTA1000,Outdoor,Hard,2nd Round,3,Pegula J.,Zhu L.,5.0,63.0,5035.0,1072.0,6.0,4.0,4.0,1.0,,,1.0,0.0,Retired,1.2,4.5,1.24,4.47,1.24,4.75,1.21,4.33,20240323
15,Miami,Miami Open,2024-03-23,WTA1000,Outdoor,Hard,2nd Round,3,Fernandez L.A.,Arango E.,35.0,123.0,1490.0,635.0,6.0,4.0,6.0,2.0,,,2.0,0.0,Completed,1.22,4.33,1.25,4.36,1.27,4.5,1.23,4.08,20240323
15,Miami,Miami Open,2024-03-23,WTA1000,Outdoor,Hard,2nd Round,3,Paolini J.,Volynets K.,14.0,121.0,2810.0,637.0,7.0,6.0,7.0,5.0,,,2.0,0.0,Completed,1.5,2.63,1.5,2.76,1.5,2.76,1.47,2.63,20240323
15,Miami,Miami Open,2024-03-23,WTA1000,Outdoor,Hard,2nd Round,3,Collins D.,Potapova A.,53.0,29.0,1205.0,1707.0,6.0,2.0,6.0,2.0,,,2.0,0.0,Completed,1.53,2.5,1.57,2.55,1.6,2.55,1.56,2.41,20240323
15,Miami,Miami Open,2024-03-23,WTA1000,Outdoor,Hard,2nd Round,3,Kasatkina D.,Liu C.,11.0,114.0,3118.0,662.0,6.0,0.0,1.0,0.0,,,1.0,0.0,Retired,1.36,3.2,1.44,2.99,1.44,3.2,1.39,2.94,20240323
15,Miami,Miami Open,2024-03-23,WTA1000,Outdoor,Hard,2nd Round,3,Noskova L.,Timofeeva M.,31.0,99.0,1613.0,726.0,6.0,4.0,6.0,4.0,,,2.0,0.0,Completed,1.4,3.0,1.42,3.08,1.44,3.12,1.41,2.89,20240323
15,Miami,Miami Open,2024-03-23,WTA1000,Outdoor,Hard,2nd Round,3,Cirstea S.,Stephens S.,24.0,41.0,2018.0,1352.0,6.0,2.0,6.0,1.0,,,2.0,0.0,Completed,2.0,1.8,1.98,1.91,2.05,1.91,1.94,1.84,20240323
15,Miami,Miami Open,2024-03-23,WTA1000,Outdoor,Hard,2nd Round,3,Osaka N.,Svitolina E.,229.0,17.0,323.0,2397.0,6.0,2.0,7.0,6.0,,,2.0,0.0,Completed,1.91,1.91,1.91,1.98,1.92,1.98,1.88,1.92,20240323
15,Miami,Miami Open,2024-03-23,WTA1000,Outdoor,Hard,2nd Round,3,Swiatek I.,Giorgi C.,1.0,107.0,10715.0,691.0,6.0,1.0,6.0,1.0,,,2.0,0.0,Completed,1.03,15.0,1.03,17.61,1.05,17.61,1.02,12.76,20240323
15,Miami,Miami Open,2024-03-23,WTA1000,Outdoor,Hard,2nd Round,3,Garcia C.,Tomova V.,27.0,73.0,1865.0,969.0,6.0,1.0,5.0,2.0,,,1.0,0.0,Retired,1.44,2.75,1.46,2.91,1.46,2.91,1.43,2.77,20240323
15,Miami,Miami Open,2024-03-23,WTA1000,Outdoor,Hard,2nd Round,3,Avanesyan E.,Jabeur O.,65.0,6.0,1059.0,4118.0,6.0,1.0,4.0,6.0,6.0,3.0,2.0,1.0,Completed,2.75,1.44,2.89,1.47,2.89,1.47,2.75,1.44,20240323
15,Miami,Miami Open,2024-03-23,WTA1000,Outdoor,Hard,3rd Round,3,Azarenka V.,Zheng Q.,32.0,7.0,1591.0,4050.0,6.0,4.0,7.0,5.0,,,2.0,0.0,Completed,2.1,1.73,2.22,1.74,2.22,1.8,2.11,1.72,20240323
15,Miami,Miami Open,2024-03-23,WTA1000,Outdoor,Hard,3rd Round,3,Sakkari M.,Yastremska D.,9.0,33.0,3825.0,1577.0,7.0,5.0,6.0,4.0,,,2.0,0.0,Completed,1.29,3.75,1.29,3.96,1.32,4.24,1.27,3.73,20240323
15,Miami,Miami Open,2024-03-23,WTA1000,Outdoor,Hard,3rd Round,3,Keys M.,Wang Xin.,18.0,43.0,2342.0,1316.0,6.0,4.0,7.0,6.0,,,2.0,0.0,Completed,1.67,2.2,1.64,2.41,1.68,2.41,1.63,2.26,20240323
15,Miami,Miami Open,2024-03-24,WTA1000,Outdoor,Hard,3rd Round,3,Rybakina E.,Townsend T.,4.0,72.0,5848.0,974.0,6.0,3.0,6.0,7.0,6.0,4.0,2.0,1.0,Completed,1.2,4.5,1.2,5.16,1.22,5.16,1.19,4.7,20240324
15,Miami,Miami Open,2024-03-24,WTA1000,Outdoor,Hard,3rd Round,3,Kalinina A.,Sabalenka A.,36.0,2.0,1483.0,8195.0,6.0,4.0,1.0,6.0,6.0,1.0,2.0,1.0,Completed,7.0,1.1,8.32,1.11,8.32,1.13,6.95,1.1,20240324
15,Miami,Miami Open,2024-03-24,WTA1000,Outdoor,Hard,3rd Round,3,Putintseva Y.,Minnen G.,68.0,79.0,1008.0,908.0,6.0,2.0,2.0,6.0,6.0,4.0,2.0,1.0,Completed,1.62,2.3,1.65,2.4,1.69,2.4,1.64,2.25,20240324
15,Miami,Miami Open,2024-03-24,WTA1000,Outdoor,Hard,3rd Round,3,Kalinskaya A.,Ostapenko J.,25.0,10.0,1973.0,3493.0,6.0,3.0,6.0,1.0,,,2.0,0.0,Completed,1.91,1.91,1.89,2.02,1.91,2.06,1.86,1.94,20240324
15,Miami,Miami Open,2024-03-24,WTA1000,Outdoor,Hard,3rd Round,3,Boulter K.,Haddad Maia B.,30.0,13.0,1690.0,2870.0,6.0,2.0,6.0,3.0,,,2.0,0.0,Completed,2.0,1.8,2.08,1.84,2.1,1.85,2.01,1.79,20240324
15,Miami,Miami Open,2024-03-24,WTA1000,Outdoor,Hard,3rd Round,3,Cirstea S.,Kasatkina D.,24.0,11.0,2018.0,3118.0,7.0,5.0,6.0,2.0,,,2.0,0.0,Completed,2.0,1.8,2.06,1.85,2.14,1.88,2.0,1.8,20240324
15,Miami,Miami Open,2024-03-24,WTA1000,Outdoor,Hard,3rd Round,3,Navarro E.,Paolini J.,20.0,14.0,2178.0,2810.0,6.0,2.0,3.0,6.0,6.0,0.0,2.0,1.0,Completed,1.62,2.3,1.65,2.39,1.7,2.4,1.62,2.29,20240324
15,Miami,Miami Open,2024-03-24,WTA1000,Outdoor,Hard,3rd Round,3,Gauff C.,Dodin O.,3.0,84.0,7150.0,849.0,6.0,4.0,6.0,0.0,,,2.0,0.0,Completed,1.05,11.0,1.05,14.47,1.06,15.3,1.05,10.72,20240324
15,Miami,Miami Open,2024-03-24,WTA1000,Outdoor,Hard,3rd Round,3,Alexandrova E.,Pavlyuchenkova A.,16.0,22.0,2475.0,2091.0,6.0,4.0,3.0,6.0,6.0,3.0,2.0,1.0,Completed,2.38,1.57,2.44,1.63,2.47,1.63,2.36,1.58,20240324
15,Miami,Miami Open,2024-03-24,WTA1000,Outdoor,Hard,3rd Round,3,Pegula J.,Fernandez L.A.,5.0,35.0,5035.0,1490.0,7.0,5.0,6.0,4.0,,,2.0,0.0,Completed,1.3,3.5,1.38,3.29,1.41,3.5,1.35,3.18,20240324
15,Miami,Miami Open,2024-03-24,WTA1000,Outdoor,Hard,3rd Round,3,Garcia C.,Osaka N.,27.0,229.0,1865.0,323.0,7.0,6.0,7.0,5.0,,,2.0,0.0,Completed,3.0,1.4,2.96,1.46,3,1.51,2.85,1.42,20240324
15,Miami,Miami Open,2024-03-24,WTA1000,Outdoor,Hard,3rd Round,3,Collins D.,Avanesyan E.,53.0,65.0,1205.0,1059.0,6.0,1.0,6.0,2.0,,,2.0,0.0,Completed,1.2,4.5,1.25,4.47,1.27,4.5,1.22,4.26,20240324
15,Miami,Miami Open,2024-03-24,WTA1000,Outdoor,Hard,3rd Round,3,Swiatek I.,Noskova L.,1.0,31.0,10715.0,1613.0,6.0,7.0,6.0,4.0,6.0,4.0,2.0,1.0,Completed,1.05,11.0,1.06,12.67,1.07,12.67,1.05,10.12,20240324
15,Miami,Miami Open,2024-03-25,WTA1000,Outdoor,Hard,4th Round,3,Sakkari M.,Kalinskaya A.,9.0,25.0,3825.0,1973.0,,,,,,,,,Walkover,1.73,2.1,1.85,2.05,1.86,2.2,1.76,2.07,20240325
15,Miami,Miami Open,2024-03-25,WTA1000,Outdoor,Hard,4th Round,3,Putintseva Y.,Kalinina A.,68.0,36.0,1008.0,1483.0,6.0,4.0,7.0,6.0,,,2.0,0.0,Completed,2.0,1.8,2.09,1.83,2.09,1.9,1.99,1.81,20240325
15,Miami,Miami Open,2024-03-25,WTA1000,Outdoor,Hard,4th Round,3,Rybakina E.,Keys M.,4.0,18.0,5848.0,2342.0,6.0,3.0,7.0,5.0,,,2.0,0.0,Completed,1.4,3.0,1.43,3.1,1.43,3.32,1.38,3.02,20240325
15,Miami,Miami Open,2024-03-25,WTA1000,Outdoor,Hard,4th Round,3,Azarenka V.,Boulter K.,32.0,30.0,1591.0,1690.0,7.0,5.0,6.0,1.0,,,2.0,0.0,Completed,1.67,2.2,1.68,2.3,1.68,2.4,1.61,2.3,20240325
15,Miami,Miami Open,2024-03-25,WTA1000,Outdoor,Hard,4th Round,3,Garcia C.,Gauff C.,27.0,3.0,1865.0,7150.0,6.0,3.0,1.0,6.0,6.0,2.0,2.0,1.0,Completed,4.33,1.22,4.36,1.26,4.38,1.26,4.14,1.23,20240325
15,Miami,Miami Open,2024-03-25,WTA1000,Outdoor,Hard,4th Round,3,Collins D.,Cirstea S.,53.0,24.0,1205.0,2018.0,6.0,3.0,6.0,2.0,,,2.0,0.0,Completed,1.67,2.2,1.67,2.36,1.71,2.36,1.66,2.22,20240325
15,Miami,Miami Open,2024-03-26,WTA1000,Outdoor,Hard,4th Round,3,Pegula J.,Navarro E.,5.0,20.0,5035.0,2178.0,7.0,6.0,6.0,3.0,,,2.0,0.0,Completed,1.5,2.63,1.55,2.63,1.55,2.65,1.51,2.54,20240326
15,Miami,Miami Open,2024-03-26,WTA1000,Outdoor,Hard,4th Round,3,Alexandrova E.,Swiatek I.,16.0,1.0,2475.0,10715.0,6.0,4.0,6.0,2.0,,,2.0,0.0,Completed,8.0,1.08,9.08,1.1,10.5,1.1,8.12,1.08,20240326
15,Miami,Miami Open,2024-03-26,WTA1000,Outdoor,Hard,Quarterfinals,3,Azarenka V.,Putintseva Y.,32.0,68.0,1591.0,1008.0,7.0,6.0,1.0,6.0,6.0,3.0,2.0,1.0,Completed,1.36,3.2,1.36,3.46,1.42,3.46,1.35,3.2,20240326
15,Miami,Miami Open,2024-03-27,WTA1000,Outdoor,Hard,Quarterfinals,3,Rybakina E.,Sakkari M.,4.0,9.0,5848.0,3825.0,7.0,5.0,6.0,7.0,6.0,4.0,2.0,1.0,Completed,1.33,3.4,1.4,3.2,1.4,3.4,1.38,3.05,20240327
15,Miami,Miami Open,2024-03-27,WTA1000,Outdoor,Hard,Quarterfinals,3,Collins D.,Garcia C.,53.0,27.0,1205.0,1865.0,6.0,3.0,6.0,2.0,,,2.0,0.0,Completed,1.44,2.75,1.45,3.0,1.5,3.0,1.43,2.8,20240327
15,Miami,Miami Open,2024-03-27,WTA1000,Outdoor,Hard,Quarterfinals,3,Alexandrova E.,Pegula J.,16.0,5.0,2475.0,5035.0,3.0,6.0,6.0,4.0,6.0,4.0,2.0,1.0,Completed,2.63,1.5,2.54,1.58,2.64,1.6,2.49,1.53,20240327
15,Miami,Miami Open,2024-03-28,WTA1000,Outdoor,Hard,Semifinals,3,Rybakina E.,Azarenka V.,4.0,32.0,5848.0,1591.0,6.0,4.0,0.0,6.0,7.0,6.0,2.0,1.0,Completed,1.4,3.0,1.41,3.17,1.44,3.2,1.39,3.0,20240328
15,Miami,Miami Open,2024-03-29,WTA1000,Outdoor,Hard,Semifinals,3,Collins D.,Alexandrova E.,53.0,16.0,1205.0,2475.0,6.0,3.0,6.0,2.0,,,2.0,0.0,Completed,1.57,2.38,1.64,2.41,1.77,2.42,1.61,2.33,20240329
15,Miami,Miami Open,2024-03-30,WTA1000,Outdoor,Hard,The Final,3,Collins D.,Rybakina E.,53.0,4.0,1205.0,5848.0,7.0,5.0,6.0,3.0,,,2.0,0.0,Completed,2.38,1.57,2.4,1.65,2.45,1.66,2.34,1.6,20240330
16,Bogota,Copa Colsanitas,2024-04-01,WTA250,Outdoor,Clay,1st Round,3,Zarazua R.,Higuita Barraza M. I.,103.0,,726.0,,6.0,0.0,6.0,0.0,,,2.0,0.0,Completed,1.02,19.0,1.01,35.98,1.03,35.98,1.02,17.23,20240401
16,Bogota,Copa Colsanitas,2024-04-02,WTA250,Outdoor,Clay,1st Round,3,Sorribes Tormo S.,Timofeeva M.,50.0,93.0,1227.0,749.0,6.0,1.0,6.0,3.0,,,2.0,0.0,Completed,2.1,1.73,2.03,1.85,2.12,1.85,1.99,1.8,20240402
16,Bogota,Copa Colsanitas,2024-04-02,WTA250,Outdoor,Clay,1st Round,3,Errani S.,Starodubtseva Y.,117.0,136.0,654.0,541.0,6.0,2.0,7.0,6.0,,,2.0,0.0,Completed,1.73,2.1,1.75,2.16,1.8,2.16,1.73,2.09,20240402
16,Bogota,Copa Colsanitas,2024-04-02,WTA250,Outdoor,Clay,1st Round,3,Niemeier J.,Brancaccio N.,113.0,235.0,675.0,320.0,6.0,2.0,6.0,3.0,,,2.0,0.0,Completed,1.57,2.38,1.59,2.47,1.6,2.47,1.56,2.39,20240402
16,Bogota,Copa Colsanitas,2024-04-02,WTA250,Outdoor,Clay,1st Round,3,Rakhimova K.,Mediorreal Arias V.,92.0,,760.0,,6.0,4.0,6.0,7.0,6.0,1.0,2.0,1.0,Completed,1.03,17.0,1.02,30.58,1.03,30.58,1.02,15.39,20240402
16,Bogota,Copa Colsanitas,2024-04-02,WTA250,Outdoor,Clay,1st Round,3,Bara I.,Zavatska K.,178.0,195.0,421.0,384.0,2.0,6.0,6.0,3.0,6.0,4.0,2.0,1.0,Completed,2.63,1.5,2.64,1.53,2.75,1.53,2.63,1.48,20240402
16,Bogota,Copa Colsanitas,2024-04-02,WTA250,Outdoor,Clay,1st Round,3,Bucsa C.,You X.,75.0,211.0,945.0,351.0,6.0,1.0,7.0,5.0,,,2.0,0.0,Completed,1.29,3.75,1.29,3.85,1.29,4.0,1.28,3.64,20240402
16,Bogota,Copa Colsanitas,2024-04-02,WTA250,Outdoor,Clay,1st Round,3,Osorio M.,Stakusic M.,85.0,206.0,822.0,361.0,6.0,4.0,6.0,2.0,,,2.0,0.0,Completed,1.4,3.0,1.4,3.12,1.42,3.12,1.39,2.96,20240402
16,Bogota,Copa Colsanitas,2024-04-02,WTA250,Outdoor,Clay,1st Round,3,Baptiste H.,Zidansek T.,96.0,127.0,744.0,614.0,6.0,2.0,4.0,6.0,6.0,3.0,2.0,1.0,Completed,2.0,1.8,2.03,1.85,2.03,1.86,1.95,1.83,20240402
16,Bogota,Copa Colsanitas,2024-04-02,WTA250,Outdoor,Clay,1st Round,3,Todoni A.,Stefanini L.,217.0,147.0,346.0,506.0,4.0,6.0,6.0,2.0,6.0,4.0,2.0,1.0,Completed,1.67,2.2,1.64,2.37,1.67,2.38,1.62,2.28,20240402
16,Bogota,Copa Colsanitas,2024-04-02,WTA250,Outdoor,Clay,1st Round,3,Maria T.,Bondar A.,46.0,112.0,1270.0,682.0,6.0,3.0,6.0,2.0,,,2.0,0.0,Completed,2.0,1.8,1.96,1.91,2,1.91,1.92,1.86,20240402
16,Bogota,Copa Colsanitas,2024-04-02,WTA250,Outdoor,Clay,1st Round,3,Pigossi L.,Podoroska N.,119.0,67.0,653.0,1051.0,6.0,4.0,6.0,1.0,,,2.0,0.0,Completed,4.33,1.22,4.77,1.21,4.77,1.25,4.22,1.22,20240402
16,Bogota,Copa Colsanitas,2024-04-02,WTA250,Outdoor,Clay,1st Round,3,Riera J.,Arango E.,111.0,118.0,686.0,653.0,6.0,0.0,6.0,3.0,,,2.0,0.0,Completed,1.8,2.0,1.73,2.19,1.91,2.19,1.83,1.96,20240402
16,Bogota,Copa Colsanitas,2024-04-03,WTA250,Outdoor,Clay,1st Round,3,Siegemund L.,Shymanovich I.,89.0,230.0,795.0,328.0,7.0,6.0,7.0,5.0,,,2.0,0.0,Completed,1.29,3.75,1.26,4.12,1.3,4.12,1.26,3.75,20240403
16,Bogota,Copa Colsanitas,2024-04-03,WTA250,Outdoor,Clay,1st Round,3,Bouzkova M.,Marino R.,42.0,156.0,1349.0,466.0,6.0,0.0,6.0,3.0,,,2.0,0.0,Completed,1.25,4.0,1.26,4.15,1.27,4.25,1.24,3.88,20240403
16,Bogota,Copa Colsanitas,2024-04-03,WTA250,Outdoor,Clay,1st Round,3,Jones F.,Monroy Y.,214.0,765.0,347.0,41.0,6.0,1.0,6.0,2.0,,,2.0,0.0,Completed,1.03,15.0,1.03,21.49,1.03,21.49,1.02,15.42,20240403
16,Bogota,Copa Colsanitas,2024-04-03,WTA250,Outdoor,Clay,2nd Round,3,Errani S.,Sorribes Tormo S.,117.0,50.0,654.0,1227.0,6.0,2.0,4.0,6.0,6.0,4.0,2.0,1.0,Completed,2.38,1.57,2.44,1.6,2.45,1.62,2.33,1.59,20240403
16,Bogota,Copa Colsanitas,2024-04-03,WTA250,Outdoor,Clay,2nd Round,3,Rakhimova K.,Zarazua R.,92.0,103.0,760.0,726.0,7.0,6.0,6.0,7.0,6.0,3.0,2.0,1.0,Completed,2.38,1.57,2.48,1.59,2.48,1.68,2.34,1.59,20240403
16,Bogota,Copa Colsanitas,2024-04-03,WTA250,Outdoor,Clay,2nd Round,3,Bara I.,Pigossi L.,178.0,119.0,421.0,653.0,3.0,6.0,7.0,6.0,6.0,4.0,2.0,1.0,Completed,3.0,1.4,3.14,1.4,3.27,1.44,3.0,1.38,20240403
16,Bogota,Copa Colsanitas,2024-04-04,WTA250,Outdoor,Clay,2nd Round,3,Bucsa C.,Niemeier J.,75.0,113.0,945.0,675.0,6.0,4.0,6.0,1.0,,,2.0,0.0,Completed,2.1,1.73,2.29,1.67,2.29,1.73,2.2,1.66,20240404
16,Bogota,Copa Colsanitas,2024-04-04,WTA250,Outdoor,Clay,2nd Round,3,Osorio M.,Todoni A.,85.0,217.0,822.0,346.0,7.0,6.0,6.0,4.0,,,2.0,0.0,Completed,1.4,3.0,1.41,3.09,1.44,3.09,1.39,2.94,20240404
16,Bogota,Copa Colsanitas,2024-04-04,WTA250,Outdoor,Clay,2nd Round,3,Maria T.,Riera J.,46.0,111.0,1270.0,686.0,2.0,6.0,6.0,0.0,6.0,2.0,2.0,1.0,Completed,2.1,1.73,2.17,1.75,2.17,1.82,2.07,1.74,20240404
16,Bogota,Copa Colsanitas,2024-04-05,WTA250,Outdoor,Clay,2nd Round,3,Bouzkova M.,Baptiste H.,42.0,96.0,1349.0,744.0,6.0,3.0,6.0,4.0,,,2.0,0.0,Completed,1.44,2.75,1.45,2.91,1.46,2.91,1.43,2.77,20240405
16,Bogota,Copa Colsanitas,2024-04-05,WTA250,Outdoor,Clay,2nd Round,3,Siegemund L.,Jones F.,89.0,214.0,795.0,347.0,6.0,7.0,6.0,4.0,6.0,2.0,2.0,1.0,Completed,1.4,3.0,1.45,2.9,1.57,3.0,1.43,2.79,20240405
16,Bogota,Copa Colsanitas,2024-04-05,WTA250,Outdoor,Clay,Quarterfinals,3,Errani S.,Bara I.,117.0,178.0,654.0,421.0,4.0,6.0,6.0,2.0,6.0,3.0,2.0,1.0,Completed,1.3,3.5,1.33,3.69,1.33,3.95,1.29,3.55,20240405
16,Bogota,Copa Colsanitas,2024-04-05,WTA250,Outdoor,Clay,Quarterfinals,3,Rakhimova K.,Bucsa C.,92.0,75.0,760.0,945.0,0.0,6.0,6.0,4.0,7.0,5.0,2.0,1.0,Completed,2.5,1.53,2.58,1.57,2.63,1.58,2.47,1.54,20240405
16,Bogota,Copa Colsanitas,2024-04-05,WTA250,Outdoor,Clay,Quarterfinals,3,Bouzkova M.,Siegemund L.,42.0,89.0,1349.0,795.0,2.0,6.0,6.0,2.0,7.0,5.0,2.0,1.0,Completed,1.57,2.38,1.66,2.37,1.74,2.4,1.62,2.27,20240405
16,Bogota,Copa Colsanitas,2024-04-06,WTA250,Outdoor,Clay,Quarterfinals,3,Osorio M.,Maria T.,85.0,46.0,822.0,1270.0,1.0,6.0,6.0,3.0,6.0,3.0,2.0,1.0,Completed,1.57,2.38,1.53,2.7,1.66,2.7,1.55,2.42,20240406
16,Bogota,Copa Colsanitas,2024-04-06,WTA250,Outdoor,Clay,Semifinals,3,Osorio M.,Errani S.,85.0,117.0,822.0,654.0,7.0,6.0,6.0,4.0,,,2.0,0.0,Completed,1.5,2.63,1.51,2.78,1.65,2.78,1.49,2.6,20240406
16,Bogota,Copa Colsanitas,2024-04-06,WTA250,Outdoor,Clay,Semifinals,3,Bouzkova M.,Rakhimova K.,42.0,92.0,1349.0,760.0,6.0,4.0,7.0,6.0,,,2.0,0.0,Completed,1.29,3.75,1.29,4.04,1.4,4.04,1.28,3.66,20240406
16,Bogota,Copa Colsanitas,2024-04-07,WTA250,Outdoor,Clay,The Final,3,Osorio M.,Bouzkova M.,85.0,42.0,822.0,1349.0,6.0,3.0,7.0,6.0,,,2.0,0.0,Completed,2.2,1.67,2.1,1.83,2.2,1.83,2.11,1.73,20240407
17,Charleston,Charleston Open,2024-04-01,WTA500,Outdoor,Clay,1st Round,3,Linette M.,Martic P.,63.0,61.0,1080.0,1088.0,6.0,3.0,6.0,4.0,,,2.0,0.0,Completed,2.2,1.67,2.4,1.62,2.4,1.7,2.24,1.64,20240401
17,Charleston,Charleston Open,2024-04-01,WTA500,Outdoor,Clay,1st Round,3,Tomova V.,Sherif M.,74.0,72.0,949.0,973.0,6.0,4.0,3.0,6.0,6.0,2.0,2.0,1.0,Completed,1.57,2.38,1.74,2.18,1.74,2.4,1.63,2.26,20240401
17,Charleston,Charleston Open,2024-04-01,WTA500,Outdoor,Clay,1st Round,3,Saville D.,Korpatsch T.,108.0,76.0,695.0,938.0,6.0,4.0,3.0,6.0,6.0,2.0,2.0,1.0,Completed,1.44,2.75,1.46,2.87,1.5,2.87,1.44,2.75,20240401
17,Charleston,Charleston Open,2024-04-01,WTA500,Outdoor,Clay,1st Round,3,Wozniacki C.,Kessler M.,126.0,122.0,623.0,641.0,6.0,0.0,6.0,1.0,,,2.0,0.0,Completed,1.25,4.0,1.29,3.83,1.3,4.01,1.27,3.69,20240401
17,Charleston,Charleston Open,2024-04-01,WTA500,Outdoor,Clay,1st Round,3,Cristian J.,Vickery S.,83.0,132.0,844.0,580.0,6.0,1.0,6.0,4.0,,,2.0,0.0,Completed,1.73,2.1,1.74,2.17,1.83,2.17,1.75,2.06,20240401
17,Charleston,Charleston Open,2024-04-01,WTA500,Outdoor,Clay,1st Round,3,Anisimova A.,Cornet A.,264.0,97.0,280.0,743.0,6.0,3.0,6.0,0.0,,,2.0,0.0,Completed,1.22,4.33,1.24,4.44,1.31,4.44,1.25,3.86,20240401
17,Charleston,Charleston Open,2024-04-01,WTA500,Outdoor,Clay,1st Round,3,Volynets K.,Rus A.,110.0,54.0,687.0,1189.0,6.0,2.0,6.0,7.0,7.0,6.0,2.0,1.0,Completed,1.62,2.3,1.63,2.38,1.68,2.46,1.6,2.31,20240401
17,Charleston,Charleston Open,2024-04-01,WTA500,Outdoor,Clay,1st Round,3,Rogers S.,Liu C.,325.0,116.0,208.0,662.0,6.0,1.0,6.0,1.0,,,2.0,0.0,Completed,2.0,1.8,2.03,1.85,2.03,1.85,1.98,1.81,20240401
17,Charleston,Charleston Open,2024-04-02,WTA500,Outdoor,Clay,1st Round,3,Gracheva V.,Ngounoue C.,100.0,363.0,736.0,176.0,6.0,2.0,6.0,1.0,,,2.0,0.0,Completed,1.73,2.1,1.84,2.04,1.84,2.14,1.78,2.02,20240402
17,Charleston,Charleston Open,2024-04-02,WTA500,Outdoor,Clay,1st Round,3,Townsend T.,Kenin S.,68.0,57.0,1034.0,1109.0,6.0,3.0,6.0,3.0,,,2.0,0.0,Completed,1.4,3.0,1.41,3.06,1.42,3.11,1.39,2.95,20240402
17,Charleston,Charleston Open,2024-04-02,WTA500,Outdoor,Clay,1st Round,3,Sharma A.,Rodionova Ar.,135.0,101.0,544.0,731.0,6.0,4.0,6.0,1.0,,,2.0,0.0,Completed,1.53,2.5,1.52,2.64,1.54,2.64,1.51,2.52,20240402
17,Charleston,Charleston Open,2024-04-02,WTA500,Outdoor,Clay,1st Round,3,Stephens S.,Frech M.,40.0,53.0,1377.0,1195.0,6.0,0.0,6.0,2.0,,,2.0,0.0,Completed,1.5,2.63,1.5,2.73,1.52,2.75,1.48,2.62,20240402
17,Charleston,Charleston Open,2024-04-02,WTA500,Outdoor,Clay,1st Round,3,Collins D.,Badosa P.,22.0,82.0,2140.0,876.0,6.0,1.0,6.0,4.0,,,2.0,0.0,Completed,1.73,2.1,1.73,2.19,1.76,2.3,1.67,2.17,20240402
17,Charleston,Charleston Open,2024-04-02,WTA500,Outdoor,Clay,1st Round,3,Cocciaretto E.,Bogdan A.,56.0,66.0,1127.0,1054.0,2.0,6.0,6.0,1.0,7.0,6.0,2.0,1.0,Completed,,,1.52,2.67,1.54,2.7,1.5,2.55,20240402
17,Charleston,Charleston Open,2024-04-02,WTA500,Outdoor,Clay,1st Round,3,Dolehide C.,Day K.,47.0,84.0,1240.0,840.0,6.0,3.0,0.0,6.0,6.0,4.0,2.0,1.0,Completed,1.57,2.38,1.52,2.66,1.57,2.77,1.53,2.47,20240402
17,Charleston,Charleston Open,2024-04-02,WTA500,Outdoor,Clay,1st Round,3,Krueger A.,Lee G.,73.0,312.0,963.0,222.0,7.0,6.0,6.0,3.0,,,2.0,0.0,Completed,1.33,3.4,1.33,3.54,1.34,3.75,1.32,3.36,20240402
17,Charleston,Charleston Open,2024-04-02,WTA500,Outdoor,Clay,2nd Round,3,Sakkari M.,Tomova V.,7.0,74.0,4030.0,949.0,6.0,3.0,6.0,3.0,,,2.0,0.0,Completed,1.22,4.33,1.24,4.42,1.25,4.63,1.22,4.22,20240402
17,Charleston,Charleston Open,2024-04-02,WTA500,Outdoor,Clay,2nd Round,3,Linette M.,Yastremska D.,63.0,32.0,1080.0,1597.0,0.0,6.0,6.0,4.0,6.0,3.0,2.0,1.0,Completed,2.1,1.73,2.21,1.72,2.24,1.77,2.12,1.7,20240402
17,Charleston,Charleston Open,2024-04-02,WTA500,Outdoor,Clay,2nd Round,3,Pegula J.,Anisimova A.,5.0,264.0,4860.0,280.0,3.0,6.0,6.0,4.0,7.0,6.0,2.0,1.0,Completed,1.53,2.5,1.62,2.4,1.63,2.52,1.56,2.46,20240402
17,Charleston,Charleston Open,2024-04-03,WTA500,Outdoor,Clay,2nd Round,3,Cristian J.,Keys M.,83.0,18.0,844.0,2397.0,3.0,6.0,6.0,3.0,6.0,3.0,2.0,1.0,Completed,3.2,1.36,3.15,1.4,3.25,1.4,3.06,1.36,20240403
17,Charleston,Charleston Open,2024-04-03,WTA500,Outdoor,Clay,2nd Round,3,Kalinina A.,Wozniacki C.,33.0,126.0,1593.0,623.0,6.0,2.0,6.0,3.0,,,2.0,0.0,Completed,2.38,1.57,2.45,1.6,2.71,1.65,2.37,1.58,20240403
17,Charleston,Charleston Open,2024-04-03,WTA500,Outdoor,Clay,2nd Round,3,Azarenka V.,Cocciaretto E.,26.0,56.0,1916.0,1127.0,6.0,1.0,6.0,2.0,,,2.0,0.0,Completed,1.67,2.2,1.72,2.21,1.72,2.32,1.67,2.21,20240403
17,Charleston,Charleston Open,2024-04-03,WTA500,Outdoor,Clay,2nd Round,3,Sharma A.,Tsurenko L.,135.0,39.0,544.0,1392.0,6.0,4.0,6.0,0.0,,,2.0,0.0,Completed,2.63,1.5,2.53,1.56,2.63,1.58,2.47,1.54,20240403
17,Charleston,Charleston Open,2024-04-04,WTA500,Outdoor,Clay,2nd Round,3,Kasatkina D.,Krueger A.,11.0,73.0,3173.0,963.0,6.0,3.0,0.0,6.0,6.0,1.0,2.0,1.0,Completed,1.36,3.2,1.35,3.4,1.38,3.4,1.35,3.15,20240404
17,Charleston,Charleston Open,2024-04-04,WTA500,Outdoor,Clay,2nd Round,3,Navarro E.,Volynets K.,20.0,110.0,2218.0,687.0,6.0,1.0,6.0,1.0,,,2.0,0.0,Completed,1.29,3.75,1.3,3.77,1.35,3.77,1.29,3.54,20240404
17,Charleston,Charleston Open,2024-04-04,WTA500,Outdoor,Clay,2nd Round,3,Kudermetova V.,Rogers S.,19.0,325.0,2305.0,208.0,7.0,6.0,6.0,4.0,,,2.0,0.0,Completed,1.67,2.2,1.74,2.18,1.74,2.33,1.68,2.17,20240404
17,Charleston,Charleston Open,2024-04-04,WTA500,Outdoor,Clay,2nd Round,3,Townsend T.,Alexandrova E.,68.0,15.0,1034.0,2650.0,7.0,5.0,6.0,2.0,,,2.0,0.0,Completed,2.1,1.73,2.05,1.83,2.23,1.83,2.07,1.75,20240404
17,Charleston,Charleston Open,2024-04-04,WTA500,Outdoor,Clay,2nd Round,3,Haddad Maia B.,Dolehide C.,13.0,47.0,2870.0,1240.0,6.0,2.0,7.0,5.0,,,2.0,0.0,Completed,1.4,3.0,1.42,3.01,1.43,3.05,1.39,2.91,20240404
17,Charleston,Charleston Open,2024-04-04,WTA500,Outdoor,Clay,2nd Round,3,Collins D.,Jabeur O.,22.0,6.0,2140.0,4118.0,6.0,3.0,1.0,6.0,6.0,3.0,2.0,1.0,Completed,1.4,3.0,1.44,2.94,1.45,3.0,1.41,2.88,20240404
17,Charleston,Charleston Open,2024-04-04,WTA500,Outdoor,Clay,2nd Round,3,Stephens S.,Fernandez L.A.,40.0,34.0,1377.0,1520.0,6.0,4.0,6.0,4.0,,,2.0,0.0,Completed,1.67,2.2,1.65,2.33,1.73,2.33,1.66,2.21,20240404
17,Charleston,Charleston Open,2024-04-04,WTA500,Outdoor,Clay,2nd Round,3,Mertens E.,Gracheva V.,30.0,100.0,1646.0,736.0,6.0,4.0,3.0,6.0,6.0,2.0,2.0,1.0,Completed,1.36,3.2,1.4,3.16,1.43,3.25,1.38,2.98,20240404
17,Charleston,Charleston Open,2024-04-04,WTA500,Outdoor,Clay,2nd Round,3,Svitolina E.,Saville D.,17.0,108.0,2406.0,695.0,6.0,2.0,6.0,4.0,,,2.0,0.0,Completed,1.4,3.0,1.38,3.25,1.4,3.5,1.36,3.14,20240404
17,Charleston,Charleston Open,2024-04-04,WTA500,Outdoor,Clay,3rd Round,3,Pegula J.,Linette M.,5.0,63.0,4860.0,1080.0,6.0,2.0,6.0,2.0,,,2.0,0.0,Completed,1.22,4.33,1.24,4.45,1.26,4.66,1.22,4.24,20240404
17,Charleston,Charleston Open,2024-04-04,WTA500,Outdoor,Clay,3rd Round,3,Cristian J.,Navarro E.,83.0,20.0,844.0,2218.0,6.0,3.0,5.0,7.0,6.0,1.0,2.0,1.0,Completed,5.0,1.17,5.39,1.18,5.39,1.23,4.89,1.18,20240404
17,Charleston,Charleston Open,2024-04-04,WTA500,Outdoor,Clay,3rd Round,3,Azarenka V.,Townsend T.,26.0,68.0,1916.0,1034.0,6.0,7.0,6.0,3.0,6.0,4.0,2.0,1.0,Completed,1.57,2.38,1.71,2.22,1.71,2.48,1.63,2.26,20240404
17,Charleston,Charleston Open,2024-04-04,WTA500,Outdoor,Clay,3rd Round,3,Kasatkina D.,Kalinina A.,11.0,33.0,3173.0,1593.0,6.0,1.0,6.0,4.0,,,2.0,0.0,Completed,1.91,1.91,1.86,2.01,1.93,2.01,1.84,1.95,20240404
17,Charleston,Charleston Open,2024-04-04,WTA500,Outdoor,Clay,3rd Round,3,Kudermetova V.,Haddad Maia B.,19.0,13.0,2305.0,2870.0,7.0,5.0,6.0,1.0,,,2.0,0.0,Completed,2.2,1.67,2.14,1.76,2.24,1.76,2.16,1.69,20240404
17,Charleston,Charleston Open,2024-04-04,WTA500,Outdoor,Clay,3rd Round,3,Collins D.,Stephens S.,22.0,40.0,2140.0,1377.0,6.0,2.0,6.0,2.0,,,2.0,0.0,Completed,1.73,2.1,1.74,2.15,1.85,2.25,1.72,2.11,20240404
17,Charleston,Charleston Open,2024-04-05,WTA500,Outdoor,Clay,3rd Round,3,Sakkari M.,Sharma A.,7.0,135.0,4030.0,544.0,6.0,4.0,6.0,1.0,,,2.0,0.0,Completed,1.1,7.0,1.11,7.26,1.12,7.82,1.1,6.73,20240405
17,Charleston,Charleston Open,2024-04-05,WTA500,Outdoor,Clay,3rd Round,3,Mertens E.,Svitolina E.,30.0,17.0,1646.0,2406.0,6.0,4.0,6.0,1.0,,,2.0,0.0,Completed,2.75,1.44,2.93,1.43,3.21,1.45,2.82,1.42,20240405
17,Charleston,Charleston Open,2024-04-05,WTA500,Outdoor,Clay,Quarterfinals,3,Kasatkina D.,Cristian J.,11.0,83.0,3173.0,844.0,6.0,7.0,6.0,2.0,6.0,3.0,2.0,1.0,Completed,1.36,3.2,1.41,3.17,1.41,3.2,1.37,3.03,20240405
17,Charleston,Charleston Open,2024-04-05,WTA500,Outdoor,Clay,Quarterfinals,3,Pegula J.,Azarenka V.,5.0,26.0,4860.0,1916.0,6.0,4.0,3.0,6.0,7.0,6.0,2.0,1.0,Completed,1.62,2.3,1.69,2.3,1.76,2.3,1.65,2.22,20240405
17,Charleston,Charleston Open,2024-04-05,WTA500,Outdoor,Clay,Quarterfinals,3,Collins D.,Mertens E.,22.0,30.0,2140.0,1646.0,6.0,3.0,6.0,4.0,,,2.0,0.0,Completed,1.33,3.4,1.42,3.14,1.44,3.4,1.35,3.15,20240405
17,Charleston,Charleston Open,2024-04-06,WTA500,Outdoor,Clay,Quarterfinals,3,Sakkari M.,Kudermetova V.,7.0,19.0,4030.0,2305.0,6.0,2.0,6.0,4.0,,,2.0,0.0,Completed,1.4,3.0,1.51,2.77,1.51,3.39,1.46,2.75,20240406
17,Charleston,Charleston Open,2024-04-06,WTA500,Outdoor,Clay,Semifinals,3,Kasatkina D.,Pegula J.,11.0,5.0,3173.0,4860.0,6.0,4.0,4.0,6.0,7.0,6.0,2.0,1.0,Completed,2.5,1.53,2.49,1.6,2.6,1.6,2.45,1.55,20240406
17,Charleston,Charleston Open,2024-04-06,WTA500,Outdoor,Clay,Semifinals,3,Collins D.,Sakkari M.,22.0,7.0,2140.0,4030.0,6.0,3.0,6.0,3.0,,,2.0,0.0,Completed,1.67,2.2,1.75,2.2,1.77,2.31,1.7,2.14,20240406
17,Charleston,Charleston Open,2024-04-07,WTA500,Outdoor,Clay,The Final,3,Collins D.,Kasatkina D.,22.0,11.0,2140.0,3173.0,6.0,2.0,6.0,1.0,,,2.0,0.0,Completed,1.36,3.2,1.37,3.41,1.38,3.41,1.35,3.19,20240407
18,Rouen,Open de Rouen,2024-04-15,WTA250,Indoor,Clay,1st Round,3,Linette M.,Jacquemot E.,60.0,157.0,1085.0,478.0,7.0,5.0,6.0,1.0,,,2.0,0.0,Completed,1.53,2.5,1.53,2.63,1.54,2.75,1.5,2.54,20240415
18,Rouen,Open de Rouen,2024-04-15,WTA250,Indoor,Clay,1st Round,3,Andreeva M.,Podoroska N.,43.0,65.0,1343.0,1051.0,6.0,1.0,6.0,3.0,,,2.0,0.0,Completed,1.3,3.5,1.38,3.21,1.39,3.5,1.35,3.11,20240415
18,Rouen,Open de Rouen,2024-04-15,WTA250,Indoor,Clay,1st Round,3,Stephens S.,Stearns P.,39.0,79.0,1407.0,882.0,1.0,6.0,6.0,1.0,6.0,3.0,2.0,1.0,Completed,1.4,3.0,1.46,2.88,1.5,2.88,1.44,2.75,20240415
18,Rouen,Open de Rouen,2024-04-15,WTA250,Indoor,Clay,1st Round,3,Pliskova Ka.,Kudermetova P.,47.0,178.0,1227.0,413.0,7.0,5.0,1.0,6.0,7.0,5.0,2.0,1.0,Completed,1.36,3.2,1.4,3.15,1.41,3.25,1.36,3.09,20240415
18,Rouen,Open de Rouen,2024-04-16,WTA250,Indoor,Clay,1st Round,3,Stevanovic N.,Blinkova A.,204.0,45.0,376.0,1275.0,7.0,6.0,3.0,6.0,7.0,6.0,2.0,1.0,Completed,4.0,1.25,4.46,1.24,4.54,1.29,4.02,1.24,20240416
18,Rouen,Open de Rouen,2024-04-16,WTA250,Indoor,Clay,1st Round,3,Avanesyan E.,Ferro F.,67.0,144.0,1024.0,520.0,6.0,2.0,1.0,6.0,7.0,5.0,2.0,1.0,Completed,1.53,2.5,1.6,2.45,1.6,2.51,1.56,2.4,20240416
18,Rouen,Open de Rouen,2024-04-16,WTA250,Indoor,Clay,1st Round,3,Kalinina A.,Cornet A.,32.0,106.0,1623.0,728.0,6.0,4.0,7.0,5.0,,,2.0,0.0,Completed,1.17,5.0,1.17,5.58,1.2,5.7,1.16,5.03,20240416
18,Rouen,Open de Rouen,2024-04-16,WTA250,Indoor,Clay,1st Round,3,Rus A.,Montgomery R.,53.0,181.0,1188.0,408.0,6.0,3.0,6.0,1.0,,,2.0,0.0,Completed,1.53,2.5,1.58,2.48,1.6,2.67,1.56,2.41,20240416
18,Rouen,Open de Rouen,2024-04-16,WTA250,Indoor,Clay,1st Round,3,Burel C.,Zavatska K.,44.0,182.0,1296.0,401.0,3.0,6.0,6.0,3.0,6.0,2.0,2.0,1.0,Completed,1.3,3.5,1.33,3.56,1.35,3.66,1.3,3.43,20240416
18,Rouen,Open de Rouen,2024-04-16,WTA250,Indoor,Clay,1st Round,3,Yuan Y.,Sherif M.,38.0,72.0,1451.0,973.0,6.0,3.0,7.0,6.0,,,2.0,0.0,Completed,2.0,1.8,2.05,1.83,2.05,1.93,1.95,1.83,20240416
18,Rouen,Open de Rouen,2024-04-16,WTA250,Indoor,Clay,1st Round,3,Garcia C.,Cocciaretto E.,23.0,55.0,2070.0,1149.0,6.0,1.0,3.0,6.0,7.0,5.0,2.0,1.0,Completed,1.67,2.2,1.75,2.17,1.75,2.25,1.68,2.15,20240416
18,Rouen,Open de Rouen,2024-04-16,WTA250,Indoor,Clay,1st Round,3,Pavlyuchenkova A.,Robbe A.,22.0,265.0,2141.0,276.0,6.0,2.0,6.0,2.0,,,2.0,0.0,Completed,1.06,10.0,,,1.06,14.21,1.04,10.4,20240416
18,Rouen,Open de Rouen,2024-04-17,WTA250,Indoor,Clay,1st Round,3,Gracheva V.,Tomova V.,94.0,81.0,763.0,866.0,6.0,2.0,3.0,6.0,7.0,5.0,2.0,1.0,Completed,2.0,1.8,2.08,1.81,2.1,1.82,2.02,1.77,20240417
18,Rouen,Open de Rouen,2024-04-17,WTA250,Indoor,Clay,1st Round,3,Ruse E.G.,Hibino N.,162.0,85.0,460.0,846.0,6.0,2.0,6.0,1.0,,,2.0,0.0,Completed,1.53,2.5,1.5,2.71,1.55,2.75,1.49,2.59,20240417
18,Rouen,Open de Rouen,2024-04-17,WTA250,Indoor,Clay,1st Round,3,Trevisan M.,Osaka N.,78.0,192.0,898.0,388.0,6.0,4.0,6.0,2.0,,,2.0,0.0,Completed,3.2,1.36,2.97,1.43,3.2,1.43,2.95,1.38,20240417
18,Rouen,Open de Rouen,2024-04-17,WTA250,Indoor,Clay,1st Round,3,Schmiedlova A.,Parry D.,68.0,49.0,983.0,1215.0,3.0,6.0,3.0,1.0,,,0.0,1.0,Retired,3.5,1.3,3.34,1.36,3.53,1.36,3.32,1.32,20240417
18,Rouen,Open de Rouen,2024-04-17,WTA250,Indoor,Clay,2nd Round,3,Linette M.,Stevanovic N.,60.0,204.0,1085.0,376.0,6.0,2.0,6.0,1.0,,,2.0,0.0,Completed,1.29,3.75,1.26,4.23,1.29,4.25,1.24,3.97,20240417
18,Rouen,Open de Rouen,2024-04-17,WTA250,Indoor,Clay,2nd Round,3,Andreeva M.,Avanesyan E.,43.0,67.0,1343.0,1024.0,7.0,5.0,6.0,4.0,,,2.0,0.0,Completed,1.22,4.33,1.25,4.35,1.29,4.35,1.23,4.06,20240417
18,Rouen,Open de Rouen,2024-04-17,WTA250,Indoor,Clay,2nd Round,3,Stephens S.,Pliskova Ka.,39.0,47.0,1407.0,1227.0,6.0,3.0,6.0,2.0,,,2.0,0.0,Completed,1.4,3.0,1.47,2.86,1.47,3.0,1.42,2.81,20240417
18,Rouen,Open de Rouen,2024-04-18,WTA250,Indoor,Clay,2nd Round,3,Yuan Y.,Gracheva V.,38.0,94.0,1451.0,763.0,6.0,4.0,4.0,6.0,7.0,6.0,2.0,1.0,Completed,1.67,2.2,1.77,2.16,1.77,2.3,1.69,2.14,20240418
18,Rouen,Open de Rouen,2024-04-18,WTA250,Indoor,Clay,2nd Round,3,Rus A.,Pavlyuchenkova A.,53.0,22.0,1188.0,2141.0,6.0,3.0,1.0,6.0,6.0,3.0,2.0,1.0,Completed,3.0,1.4,3.3,1.38,3.39,1.4,3.1,1.36,20240418
18,Rouen,Open de Rouen,2024-04-18,WTA250,Indoor,Clay,2nd Round,3,Ruse E.G.,Burel C.,162.0,44.0,460.0,1296.0,6.0,0.0,2.0,6.0,6.0,3.0,2.0,1.0,Completed,2.2,1.67,2.32,1.68,2.46,1.68,2.25,1.63,20240418
18,Rouen,Open de Rouen,2024-04-18,WTA250,Indoor,Clay,2nd Round,3,Garcia C.,Schmiedlova A.,23.0,68.0,2070.0,983.0,6.0,1.0,6.0,0.0,,,2.0,0.0,Completed,1.22,4.33,1.29,3.94,1.29,4.5,1.24,3.94,20240418
18,Rouen,Open de Rouen,2024-04-18,WTA250,Indoor,Clay,2nd Round,3,Kalinina A.,Trevisan M.,32.0,78.0,1623.0,898.0,6.0,2.0,6.0,3.0,,,2.0,0.0,Completed,1.53,2.5,1.54,2.63,1.59,2.7,1.52,2.49,20240418
18,Rouen,Open de Rouen,2024-04-19,WTA250,Indoor,Clay,Quarterfinals,3,Stephens S.,Yuan Y.,39.0,38.0,1407.0,1451.0,6.0,2.0,6.0,2.0,,,2.0,0.0,Completed,1.29,3.75,1.33,3.7,1.33,3.89,1.29,3.57,20240419
18,Rouen,Open de Rouen,2024-04-19,WTA250,Indoor,Clay,Quarterfinals,3,Linette M.,Rus A.,60.0,53.0,1085.0,1188.0,7.0,6.0,6.0,1.0,,,2.0,0.0,Completed,2.1,1.73,2.09,1.83,2.16,1.83,2.07,1.75,20240419
18,Rouen,Open de Rouen,2024-04-19,WTA250,Indoor,Clay,Quarterfinals,3,Garcia C.,Ruse E.G.,23.0,162.0,2070.0,460.0,6.0,3.0,6.0,4.0,,,2.0,0.0,Completed,1.3,3.5,1.32,3.74,1.33,3.74,1.3,3.45,20240419
18,Rouen,Open de Rouen,2024-04-19,WTA250,Indoor,Clay,Quarterfinals,3,Kalinina A.,Andreeva M.,32.0,43.0,1623.0,1343.0,6.0,4.0,7.0,5.0,,,2.0,0.0,Completed,2.3,1.62,2.45,1.63,2.45,1.67,2.34,1.59,20240419
18,Rouen,Open de Rouen,2024-04-20,WTA250,Indoor,Clay,Semifinals,3,Stephens S.,Garcia C.,39.0,23.0,1407.0,2070.0,6.0,3.0,6.0,2.0,,,2.0,0.0,Completed,1.91,1.91,1.98,1.93,2.03,1.95,1.92,1.88,20240420
18,Rouen,Open de Rouen,2024-04-20,WTA250,Indoor,Clay,Semifinals,3,Linette M.,Kalinina A.,60.0,32.0,1085.0,1623.0,6.0,1.0,4.0,6.0,6.0,2.0,2.0,1.0,Completed,3.0,1.4,3.14,1.42,3.19,1.42,3.03,1.38,20240420
18,Rouen,Open de Rouen,2024-04-21,WTA250,Indoor,Clay,The Final,3,Stephens S.,Linette M.,39.0,60.0,1407.0,1085.0,6.0,1.0,2.0,6.0,6.0,2.0,2.0,1.0,Completed,1.44,2.75,1.48,2.88,1.48,2.88,1.44,2.79,20240421
19,Stuttgart,Porsche Tennis Grand Prix,2024-04-15,WTA500,Indoor,Clay,1st Round,3,Vickery S.,Sasnovich A.,134.0,110.0,550.0,701.0,7.0,6.0,7.0,5.0,,,2.0,0.0,Completed,2.1,1.73,2.01,1.86,2.15,1.86,2.07,1.74,20240415
19,Stuttgart,Porsche Tennis Grand Prix,2024-04-15,WTA500,Indoor,Clay,1st Round,3,Badosa P.,Shnaider D.,93.0,62.0,777.0,1055.0,6.0,3.0,6.0,4.0,,,2.0,0.0,Completed,1.73,2.1,1.83,2.06,1.83,2.12,1.77,2.04,20240415
19,Stuttgart,Porsche Tennis Grand Prix,2024-04-15,WTA500,Indoor,Clay,1st Round,3,Kudermetova V.,Krejcikova B.,19.0,24.0,2383.0,1996.0,5.0,7.0,6.0,4.0,6.0,4.0,2.0,1.0,Completed,1.73,2.1,1.77,2.14,1.8,2.14,1.74,2.07,20240415
19,Stuttgart,Porsche Tennis Grand Prix,2024-04-16,WTA500,Indoor,Clay,1st Round,3,Paolini J.,Errani S.,14.0,102.0,2865.0,737.0,6.0,1.0,6.0,0.0,,,2.0,0.0,Completed,1.25,4.0,1.26,4.17,1.32,4.17,1.25,3.84,20240416
19,Stuttgart,Porsche Tennis Grand Prix,2024-04-16,WTA500,Indoor,Clay,1st Round,3,Zheng Q.,Cirstea S.,7.0,29.0,3995.0,1748.0,6.0,2.0,6.0,3.0,,,2.0,0.0,Completed,1.44,2.75,1.43,2.97,1.46,3.0,1.42,2.8,20240416
19,Stuttgart,Porsche Tennis Grand Prix,2024-04-16,WTA500,Indoor,Clay,1st Round,3,Vondrousova M.,Vekic D.,8.0,37.0,3895.0,1488.0,6.0,4.0,6.0,3.0,,,2.0,0.0,Completed,1.4,3.0,1.39,3.18,1.46,3.18,1.39,2.94,20240416
19,Stuttgart,Porsche Tennis Grand Prix,2024-04-16,WTA500,Indoor,Clay,1st Round,3,Mertens E.,Maria T.,30.0,66.0,1744.0,1044.0,6.0,1.0,4.0,6.0,6.0,0.0,2.0,1.0,Completed,1.25,4.0,1.25,4.4,1.26,4.48,1.23,4.11,20240416
19,Stuttgart,Porsche Tennis Grand Prix,2024-04-16,WTA500,Indoor,Clay,1st Round,3,Noskova L.,Ostapenko J.,31.0,10.0,1643.0,3438.0,6.0,3.0,6.0,1.0,,,2.0,0.0,Completed,2.0,1.8,2.04,1.84,2.1,1.84,2.01,1.78,20240416
19,Stuttgart,Porsche Tennis Grand Prix,2024-04-17,WTA500,Indoor,Clay,1st Round,3,Jabeur O.,Alexandrova E.,9.0,16.0,3658.0,2560.0,2.0,6.0,6.0,3.0,7.0,6.0,2.0,1.0,Completed,2.1,1.73,2.17,1.75,2.3,1.75,2.12,1.71,20240417
19,Stuttgart,Porsche Tennis Grand Prix,2024-04-17,WTA500,Indoor,Clay,1st Round,3,Kostyuk M.,Siegemund L.,27.0,84.0,1911.0,848.0,6.0,3.0,6.0,7.0,6.0,4.0,2.0,1.0,Completed,1.67,2.2,1.75,2.16,1.75,2.21,1.7,2.14,20240417
19,Stuttgart,Porsche Tennis Grand Prix,2024-04-17,WTA500,Indoor,Clay,1st Round,3,Potapova A.,Samsonova L.,36.0,17.0,1502.0,2550.0,6.0,4.0,4.0,6.0,6.0,3.0,2.0,1.0,Completed,2.0,1.8,2.02,1.85,2.03,1.88,1.95,1.83,20240417
19,Stuttgart,Porsche Tennis Grand Prix,2024-04-17,WTA500,Indoor,Clay,1st Round,3,Raducanu E.,Kerber A.,303.0,332.0,236.0,201.0,6.0,2.0,6.0,1.0,,,2.0,0.0,Completed,1.4,3.0,1.42,3.02,1.44,3.11,1.4,2.9,20240417
19,Stuttgart,Porsche Tennis Grand Prix,2024-04-17,WTA500,Indoor,Clay,2nd Round,3,Gauff C.,Vickery S.,3.0,134.0,7205.0,550.0,6.0,3.0,4.0,6.0,7.0,5.0,2.0,1.0,Completed,1.06,10.0,1.06,12.02,1.11,12.02,1.06,9.32,20240417
19,Stuttgart,Porsche Tennis Grand Prix,2024-04-17,WTA500,Indoor,Clay,2nd Round,3,Sabalenka A.,Badosa P.,2.0,93.0,8045.0,777.0,7.0,6.0,4.0,6.0,3.0,3.0,1.0,1.0,Retired,1.36,3.2,1.35,3.49,1.36,3.49,1.33,3.24,20240417
19,Stuttgart,Porsche Tennis Grand Prix,2024-04-18,WTA500,Indoor,Clay,2nd Round,3,Rybakina E.,Kudermetova V.,4.0,19.0,5848.0,2383.0,7.0,6.0,1.0,6.0,6.0,4.0,2.0,1.0,Completed,1.25,4.0,1.3,3.88,1.34,4.01,1.27,3.7,20240418
19,Stuttgart,Porsche Tennis Grand Prix,2024-04-18,WTA500,Indoor,Clay,2nd Round,3,Vondrousova M.,Potapova A.,8.0,36.0,3895.0,1502.0,7.0,6.0,6.0,1.0,,,2.0,0.0,Completed,1.44,2.75,1.52,2.69,1.53,2.8,1.48,2.64,20240418
19,Stuttgart,Porsche Tennis Grand Prix,2024-04-18,WTA500,Indoor,Clay,2nd Round,3,Paolini J.,Jabeur O.,14.0,9.0,2865.0,3658.0,7.0,6.0,6.0,4.0,,,2.0,0.0,Completed,1.73,2.1,1.75,2.18,1.75,2.25,1.7,2.14,20240418
19,Stuttgart,Porsche Tennis Grand Prix,2024-04-18,WTA500,Indoor,Clay,2nd Round,3,Swiatek I.,Mertens E.,1.0,30.0,10835.0,1744.0,6.0,3.0,6.0,4.0,,,2.0,0.0,Completed,1.04,13.0,1.03,19.22,1.05,19.22,1.03,12.76,20240418
19,Stuttgart,Porsche Tennis Grand Prix,2024-04-18,WTA500,Indoor,Clay,2nd Round,3,Raducanu E.,Noskova L.,303.0,31.0,236.0,1643.0,6.0,0.0,7.0,5.0,,,2.0,0.0,Completed,2.5,1.53,2.55,1.57,2.55,1.62,2.43,1.55,20240418
19,Stuttgart,Porsche Tennis Grand Prix,2024-04-18,WTA500,Indoor,Clay,2nd Round,3,Kostyuk M.,Zheng Q.,27.0,7.0,1911.0,3995.0,6.0,2.0,4.0,6.0,7.0,5.0,2.0,1.0,Completed,3.4,1.33,3.59,1.33,3.85,1.36,3.37,1.32,20240418
19,Stuttgart,Porsche Tennis Grand Prix,2024-04-19,WTA500,Indoor,Clay,Quarterfinals,3,Rybakina E.,Paolini J.,4.0,14.0,5848.0,2865.0,6.0,3.0,5.0,7.0,6.0,3.0,2.0,1.0,Completed,1.5,2.63,1.55,2.64,1.55,2.85,1.5,2.59,20240419
19,Stuttgart,Porsche Tennis Grand Prix,2024-04-19,WTA500,Indoor,Clay,Quarterfinals,3,Vondrousova M.,Sabalenka A.,8.0,2.0,3895.0,8045.0,3.0,6.0,6.0,3.0,7.0,5.0,2.0,1.0,Completed,2.5,1.53,2.64,1.55,2.64,1.57,2.49,1.53,20240419
19,Stuttgart,Porsche Tennis Grand Prix,2024-04-19,WTA500,Indoor,Clay,Quarterfinals,3,Swiatek I.,Raducanu E.,1.0,303.0,10835.0,236.0,7.0,6.0,6.0,3.0,,,2.0,0.0,Completed,1.11,6.5,1.09,9.71,1.12,9.71,1.09,7.42,20240419
19,Stuttgart,Porsche Tennis Grand Prix,2024-04-19,WTA500,Indoor,Clay,Quarterfinals,3,Kostyuk M.,Gauff C.,27.0,3.0,1911.0,7205.0,3.0,6.0,6.0,4.0,7.0,6.0,2.0,1.0,Completed,2.75,1.44,2.83,1.49,2.83,1.5,2.72,1.45,20240419
19,Stuttgart,Porsche Tennis Grand Prix,2024-04-20,WTA500,Indoor,Clay,Semifinals,3,Rybakina E.,Swiatek I.,4.0,1.0,5848.0,10835.0,6.0,3.0,4.0,6.0,6.0,3.0,2.0,1.0,Completed,4.5,1.2,4.93,1.22,4.97,1.23,4.47,1.2,20240420
19,Stuttgart,Porsche Tennis Grand Prix,2024-04-20,WTA500,Indoor,Clay,Semifinals,3,Kostyuk M.,Vondrousova M.,27.0,8.0,1911.0,3895.0,7.0,6.0,6.0,2.0,,,2.0,0.0,Completed,3.0,1.4,2.99,1.45,3,1.47,2.84,1.42,20240420
19,Stuttgart,Porsche Tennis Grand Prix,2024-04-21,WTA500,Indoor,Clay,The Final,3,Rybakina E.,Kostyuk M.,4.0,27.0,5848.0,1911.0,6.0,2.0,6.0,2.0,,,2.0,0.0,Completed,1.3,3.5,1.36,3.43,1.39,3.5,1.34,3.24,20240421
20,Madrid,Mutua Madrid Open,2024-04-23,WTA1000,Outdoor,Clay,1st Round,3,Eala A.,Tsurenko L.,170.0,41.0,440.0,1363.0,2.0,6.0,6.0,4.0,6.0,4.0,2.0,1.0,Completed,4.33,1.22,4.28,1.26,4.53,1.26,4.14,1.23,20240423
20,Madrid,Mutua Madrid Open,2024-04-23,WTA1000,Outdoor,Clay,1st Round,3,Rus A.,Fruhvirtova B.,47.0,106.0,1222.0,729.0,7.0,5.0,6.0,3.0,,,2.0,0.0,Completed,2.0,1.8,1.97,1.92,2.04,1.92,1.97,1.82,20240423
20,Madrid,Mutua Madrid Open,2024-04-23,WTA1000,Outdoor,Clay,1st Round,3,Podoroska N.,Siniakova K.,66.0,40.0,1051.0,1377.0,6.0,2.0,7.0,6.0,,,2.0,0.0,Completed,2.2,1.67,2.2,1.74,2.28,1.74,2.17,1.68,20240423
20,Madrid,Mutua Madrid Open,2024-04-23,WTA1000,Outdoor,Clay,1st Round,3,Maria T.,Stearns P.,67.0,87.0,1019.0,798.0,6.0,7.0,6.0,2.0,7.0,6.0,2.0,1.0,Completed,2.63,1.5,2.82,1.48,2.82,1.5,2.72,1.46,20240423
20,Madrid,Mutua Madrid Open,2024-04-23,WTA1000,Outdoor,Clay,1st Round,3,Begu I.,Fruhvirtova L.,128.0,146.0,612.0,521.0,6.0,4.0,7.0,6.0,,,2.0,0.0,Completed,1.4,3.0,1.38,3.29,1.42,3.3,1.37,3.07,20240423
20,Madrid,Mutua Madrid Open,2024-04-23,WTA1000,Outdoor,Clay,1st Round,3,Potapova A.,Shnaider D.,39.0,61.0,1377.0,1079.0,7.0,5.0,6.0,4.0,,,2.0,0.0,Completed,1.73,2.1,1.81,2.1,1.81,2.2,1.72,2.11,20240423
20,Madrid,Mutua Madrid Open,2024-04-23,WTA1000,Outdoor,Clay,1st Round,3,Wang Xiy.,Bogdan A.,52.0,64.0,1174.0,1054.0,6.0,7.0,7.0,6.0,6.0,2.0,2.0,1.0,Completed,1.8,2.0,1.76,2.17,1.81,2.2,1.75,2.07,20240423
20,Madrid,Mutua Madrid Open,2024-04-23,WTA1000,Outdoor,Clay,1st Round,3,Schmiedlova A.,Kenin S.,68.0,60.0,1000.0,1080.0,6.0,3.0,6.0,4.0,,,2.0,0.0,Completed,2.0,1.8,1.95,1.93,2.01,1.93,1.92,1.88,20240423
20,Madrid,Mutua Madrid Open,2024-04-24,WTA1000,Outdoor,Clay,1st Round,3,Bouzas Maneiro J.,Badosa P.,93.0,101.0,782.0,737.0,2.0,6.0,6.0,3.0,6.0,3.0,2.0,1.0,Completed,3.0,1.4,2.92,1.46,3,1.46,2.83,1.42,20240424
20,Madrid,Mutua Madrid Open,2024-04-24,WTA1000,Outdoor,Clay,1st Round,3,Jimenez Kasintseva V.,Zhu L.,335.0,57.0,200.0,1097.0,6.0,4.0,6.0,3.0,,,2.0,0.0,Completed,2.3,1.62,2.23,1.72,2.45,1.72,2.34,1.59,20240424
20,Madrid,Mutua Madrid Open,2024-04-24,WTA1000,Outdoor,Clay,1st Round,3,Sherif M.,Davis L.,72.0,166.0,924.0,448.0,4.0,6.0,7.0,6.0,6.0,4.0,2.0,1.0,Completed,1.3,3.5,1.34,3.52,1.35,4.0,1.29,3.54,20240424
20,Madrid,Mutua Madrid Open,2024-04-24,WTA1000,Outdoor,Clay,1st Round,3,Putintseva Y.,Yuan Y.,50.0,37.0,1213.0,1480.0,6.0,2.0,6.0,4.0,,,2.0,0.0,Completed,1.57,2.38,1.58,2.52,1.62,2.6,1.55,2.44,20240424
20,Madrid,Mutua Madrid Open,2024-04-24,WTA1000,Outdoor,Clay,1st Round,3,Stephens S.,Trevisan M.,33.0,76.0,1625.0,918.0,6.0,3.0,5.0,7.0,6.0,4.0,2.0,1.0,Completed,1.3,3.5,1.3,3.87,1.34,3.87,1.31,3.44,20240424
20,Madrid,Mutua Madrid Open,2024-04-24,WTA1000,Outdoor,Clay,1st Round,3,Sorribes Tormo S.,Pera B.,55.0,79.0,1148.0,910.0,7.0,5.0,6.0,2.0,,,2.0,0.0,Completed,2.3,1.62,2.56,1.57,2.56,1.63,2.35,1.59,20240424
20,Madrid,Mutua Madrid Open,2024-04-24,WTA1000,Outdoor,Clay,1st Round,3,Vekic D.,Siegemund L.,38.0,83.0,1443.0,849.0,6.0,1.0,6.0,2.0,,,2.0,0.0,Completed,2.1,1.73,2.27,1.7,2.27,1.84,2.11,1.72,20240424
20,Madrid,Mutua Madrid Open,2024-04-24,WTA1000,Outdoor,Clay,1st Round,3,Osaka N.,Minnen G.,197.0,69.0,389.0,990.0,6.0,4.0,6.0,1.0,,,2.0,0.0,Completed,1.29,3.75,1.3,3.87,1.32,3.87,1.27,3.69,20240424
20,Madrid,Mutua Madrid Open,2024-04-24,WTA1000,Outdoor,Clay,1st Round,3,Arango E.,Anisimova A.,121.0,241.0,635.0,312.0,1.0,6.0,6.0,4.0,7.0,6.0,2.0,1.0,Completed,4.0,1.25,4.3,1.26,4.5,1.29,4.09,1.23,20240424
20,Madrid,Mutua Madrid Open,2024-04-24,WTA1000,Outdoor,Clay,1st Round,3,Rogers S.,Zhang S.,352.0,671.0,185.0,58.0,6.0,3.0,6.0,2.0,,,2.0,0.0,Completed,1.14,5.5,1.19,5.25,1.22,5.5,1.17,5.0,20240424
20,Madrid,Mutua Madrid Open,2024-04-24,WTA1000,Outdoor,Clay,1st Round,3,Bucsa C.,Dart H.,75.0,86.0,919.0,809.0,6.0,4.0,6.0,4.0,,,2.0,0.0,Completed,1.36,3.2,1.37,3.32,1.4,3.32,1.37,3.08,20240424
20,Madrid,Mutua Madrid Open,2024-04-24,WTA1000,Outdoor,Clay,1st Round,3,Wang Xin.,Tomova V.,42.0,81.0,1346.0,866.0,5.0,7.0,7.0,5.0,6.0,4.0,2.0,1.0,Completed,1.8,2.0,1.78,2.14,1.82,2.14,1.77,2.04,20240424
20,Madrid,Mutua Madrid Open,2024-04-24,WTA1000,Outdoor,Clay,1st Round,3,Carle M.,Raducanu E.,82.0,221.0,853.0,343.0,6.0,2.0,6.0,2.0,,,2.0,0.0,Completed,4.0,1.25,4.3,1.26,4.3,1.31,3.79,1.26,20240424
20,Madrid,Mutua Madrid Open,2024-04-24,WTA1000,Outdoor,Clay,1st Round,3,Linette M.,Cocciaretto E.,48.0,54.0,1218.0,1149.0,3.0,6.0,6.0,4.0,6.0,4.0,2.0,1.0,Completed,2.38,1.57,2.37,1.65,2.48,1.68,2.35,1.59,20240424
20,Madrid,Mutua Madrid Open,2024-04-24,WTA1000,Outdoor,Clay,1st Round,3,Dolehide C.,Bai Z.,56.0,90.0,1142.0,787.0,6.0,3.0,6.0,3.0,,,2.0,0.0,Completed,1.44,2.75,1.49,2.77,1.5,3.0,1.46,2.69,20240424
20,Madrid,Mutua Madrid Open,2024-04-24,WTA1000,Outdoor,Clay,1st Round,3,Errani S.,Wozniacki C.,100.0,117.0,742.0,655.0,3.0,6.0,7.0,5.0,7.0,5.0,2.0,1.0,Completed,3.2,1.36,3.39,1.36,3.39,1.4,3.16,1.35,20240424
20,Madrid,Mutua Madrid Open,2024-04-24,WTA1000,Outdoor,Clay,1st Round,3,Bronzetti L.,Gracheva V.,46.0,91.0,1231.0,783.0,6.0,3.0,6.0,3.0,,,2.0,0.0,Completed,2.2,1.67,2.08,1.82,2.2,1.82,2.05,1.76,20240424
20,Madrid,Mutua Madrid Open,2024-04-24,WTA1000,Outdoor,Clay,1st Round,3,Cristian J.,Frech M.,73.0,51.0,923.0,1195.0,7.0,5.0,6.0,2.0,,,2.0,0.0,Completed,1.62,2.3,1.68,2.3,1.68,2.32,1.63,2.25,20240424
20,Madrid,Mutua Madrid Open,2024-04-24,WTA1000,Outdoor,Clay,1st Round,3,Krueger A.,Hibino N.,70.0,85.0,980.0,823.0,6.0,4.0,6.0,4.0,,,2.0,0.0,Completed,1.36,3.2,1.4,3.16,1.41,3.3,1.37,3.04,20240424
20,Madrid,Mutua Madrid Open,2024-04-24,WTA1000,Outdoor,Clay,1st Round,3,Andreeva M.,Townsend T.,43.0,58.0,1317.0,1093.0,4.0,6.0,6.0,1.0,7.0,5.0,2.0,1.0,Completed,1.53,2.5,1.52,2.69,1.56,2.69,1.53,2.49,20240424
20,Madrid,Mutua Madrid Open,2024-04-24,WTA1000,Outdoor,Clay,1st Round,3,Bejlek S.,Blinkova A.,136.0,45.0,554.0,1275.0,4.0,6.0,6.0,3.0,6.0,3.0,2.0,1.0,Completed,1.8,2.0,1.75,2.2,1.8,2.2,1.73,2.09,20240424
20,Madrid,Mutua Madrid Open,2024-04-24,WTA1000,Outdoor,Clay,1st Round,3,Danilovic O.,Burel C.,122.0,44.0,635.0,1311.0,3.0,6.0,7.0,6.0,6.0,4.0,2.0,1.0,Completed,1.73,2.1,1.76,2.16,1.8,2.16,1.75,2.07,20240424
20,Madrid,Mutua Madrid Open,2024-04-24,WTA1000,Outdoor,Clay,1st Round,3,Montgomery R.,Avanesyan E.,183.0,65.0,413.0,1053.0,6.0,2.0,6.0,2.0,,,2.0,0.0,Completed,2.75,1.44,2.77,1.5,2.88,1.52,2.67,1.46,20240424
20,Madrid,Mutua Madrid Open,2024-04-24,WTA1000,Outdoor,Clay,1st Round,3,Saville D.,Baptiste H.,96.0,110.0,751.0,704.0,6.0,4.0,7.0,6.0,,,2.0,0.0,Completed,1.8,2.0,1.84,2.06,1.88,2.1,1.79,2.01,20240424
20,Madrid,Mutua Madrid Open,2024-04-25,WTA1000,Outdoor,Clay,2nd Round,3,Keys M.,Begu I.,20.0,128.0,2298.0,612.0,7.0,6.0,7.0,6.0,,,2.0,0.0,Completed,1.73,2.1,1.78,2.15,1.79,2.3,1.72,2.12,20240425
20,Madrid,Mutua Madrid Open,2024-04-25,WTA1000,Outdoor,Clay,2nd Round,3,Azarenka V.,Maria T.,26.0,67.0,1969.0,1019.0,6.0,3.0,6.0,1.0,,,2.0,0.0,Completed,1.14,5.5,1.17,5.76,1.2,5.76,1.17,5.1,20240425
20,Madrid,Mutua Madrid Open,2024-04-25,WTA1000,Outdoor,Clay,2nd Round,3,Sakkari M.,Vekic D.,6.0,38.0,4195.0,1443.0,6.0,3.0,6.0,2.0,,,2.0,0.0,Completed,1.44,2.75,1.52,2.69,1.59,2.9,1.46,2.7,20240425
20,Madrid,Mutua Madrid Open,2024-04-25,WTA1000,Outdoor,Clay,2nd Round,3,Sorribes Tormo S.,Svitolina E.,55.0,18.0,1148.0,2457.0,6.0,3.0,7.0,5.0,,,2.0,0.0,Completed,2.75,1.44,2.92,1.46,2.92,1.58,2.73,1.45,20240425
20,Madrid,Mutua Madrid Open,2024-04-25,WTA1000,Outdoor,Clay,2nd Round,3,Yastremska D.,Arango E.,34.0,121.0,1597.0,635.0,0.0,6.0,7.0,5.0,6.0,4.0,2.0,1.0,Completed,1.44,2.75,1.52,2.68,1.52,2.8,1.47,2.66,20240425
20,Madrid,Mutua Madrid Open,2024-04-25,WTA1000,Outdoor,Clay,2nd Round,3,Navarro E.,Podoroska N.,23.0,66.0,2158.0,1051.0,6.0,2.0,6.0,1.0,,,2.0,0.0,Completed,1.36,3.2,1.39,3.21,1.42,3.21,1.37,3.09,20240425
20,Madrid,Mutua Madrid Open,2024-04-25,WTA1000,Outdoor,Clay,2nd Round,3,Ostapenko J.,Bouzas Maneiro J.,10.0,93.0,3438.0,782.0,6.0,3.0,6.0,1.0,,,2.0,0.0,Completed,1.57,2.38,1.67,2.32,1.68,2.6,1.59,2.34,20240425
20,Madrid,Mutua Madrid Open,2024-04-25,WTA1000,Outdoor,Clay,2nd Round,3,Samsonova L.,Osaka N.,17.0,197.0,2550.0,389.0,6.0,2.0,4.0,6.0,7.0,5.0,2.0,1.0,Completed,2.2,1.67,2.29,1.68,2.36,1.7,2.26,1.64,20240425
20,Madrid,Mutua Madrid Open,2024-04-25,WTA1000,Outdoor,Clay,2nd Round,3,Haddad Maia B.,Errani S.,14.0,100.0,2830.0,742.0,6.0,3.0,6.0,2.0,,,2.0,0.0,Completed,1.33,3.4,1.35,3.47,1.35,3.6,1.32,3.33,20240425
20,Madrid,Mutua Madrid Open,2024-04-25,WTA1000,Outdoor,Clay,2nd Round,3,Cirstea S.,Eala A.,30.0,170.0,1748.0,440.0,6.0,3.0,6.0,7.0,6.0,4.0,2.0,1.0,Completed,1.11,6.5,1.13,6.94,1.16,7.0,1.12,6.25,20240425
20,Madrid,Mutua Madrid Open,2024-04-25,WTA1000,Outdoor,Clay,2nd Round,3,Carle M.,Kudermetova V.,82.0,19.0,853.0,2383.0,6.0,4.0,6.0,4.0,,,2.0,0.0,Completed,2.75,1.44,2.76,1.5,3,1.51,2.76,1.44,20240425
20,Madrid,Mutua Madrid Open,2024-04-25,WTA1000,Outdoor,Clay,2nd Round,3,Gauff C.,Rus A.,3.0,47.0,7258.0,1222.0,6.0,0.0,6.0,0.0,,,2.0,0.0,Completed,1.11,6.5,1.17,5.78,1.18,7.3,1.12,6.04,20240425
20,Madrid,Mutua Madrid Open,2024-04-25,WTA1000,Outdoor,Clay,2nd Round,3,Jabeur O.,Schmiedlova A.,9.0,68.0,3533.0,1000.0,6.0,4.0,5.0,7.0,6.0,3.0,2.0,1.0,Completed,1.25,4.0,1.28,4.03,1.36,4.25,1.25,3.95,20240425
20,Madrid,Mutua Madrid Open,2024-04-25,WTA1000,Outdoor,Clay,2nd Round,3,Stephens S.,Mertens E.,33.0,29.0,1625.0,1794.0,3.0,6.0,6.0,3.0,6.0,1.0,2.0,1.0,Completed,1.62,2.3,1.64,2.39,1.7,2.39,1.64,2.25,20240425
20,Madrid,Mutua Madrid Open,2024-04-25,WTA1000,Outdoor,Clay,2nd Round,3,Fernandez L.A.,Potapova A.,35.0,39.0,1520.0,1377.0,7.0,5.0,6.0,3.0,,,2.0,0.0,Completed,2.2,1.67,2.3,1.68,2.3,1.73,2.19,1.67,20240425
20,Madrid,Mutua Madrid Open,2024-04-25,WTA1000,Outdoor,Clay,2nd Round,3,Swiatek I.,Wang Xiy.,1.0,52.0,10560.0,1174.0,6.0,1.0,6.0,4.0,,,2.0,0.0,Completed,1.03,15.0,1.03,22.84,1.03,22.84,1.02,14.68,20240425
20,Madrid,Mutua Madrid Open,2024-04-26,WTA1000,Outdoor,Clay,2nd Round,3,Garcia C.,Wang Xin.,24.0,42.0,2068.0,1346.0,6.0,1.0,6.0,4.0,,,2.0,0.0,Completed,1.4,3.0,1.36,3.37,1.42,3.37,1.37,3.04,20240426
20,Madrid,Mutua Madrid Open,2024-04-26,WTA1000,Outdoor,Clay,2nd Round,3,Rybakina E.,Bronzetti L.,4.0,46.0,6293.0,1231.0,6.0,4.0,6.0,3.0,,,2.0,0.0,Completed,1.07,9.0,1.08,10.35,1.12,10.46,1.07,8.53,20240426
20,Madrid,Mutua Madrid Open,2024-04-26,WTA1000,Outdoor,Clay,2nd Round,3,Andreeva M.,Noskova L.,43.0,31.0,1317.0,1674.0,4.0,6.0,6.0,3.0,6.0,3.0,2.0,1.0,Completed,1.73,2.1,1.74,2.2,1.9,2.2,1.71,2.11,20240426
20,Madrid,Mutua Madrid Open,2024-04-26,WTA1000,Outdoor,Clay,2nd Round,3,Pavlyuchenkova A.,Saville D.,22.0,96.0,2161.0,751.0,6.0,1.0,6.0,4.0,,,2.0,0.0,Completed,1.3,3.5,1.34,3.55,1.38,3.55,1.32,3.35,20240426
20,Madrid,Mutua Madrid Open,2024-04-26,WTA1000,Outdoor,Clay,2nd Round,3,Paolini J.,Jimenez Kasintseva V.,13.0,335.0,2938.0,200.0,6.0,0.0,6.0,1.0,,,2.0,0.0,Completed,1.13,6.0,1.14,6.58,1.17,6.77,1.13,5.75,20240426
20,Madrid,Mutua Madrid Open,2024-04-26,WTA1000,Outdoor,Clay,2nd Round,3,Sabalenka A.,Linette M.,2.0,48.0,7848.0,1218.0,6.0,4.0,3.0,6.0,6.0,3.0,2.0,1.0,Completed,1.13,6.0,1.15,6.3,1.15,6.3,1.13,5.85,20240426
20,Madrid,Mutua Madrid Open,2024-04-26,WTA1000,Outdoor,Clay,2nd Round,3,Kasatkina D.,Bucsa C.,11.0,75.0,3313.0,919.0,5.0,7.0,7.0,6.0,6.0,3.0,2.0,1.0,Completed,1.22,4.33,1.28,4.07,1.28,4.34,1.23,4.05,20240426
20,Madrid,Mutua Madrid Open,2024-04-26,WTA1000,Outdoor,Clay,2nd Round,3,Krueger A.,Alexandrova E.,70.0,16.0,980.0,2560.0,6.0,3.0,6.0,3.0,,,2.0,0.0,Completed,2.75,1.44,2.86,1.47,3.2,1.47,2.78,1.44,20240426
20,Madrid,Mutua Madrid Open,2024-04-26,WTA1000,Outdoor,Clay,2nd Round,3,Dolehide C.,Kalinina A.,56.0,32.0,1142.0,1666.0,6.0,7.0,6.0,2.0,6.0,3.0,2.0,1.0,Completed,3.0,1.4,2.95,1.45,3.8,1.45,2.92,1.4,20240426
20,Madrid,Mutua Madrid Open,2024-04-26,WTA1000,Outdoor,Clay,2nd Round,3,Sherif M.,Kostyuk M.,72.0,21.0,924.0,2235.0,6.0,2.0,7.0,5.0,,,2.0,0.0,Completed,4.5,1.2,4.8,1.22,4.8,1.23,4.42,1.2,20240426
20,Madrid,Mutua Madrid Open,2024-04-26,WTA1000,Outdoor,Clay,2nd Round,3,Putintseva Y.,Zheng Q.,50.0,8.0,1213.0,4000.0,7.0,5.0,2.0,0.0,,,1.0,0.0,Retired,3.2,1.36,3.29,1.38,3.29,1.38,3.13,1.35,20240426
20,Madrid,Mutua Madrid Open,2024-04-26,WTA1000,Outdoor,Clay,2nd Round,3,Cristian J.,Krejcikova B.,73.0,27.0,923.0,1942.0,2.0,6.0,6.0,0.0,6.0,2.0,2.0,1.0,Completed,2.38,1.57,2.46,1.61,3,1.61,2.42,1.56,20240426
20,Madrid,Mutua Madrid Open,2024-04-26,WTA1000,Outdoor,Clay,2nd Round,3,Bejlek S.,Kalinskaya A.,136.0,25.0,554.0,1971.0,6.0,1.0,6.0,4.0,,,2.0,0.0,Completed,2.75,1.44,2.84,1.48,3.1,1.48,2.76,1.44,20240426
20,Madrid,Mutua Madrid Open,2024-04-26,WTA1000,Outdoor,Clay,2nd Round,3,Vondrousova M.,Rogers S.,7.0,352.0,4090.0,185.0,6.0,1.0,6.0,3.0,,,2.0,0.0,Completed,1.13,6.0,1.15,6.3,1.2,6.3,1.15,5.44,20240426
20,Madrid,Mutua Madrid Open,2024-04-26,WTA1000,Outdoor,Clay,2nd Round,3,Montgomery R.,Boulter K.,183.0,28.0,413.0,1802.0,1.0,6.0,6.0,3.0,6.0,4.0,2.0,1.0,Completed,2.38,1.57,2.39,1.64,2.6,1.65,2.32,1.6,20240426
20,Madrid,Mutua Madrid Open,2024-04-26,WTA1000,Outdoor,Clay,2nd Round,3,Collins D.,Danilovic O.,15.0,122.0,2639.0,635.0,4.0,6.0,6.0,4.0,7.0,6.0,2.0,1.0,Completed,1.17,5.0,1.18,5.51,1.22,5.51,1.17,4.96,20240426
20,Madrid,Mutua Madrid Open,2024-04-27,WTA1000,Outdoor,Clay,3rd Round,3,Swiatek I.,Cirstea S.,1.0,30.0,10560.0,1748.0,6.0,1.0,6.0,1.0,,,2.0,0.0,Completed,1.03,15.0,1.04,19.14,1.05,19.14,1.03,12.9,20240427
20,Madrid,Mutua Madrid Open,2024-04-27,WTA1000,Outdoor,Clay,3rd Round,3,Sorribes Tormo S.,Azarenka V.,55.0,26.0,1148.0,1969.0,7.0,6.0,6.0,3.0,,,2.0,0.0,Completed,3.2,1.36,3.28,1.39,3.39,1.4,3.06,1.37,20240427
20,Madrid,Mutua Madrid Open,2024-04-27,WTA1000,Outdoor,Clay,3rd Round,3,Sakkari M.,Stephens S.,6.0,33.0,4195.0,1625.0,6.0,1.0,6.0,3.0,,,2.0,0.0,Completed,1.62,2.3,1.65,2.38,1.72,2.41,1.62,2.27,20240427
20,Madrid,Mutua Madrid Open,2024-04-27,WTA1000,Outdoor,Clay,3rd Round,3,Ostapenko J.,Carle M.,10.0,82.0,3438.0,853.0,6.0,3.0,6.0,3.0,,,2.0,0.0,Completed,1.44,2.75,1.44,3.01,1.48,3.01,1.43,2.78,20240427
20,Madrid,Mutua Madrid Open,2024-04-27,WTA1000,Outdoor,Clay,3rd Round,3,Jabeur O.,Fernandez L.A.,9.0,35.0,3533.0,1520.0,7.0,5.0,2.0,6.0,6.0,4.0,2.0,1.0,Completed,1.73,2.1,1.78,2.16,1.79,2.21,1.73,2.1,20240427
20,Madrid,Mutua Madrid Open,2024-04-27,WTA1000,Outdoor,Clay,3rd Round,3,Keys M.,Samsonova L.,20.0,17.0,2298.0,2550.0,6.0,2.0,6.0,3.0,,,2.0,0.0,Completed,1.91,1.91,1.97,1.93,2,1.93,1.94,1.86,20240427
20,Madrid,Mutua Madrid Open,2024-04-27,WTA1000,Outdoor,Clay,3rd Round,3,Haddad Maia B.,Navarro E.,14.0,23.0,2830.0,2158.0,6.0,4.0,6.0,4.0,,,2.0,0.0,Completed,2.2,1.67,2.3,1.69,2.31,1.7,2.22,1.66,20240427
20,Madrid,Mutua Madrid Open,2024-04-27,WTA1000,Outdoor,Clay,3rd Round,3,Gauff C.,Yastremska D.,3.0,34.0,7258.0,1597.0,6.0,4.0,6.0,1.0,,,2.0,0.0,Completed,1.11,6.5,1.13,7.32,1.13,7.32,1.11,6.45,20240427
20,Madrid,Mutua Madrid Open,2024-04-28,WTA1000,Outdoor,Clay,3rd Round,3,Rybakina E.,Sherif M.,4.0,72.0,6293.0,924.0,6.0,1.0,6.0,4.0,,,2.0,0.0,Completed,1.07,9.0,1.1,9.02,1.1,10.0,1.08,8.03,20240428
20,Madrid,Mutua Madrid Open,2024-04-28,WTA1000,Outdoor,Clay,3rd Round,3,Bejlek S.,Krueger A.,136.0,70.0,554.0,980.0,6.0,3.0,6.0,1.0,,,2.0,0.0,Completed,2.0,1.8,2.02,1.92,2.02,1.92,1.95,1.84,20240428
20,Madrid,Mutua Madrid Open,2024-04-28,WTA1000,Outdoor,Clay,3rd Round,3,Putintseva Y.,Dolehide C.,50.0,56.0,1213.0,1142.0,6.0,2.0,6.0,2.0,,,2.0,0.0,Completed,1.44,2.75,1.5,2.81,1.52,2.88,1.46,2.71,20240428
20,Madrid,Mutua Madrid Open,2024-04-28,WTA1000,Outdoor,Clay,3rd Round,3,Kasatkina D.,Pavlyuchenkova A.,11.0,22.0,3313.0,2161.0,7.0,6.0,7.0,5.0,,,2.0,0.0,Completed,2.0,1.8,2.06,1.85,2.06,1.88,1.99,1.81,20240428
20,Madrid,Mutua Madrid Open,2024-04-28,WTA1000,Outdoor,Clay,3rd Round,3,Andreeva M.,Vondrousova M.,43.0,7.0,1317.0,4090.0,7.0,5.0,6.0,1.0,,,2.0,0.0,Completed,2.2,1.67,2.26,1.72,2.4,1.72,2.22,1.66,20240428
20,Madrid,Mutua Madrid Open,2024-04-28,WTA1000,Outdoor,Clay,3rd Round,3,Paolini J.,Garcia C.,13.0,24.0,2938.0,2068.0,6.0,3.0,6.0,2.0,,,2.0,0.0,Completed,1.67,2.2,1.68,2.33,1.69,2.33,1.65,2.23,20240428
20,Madrid,Mutua Madrid Open,2024-04-28,WTA1000,Outdoor,Clay,3rd Round,3,Collins D.,Cristian J.,15.0,73.0,2639.0,923.0,3.0,6.0,6.0,4.0,6.0,1.0,2.0,1.0,Completed,1.3,3.5,1.33,3.7,1.33,3.73,1.3,3.5,20240428
20,Madrid,Mutua Madrid Open,2024-04-28,WTA1000,Outdoor,Clay,3rd Round,3,Sabalenka A.,Montgomery R.,2.0,183.0,7848.0,413.0,6.0,1.0,6.0,7.0,6.0,4.0,2.0,1.0,Completed,1.11,6.5,1.11,8.33,1.12,8.33,1.1,6.83,20240428
20,Madrid,Mutua Madrid Open,2024-04-29,WTA1000,Outdoor,Clay,4th Round,3,Jabeur O.,Ostapenko J.,9.0,10.0,3533.0,3438.0,6.0,0.0,6.0,4.0,,,2.0,0.0,Completed,2.0,1.8,2.13,1.8,2.21,1.88,2.01,1.8,20240429
20,Madrid,Mutua Madrid Open,2024-04-29,WTA1000,Outdoor,Clay,4th Round,3,Haddad Maia B.,Sakkari M.,14.0,6.0,2830.0,4195.0,6.0,4.0,6.0,4.0,,,2.0,0.0,Completed,2.75,1.44,2.62,1.56,2.78,1.57,2.63,1.48,20240429
20,Madrid,Mutua Madrid Open,2024-04-29,WTA1000,Outdoor,Clay,4th Round,3,Swiatek I.,Sorribes Tormo S.,1.0,55.0,10560.0,1148.0,6.0,1.0,6.0,0.0,,,2.0,0.0,Completed,1.03,17.0,1.03,21.36,1.04,21.36,1.02,14.08,20240429
20,Madrid,Mutua Madrid Open,2024-04-29,WTA1000,Outdoor,Clay,4th Round,3,Andreeva M.,Paolini J.,43.0,13.0,1317.0,2938.0,7.0,6.0,6.0,4.0,,,2.0,0.0,Completed,1.8,2.0,1.95,1.95,2.06,2.02,1.89,1.91,20240429
20,Madrid,Mutua Madrid Open,2024-04-29,WTA1000,Outdoor,Clay,4th Round,3,Keys M.,Gauff C.,20.0,3.0,2298.0,7258.0,7.0,6.0,4.0,6.0,6.0,4.0,2.0,1.0,Completed,3.5,1.3,3.81,1.31,3.81,1.35,3.47,1.3,20240429
20,Madrid,Mutua Madrid Open,2024-04-29,WTA1000,Outdoor,Clay,4th Round,3,Rybakina E.,Bejlek S.,4.0,136.0,6293.0,554.0,6.0,1.0,6.0,3.0,,,2.0,0.0,Completed,1.11,6.5,1.14,6.84,1.17,7.0,1.12,6.14,20240429
20,Madrid,Mutua Madrid Open,2024-04-29,WTA1000,Outdoor,Clay,4th Round,3,Putintseva Y.,Kasatkina D.,50.0,11.0,1213.0,3313.0,3.0,6.0,6.0,2.0,6.0,2.0,2.0,1.0,Completed,2.38,1.57,2.33,1.68,2.44,1.68,2.31,1.6,20240429
20,Madrid,Mutua Madrid Open,2024-04-29,WTA1000,Outdoor,Clay,4th Round,3,Sabalenka A.,Collins D.,2.0,15.0,7848.0,2639.0,4.0,6.0,6.0,4.0,6.0,3.0,2.0,1.0,Completed,1.57,2.38,1.69,2.3,1.69,2.5,1.62,2.28,20240429
20,Madrid,Mutua Madrid Open,2024-04-30,WTA1000,Outdoor,Clay,Quarterfinals,3,Swiatek I.,Haddad Maia B.,1.0,14.0,10560.0,2830.0,4.0,6.0,6.0,0.0,6.0,2.0,2.0,1.0,Completed,1.08,8.0,1.09,10.06,1.09,10.06,1.07,8.47,20240430
20,Madrid,Mutua Madrid Open,2024-04-30,WTA1000,Outdoor,Clay,Quarterfinals,3,Keys M.,Jabeur O.,20.0,9.0,2298.0,3533.0,0.0,6.0,7.0,5.0,6.0,1.0,2.0,1.0,Completed,2.2,1.67,2.13,1.8,2.22,1.8,2.11,1.73,20240430
20,Madrid,Mutua Madrid Open,2024-05-01,WTA1000,Outdoor,Clay,Quarterfinals,3,Rybakina E.,Putintseva Y.,4.0,50.0,6293.0,1213.0,4.0,6.0,7.0,6.0,7.0,5.0,2.0,1.0,Completed,1.17,5.0,1.21,5.08,1.3,5.08,1.19,4.69,20240501
20,Madrid,Mutua Madrid Open,2024-05-01,WTA1000,Outdoor,Clay,Quarterfinals,3,Sabalenka A.,Andreeva M.,2.0,43.0,7848.0,1317.0,6.0,1.0,6.0,4.0,,,2.0,0.0,Completed,1.5,2.63,1.51,2.78,1.51,2.85,1.46,2.69,20240501
20,Madrid,Mutua Madrid Open,2024-05-02,WTA1000,Outdoor,Clay,Semifinals,3,Swiatek I.,Keys M.,1.0,20.0,10560.0,2298.0,6.0,1.0,6.0,3.0,,,2.0,0.0,Completed,1.08,8.0,1.1,8.91,1.1,8.91,1.08,7.68,20240502
20,Madrid,Mutua Madrid Open,2024-05-02,WTA1000,Outdoor,Clay,Semifinals,3,Sabalenka A.,Rybakina E.,2.0,4.0,7848.0,6293.0,1.0,6.0,7.0,5.0,7.0,6.0,1.0,2.0,Completed,1.73,2.1,1.85,2.06,1.85,2.21,1.75,2.07,20240502
20,Madrid,Mutua Madrid Open,2024-05-04,WTA1000,Outdoor,Clay,The Final,3,Swiatek I.,Sabalenka A.,1.0,2.0,10560.0,7848.0,7.0,5.0,4.0,6.0,7.0,6.0,2.0,1.0,Completed,1.3,3.5,1.29,3.99,1.34,3.99,1.28,3.67,20240504
21,Rome,Internazionali BNL d'Italia,2024-05-07,WTA1000,Outdoor,Clay,1st Round,3,Rogers S.,Pigato L.,398.0,318.0,155.0,215.0,6.0,1.0,6.0,0.0,,,2.0,0.0,Completed,1.3,3.5,1.26,4.28,1.33,4.28,1.27,3.75,20240507
21,Rome,Internazionali BNL d'Italia,2024-05-07,WTA1000,Outdoor,Clay,1st Round,3,Badosa P.,Andreeva M.,126.0,40.0,627.0,1412.0,6.0,2.0,6.0,3.0,,,2.0,0.0,Completed,2.75,1.41,2.86,1.47,3.31,1.5,2.78,1.44,20240507
21,Rome,Internazionali BNL d'Italia,2024-05-07,WTA1000,Outdoor,Clay,1st Round,3,Putintseva Y.,Trevisan M.,41.0,87.0,1393.0,808.0,6.0,3.0,6.0,4.0,,,2.0,0.0,Completed,1.44,2.75,1.42,3.07,1.5,3.07,1.43,2.8,20240507
21,Rome,Internazionali BNL d'Italia,2024-05-07,WTA1000,Outdoor,Clay,1st Round,3,Osorio M.,Rus A.,64.0,49.0,1027.0,1194.0,4.0,6.0,6.0,3.0,6.0,4.0,2.0,1.0,Completed,1.73,2.1,1.81,2.1,1.81,2.2,1.75,2.08,20240507
21,Rome,Internazionali BNL d'Italia,2024-05-07,WTA1000,Outdoor,Clay,1st Round,3,Wang Xin.,Yuan Y.,42.0,38.0,1371.0,1461.0,4.0,6.0,6.0,1.0,6.0,2.0,2.0,1.0,Completed,2.0,1.8,2.03,1.86,2.1,1.9,1.98,1.82,20240507
21,Rome,Internazionali BNL d'Italia,2024-05-07,WTA1000,Outdoor,Clay,1st Round,3,Bogdan A.,Fernandez L.A.,63.0,34.0,1029.0,1575.0,6.0,4.0,6.0,1.0,,,2.0,0.0,Completed,2.63,1.5,2.71,1.51,2.71,1.52,2.6,1.5,20240507
21,Rome,Internazionali BNL d'Italia,2024-05-07,WTA1000,Outdoor,Clay,1st Round,3,Stefanini L.,Paganetti V.,179.0,,414.0,,7.0,5.0,6.0,3.0,,,2.0,0.0,Completed,1.14,5.5,1.15,6.28,1.17,6.28,1.14,5.58,20240507
21,Rome,Internazionali BNL d'Italia,2024-05-07,WTA1000,Outdoor,Clay,1st Round,3,Kerber A.,Davis L.,331.0,194.0,202.0,392.0,6.0,1.0,6.0,0.0,,,2.0,0.0,Completed,1.62,2.3,1.69,2.28,1.69,2.32,1.64,2.25,20240507
21,Rome,Internazionali BNL d'Italia,2024-05-07,WTA1000,Outdoor,Clay,1st Round,3,Frech M.,Krueger A.,55.0,66.0,1138.0,1004.0,7.0,6.0,6.0,3.0,,,2.0,0.0,Completed,2.0,1.8,2.14,1.78,2.14,1.82,2.07,1.76,20240507
21,Rome,Internazionali BNL d'Italia,2024-05-07,WTA1000,Outdoor,Clay,1st Round,3,Shnaider D.,Minnen G.,62.0,76.0,1074.0,887.0,6.0,2.0,6.0,3.0,,,2.0,0.0,Completed,1.36,3.2,1.43,3.04,1.44,3.2,1.39,2.98,20240507
21,Rome,Internazionali BNL d'Italia,2024-05-08,WTA1000,Outdoor,Clay,1st Round,3,Avanesyan E.,Bucsa C.,72.0,70.0,922.0,944.0,6.0,7.0,6.0,0.0,7.0,5.0,2.0,1.0,Completed,1.73,2.1,1.79,2.12,1.8,2.15,1.75,2.08,20240508
21,Rome,Internazionali BNL d'Italia,2024-05-08,WTA1000,Outdoor,Clay,1st Round,3,Maria T.,Fruhvirtova L.,65.0,150.0,1019.0,496.0,7.0,6.0,3.0,6.0,6.0,2.0,2.0,1.0,Completed,2.1,1.73,2.28,1.69,2.28,1.8,2.11,1.73,20240508
21,Rome,Internazionali BNL d'Italia,2024-05-08,WTA1000,Outdoor,Clay,1st Round,3,Tsurenko L.,Vekic D.,44.0,37.0,1308.0,1468.0,6.0,2.0,3.0,6.0,7.0,6.0,2.0,1.0,Completed,2.5,1.53,2.42,1.63,2.55,1.63,2.44,1.55,20240508
21,Rome,Internazionali BNL d'Italia,2024-05-08,WTA1000,Outdoor,Clay,1st Round,3,Blinkova A.,Parry D.,46.0,50.0,1275.0,1190.0,6.0,2.0,6.0,3.0,,,2.0,0.0,Completed,2.75,1.44,2.86,1.47,2.88,1.5,2.74,1.45,20240508
21,Rome,Internazionali BNL d'Italia,2024-05-08,WTA1000,Outdoor,Clay,1st Round,3,Sasnovich A.,Schmiedlova A.,113.0,67.0,691.0,1003.0,6.0,2.0,7.0,6.0,,,2.0,0.0,Completed,1.91,1.91,2.0,1.89,2,1.98,1.88,1.92,20240508
21,Rome,Internazionali BNL d'Italia,2024-05-08,WTA1000,Outdoor,Clay,1st Round,3,Pera B.,Dolehide C.,77.0,54.0,875.0,1138.0,7.0,6.0,6.0,3.0,,,2.0,0.0,Completed,1.57,2.38,1.58,2.53,1.59,2.53,1.56,2.42,20240508
21,Rome,Internazionali BNL d'Italia,2024-05-08,WTA1000,Outdoor,Clay,1st Round,3,Fruhvirtova B.,Townsend T.,102.0,59.0,729.0,1083.0,3.0,6.0,6.0,2.0,6.0,0.0,2.0,1.0,Completed,2.0,1.8,2.04,1.86,2.05,1.9,1.99,1.81,20240508
21,Rome,Internazionali BNL d'Italia,2024-05-08,WTA1000,Outdoor,Clay,1st Round,3,Linette M.,Zhu L.,51.0,57.0,1188.0,1097.0,6.0,3.0,6.0,2.0,,,2.0,0.0,Completed,1.25,4.0,1.25,4.34,1.26,4.34,1.23,4.08,20240508
21,Rome,Internazionali BNL d'Italia,2024-05-08,WTA1000,Outdoor,Clay,1st Round,3,Osaka N.,Burel C.,173.0,45.0,424.0,1300.0,7.0,6.0,6.0,1.0,,,2.0,0.0,Completed,1.44,2.75,1.49,2.81,1.5,2.81,1.46,2.71,20240508
21,Rome,Internazionali BNL d'Italia,2024-05-08,WTA1000,Outdoor,Clay,1st Round,3,Siniakova K.,Brancaccio N.,36.0,292.0,1510.0,247.0,6.0,4.0,6.0,2.0,,,2.0,0.0,Completed,1.13,6.0,1.13,6.85,1.14,6.85,1.12,6.16,20240508
21,Rome,Internazionali BNL d'Italia,2024-05-08,WTA1000,Outdoor,Clay,1st Round,3,Sherif M.,Martic P.,80.0,81.0,854.0,849.0,6.0,2.0,6.0,2.0,,,2.0,0.0,Completed,1.44,2.75,1.55,2.6,1.55,2.78,1.49,2.61,20240508
21,Rome,Internazionali BNL d'Italia,2024-05-08,WTA1000,Outdoor,Clay,1st Round,3,Kenin S.,Bronzetti L.,58.0,48.0,1094.0,1256.0,6.0,3.0,6.0,2.0,,,2.0,0.0,Completed,2.63,1.5,2.52,1.58,2.63,1.58,2.48,1.54,20240508
21,Rome,Internazionali BNL d'Italia,2024-05-09,WTA1000,Outdoor,Clay,1st Round,3,Gracheva V.,Di Sarra F.,88.0,530.0,803.0,99.0,6.0,1.0,6.0,3.0,,,2.0,0.0,Completed,1.06,10.0,1.06,12.33,1.07,12.76,1.05,10.27,20240509
21,Rome,Internazionali BNL d'Italia,2024-05-09,WTA1000,Outdoor,Clay,1st Round,3,Sorribes Tormo S.,Podoroska N.,47.0,61.0,1266.0,1076.0,6.0,4.0,6.0,3.0,,,2.0,0.0,Completed,1.57,2.38,1.56,2.58,1.57,2.58,1.55,2.47,20240509
21,Rome,Internazionali BNL d'Italia,2024-05-09,WTA1000,Outdoor,Clay,1st Round,3,Cocciaretto E.,Zarazua R.,56.0,103.0,1124.0,727.0,4.0,6.0,7.0,5.0,6.0,3.0,2.0,1.0,Completed,1.22,4.33,1.24,4.45,1.24,4.5,1.22,4.28,20240509
21,Rome,Internazionali BNL d'Italia,2024-05-09,WTA1000,Outdoor,Clay,1st Round,3,Begu I.,Masarova R.,161.0,104.0,471.0,725.0,5.0,7.0,6.0,3.0,6.0,4.0,2.0,1.0,Completed,1.44,2.75,1.5,2.75,1.61,1.75,1.5,2.57,20240509
21,Rome,Internazionali BNL d'Italia,2024-05-09,WTA1000,Outdoor,Clay,1st Round,3,Sramkova R.,Pedone G.,120.0,270.0,665.0,265.0,6.0,4.0,6.0,1.0,,,2.0,0.0,Completed,1.2,4.5,1.21,4.93,1.22,4.93,1.2,4.54,20240509
21,Rome,Internazionali BNL d'Italia,2024-05-09,WTA1000,Outdoor,Clay,1st Round,3,Siegemund L.,Carle M.,86.0,71.0,814.0,933.0,2.0,6.0,6.0,4.0,6.0,4.0,2.0,1.0,Completed,1.62,2.3,1.68,2.29,1.68,2.3,1.64,2.25,20240509
21,Rome,Internazionali BNL d'Italia,2024-05-09,WTA1000,Outdoor,Clay,1st Round,3,Potapova A.,Wang Xiy.,43.0,53.0,1347.0,1144.0,6.0,1.0,7.0,5.0,,,2.0,0.0,Completed,1.57,2.38,1.61,2.45,1.65,2.45,1.59,2.34,20240509
21,Rome,Internazionali BNL d'Italia,2024-05-09,WTA1000,Outdoor,Clay,1st Round,3,Tauson C.,Saville D.,78.0,84.0,872.0,819.0,6.0,2.0,6.0,3.0,,,2.0,0.0,Completed,1.53,2.5,1.6,2.47,1.61,2.6,1.57,2.4,20240509
21,Rome,Internazionali BNL d'Italia,2024-05-09,WTA1000,Outdoor,Clay,1st Round,3,Errani S.,Anisimova A.,93.0,237.0,777.0,312.0,4.0,6.0,6.0,2.0,6.0,1.0,2.0,1.0,Completed,3.0,1.4,2.96,1.45,3,1.46,2.87,1.41,20240509
21,Rome,Internazionali BNL d'Italia,2024-05-09,WTA1000,Outdoor,Clay,1st Round,3,Volynets K.,Wang Y.,109.0,69.0,704.0,967.0,7.0,6.0,6.0,1.0,,,2.0,0.0,Completed,1.4,3.0,1.4,3.17,1.44,3.17,1.4,2.95,20240509
21,Rome,Internazionali BNL d'Italia,2024-05-09,WTA1000,Outdoor,Clay,2nd Round,3,Kerber A.,Kudermetova V.,331.0,25.0,202.0,2003.0,6.0,3.0,6.0,0.0,,,2.0,0.0,Completed,3.0,1.4,3.18,1.4,3.18,1.45,3.0,1.39,20240509
21,Rome,Internazionali BNL d'Italia,2024-05-09,WTA1000,Outdoor,Clay,2nd Round,3,Shnaider D.,Samsonova L.,62.0,17.0,1074.0,2495.0,6.0,1.0,6.0,3.0,,,2.0,0.0,Completed,2.1,1.73,2.16,1.77,2.16,1.8,2.09,1.74,20240509
21,Rome,Internazionali BNL d'Italia,2024-05-09,WTA1000,Outdoor,Clay,2nd Round,3,Noskova L.,Stefanini L.,29.0,179.0,1684.0,414.0,6.0,3.0,7.0,6.0,,,2.0,0.0,Completed,1.13,6.0,1.15,6.18,1.17,6.18,1.14,5.67,20240509
21,Rome,Internazionali BNL d'Italia,2024-05-09,WTA1000,Outdoor,Clay,2nd Round,3,Kasatkina D.,Maria T.,11.0,65.0,3313.0,1019.0,7.0,5.0,6.0,1.0,,,2.0,0.0,Completed,1.14,5.5,1.13,6.9,1.17,6.9,1.14,5.73,20240509
21,Rome,Internazionali BNL d'Italia,2024-05-09,WTA1000,Outdoor,Clay,2nd Round,3,Zheng Q.,Rogers S.,7.0,398.0,3945.0,155.0,6.0,2.0,6.0,0.0,,,2.0,0.0,Completed,1.3,3.5,1.32,3.66,1.36,3.75,1.31,3.45,20240509
21,Rome,Internazionali BNL d'Italia,2024-05-09,WTA1000,Outdoor,Clay,2nd Round,3,Sasnovich A.,Alexandrova E.,113.0,18.0,691.0,2450.0,6.0,0.0,6.0,1.0,,,2.0,0.0,Completed,2.75,1.44,2.78,1.5,2.89,1.53,2.69,1.46,20240509
21,Rome,Internazionali BNL d'Italia,2024-05-09,WTA1000,Outdoor,Clay,2nd Round,3,Osaka N.,Kostyuk M.,173.0,20.0,424.0,2235.0,6.0,3.0,6.0,2.0,,,2.0,0.0,Completed,2.0,1.8,2.15,1.78,2.15,1.88,2.04,1.79,20240509
21,Rome,Internazionali BNL d'Italia,2024-05-09,WTA1000,Outdoor,Clay,2nd Round,3,Cristian J.,Avanesyan E.,68.0,72.0,983.0,922.0,5.0,7.0,6.0,2.0,6.0,2.0,2.0,1.0,Completed,1.67,2.2,1.76,2.16,1.76,2.22,1.71,2.13,20240509
21,Rome,Internazionali BNL d'Italia,2024-05-09,WTA1000,Outdoor,Clay,2nd Round,3,Keys M.,Osorio M.,16.0,64.0,2688.0,1027.0,6.0,0.0,4.0,6.0,6.0,3.0,2.0,1.0,Completed,1.4,3.0,1.44,2.97,1.5,3.08,1.43,2.83,20240509
21,Rome,Internazionali BNL d'Italia,2024-05-09,WTA1000,Outdoor,Clay,2nd Round,3,Haddad Maia B.,Wang Xin.,13.0,42.0,3035.0,1371.0,4.0,6.0,6.0,3.0,6.0,4.0,2.0,1.0,Completed,1.3,3.5,1.31,3.74,1.31,3.75,1.29,3.59,20240509
21,Rome,Internazionali BNL d'Italia,2024-05-09,WTA1000,Outdoor,Clay,2nd Round,3,Gauff C.,Frech M.,3.0,55.0,7313.0,1138.0,6.0,3.0,6.0,3.0,,,2.0,0.0,Completed,1.1,7.0,1.1,8.11,1.1,9.05,1.09,7.6,20240509
21,Rome,Internazionali BNL d'Italia,2024-05-09,WTA1000,Outdoor,Clay,2nd Round,3,Cirstea S.,Fruhvirtova B.,32.0,102.0,1619.0,729.0,7.0,5.0,6.0,0.0,,,2.0,0.0,Completed,2.0,1.8,2.08,1.83,2.1,1.83,2.01,1.8,20240509
21,Rome,Internazionali BNL d'Italia,2024-05-09,WTA1000,Outdoor,Clay,2nd Round,3,Vondrousova M.,Bogdan A.,6.0,63.0,4090.0,1029.0,6.0,2.0,3.0,6.0,6.0,4.0,2.0,1.0,Completed,1.3,3.5,1.3,3.83,1.33,3.91,1.29,3.61,20240509
21,Rome,Internazionali BNL d'Italia,2024-05-09,WTA1000,Outdoor,Clay,2nd Round,3,Putintseva Y.,Stephens S.,41.0,35.0,1393.0,1552.0,6.0,3.0,6.0,2.0,,,2.0,0.0,Completed,2.1,1.73,2.09,1.81,2.12,1.81,2.09,1.74,20240509
21,Rome,Internazionali BNL d'Italia,2024-05-09,WTA1000,Outdoor,Clay,2nd Round,3,Swiatek I.,Pera B.,1.0,77.0,10910.0,875.0,6.0,0.0,6.0,2.0,,,2.0,0.0,Completed,1.03,15.0,1.03,22.51,1.05,22.78,1.03,13.88,20240509
21,Rome,Internazionali BNL d'Italia,2024-05-09,WTA1000,Outdoor,Clay,2nd Round,3,Badosa P.,Navarro E.,126.0,22.0,627.0,2143.0,1.0,6.0,6.0,4.0,6.0,2.0,2.0,1.0,Completed,1.8,2.0,1.93,1.96,1.93,2.0,1.87,1.93,20240509
21,Rome,Internazionali BNL d'Italia,2024-05-10,WTA1000,Outdoor,Clay,2nd Round,3,Collins D.,Blinkova A.,15.0,46.0,2759.0,1275.0,6.0,4.0,,,,,1.0,0.0,Retired,1.2,4.5,1.19,5.29,1.22,5.29,1.18,4.76,20240510
21,Rome,Internazionali BNL d'Italia,2024-05-10,WTA1000,Outdoor,Clay,2nd Round,3,Sakkari M.,Gracheva V.,8.0,88.0,3925.0,803.0,6.0,2.0,6.0,2.0,,,2.0,0.0,Completed,1.17,5.0,1.18,5.63,1.21,5.63,1.17,5.02,20240510
21,Rome,Internazionali BNL d'Italia,2024-05-10,WTA1000,Outdoor,Clay,2nd Round,3,Sorribes Tormo S.,Pavlyuchenkova A.,47.0,21.0,1266.0,2191.0,6.0,3.0,1.0,6.0,7.0,5.0,2.0,1.0,Completed,2.1,1.73,2.44,1.61,2.45,1.73,2.2,1.67,20240510
21,Rome,Internazionali BNL d'Italia,2024-05-10,WTA1000,Outdoor,Clay,2nd Round,3,Mertens E.,Siniakova K.,30.0,36.0,1684.0,1510.0,6.0,1.0,6.0,4.0,,,2.0,0.0,Completed,1.91,1.91,1.8,2.11,1.91,2.14,1.82,1.99,20240510
21,Rome,Internazionali BNL d'Italia,2024-05-10,WTA1000,Outdoor,Clay,2nd Round,3,Kenin S.,Jabeur O.,58.0,9.0,1094.0,3748.0,7.0,5.0,2.0,6.0,6.0,4.0,2.0,1.0,Completed,3.75,1.29,3.73,1.31,3.78,1.33,3.57,1.29,20240510
21,Rome,Internazionali BNL d'Italia,2024-05-10,WTA1000,Outdoor,Clay,2nd Round,3,Ostapenko J.,Potapova A.,10.0,43.0,3493.0,1347.0,6.0,4.0,6.0,2.0,,,2.0,0.0,Completed,1.73,2.1,1.89,2.0,1.89,2.2,1.81,2.0,20240510
21,Rome,Internazionali BNL d'Italia,2024-05-10,WTA1000,Outdoor,Clay,2nd Round,3,Begu I.,Dodin O.,161.0,73.0,471.0,919.0,5.0,2.0,,,,,0.0,0.0,Retired,1.3,3.5,,,1.36,3.53,1.31,3.34,20240510
21,Rome,Internazionali BNL d'Italia,2024-05-10,WTA1000,Outdoor,Clay,2nd Round,3,Kalinskaya A.,Tauson C.,26.0,78.0,1916.0,872.0,6.0,1.0,6.0,2.0,,,2.0,0.0,Completed,2.0,1.8,2.09,1.81,2.1,1.86,2.04,1.77,20240510
21,Rome,Internazionali BNL d'Italia,2024-05-10,WTA1000,Outdoor,Clay,2nd Round,3,Yastremska D.,Siegemund L.,33.0,86.0,1590.0,814.0,4.0,6.0,7.0,5.0,6.0,2.0,2.0,1.0,Completed,2.2,1.67,2.32,1.67,2.32,1.78,2.22,1.66,20240510
21,Rome,Internazionali BNL d'Italia,2024-05-10,WTA1000,Outdoor,Clay,2nd Round,3,Azarenka V.,Linette M.,24.0,51.0,2024.0,1188.0,6.0,7.0,6.0,4.0,6.0,3.0,2.0,1.0,Completed,1.5,2.63,1.54,2.63,1.56,2.85,1.5,2.59,20240510
21,Rome,Internazionali BNL d'Italia,2024-05-10,WTA1000,Outdoor,Clay,2nd Round,3,Garcia C.,Cocciaretto E.,23.0,56.0,2068.0,1124.0,6.0,2.0,7.0,6.0,,,2.0,0.0,Completed,1.8,2.0,1.87,2.02,1.87,2.27,1.79,2.02,20240510
21,Rome,Internazionali BNL d'Italia,2024-05-10,WTA1000,Outdoor,Clay,2nd Round,3,Kalinina A.,Tsurenko L.,31.0,44.0,1666.0,1308.0,2.0,0.0,,,,,0.0,0.0,Retired,1.44,2.75,1.54,2.62,1.54,2.75,1.49,2.6,20240510
21,Rome,Internazionali BNL d'Italia,2024-05-10,WTA1000,Outdoor,Clay,2nd Round,3,Svitolina E.,Errani S.,19.0,93.0,2400.0,777.0,6.0,0.0,6.0,2.0,,,2.0,0.0,Completed,1.36,3.2,1.37,3.4,1.38,3.4,1.35,3.21,20240510
21,Rome,Internazionali BNL d'Italia,2024-05-10,WTA1000,Outdoor,Clay,2nd Round,3,Sabalenka A.,Volynets K.,2.0,109.0,7498.0,704.0,4.0,6.0,6.0,3.0,6.0,2.0,2.0,1.0,Completed,1.1,7.0,1.09,9.31,1.11,9.31,1.08,7.85,20240510
21,Rome,Internazionali BNL d'Italia,2024-05-10,WTA1000,Outdoor,Clay,2nd Round,3,Sramkova R.,Boulter K.,120.0,28.0,665.0,1742.0,6.0,4.0,7.0,6.0,,,2.0,0.0,Completed,2.0,1.8,2.06,1.84,2.06,1.85,1.98,1.82,20240510
21,Rome,Internazionali BNL d'Italia,2024-05-10,WTA1000,Outdoor,Clay,2nd Round,3,Sherif M.,Paolini J.,80.0,12.0,854.0,3048.0,7.0,6.0,2.0,6.0,6.0,4.0,2.0,1.0,Completed,3.2,1.36,3.43,1.36,3.43,1.4,3.18,1.35,20240510
21,Rome,Internazionali BNL d'Italia,2024-05-11,WTA1000,Outdoor,Clay,3rd Round,3,Swiatek I.,Putintseva Y.,1.0,41.0,10910.0,1393.0,6.0,3.0,6.0,4.0,,,2.0,0.0,Completed,1.04,13.0,1.03,17.27,1.05,18.0,1.03,13.2,20240511
21,Rome,Internazionali BNL d'Italia,2024-05-11,WTA1000,Outdoor,Clay,3rd Round,3,Badosa P.,Shnaider D.,126.0,62.0,627.0,1074.0,5.0,7.0,6.0,4.0,6.0,4.0,2.0,1.0,Completed,1.44,2.75,1.56,2.61,1.56,2.78,1.51,2.57,20240511
21,Rome,Internazionali BNL d'Italia,2024-05-11,WTA1000,Outdoor,Clay,3rd Round,3,Kerber A.,Sasnovich A.,331.0,113.0,202.0,691.0,6.0,3.0,7.0,6.0,,,2.0,0.0,Completed,1.67,2.2,1.73,2.25,1.78,2.25,1.69,2.17,20240511
21,Rome,Internazionali BNL d'Italia,2024-05-11,WTA1000,Outdoor,Clay,3rd Round,3,Osaka N.,Kasatkina D.,173.0,11.0,424.0,3313.0,6.0,3.0,6.0,3.0,,,2.0,0.0,Completed,2.0,1.8,2.06,1.85,2.06,1.9,1.95,1.85,20240511
21,Rome,Internazionali BNL d'Italia,2024-05-11,WTA1000,Outdoor,Clay,3rd Round,3,Zheng Q.,Noskova L.,7.0,29.0,3945.0,1684.0,3.0,6.0,6.0,1.0,6.0,2.0,2.0,1.0,Completed,1.5,2.63,1.52,2.72,1.56,2.75,1.49,2.61,20240511
21,Rome,Internazionali BNL d'Italia,2024-05-11,WTA1000,Outdoor,Clay,3rd Round,3,Keys M.,Haddad Maia B.,16.0,13.0,2688.0,3035.0,6.0,4.0,4.0,6.0,6.0,3.0,2.0,1.0,Completed,1.8,2.0,1.84,2.08,1.92,2.08,1.81,1.99,20240511
21,Rome,Internazionali BNL d'Italia,2024-05-11,WTA1000,Outdoor,Clay,3rd Round,3,Cirstea S.,Vondrousova M.,32.0,6.0,1619.0,4090.0,7.0,6.0,6.0,3.0,,,2.0,0.0,Completed,3.2,1.36,3.14,1.42,3.25,1.45,2.99,1.39,20240511
21,Rome,Internazionali BNL d'Italia,2024-05-11,WTA1000,Outdoor,Clay,3rd Round,3,Gauff C.,Cristian J.,3.0,68.0,7313.0,983.0,6.0,1.0,0.0,6.0,6.0,3.0,2.0,1.0,Completed,1.11,6.5,1.14,6.86,1.14,7.55,1.12,6.29,20240511
21,Rome,Internazionali BNL d'Italia,2024-05-12,WTA1000,Outdoor,Clay,3rd Round,3,Begu I.,Mertens E.,161.0,30.0,471.0,1684.0,6.0,2.0,6.0,0.0,,,2.0,0.0,Completed,2.5,1.53,2.45,1.62,2.63,1.62,2.43,1.56,20240512
21,Rome,Internazionali BNL d'Italia,2024-05-12,WTA1000,Outdoor,Clay,3rd Round,3,Sakkari M.,Kalinina A.,8.0,31.0,3925.0,1666.0,7.0,6.0,6.0,0.0,,,2.0,0.0,Completed,1.33,3.4,1.37,3.41,1.38,3.41,1.33,3.29,20240512
21,Rome,Internazionali BNL d'Italia,2024-05-12,WTA1000,Outdoor,Clay,3rd Round,3,Sramkova R.,Kenin S.,120.0,58.0,665.0,1094.0,6.0,4.0,4.0,6.0,6.0,4.0,2.0,1.0,Completed,2.1,1.73,2.11,1.82,2.13,1.82,2.06,1.75,20240512
21,Rome,Internazionali BNL d'Italia,2024-05-12,WTA1000,Outdoor,Clay,3rd Round,3,Sabalenka A.,Yastremska D.,2.0,33.0,7498.0,1590.0,6.0,4.0,6.0,2.0,,,2.0,0.0,Completed,1.13,6.0,1.17,6.05,1.17,6.25,1.14,5.68,20240512
21,Rome,Internazionali BNL d'Italia,2024-05-12,WTA1000,Outdoor,Clay,3rd Round,3,Ostapenko J.,Sorribes Tormo S.,10.0,47.0,3493.0,1266.0,6.0,4.0,5.0,7.0,6.0,1.0,2.0,1.0,Completed,1.53,2.5,1.67,2.36,1.72,2.5,1.61,2.3,20240512
21,Rome,Internazionali BNL d'Italia,2024-05-12,WTA1000,Outdoor,Clay,3rd Round,3,Azarenka V.,Sherif M.,24.0,80.0,2024.0,854.0,6.0,2.0,6.0,7.0,6.0,3.0,2.0,1.0,Completed,1.44,2.75,1.6,2.51,1.6,2.78,1.51,2.56,20240512
21,Rome,Internazionali BNL d'Italia,2024-05-12,WTA1000,Outdoor,Clay,3rd Round,3,Svitolina E.,Kalinskaya A.,19.0,26.0,2400.0,1916.0,6.0,3.0,6.0,3.0,,,2.0,0.0,Completed,1.62,2.3,1.67,2.35,1.67,2.35,1.62,2.27,20240512
21,Rome,Internazionali BNL d'Italia,2024-05-12,WTA1000,Outdoor,Clay,3rd Round,3,Collins D.,Garcia C.,15.0,23.0,2759.0,2068.0,6.0,3.0,6.0,3.0,,,2.0,0.0,Completed,1.33,3.4,1.36,3.34,1.38,3.4,1.34,3.21,20240512
21,Rome,Internazionali BNL d'Italia,2024-05-13,WTA1000,Outdoor,Clay,4th Round,3,Keys M.,Cirstea S.,16.0,32.0,2688.0,1619.0,6.0,2.0,6.0,1.0,,,2.0,0.0,Completed,1.62,2.3,1.65,2.4,1.65,2.41,1.61,2.3,20240513
21,Rome,Internazionali BNL d'Italia,2024-05-13,WTA1000,Outdoor,Clay,4th Round,3,Zheng Q.,Osaka N.,7.0,173.0,3945.0,424.0,6.0,2.0,6.0,4.0,,,2.0,0.0,Completed,1.91,1.91,1.96,1.94,2,2.0,1.92,1.88,20240513
21,Rome,Internazionali BNL d'Italia,2024-05-13,WTA1000,Outdoor,Clay,4th Round,3,Gauff C.,Badosa P.,3.0,126.0,7313.0,627.0,5.0,7.0,6.0,4.0,6.0,1.0,2.0,1.0,Completed,1.5,2.63,1.54,2.68,1.54,2.75,1.49,2.61,20240513
21,Rome,Internazionali BNL d'Italia,2024-05-13,WTA1000,Outdoor,Clay,4th Round,3,Swiatek I.,Kerber A.,1.0,331.0,10910.0,202.0,7.0,5.0,6.0,3.0,,,2.0,0.0,Completed,1.03,17.0,1.04,19.76,1.06,19.76,1.03,13.38,20240513
21,Rome,Internazionali BNL d'Italia,2024-05-13,WTA1000,Outdoor,Clay,4th Round,3,Ostapenko J.,Sramkova R.,10.0,120.0,3493.0,665.0,4.0,6.0,6.0,4.0,7.0,6.0,2.0,1.0,Completed,1.29,3.75,1.34,3.63,1.43,3.75,1.31,3.49,20240513
21,Rome,Internazionali BNL d'Italia,2024-05-13,WTA1000,Outdoor,Clay,4th Round,3,Collins D.,Begu I.,15.0,161.0,2759.0,471.0,6.0,0.0,6.0,3.0,,,2.0,0.0,Completed,1.25,4.0,1.25,4.41,1.26,4.41,1.24,4.03,20240513
21,Rome,Internazionali BNL d'Italia,2024-05-13,WTA1000,Outdoor,Clay,4th Round,3,Azarenka V.,Sakkari M.,24.0,8.0,2024.0,3925.0,6.0,4.0,6.0,1.0,,,2.0,0.0,Completed,2.75,1.44,3.11,1.42,3.11,1.5,2.81,1.43,20240513
21,Rome,Internazionali BNL d'Italia,2024-05-13,WTA1000,Outdoor,Clay,4th Round,3,Sabalenka A.,Svitolina E.,2.0,19.0,7498.0,2400.0,4.0,6.0,6.0,1.0,7.0,6.0,2.0,1.0,Completed,1.36,3.2,1.39,3.26,1.41,3.29,1.36,3.12,20240513
21,Rome,Internazionali BNL d'Italia,2024-05-14,WTA1000,Outdoor,Clay,Quarterfinals,3,Swiatek I.,Keys M.,1.0,16.0,10910.0,2688.0,6.0,1.0,6.0,3.0,,,2.0,0.0,Completed,1.08,8.0,1.08,10.72,1.11,10.72,1.07,8.59,20240514
21,Rome,Internazionali BNL d'Italia,2024-05-14,WTA1000,Outdoor,Clay,Quarterfinals,3,Gauff C.,Zheng Q.,3.0,7.0,7313.0,3945.0,7.0,6.0,6.0,1.0,,,2.0,0.0,Completed,1.67,2.2,1.78,2.16,1.78,2.3,1.69,2.17,20240514
21,Rome,Internazionali BNL d'Italia,2024-05-15,WTA1000,Outdoor,Clay,Quarterfinals,3,Sabalenka A.,Ostapenko J.,2.0,10.0,7498.0,3493.0,6.0,2.0,6.0,4.0,,,2.0,0.0,Completed,1.3,3.5,1.29,4.03,1.32,4.15,1.29,3.62,20240515
21,Rome,Internazionali BNL d'Italia,2024-05-15,WTA1000,Outdoor,Clay,Quarterfinals,3,Collins D.,Azarenka V.,15.0,24.0,2759.0,2024.0,6.0,4.0,6.0,3.0,,,2.0,0.0,Completed,1.4,3.0,1.41,3.16,1.49,3.17,1.4,2.96,20240515
21,Rome,Internazionali BNL d'Italia,2024-05-16,WTA1000,Outdoor,Clay,Semifinals,3,Swiatek I.,Gauff C.,1.0,3.0,10910.0,7313.0,6.0,4.0,6.0,3.0,,,2.0,0.0,Completed,1.14,5.5,1.15,6.35,1.16,6.35,1.14,5.57,20240516
21,Rome,Internazionali BNL d'Italia,2024-05-16,WTA1000,Outdoor,Clay,Semifinals,3,Sabalenka A.,Collins D.,2.0,15.0,7498.0,2759.0,7.0,5.0,6.0,2.0,,,2.0,0.0,Completed,1.53,2.5,1.63,2.45,1.63,2.62,1.58,2.38,20240516
21,Rome,Internazionali BNL d'Italia,2024-05-18,WTA1000,Outdoor,Clay,The Final,3,Swiatek I.,Sabalenka A.,1.0,2.0,10910.0,7498.0,6.0,2.0,6.0,3.0,,,2.0,0.0,Completed,1.3,3.5,1.31,3.86,1.34,3.88,1.3,3.57,20240518
22,Rabat,Morocco Open,2024-05-19,WTA250,Outdoor,Clay,1st Round,3,Sorribes Tormo S.,Dart H.,46.0,91.0,1246.0,789.0,6.0,2.0,6.0,0.0,,,2.0,0.0,Completed,1.13,6.0,1.12,7.28,1.14,7.57,1.1,6.7,20240519
22,Rabat,Morocco Open,2024-05-19,WTA250,Outdoor,Clay,1st Round,3,Rakhimova K.,Townsend T.,105.0,75.0,736.0,904.0,2.0,0.0,,,,,0.0,0.0,Retired,4.0,1.25,3.7,1.31,4.01,1.31,3.61,1.28,20240519
22,Rabat,Morocco Open,2024-05-20,WTA250,Outdoor,Clay,1st Round,3,Wang Xiy.,Brancaccio N.,62.0,286.0,1034.0,246.0,7.0,6.0,7.0,5.0,,,2.0,0.0,Completed,1.3,3.5,1.34,3.45,1.34,3.6,1.31,3.38,20240520
22,Rabat,Morocco Open,2024-05-20,WTA250,Outdoor,Clay,1st Round,3,Bai Z.,Day K.,99.0,100.0,757.0,749.0,6.0,3.0,7.0,6.0,,,2.0,0.0,Completed,2.1,1.73,2.12,1.76,2.25,1.76,2.11,1.71,20240520
22,Rabat,Morocco Open,2024-05-20,WTA250,Outdoor,Clay,1st Round,3,Podoroska N.,Maria T.,59.0,64.0,1076.0,1024.0,6.0,2.0,6.0,4.0,,,2.0,0.0,Completed,1.53,2.5,1.51,2.66,1.54,2.75,1.49,2.58,20240520
22,Rabat,Morocco Open,2024-05-20,WTA250,Outdoor,Clay,1st Round,3,Cocciaretto E.,Kabbaj Y.,52.0,566.0,1124.0,86.0,6.0,3.0,6.0,4.0,,,2.0,0.0,Completed,1.05,11.0,1.04,15.02,1.07,15.02,1.04,11.57,20240520
22,Rabat,Morocco Open,2024-05-20,WTA250,Outdoor,Clay,1st Round,3,Stearns P.,Krunic A.,81.0,471.0,850.0,126.0,5.0,7.0,6.0,2.0,6.0,1.0,2.0,1.0,Completed,1.5,2.63,1.56,2.55,1.57,2.63,1.52,2.5,20240520
22,Rabat,Morocco Open,2024-05-20,WTA250,Outdoor,Clay,1st Round,3,Avanesyan E.,Osorio M.,69.0,77.0,956.0,895.0,6.0,3.0,4.0,6.0,0.0,4.0,1.0,1.0,Retired,2.38,1.57,2.3,1.66,2.4,1.66,2.29,1.61,20240520
22,Rabat,Morocco Open,2024-05-20,WTA250,Outdoor,Clay,1st Round,3,Rosatello C.,Yuan Y.,294.0,36.0,236.0,1442.0,7.0,6.0,1.0,6.0,6.0,4.0,2.0,1.0,Completed,4.0,1.25,4.13,1.26,4.26,1.29,3.92,1.24,20240520
22,Rabat,Morocco Open,2024-05-20,WTA250,Outdoor,Clay,1st Round,3,Siegemund L.,Blinkova A.,78.0,45.0,879.0,1275.0,6.0,1.0,7.0,6.0,,,2.0,0.0,Completed,1.4,3.0,1.45,2.91,1.53,3.0,1.43,2.76,20240520
22,Rabat,Morocco Open,2024-05-21,WTA250,Outdoor,Clay,1st Round,3,Bronzetti L.,El Allami M.,48.0,1143.0,1209.0,11.0,6.0,1.0,6.0,0.0,,,2.0,0.0,Completed,1.03,17.0,1.03,19.02,1.03,19.02,1.02,14.39,20240521
22,Rabat,Morocco Open,2024-05-21,WTA250,Outdoor,Clay,1st Round,3,Carle M.,Rus A.,83.0,49.0,848.0,1159.0,6.0,3.0,6.0,3.0,,,2.0,0.0,Completed,1.8,2.0,1.89,1.97,1.89,2.02,1.84,1.95,20240521
22,Rabat,Morocco Open,2024-05-21,WTA250,Outdoor,Clay,1st Round,3,Wang Y.,Zhu L.,68.0,58.0,962.0,1077.0,4.0,6.0,6.0,0.0,6.0,2.0,2.0,1.0,Completed,2.0,1.8,1.89,1.98,2,1.98,1.9,1.88,20240521
22,Rabat,Morocco Open,2024-05-21,WTA250,Outdoor,Clay,1st Round,3,Sherif M.,El Aouni A.,66.0,629.0,980.0,68.0,6.0,2.0,6.0,1.0,,,2.0,0.0,Completed,1.05,11.0,1.06,12.38,1.06,12.38,1.05,9.72,20240521
22,Rabat,Morocco Open,2024-05-21,WTA250,Outdoor,Clay,1st Round,3,Trevisan M.,Hibino N.,88.0,96.0,808.0,764.0,7.0,5.0,4.0,6.0,6.0,3.0,2.0,1.0,Completed,1.3,3.5,1.34,3.48,1.35,3.6,1.31,3.4,20240521
22,Rabat,Morocco Open,2024-05-21,WTA250,Outdoor,Clay,1st Round,3,Tomova V.,Cengiz B.,84.0,347.0,846.0,187.0,6.0,2.0,6.0,1.0,,,2.0,0.0,Completed,1.22,4.33,1.28,3.99,1.28,4.33,1.25,3.86,20240521
22,Rabat,Morocco Open,2024-05-21,WTA250,Outdoor,Clay,2nd Round,3,Sorribes Tormo S.,Podoroska N.,46.0,59.0,1246.0,1076.0,7.0,5.0,3.0,6.0,6.0,3.0,2.0,1.0,Completed,1.4,3.0,1.47,2.86,1.47,3.0,1.43,2.79,20240521
22,Rabat,Morocco Open,2024-05-21,WTA250,Outdoor,Clay,2nd Round,3,Cocciaretto E.,Bai Z.,52.0,99.0,1124.0,757.0,6.0,4.0,6.0,2.0,,,2.0,0.0,Completed,1.3,3.5,1.29,3.93,1.31,4.01,1.27,3.71,20240521
22,Rabat,Morocco Open,2024-05-22,WTA250,Outdoor,Clay,2nd Round,3,Tomova V.,Wang Y.,84.0,68.0,846.0,962.0,7.0,6.0,6.0,0.0,,,2.0,0.0,Completed,1.53,2.5,1.49,2.8,1.54,2.8,1.48,2.62,20240522
22,Rabat,Morocco Open,2024-05-22,WTA250,Outdoor,Clay,2nd Round,3,Bronzetti L.,Trevisan M.,48.0,88.0,1209.0,808.0,6.0,2.0,6.0,3.0,,,2.0,0.0,Completed,2.0,1.8,1.95,1.93,2.02,1.93,1.94,1.85,20240522
22,Rabat,Morocco Open,2024-05-22,WTA250,Outdoor,Clay,2nd Round,3,Stearns P.,Wang Xiy.,81.0,62.0,850.0,1034.0,6.0,3.0,6.0,1.0,,,2.0,0.0,Completed,2.0,1.8,2.07,1.83,2.07,1.83,2.0,1.79,20240522
22,Rabat,Morocco Open,2024-05-22,WTA250,Outdoor,Clay,2nd Round,3,Siegemund L.,Osorio M.,78.0,77.0,879.0,895.0,6.0,4.0,6.0,4.0,,,2.0,0.0,Completed,1.67,2.2,1.79,2.12,1.8,2.22,1.73,2.09,20240522
22,Rabat,Morocco Open,2024-05-22,WTA250,Outdoor,Clay,2nd Round,3,Sherif M.,Carle M.,66.0,83.0,980.0,848.0,6.0,3.0,6.0,2.0,,,2.0,0.0,Completed,1.62,2.3,1.7,2.26,1.7,2.38,1.64,2.23,20240522
22,Rabat,Morocco Open,2024-05-22,WTA250,Outdoor,Clay,2nd Round,3,Rakhimova K.,Rosatello C.,105.0,294.0,736.0,236.0,4.0,0.0,,,,,0.0,0.0,Retired,1.33,3.4,1.33,3.61,1.36,3.61,1.31,3.37,20240522
22,Rabat,Morocco Open,2024-05-23,WTA250,Outdoor,Clay,Quarterfinals,3,Tomova V.,Siegemund L.,84.0,78.0,846.0,879.0,6.0,4.0,6.0,3.0,,,2.0,0.0,Completed,3.0,1.4,2.99,1.45,3,1.47,2.83,1.42,20240523
22,Rabat,Morocco Open,2024-05-23,WTA250,Outdoor,Clay,Quarterfinals,3,Stearns P.,Bronzetti L.,81.0,48.0,850.0,1209.0,6.0,4.0,4.0,6.0,7.0,5.0,2.0,1.0,Completed,1.67,2.2,1.74,2.22,1.75,2.23,1.7,2.14,20240523
22,Rabat,Morocco Open,2024-05-23,WTA250,Outdoor,Clay,Quarterfinals,3,Sherif M.,Sorribes Tormo S.,66.0,46.0,980.0,1246.0,6.0,3.0,6.0,3.0,,,2.0,0.0,Completed,2.1,1.73,2.16,1.78,2.16,1.78,2.09,1.73,20240523
22,Rabat,Morocco Open,2024-05-23,WTA250,Outdoor,Clay,Quarterfinals,3,Rakhimova K.,Cocciaretto E.,105.0,52.0,736.0,1124.0,7.0,5.0,7.0,5.0,,,2.0,0.0,Completed,3.2,1.36,3.33,1.38,3.44,1.38,3.22,1.34,20240523
22,Rabat,Morocco Open,2024-05-24,WTA250,Outdoor,Clay,Semifinals,3,Stearns P.,Tomova V.,81.0,84.0,850.0,846.0,6.0,7.0,7.0,5.0,7.0,6.0,2.0,1.0,Completed,1.73,2.1,1.7,2.28,1.74,2.34,1.66,2.2,20240524
22,Rabat,Morocco Open,2024-05-24,WTA250,Outdoor,Clay,Semifinals,3,Sherif M.,Rakhimova K.,66.0,105.0,980.0,736.0,6.0,0.0,6.0,1.0,,,2.0,0.0,Completed,1.29,3.75,1.33,3.64,1.33,3.75,1.3,3.48,20240524
22,Rabat,Morocco Open,2024-05-25,WTA250,Outdoor,Clay,The Final,3,Stearns P.,Sherif M.,81.0,66.0,850.0,980.0,6.0,2.0,6.0,1.0,,,2.0,0.0,Completed,3.4,1.33,3.11,1.42,3.4,1.43,3.13,1.36,20240525
23,Strasbourg,Internationaux de Strasbourg,2024-05-19,WTA500,Outdoor,Clay,1st Round,3,Fernandez L.A.,Potapova A.,33.0,41.0,1535.0,1317.0,4.0,6.0,7.0,6.0,6.0,3.0,2.0,1.0,Completed,2.0,1.8,2.14,1.76,2.17,1.82,2.06,1.75,20240519
23,Strasbourg,Internationaux de Strasbourg,2024-05-19,WTA500,Outdoor,Clay,1st Round,3,Kalinina A.,Pavlyuchenkova A.,56.0,22.0,1081.0,2166.0,6.0,3.0,3.0,6.0,6.0,4.0,2.0,1.0,Completed,2.38,1.57,2.46,1.6,2.46,1.66,2.33,1.6,20240519
23,Strasbourg,Internationaux de Strasbourg,2024-05-19,WTA500,Outdoor,Clay,1st Round,3,Burel C.,Pliskova Ka.,43.0,51.0,1290.0,1147.0,7.0,5.0,0.0,6.0,6.0,1.0,2.0,1.0,Completed,1.73,2.1,1.76,2.14,1.8,2.14,1.74,2.08,20240519
23,Strasbourg,Internationaux de Strasbourg,2024-05-20,WTA500,Outdoor,Clay,1st Round,3,Linette M.,Cirstea S.,50.0,30.0,1158.0,1704.0,7.0,5.0,7.0,5.0,,,2.0,0.0,Completed,2.5,1.53,2.5,1.58,2.51,1.59,2.41,1.56,20240520
23,Strasbourg,Internationaux de Strasbourg,2024-05-20,WTA500,Outdoor,Clay,1st Round,3,Wang Xin.,Kalinskaya A.,39.0,25.0,1381.0,1916.0,6.0,4.0,7.0,6.0,,,2.0,0.0,Completed,2.75,1.44,2.94,1.44,2.96,1.47,2.75,1.44,20240520
23,Strasbourg,Internationaux de Strasbourg,2024-05-20,WTA500,Outdoor,Clay,1st Round,3,Samsonova L.,Krejcikova B.,19.0,26.0,2440.0,1767.0,6.0,2.0,6.0,7.0,6.0,4.0,2.0,1.0,Completed,2.0,1.8,1.96,1.91,2.05,1.91,2.01,1.79,20240520
23,Strasbourg,Internationaux de Strasbourg,2024-05-20,WTA500,Outdoor,Clay,1st Round,3,Siniakova K.,Putintseva Y.,34.0,37.0,1535.0,1423.0,6.0,0.0,7.0,5.0,,,2.0,0.0,Completed,2.38,1.57,2.49,1.58,2.5,1.67,2.38,1.57,20240520
23,Strasbourg,Internationaux de Strasbourg,2024-05-20,WTA500,Outdoor,Clay,1st Round,3,Alexandrova E.,Bucsa C.,18.0,72.0,2450.0,924.0,6.0,0.0,7.0,5.0,,,2.0,0.0,Completed,1.57,2.38,1.65,2.35,1.66,2.45,1.6,2.33,20240520
23,Strasbourg,Internationaux de Strasbourg,2024-05-20,WTA500,Outdoor,Clay,1st Round,3,Svitolina E.,Parry D.,17.0,61.0,2510.0,1036.0,6.0,3.0,6.0,4.0,,,2.0,0.0,Completed,1.36,3.2,1.42,3.03,1.42,3.6,1.35,3.22,20240520
23,Strasbourg,Internationaux de Strasbourg,2024-05-20,WTA500,Outdoor,Clay,1st Round,3,Frech M.,Stephens S.,54.0,35.0,1108.0,1527.0,6.0,3.0,6.0,3.0,,,2.0,0.0,Completed,2.63,1.5,2.67,1.52,2.7,1.53,2.58,1.5,20240520
23,Strasbourg,Internationaux de Strasbourg,2024-05-20,WTA500,Outdoor,Clay,1st Round,3,Ferro F.,Andreeva E.,142.0,101.0,526.0,744.0,6.0,2.0,6.0,2.0,,,2.0,0.0,Completed,2.3,1.62,2.32,1.66,2.36,1.67,2.27,1.62,20240520
23,Strasbourg,Internationaux de Strasbourg,2024-05-20,WTA500,Outdoor,Clay,1st Round,3,Navarro E.,Cornet A.,24.0,107.0,2068.0,720.0,6.0,4.0,6.0,1.0,,,2.0,0.0,Completed,1.11,6.5,1.12,7.05,1.13,7.05,1.11,6.4,20240520
23,Strasbourg,Internationaux de Strasbourg,2024-05-21,WTA500,Outdoor,Clay,2nd Round,3,Samsonova L.,Fernandez L.A.,19.0,33.0,2440.0,1535.0,4.0,6.0,6.0,4.0,6.0,2.0,2.0,1.0,Completed,1.73,2.1,1.76,2.17,1.87,2.17,1.75,2.06,20240521
23,Strasbourg,Internationaux de Strasbourg,2024-05-22,WTA500,Outdoor,Clay,2nd Round,3,Keys M.,Wang Xin.,16.0,39.0,2783.0,1381.0,7.0,5.0,6.0,0.0,,,2.0,0.0,Completed,1.25,4.0,1.28,4.0,1.3,4.01,1.26,3.75,20240522
23,Strasbourg,Internationaux de Strasbourg,2024-05-22,WTA500,Outdoor,Clay,2nd Round,3,Haddad Maia B.,Navarro E.,14.0,24.0,2885.0,2068.0,6.0,4.0,7.0,6.0,,,2.0,0.0,Completed,2.1,1.73,1.96,1.91,2.1,1.91,1.95,1.84,20240522
23,Strasbourg,Internationaux de Strasbourg,2024-05-22,WTA500,Outdoor,Clay,2nd Round,3,Linette M.,Alexandrova E.,50.0,18.0,1158.0,2450.0,6.0,7.0,6.0,3.0,6.0,3.0,2.0,1.0,Completed,1.8,2.0,1.79,2.13,1.82,2.13,1.77,2.03,20240522
23,Strasbourg,Internationaux de Strasbourg,2024-05-22,WTA500,Outdoor,Clay,2nd Round,3,Vondrousova M.,Frech M.,6.0,54.0,4035.0,1108.0,5.0,7.0,6.0,1.0,6.0,0.0,2.0,1.0,Completed,1.3,3.5,1.3,3.83,1.31,3.83,1.29,3.56,20240522
23,Strasbourg,Internationaux de Strasbourg,2024-05-22,WTA500,Outdoor,Clay,2nd Round,3,Kalinina A.,Ferro F.,56.0,142.0,1081.0,526.0,6.0,3.0,3.0,6.0,6.0,0.0,2.0,1.0,Completed,1.36,3.2,1.38,3.28,1.38,3.28,1.36,3.1,20240522
23,Strasbourg,Internationaux de Strasbourg,2024-05-22,WTA500,Outdoor,Clay,2nd Round,3,Burel C.,Svitolina E.,43.0,17.0,1290.0,2510.0,7.0,6.0,4.0,6.0,6.0,1.0,2.0,1.0,Completed,3.75,1.29,3.83,1.3,4.08,1.3,3.65,1.28,20240522
23,Strasbourg,Internationaux de Strasbourg,2024-05-22,WTA500,Outdoor,Clay,2nd Round,3,Collins D.,Siniakova K.,12.0,34.0,3148.0,1535.0,6.0,1.0,6.0,2.0,,,2.0,0.0,Completed,1.4,3.0,1.37,3.32,1.4,3.32,1.38,2.98,20240522
23,Strasbourg,Internationaux de Strasbourg,2024-05-23,WTA500,Outdoor,Clay,Quarterfinals,3,Samsonova L.,Haddad Maia B.,19.0,14.0,2440.0,2885.0,6.0,3.0,6.0,0.0,,,2.0,0.0,Completed,2.3,1.62,2.26,1.72,2.35,1.72,2.22,1.65,20240523
23,Strasbourg,Internationaux de Strasbourg,2024-05-23,WTA500,Outdoor,Clay,Quarterfinals,3,Keys M.,Linette M.,16.0,50.0,2783.0,1158.0,6.0,1.0,6.0,3.0,,,2.0,0.0,Completed,1.36,3.2,1.39,3.26,1.44,3.35,1.37,3.04,20240523
23,Strasbourg,Internationaux de Strasbourg,2024-05-23,WTA500,Outdoor,Clay,Quarterfinals,3,Collins D.,Burel C.,12.0,43.0,3148.0,1290.0,6.0,1.0,6.0,3.0,,,2.0,0.0,Completed,1.14,5.5,1.18,5.75,1.18,5.92,1.16,5.18,20240523
23,Strasbourg,Internationaux de Strasbourg,2024-05-24,WTA500,Outdoor,Clay,Quarterfinals,3,Kalinina A.,Vondrousova M.,56.0,6.0,1081.0,4035.0,5.0,7.0,6.0,3.0,6.0,2.0,2.0,1.0,Completed,3.0,1.4,2.94,1.46,3,1.55,2.78,1.44,20240524
23,Strasbourg,Internationaux de Strasbourg,2024-05-24,WTA500,Outdoor,Clay,Semifinals,3,Keys M.,Samsonova L.,16.0,19.0,2783.0,2440.0,6.0,1.0,6.0,3.0,,,2.0,0.0,Completed,1.5,2.63,1.52,2.73,1.53,2.81,1.5,2.6,20240524
23,Strasbourg,Internationaux de Strasbourg,2024-05-24,WTA500,Outdoor,Clay,Semifinals,3,Collins D.,Kalinina A.,12.0,56.0,3148.0,1081.0,7.0,6.0,6.0,2.0,,,2.0,0.0,Completed,1.2,4.5,1.2,5.1,1.26,5.11,1.2,4.53,20240524
23,Strasbourg,Internationaux de Strasbourg,2024-05-25,WTA500,Outdoor,Clay,The Final,3,Keys M.,Collins D.,16.0,12.0,2783.0,3148.0,6.0,1.0,6.0,2.0,,,2.0,0.0,Completed,2.38,1.57,2.45,1.62,x`2.51,1.63,2.36,1.58,20240525
24,Paris,French Open,2024-05-26,Grand Slam,Outdoor,Clay,1st Round,3,Bouzkova M.,Kudermetova V.,42.0,31.0,1305.0,1623.0,6.0,2.0,6.0,4.0,,,2.0,0.0,Completed,2.1,1.73,2.09,1.81,2.15,1.83,2.07,1.77,20240526
24,Paris,French Open,2024-05-26,Grand Slam,Outdoor,Clay,1st Round,3,Vekic D.,Tsurenko L.,40.0,45.0,1358.0,1278.0,6.0,5.0,,,,,0.0,0.0,Retired,1.67,2.2,1.63,2.41,1.67,2.42,1.64,2.28,20240526
24,Paris,French Open,2024-05-26,Grand Slam,Outdoor,Clay,1st Round,3,Wang Y.,Timofeeva M.,68.0,105.0,979.0,722.0,6.0,3.0,6.0,3.0,,,2.0,0.0,Completed,2.0,1.8,2.07,1.83,2.14,1.85,2.02,1.8,20240526
24,Paris,French Open,2024-05-26,Grand Slam,Outdoor,Clay,1st Round,3,Yastremska D.,Tomljanovic A.,32.0,202.0,1622.0,357.0,3.0,6.0,6.0,3.0,6.0,3.0,2.0,1.0,Completed,1.33,3.4,1.38,3.28,1.38,3.44,1.35,3.25,20240526
24,Paris,French Open,2024-05-26,Grand Slam,Outdoor,Clay,1st Round,3,Osaka N.,Bronzetti L.,134.0,67.0,544.0,983.0,6.0,1.0,4.0,6.0,7.0,5.0,2.0,1.0,Completed,1.2,4.5,1.23,4.69,1.23,4.69,1.21,4.47,20240526
24,Paris,French Open,2024-05-26,Grand Slam,Outdoor,Clay,1st Round,3,Kostyuk M.,Pigossi L.,20.0,119.0,2180.0,645.0,7.0,5.0,6.0,7.0,6.0,4.0,2.0,1.0,Completed,1.17,5.0,1.18,5.42,1.2,5.42,1.17,5.03,20240526
24,Paris,French Open,2024-05-26,Grand Slam,Outdoor,Clay,1st Round,3,Fett J.,Bouzas Maneiro J.,135.0,86.0,541.0,811.0,6.0,2.0,3.0,6.0,7.0,5.0,2.0,1.0,Completed,2.38,1.57,2.53,1.58,2.53,1.66,2.41,1.57,20240526
24,Paris,French Open,2024-05-26,Grand Slam,Outdoor,Clay,1st Round,3,Ostapenko J.,Cristian J.,11.0,69.0,3318.0,965.0,6.0,4.0,7.0,5.0,,,2.0,0.0,Completed,1.44,2.75,1.49,2.81,1.55,2.9,1.46,2.73,20240526
24,Paris,French Open,2024-05-26,Grand Slam,Outdoor,Clay,1st Round,3,Kenin S.,Siegemund L.,56.0,71.0,1094.0,932.0,4.0,6.0,6.0,2.0,6.0,2.0,2.0,1.0,Completed,2.3,1.62,2.46,1.61,2.46,1.69,2.31,1.62,20240526
24,Paris,French Open,2024-05-26,Grand Slam,Outdoor,Clay,1st Round,3,Siniakova K.,Galfi D.,33.0,145.0,1585.0,509.0,7.0,5.0,7.0,6.0,,,2.0,0.0,Completed,1.13,6.0,1.13,7.06,1.15,7.06,1.13,6.28,20240526
24,Paris,French Open,2024-05-26,Grand Slam,Outdoor,Clay,1st Round,3,Garcia C.,Lys E.,23.0,143.0,2068.0,516.0,4.0,6.0,7.0,5.0,6.0,2.0,2.0,1.0,Completed,1.25,4.0,1.27,4.16,1.28,4.16,1.26,3.96,20240526
24,Paris,French Open,2024-05-26,Grand Slam,Outdoor,Clay,1st Round,3,Anisimova A.,Sramkova R.,231.0,101.0,322.0,745.0,7.0,6.0,6.0,4.0,,,2.0,0.0,Completed,1.67,2.2,1.71,2.24,1.81,2.25,1.69,2.19,20240526
24,Paris,French Open,2024-05-26,Grand Slam,Outdoor,Clay,1st Round,3,Wang Xiy.,Bai Z.,61.0,93.0,1046.0,775.0,7.0,5.0,6.0,7.0,6.0,3.0,2.0,1.0,Completed,1.33,3.4,1.38,3.31,1.38,3.4,1.35,3.23,20240526
24,Paris,French Open,2024-05-26,Grand Slam,Outdoor,Clay,1st Round,3,Paquet C.,Shnaider D.,136.0,47.0,540.0,1236.0,6.0,3.0,6.0,1.0,,,2.0,0.0,Completed,5.0,1.17,5.93,1.16,6,1.2,5.35,1.16,20240526
24,Paris,French Open,2024-05-26,Grand Slam,Outdoor,Clay,1st Round,3,Tauson C.,Maria T.,72.0,65.0,924.0,1024.0,6.0,2.0,6.0,3.0,,,2.0,0.0,Completed,1.29,3.75,1.32,3.67,1.34,3.9,1.31,3.53,20240526
24,Paris,French Open,2024-05-26,Grand Slam,Outdoor,Clay,1st Round,3,Zidansek T.,Van Uytvanck A.,131.0,397.0,556.0,158.0,6.0,2.0,2.0,6.0,6.0,1.0,2.0,1.0,Completed,1.33,3.4,1.38,3.29,1.38,3.4,1.35,3.24,20240526
24,Paris,French Open,2024-05-26,Grand Slam,Outdoor,Clay,1st Round,3,Golubic V.,Krejcikova B.,76.0,26.0,908.0,1768.0,7.0,6.0,6.0,4.0,,,2.0,0.0,Completed,5.5,1.14,5.87,1.17,6.5,1.17,5.61,1.15,20240526
24,Paris,French Open,2024-05-26,Grand Slam,Outdoor,Clay,1st Round,3,Danilovic O.,Trevisan M.,125.0,92.0,588.0,778.0,6.0,1.0,6.0,2.0,,,2.0,0.0,Completed,1.44,2.75,1.48,2.82,1.49,2.82,1.46,2.74,20240526
24,Paris,French Open,2024-05-26,Grand Slam,Outdoor,Clay,1st Round,3,Wang Xin.,Niemeier J.,37.0,97.0,1411.0,761.0,0.0,6.0,6.0,2.0,6.0,4.0,2.0,1.0,Completed,2.1,1.73,2.17,1.76,2.27,1.76,2.15,1.71,20240526
24,Paris,French Open,2024-05-26,Grand Slam,Outdoor,Clay,1st Round,3,Volynets K.,Krunic A.,108.0,425.0,717.0,144.0,7.0,6.0,6.0,2.0,,,2.0,0.0,Completed,1.29,3.75,1.31,3.79,1.33,4.0,1.29,3.68,20240526
24,Paris,French Open,2024-05-27,Grand Slam,Outdoor,Clay,1st Round,3,Paolini J.,Saville D.,15.0,84.0,2898.0,820.0,6.0,3.0,6.0,4.0,,,2.0,0.0,Completed,1.2,4.5,1.24,4.48,1.25,4.54,1.22,4.31,20240527
24,Paris,French Open,2024-05-27,Grand Slam,Outdoor,Clay,1st Round,3,Potapova A.,Rakhimova K.,41.0,87.0,1317.0,804.0,6.0,2.0,6.0,3.0,,,2.0,0.0,Completed,1.22,4.33,1.26,4.22,1.32,4.34,1.25,4.0,20240527
24,Paris,French Open,2024-05-27,Grand Slam,Outdoor,Clay,1st Round,3,Vondrousova M.,Masarova R.,6.0,94.0,4143.0,772.0,6.0,1.0,6.0,3.0,,,2.0,0.0,Completed,1.14,5.5,1.16,5.9,1.17,6.34,1.15,5.52,20240527
24,Paris,French Open,2024-05-27,Grand Slam,Outdoor,Clay,1st Round,3,Samsonova L.,Linette M.,17.0,46.0,2580.0,1236.0,6.0,1.0,6.0,1.0,,,2.0,0.0,Completed,1.57,2.38,1.57,2.56,1.6,2.56,1.56,2.45,20240527
24,Paris,French Open,2024-05-27,Grand Slam,Outdoor,Clay,1st Round,3,Baptiste H.,Day K.,107.0,99.0,719.0,749.0,4.0,6.0,6.0,2.0,6.0,2.0,2.0,1.0,Completed,1.62,2.3,1.51,2.72,1.69,2.72,1.58,2.4,20240527
24,Paris,French Open,2024-05-27,Grand Slam,Outdoor,Clay,1st Round,3,Jabeur O.,Vickery S.,9.0,124.0,3748.0,607.0,6.0,3.0,6.0,2.0,,,2.0,0.0,Completed,1.17,5.0,1.16,6.04,1.18,6.2,1.15,5.55,20240527
24,Paris,French Open,2024-05-27,Grand Slam,Outdoor,Clay,1st Round,3,Swiatek I.,Jeanjean L.,1.0,148.0,11695.0,498.0,6.0,1.0,6.0,2.0,,,2.0,0.0,Completed,1.002,41.0,1.01,43.69,1.02,44.06,1.0,26.74,20240527
24,Paris,French Open,2024-05-27,Grand Slam,Outdoor,Clay,1st Round,3,Tomova V.,Alexandrova E.,75.0,18.0,914.0,2480.0,6.0,3.0,7.0,6.0,,,2.0,0.0,Completed,2.75,1.44,2.67,1.53,2.78,1.6,2.64,1.5,20240527
24,Paris,French Open,2024-05-27,Grand Slam,Outdoor,Clay,1st Round,3,Fernandez L.A.,Ponchet J.,34.0,147.0,1565.0,502.0,6.0,2.0,6.0,0.0,,,2.0,0.0,Completed,1.17,5.0,1.21,5.02,1.21,5.31,1.18,4.93,20240527
24,Paris,French Open,2024-05-27,Grand Slam,Outdoor,Clay,1st Round,3,Gauff C.,Avdeeva J.,3.0,208.0,7638.0,352.0,6.0,1.0,6.0,1.0,,,2.0,0.0,Completed,1.03,17.0,1.02,26.77,1.03,26.77,1.02,17.48,20240527
24,Paris,French Open,2024-05-27,Grand Slam,Outdoor,Clay,1st Round,3,Collins D.,Dolehide C.,10.0,60.0,3472.0,1068.0,6.0,3.0,6.0,4.0,,,2.0,0.0,Completed,1.08,8.0,1.08,10.51,1.09,11.01,1.07,8.94,20240527
24,Paris,French Open,2024-05-27,Grand Slam,Outdoor,Clay,1st Round,3,Pavlyuchenkova A.,Udvardy P.,22.0,132.0,2116.0,552.0,6.0,3.0,6.0,4.0,,,2.0,0.0,Completed,1.17,5.0,1.15,6.43,1.18,6.44,1.14,5.82,20240527
24,Paris,French Open,2024-05-27,Grand Slam,Outdoor,Clay,1st Round,3,Kalinskaya A.,Burel C.,25.0,44.0,1916.0,1288.0,7.0,6.0,7.0,5.0,,,2.0,0.0,Completed,1.67,2.2,1.68,2.31,1.71,2.31,1.67,2.22,20240527
24,Paris,French Open,2024-05-27,Grand Slam,Outdoor,Clay,1st Round,3,Osorio M.,Kalinina A.,77.0,48.0,905.0,1221.0,3.0,6.0,7.0,6.0,4.0,1.0,1.0,1.0,Retired,2.38,1.57,2.56,1.56,2.78,1.59,2.49,1.54,20240527
24,Paris,French Open,2024-05-27,Grand Slam,Outdoor,Clay,1st Round,3,Svitolina E.,Pliskova Ka.,19.0,52.0,2290.0,1147.0,3.0,6.0,6.0,4.0,6.0,2.0,2.0,1.0,Completed,1.29,3.75,1.27,4.1,1.3,4.25,1.27,3.85,20240527
24,Paris,French Open,2024-05-27,Grand Slam,Outdoor,Clay,1st Round,3,Andreescu B.,Sorribes Tormo S.,228.0,43.0,323.0,1299.0,7.0,5.0,6.0,1.0,,,2.0,0.0,Completed,3.5,1.3,3.98,1.29,3.98,1.32,3.69,1.29,20240527
24,Paris,French Open,2024-05-27,Grand Slam,Outdoor,Clay,1st Round,3,Gracheva V.,Sakkari M.,88.0,7.0,800.0,3980.0,3.0,6.0,6.0,4.0,6.0,3.0,2.0,1.0,Completed,5.0,1.17,5.17,1.2,5.25,1.2,4.83,1.18,20240527
24,Paris,French Open,2024-05-27,Grand Slam,Outdoor,Clay,1st Round,3,Noskova L.,Dart H.,29.0,90.0,1714.0,789.0,7.0,6.0,6.0,4.0,,,2.0,0.0,Completed,1.08,8.0,1.09,9.08,1.1,9.08,1.08,8.09,20240527
24,Paris,French Open,2024-05-27,Grand Slam,Outdoor,Clay,1st Round,3,Parry D.,Ferro F.,63.0,126.0,1036.0,584.0,3.0,6.0,6.0,3.0,6.0,3.0,2.0,1.0,Completed,1.53,2.5,1.57,2.56,1.58,2.6,1.53,2.51,20240527
24,Paris,French Open,2024-05-27,Grand Slam,Outdoor,Clay,1st Round,3,Bucsa C.,Starodubtseva Y.,73.0,142.0,924.0,518.0,6.0,4.0,6.0,1.0,,,2.0,0.0,Completed,1.62,2.3,1.71,2.25,1.81,2.32,1.69,2.19,20240527
24,Paris,French Open,2024-05-27,Grand Slam,Outdoor,Clay,1st Round,3,Begu I.,Riera J.,127.0,115.0,581.0,676.0,6.0,2.0,6.0,2.0,,,2.0,0.0,Completed,1.57,2.38,1.61,2.46,1.67,2.46,1.58,2.39,20240527
24,Paris,French Open,2024-05-27,Grand Slam,Outdoor,Clay,1st Round,3,Bogdan A.,Jacquemot E.,64.0,149.0,1029.0,493.0,6.0,1.0,6.0,3.0,,,2.0,0.0,Completed,1.5,2.63,1.54,2.63,1.54,2.66,1.51,2.59,20240527
24,Paris,French Open,2024-05-27,Grand Slam,Outdoor,Clay,1st Round,3,Pera B.,Hibino N.,80.0,96.0,871.0,764.0,6.0,2.0,6.0,0.0,,,2.0,0.0,Completed,1.22,4.33,1.22,4.78,1.23,5.06,1.21,4.5,20240527
24,Paris,French Open,2024-05-27,Grand Slam,Outdoor,Clay,1st Round,3,Cocciaretto E.,Haddad Maia B.,51.0,14.0,1149.0,2983.0,3.0,6.0,6.0,4.0,6.0,1.0,2.0,1.0,Completed,3.0,1.4,3.08,1.42,3.08,1.45,2.94,1.41,20240527
24,Paris,French Open,2024-05-28,Grand Slam,Outdoor,Clay,1st Round,3,Rybakina E.,Minnen G.,4.0,85.0,5673.0,812.0,6.0,2.0,6.0,3.0,,,2.0,0.0,Completed,1.05,11.0,1.04,16.81,1.06,16.81,1.04,12.04,20240528
24,Paris,French Open,2024-05-28,Grand Slam,Outdoor,Clay,1st Round,3,Zheng Q.,Cornet A.,8.0,106.0,3945.0,720.0,6.0,2.0,6.0,1.0,,,2.0,0.0,Completed,1.07,9.0,1.07,11.23,1.14,11.23,1.07,9.11,20240528
24,Paris,French Open,2024-05-28,Grand Slam,Outdoor,Clay,1st Round,3,Blinkova A.,Cirstea S.,55.0,30.0,1096.0,1704.0,6.0,3.0,3.0,6.0,7.0,6.0,2.0,1.0,Completed,3.2,1.36,3.26,1.38,3.26,1.47,3.06,1.39,20240528
24,Paris,French Open,2024-05-28,Grand Slam,Outdoor,Clay,1st Round,3,Korpatsch T.,Krueger A.,79.0,66.0,897.0,994.0,4.0,6.0,6.0,4.0,7.0,6.0,2.0,1.0,Completed,4.0,1.25,4.26,1.26,4.33,1.26,4.07,1.25,20240528
24,Paris,French Open,2024-05-28,Grand Slam,Outdoor,Clay,1st Round,3,Mertens E.,Carle M.,27.0,82.0,1739.0,863.0,6.0,3.0,7.0,6.0,,,2.0,0.0,Completed,1.44,2.75,1.5,2.78,1.51,2.8,1.47,2.71,20240528
24,Paris,French Open,2024-05-28,Grand Slam,Outdoor,Clay,1st Round,3,Martic P.,Mladenovic K.,81.0,212.0,863.0,348.0,6.0,4.0,6.0,4.0,,,2.0,0.0,Completed,1.2,4.5,1.21,4.96,1.23,5.2,1.19,4.79,20240528
24,Paris,French Open,2024-05-28,Grand Slam,Outdoor,Clay,1st Round,3,Avanesyan E.,Zhu L.,70.0,58.0,956.0,1077.0,6.0,2.0,6.0,4.0,,,2.0,0.0,Completed,1.36,3.2,1.33,3.63,1.38,3.63,1.34,3.3,20240528
24,Paris,French Open,2024-05-28,Grand Slam,Outdoor,Clay,1st Round,3,Rus A.,Kerber A.,50.0,232.0,1159.0,322.0,6.0,4.0,6.0,3.0,,,2.0,0.0,Completed,2.5,1.53,2.41,1.63,2.62,1.63,2.42,1.56,20240528
24,Paris,French Open,2024-05-28,Grand Slam,Outdoor,Clay,1st Round,3,Sabalenka A.,Andreeva E.,2.0,100.0,8138.0,749.0,6.0,1.0,6.0,2.0,,,2.0,0.0,Completed,1.04,13.0,1.04,16.65,1.08,16.65,1.04,12.6,20240528
24,Paris,French Open,2024-05-28,Grand Slam,Outdoor,Clay,1st Round,3,Stearns P.,Ciric Bagaric L.,62.0,184.0,1040.0,401.0,6.0,3.0,6.0,7.0,7.0,6.0,2.0,1.0,Completed,1.44,2.75,1.49,2.81,1.5,2.81,1.47,2.73,20240528
24,Paris,French Open,2024-05-28,Grand Slam,Outdoor,Clay,1st Round,3,Kasatkina D.,Frech M.,13.0,49.0,3258.0,1166.0,7.0,5.0,6.0,1.0,,,2.0,0.0,Completed,1.3,3.5,1.33,3.6,1.33,3.8,1.31,3.51,20240528
24,Paris,French Open,2024-05-28,Grand Slam,Outdoor,Clay,1st Round,3,Keys M.,Zarazua R.,12.0,102.0,3283.0,743.0,6.0,3.0,6.0,2.0,,,2.0,0.0,Completed,1.1,7.0,1.1,8.37,1.12,8.37,1.09,7.28,20240528
24,Paris,French Open,2024-05-28,Grand Slam,Outdoor,Clay,1st Round,3,Andreeva M.,Bektas E.,38.0,98.0,1407.0,761.0,6.0,2.0,6.0,3.0,,,2.0,0.0,Completed,1.05,11.0,1.06,12.41,1.08,12.41,1.06,10.18,20240528
24,Paris,French Open,2024-05-28,Grand Slam,Outdoor,Clay,1st Round,3,Navarro E.,Sonmez Z.,24.0,163.0,2068.0,460.0,6.0,2.0,6.0,0.0,,,2.0,0.0,Completed,1.11,6.5,1.14,6.65,1.14,7.0,1.12,6.29,20240528
24,Paris,French Open,2024-05-28,Grand Slam,Outdoor,Clay,1st Round,3,Uchijima M.,Burillo Escorihuela I.,83.0,302.0,855.0,226.0,6.0,1.0,6.0,1.0,,,2.0,0.0,Completed,1.22,4.33,1.23,4.7,1.24,4.89,1.21,4.47,20240528
24,Paris,French Open,2024-05-28,Grand Slam,Outdoor,Clay,1st Round,3,Sherif M.,Yuan Y.,53.0,36.0,1113.0,1442.0,6.0,1.0,6.0,3.0,,,2.0,0.0,Completed,1.25,4.0,1.28,4.02,1.3,4.06,1.27,3.86,20240528
24,Paris,French Open,2024-05-28,Grand Slam,Outdoor,Clay,1st Round,3,Errani S.,Schmiedlova A.,95.0,54.0,765.0,1110.0,6.0,3.0,6.0,2.0,,,2.0,0.0,Completed,2.1,1.73,2.09,1.82,2.12,1.83,2.05,1.78,20240528
24,Paris,French Open,2024-05-28,Grand Slam,Outdoor,Clay,1st Round,3,Azarenka V.,Podoroska N.,21.0,59.0,2174.0,1076.0,6.0,1.0,6.0,0.0,,,2.0,0.0,Completed,1.2,4.5,1.23,4.66,1.26,4.66,1.21,4.41,20240528
24,Paris,French Open,2024-05-28,Grand Slam,Outdoor,Clay,1st Round,3,Putintseva Y.,Stephens S.,39.0,35.0,1393.0,1447.0,6.0,1.0,6.0,2.0,,,2.0,0.0,Completed,1.73,2.1,1.71,2.25,1.73,2.26,1.7,2.16,20240528
24,Paris,French Open,2024-05-28,Grand Slam,Outdoor,Clay,1st Round,3,Badosa P.,Boulter K.,139.0,28.0,532.0,1730.0,4.0,6.0,7.0,5.0,6.0,4.0,2.0,1.0,Completed,1.25,4.0,1.25,4.35,1.27,5.12,1.24,4.11,20240528
24,Paris,French Open,2024-05-29,Grand Slam,Outdoor,Clay,2nd Round,3,Kenin S.,Garcia C.,56.0,23.0,1094.0,2068.0,6.0,3.0,6.0,3.0,,,2.0,0.0,Completed,2.5,1.53,2.45,1.62,2.5,1.62,2.4,1.58,20240529
24,Paris,French Open,2024-05-29,Grand Slam,Outdoor,Clay,2nd Round,3,Jabeur O.,Osorio M.,9.0,77.0,3748.0,905.0,6.0,3.0,1.0,6.0,6.0,3.0,2.0,1.0,Completed,1.36,3.2,1.39,3.3,1.4,3.33,1.37,3.1,20240529
24,Paris,French Open,2024-05-29,Grand Slam,Outdoor,Clay,2nd Round,3,Swiatek I.,Osaka N.,1.0,134.0,11695.0,544.0,7.0,6.0,1.0,6.0,7.0,5.0,2.0,1.0,Completed,1.04,13.0,1.05,14.78,1.05,15.0,1.04,12.05,20240529
24,Paris,French Open,2024-05-29,Grand Slam,Outdoor,Clay,2nd Round,3,Gauff C.,Zidansek T.,3.0,131.0,7638.0,556.0,6.0,3.0,6.0,4.0,,,2.0,0.0,Completed,1.03,15.0,1.04,17.63,1.04,17.63,1.03,13.59,20240529
24,Paris,French Open,2024-05-30,Grand Slam,Outdoor,Clay,2nd Round,3,Vekic D.,Kostyuk M.,40.0,20.0,1358.0,2180.0,7.0,5.0,6.0,4.0,,,2.0,0.0,Completed,2.5,1.53,2.66,1.54,2.66,1.56,2.53,1.53,20240530
24,Paris,French Open,2024-05-30,Grand Slam,Outdoor,Clay,2nd Round,3,Badosa P.,Putintseva Y.,139.0,39.0,532.0,1393.0,4.0,6.0,6.0,1.0,7.0,5.0,2.0,1.0,Completed,1.73,2.1,1.85,2.06,1.94,2.2,1.77,2.07,20240530
24,Paris,French Open,2024-05-30,Grand Slam,Outdoor,Clay,2nd Round,3,Potapova A.,Golubic V.,41.0,76.0,1317.0,908.0,6.0,2.0,6.0,2.0,,,2.0,0.0,Completed,1.2,4.5,1.18,5.58,1.21,5.58,1.18,5.04,20240530
24,Paris,French Open,2024-05-30,Grand Slam,Outdoor,Clay,2nd Round,3,Paquet C.,Siniakova K.,136.0,33.0,540.0,1585.0,3.0,6.0,7.0,6.0,7.0,6.0,2.0,1.0,Completed,4.0,1.25,4.54,1.24,4.59,1.26,4.21,1.23,20240530
24,Paris,French Open,2024-05-30,Grand Slam,Outdoor,Clay,2nd Round,3,Yastremska D.,Wang Y.,32.0,68.0,1622.0,979.0,6.0,2.0,6.0,0.0,,,2.0,0.0,Completed,1.4,3.0,1.43,3.08,1.47,3.08,1.41,2.94,20240530
24,Paris,French Open,2024-05-30,Grand Slam,Outdoor,Clay,2nd Round,3,Wang Xin.,Tomova V.,37.0,75.0,1411.0,914.0,7.0,5.0,5.0,7.0,6.0,1.0,2.0,1.0,Completed,1.73,2.1,1.78,2.16,1.8,2.16,1.75,2.1,20240530
24,Paris,French Open,2024-05-30,Grand Slam,Outdoor,Clay,2nd Round,3,Sabalenka A.,Uchijima M.,2.0,83.0,8138.0,855.0,6.0,2.0,6.0,2.0,,,2.0,0.0,Completed,1.07,9.0,1.07,11.61,1.07,12.27,1.06,9.9,20240530
24,Paris,French Open,2024-05-30,Grand Slam,Outdoor,Clay,2nd Round,3,Rybakina E.,Rus A.,4.0,50.0,5673.0,1159.0,6.0,3.0,6.0,4.0,,,2.0,0.0,Completed,1.07,9.0,1.07,11.24,1.09,11.24,1.06,9.26,20240530
24,Paris,French Open,2024-05-30,Grand Slam,Outdoor,Clay,2nd Round,3,Danilovic O.,Collins D.,125.0,10.0,588.0,3472.0,6.0,7.0,7.0,5.0,6.0,4.0,2.0,1.0,Completed,4.5,1.2,4.43,1.25,4.6,1.25,4.32,1.22,20240530
24,Paris,French Open,2024-05-30,Grand Slam,Outdoor,Clay,2nd Round,3,Svitolina E.,Parry D.,19.0,63.0,2290.0,1036.0,6.0,4.0,7.0,6.0,,,2.0,0.0,Completed,1.33,3.4,1.36,3.43,1.36,3.44,1.34,3.29,20240530
24,Paris,French Open,2024-05-30,Grand Slam,Outdoor,Clay,2nd Round,3,Samsonova L.,Anisimova A.,17.0,231.0,2580.0,322.0,6.0,2.0,6.0,1.0,,,2.0,0.0,Completed,1.53,2.5,1.57,2.59,1.57,2.6,1.53,2.52,20240530
24,Paris,French Open,2024-05-30,Grand Slam,Outdoor,Clay,2nd Round,3,Tauson C.,Ostapenko J.,72.0,11.0,924.0,3318.0,7.0,6.0,4.0,6.0,6.0,3.0,2.0,1.0,Completed,2.38,1.57,2.47,1.61,2.47,1.62,2.39,1.58,20240530
24,Paris,French Open,2024-05-30,Grand Slam,Outdoor,Clay,2nd Round,3,Vondrousova M.,Volynets K.,6.0,108.0,4143.0,717.0,0.0,6.0,6.0,1.0,6.0,4.0,2.0,1.0,Completed,1.2,4.5,1.22,4.82,1.23,4.82,1.21,4.47,20240530
24,Paris,French Open,2024-05-30,Grand Slam,Outdoor,Clay,2nd Round,3,Fernandez L.A.,Wang Xiy.,34.0,61.0,1565.0,1046.0,6.0,3.0,6.0,4.0,,,2.0,0.0,Completed,1.4,3.0,1.41,3.16,1.41,3.2,1.39,3.03,20240530
24,Paris,French Open,2024-05-30,Grand Slam,Outdoor,Clay,2nd Round,3,Keys M.,Sherif M.,12.0,53.0,3283.0,1113.0,6.0,0.0,7.0,6.0,,,2.0,0.0,Completed,1.22,4.33,1.26,4.3,1.29,4.33,1.26,3.93,20240530
24,Paris,French Open,2024-05-30,Grand Slam,Outdoor,Clay,2nd Round,3,Mertens E.,Martic P.,27.0,81.0,1739.0,863.0,6.0,4.0,6.0,3.0,,,2.0,0.0,Completed,1.36,3.2,1.31,3.8,1.37,3.8,1.33,3.37,20240530
24,Paris,French Open,2024-05-30,Grand Slam,Outdoor,Clay,2nd Round,3,Cocciaretto E.,Bucsa C.,51.0,73.0,1149.0,924.0,6.0,1.0,6.0,4.0,,,2.0,0.0,Completed,1.5,2.63,1.5,2.79,1.53,2.79,1.47,2.68,20240530
24,Paris,French Open,2024-05-30,Grand Slam,Outdoor,Clay,2nd Round,3,Bouzkova M.,Fett J.,42.0,135.0,1305.0,541.0,6.0,2.0,6.0,2.0,,,2.0,0.0,Completed,1.3,3.5,1.34,3.6,1.34,3.6,1.31,3.47,20240530
24,Paris,French Open,2024-05-30,Grand Slam,Outdoor,Clay,2nd Round,3,Avanesyan E.,Blinkova A.,70.0,55.0,956.0,1096.0,6.0,3.0,6.0,0.0,,,2.0,0.0,Completed,1.73,2.1,1.75,2.21,1.8,2.21,1.74,2.1,20240530
24,Paris,French Open,2024-05-30,Grand Slam,Outdoor,Clay,2nd Round,3,Navarro E.,Errani S.,24.0,95.0,2068.0,765.0,6.0,2.0,7.0,5.0,,,2.0,0.0,Completed,1.14,5.5,1.15,6.66,1.15,6.72,1.13,5.96,20240530
24,Paris,French Open,2024-05-30,Grand Slam,Outdoor,Clay,2nd Round,3,Begu I.,Noskova L.,127.0,29.0,581.0,1714.0,6.0,4.0,6.0,2.0,,,2.0,0.0,Completed,2.1,1.73,2.19,1.76,2.21,1.76,2.12,1.72,20240530
24,Paris,French Open,2024-05-30,Grand Slam,Outdoor,Clay,2nd Round,3,Zheng Q.,Korpatsch T.,8.0,79.0,3945.0,897.0,6.0,2.0,6.0,2.0,,,2.0,0.0,Completed,1.05,11.0,1.07,12.3,1.07,13.26,1.05,10.41,20240530
24,Paris,French Open,2024-05-30,Grand Slam,Outdoor,Clay,2nd Round,3,Stearns P.,Kasatkina D.,62.0,13.0,1040.0,3258.0,7.0,5.0,6.0,2.0,,,2.0,0.0,Completed,3.0,1.4,3.12,1.42,3.34,1.42,3.03,1.39,20240530
24,Paris,French Open,2024-05-30,Grand Slam,Outdoor,Clay,2nd Round,3,Paolini J.,Baptiste H.,15.0,107.0,2898.0,719.0,6.0,4.0,7.0,6.0,,,2.0,0.0,Completed,1.2,4.5,1.22,4.84,1.22,5.06,1.2,4.66,20240530
24,Paris,French Open,2024-05-30,Grand Slam,Outdoor,Clay,2nd Round,3,Andreescu B.,Kalinskaya A.,228.0,25.0,323.0,1916.0,1.0,6.0,7.0,5.0,6.0,3.0,2.0,1.0,Completed,2.3,1.62,2.55,1.58,2.6,1.63,2.46,1.55,20240530
24,Paris,French Open,2024-05-30,Grand Slam,Outdoor,Clay,2nd Round,3,Gracheva V.,Pera B.,88.0,80.0,800.0,871.0,6.0,1.0,6.0,3.0,,,2.0,0.0,Completed,2.2,1.67,2.37,1.66,2.37,1.76,2.25,1.65,20240530
24,Paris,French Open,2024-05-30,Grand Slam,Outdoor,Clay,2nd Round,3,Bogdan A.,Pavlyuchenkova A.,64.0,22.0,1029.0,2116.0,6.0,4.0,6.0,4.0,,,2.0,0.0,Completed,3.0,1.4,3.02,1.44,3.1,1.5,2.88,1.42,20240530
24,Paris,French Open,2024-05-30,Grand Slam,Outdoor,Clay,2nd Round,3,Andreeva M.,Azarenka V.,38.0,21.0,1407.0,2174.0,6.0,3.0,3.0,6.0,7.0,5.0,2.0,1.0,Completed,1.91,1.91,2.0,1.91,2.03,1.94,1.93,1.88,20240530
24,Paris,French Open,2024-05-31,Grand Slam,Outdoor,Clay,3rd Round,3,Danilovic O.,Vekic D.,125.0,40.0,588.0,1358.0,0.0,6.0,7.0,5.0,7.0,6.0,2.0,1.0,Completed,1.73,2.1,1.83,2.09,1.83,2.12,1.77,2.07,20240531
24,Paris,French Open,2024-05-31,Grand Slam,Outdoor,Clay,3rd Round,3,Cocciaretto E.,Samsonova L.,51.0,17.0,1149.0,2580.0,7.0,6.0,6.0,2.0,,,2.0,0.0,Completed,3.0,1.4,3.07,1.43,3.1,1.44,2.94,1.41,20240531
24,Paris,French Open,2024-05-31,Grand Slam,Outdoor,Clay,3rd Round,3,Gauff C.,Yastremska D.,3.0,32.0,7638.0,1622.0,6.0,2.0,6.0,4.0,,,2.0,0.0,Completed,1.11,6.5,1.11,8.08,1.13,8.08,1.1,7.03,20240531
24,Paris,French Open,2024-05-31,Grand Slam,Outdoor,Clay,3rd Round,3,Potapova A.,Wang Xin.,41.0,37.0,1317.0,1411.0,7.0,5.0,6.0,7.0,6.0,4.0,2.0,1.0,Completed,1.4,3.0,1.42,3.14,1.44,3.15,1.41,2.96,20240531
24,Paris,French Open,2024-05-31,Grand Slam,Outdoor,Clay,3rd Round,3,Vondrousova M.,Paquet C.,6.0,136.0,4143.0,540.0,6.0,1.0,6.0,3.0,,,2.0,0.0,Completed,1.13,6.0,1.16,6.27,1.17,6.27,1.14,5.72,20240531
24,Paris,French Open,2024-05-31,Grand Slam,Outdoor,Clay,3rd Round,3,Tauson C.,Kenin S.,72.0,56.0,924.0,1094.0,6.0,2.0,7.0,5.0,,,2.0,0.0,Completed,1.73,2.1,1.73,2.24,1.77,2.24,1.72,2.14,20240531
24,Paris,French Open,2024-05-31,Grand Slam,Outdoor,Clay,3rd Round,3,Jabeur O.,Fernandez L.A.,9.0,34.0,3748.0,1565.0,6.0,4.0,7.0,6.0,,,2.0,0.0,Completed,1.67,2.2,1.73,2.24,1.73,2.39,1.68,2.2,20240531
24,Paris,French Open,2024-05-31,Grand Slam,Outdoor,Clay,3rd Round,3,Swiatek I.,Bouzkova M.,1.0,42.0,11695.0,1305.0,6.0,4.0,6.0,2.0,,,2.0,0.0,Completed,1.03,15.0,1.03,22.25,1.05,22.25,1.02,15.44,20240531
24,Paris,French Open,2024-06-01,Grand Slam,Outdoor,Clay,3rd Round,3,Avanesyan E.,Zheng Q.,70.0,8.0,956.0,3945.0,3.0,6.0,6.0,3.0,7.0,6.0,2.0,1.0,Completed,6.5,1.11,6.48,1.15,6.65,1.15,6.01,1.13,20240601
24,Paris,French Open,2024-06-01,Grand Slam,Outdoor,Clay,3rd Round,3,Gracheva V.,Begu I.,88.0,127.0,800.0,581.0,7.0,5.0,6.0,3.0,,,2.0,0.0,Completed,2.63,1.5,2.72,1.52,2.75,1.54,2.63,1.5,20240601
24,Paris,French Open,2024-06-01,Grand Slam,Outdoor,Clay,3rd Round,3,Rybakina E.,Mertens E.,4.0,27.0,5673.0,1739.0,6.0,4.0,6.0,2.0,,,2.0,0.0,Completed,1.17,5.0,1.18,5.75,1.2,6.03,1.17,5.18,20240601
24,Paris,French Open,2024-06-01,Grand Slam,Outdoor,Clay,3rd Round,3,Sabalenka A.,Badosa P.,2.0,139.0,8138.0,532.0,7.0,5.0,6.0,1.0,,,2.0,0.0,Completed,1.22,4.33,1.28,4.16,1.28,4.34,1.25,4.0,20240601
24,Paris,French Open,2024-06-01,Grand Slam,Outdoor,Clay,3rd Round,3,Andreeva M.,Stearns P.,38.0,62.0,1407.0,1040.0,6.0,2.0,6.0,1.0,,,2.0,0.0,Completed,1.36,3.2,1.4,3.21,1.4,3.21,1.38,3.07,20240601
24,Paris,French Open,2024-06-01,Grand Slam,Outdoor,Clay,3rd Round,3,Paolini J.,Andreescu B.,15.0,228.0,2898.0,323.0,6.0,1.0,3.0,6.0,6.0,0.0,2.0,1.0,Completed,1.44,2.75,1.49,2.83,1.49,2.83,1.46,2.73,20240601
24,Paris,French Open,2024-06-01,Grand Slam,Outdoor,Clay,3rd Round,3,Svitolina E.,Bogdan A.,19.0,64.0,2290.0,1029.0,7.0,5.0,6.0,2.0,,,2.0,0.0,Completed,1.33,3.4,1.41,3.19,1.41,3.4,1.36,3.17,20240601
24,Paris,French Open,2024-06-01,Grand Slam,Outdoor,Clay,3rd Round,3,Navarro E.,Keys M.,24.0,12.0,2068.0,3283.0,7.0,6.0,7.0,6.0,,,2.0,0.0,Completed,2.5,1.53,2.48,1.58,2.59,1.6,2.45,1.55,20240601
24,Paris,French Open,2024-06-02,Grand Slam,Outdoor,Clay,4th Round,3,Swiatek I.,Potapova A.,1.0,41.0,11695.0,1317.0,6.0,0.0,6.0,0.0,,,2.0,0.0,Completed,1.02,19.0,1.03,20.49,1.04,20.49,1.03,14.39,20240602
24,Paris,French Open,2024-06-02,Grand Slam,Outdoor,Clay,4th Round,3,Vondrousova M.,Danilovic O.,6.0,125.0,4143.0,588.0,6.0,4.0,6.0,2.0,,,2.0,0.0,Completed,1.3,3.5,1.32,3.72,1.38,3.72,1.32,3.46,20240602
24,Paris,French Open,2024-06-02,Grand Slam,Outdoor,Clay,4th Round,3,Gauff C.,Cocciaretto E.,3.0,51.0,7638.0,1149.0,6.0,1.0,6.0,2.0,,,2.0,0.0,Completed,1.11,6.5,1.15,6.66,1.15,6.78,1.13,6.19,20240602
24,Paris,French Open,2024-06-02,Grand Slam,Outdoor,Clay,4th Round,3,Jabeur O.,Tauson C.,9.0,72.0,3748.0,924.0,6.0,4.0,6.0,4.0,,,2.0,0.0,Completed,1.57,2.38,1.64,2.41,1.64,2.43,1.59,2.36,20240602
24,Paris,French Open,2024-06-03,Grand Slam,Outdoor,Clay,4th Round,3,Rybakina E.,Svitolina E.,4.0,19.0,5673.0,2290.0,6.0,4.0,6.0,3.0,,,2.0,0.0,Completed,1.3,3.5,1.35,3.5,1.38,3.56,1.33,3.36,20240603
24,Paris,French Open,2024-06-03,Grand Slam,Outdoor,Clay,4th Round,3,Paolini J.,Avanesyan E.,15.0,70.0,2898.0,956.0,4.0,6.0,6.0,0.0,6.0,1.0,2.0,1.0,Completed,1.29,3.75,1.28,3.91,1.32,3.93,1.28,3.68,20240603
24,Paris,French Open,2024-06-03,Grand Slam,Outdoor,Clay,4th Round,3,Sabalenka A.,Navarro E.,2.0,24.0,8138.0,2068.0,6.0,2.0,6.0,3.0,,,2.0,0.0,Completed,1.29,3.75,1.34,3.57,1.34,3.75,1.3,3.54,20240603
24,Paris,French Open,2024-06-03,Grand Slam,Outdoor,Clay,4th Round,3,Andreeva M.,Gracheva V.,38.0,88.0,1407.0,800.0,7.0,5.0,6.0,2.0,,,2.0,0.0,Completed,1.25,4.0,1.24,4.53,1.29,4.53,1.25,3.97,20240603
24,Paris,French Open,2024-06-04,Grand Slam,Outdoor,Clay,Quarterfinals,3,Gauff C.,Jabeur O.,3.0,9.0,7638.0,3748.0,4.0,6.0,6.0,2.0,6.0,3.0,2.0,1.0,Completed,1.22,4.33,1.28,4.1,1.28,4.76,1.24,4.11,20240604
24,Paris,French Open,2024-06-04,Grand Slam,Outdoor,Clay,Quarterfinals,3,Swiatek I.,Vondrousova M.,1.0,6.0,11695.0,4143.0,6.0,0.0,6.0,2.0,,,2.0,0.0,Completed,1.06,10.0,1.08,10.56,1.08,10.56,1.07,9.05,20240604
24,Paris,French Open,2024-06-05,Grand Slam,Outdoor,Clay,Quarterfinals,3,Paolini J.,Rybakina E.,15.0,4.0,2898.0,5673.0,6.0,2.0,4.0,6.0,6.0,4.0,2.0,1.0,Completed,4.0,1.25,3.82,1.31,4,1.31,3.82,1.27,20240605
24,Paris,French Open,2024-06-05,Grand Slam,Outdoor,Clay,Quarterfinals,3,Andreeva M.,Sabalenka A.,38.0,2.0,1407.0,8138.0,6.0,7.0,6.0,4.0,6.0,4.0,2.0,1.0,Completed,5.0,1.17,4.98,1.22,5,1.22,4.74,1.19,20240605
24,Paris,French Open,2024-06-06,Grand Slam,Outdoor,Clay,Semifinals,3,Swiatek I.,Gauff C.,1.0,3.0,11695.0,7638.0,6.0,2.0,6.0,4.0,,,2.0,0.0,Completed,1.13,6.0,1.16,6.13,1.17,6.36,1.14,5.82,20240606
24,Paris,French Open,2024-06-06,Grand Slam,Outdoor,Clay,Semifinals,3,Paolini J.,Andreeva M.,15.0,38.0,2898.0,1407.0,6.0,3.0,6.0,1.0,,,2.0,0.0,Completed,2.0,1.8,1.98,1.88,2.14,1.9,1.98,1.84,20240606
24,Paris,French Open,2024-06-08,Grand Slam,Outdoor,Clay,The Final,3,Swiatek I.,Paolini J.,1.0,15.0,11695.0,2898.0,6.0,2.0,6.0,1.0,,,2.0,0.0,Completed,1.06,11.0,1.07,10.96,1.09,11.0,1.06,9.5,20240608
25,'s-Hertogenbosch,Rosmalen Grass Court Championships,2024-06-10,WTA250,Outdoor,Grass,1st Round,3,Vekic D.,Korpatsch T.,39.0,74.0,1418.0,951.0,6.0,1.0,6.0,3.0,,,2.0,0.0,Completed,1.13,6.0,1.11,7.44,1.14,7.49,1.12,6.33,20240610
25,'s-Hertogenbosch,Rosmalen Grass Court Championships,2024-06-10,WTA250,Outdoor,Grass,1st Round,3,Minnen G.,Masarova R.,85.0,103.0,812.0,717.0,6.0,2.0,6.0,4.0,,,2.0,0.0,Completed,1.8,2.0,1.81,2.05,1.85,2.2,1.79,2.01,20240610
25,'s-Hertogenbosch,Rosmalen Grass Court Championships,2024-06-11,WTA250,Outdoor,Grass,1st Round,3,Krunic A.,Ponchet J.,400.0,147.0,154.0,502.0,4.0,6.0,6.0,2.0,6.0,1.0,2.0,1.0,Completed,2.1,1.73,2.1,1.76,2.12,1.8,2.06,1.74,20240611
25,'s-Hertogenbosch,Rosmalen Grass Court Championships,2024-06-11,WTA250,Outdoor,Grass,1st Round,3,Pegula J.,Sasnovich A.,5.0,98.0,4625.0,748.0,6.0,2.0,6.0,2.0,,,2.0,0.0,Completed,1.2,4.5,1.24,4.29,1.25,4.5,1.22,4.18,20240611
25,'s-Hertogenbosch,Rosmalen Grass Court Championships,2024-06-11,WTA250,Outdoor,Grass,1st Round,3,Yuan Y.,Shnaider D.,38.0,48.0,1422.0,1176.0,1.0,6.0,6.0,4.0,6.0,3.0,2.0,1.0,Completed,2.0,1.8,2.03,1.82,2.1,1.83,2.01,1.78,20240611
25,'s-Hertogenbosch,Rosmalen Grass Court Championships,2024-06-11,WTA250,Outdoor,Grass,1st Round,3,Osaka N.,Mertens E.,125.0,32.0,614.0,1629.0,6.0,2.0,6.0,4.0,,,2.0,0.0,Completed,1.44,2.75,1.47,2.79,1.48,2.81,1.45,2.71,20240611
25,'s-Hertogenbosch,Rosmalen Grass Court Championships,2024-06-11,WTA250,Outdoor,Grass,1st Round,3,Andreescu B.,Vedder E.,228.0,392.0,323.0,158.0,4.0,6.0,6.0,3.0,6.0,2.0,2.0,1.0,Completed,1.17,5.0,1.16,5.67,1.18,5.71,1.16,5.08,20240611
25,'s-Hertogenbosch,Rosmalen Grass Court Championships,2024-06-11,WTA250,Outdoor,Grass,1st Round,3,Bektas E.,Blinkova A.,96.0,60.0,769.0,1036.0,6.0,4.0,6.0,0.0,,,2.0,0.0,Completed,2.1,1.73,2.21,1.69,2.23,1.75,2.15,1.69,20240611
25,'s-Hertogenbosch,Rosmalen Grass Court Championships,2024-06-11,WTA250,Outdoor,Grass,1st Round,3,Naef C.,Mandlik E.,161.0,150.0,468.0,496.0,7.0,6.0,1.0,6.0,6.0,4.0,2.0,1.0,Completed,1.73,2.1,1.7,2.2,1.82,2.25,1.65,2.17,20240611
25,'s-Hertogenbosch,Rosmalen Grass Court Championships,2024-06-11,WTA250,Outdoor,Grass,1st Round,3,Alexandrova E.,Rodionova Ar.,16.0,105.0,2360.0,712.0,6.0,3.0,6.0,4.0,,,2.0,0.0,Completed,1.2,4.5,1.21,4.73,1.21,4.87,1.19,4.48,20240611
25,'s-Hertogenbosch,Rosmalen Grass Court Championships,2024-06-11,WTA250,Outdoor,Grass,1st Round,3,Lamens S.,Pera B.,140.0,106.0,523.0,701.0,4.0,6.0,6.0,2.0,6.0,4.0,2.0,1.0,Completed,2.5,1.53,2.47,1.57,2.5,1.58,2.48,1.53,20240611
25,'s-Hertogenbosch,Rosmalen Grass Court Championships,2024-06-11,WTA250,Outdoor,Grass,1st Round,3,Galfi D.,Rus A.,138.0,57.0,529.0,1054.0,6.0,0.0,6.0,3.0,,,2.0,0.0,Completed,2.0,1.8,1.92,1.92,2.1,1.95,1.93,1.85,20240611
25,'s-Hertogenbosch,Rosmalen Grass Court Championships,2024-06-12,WTA250,Outdoor,Grass,1st Round,3,Niemeier J.,Tauson C.,91.0,65.0,791.0,994.0,6.0,4.0,6.0,7.0,6.0,4.0,2.0,1.0,Completed,2.1,1.73,2.22,1.69,2.25,1.74,2.14,1.68,20240612
25,'s-Hertogenbosch,Rosmalen Grass Court Championships,2024-06-12,WTA250,Outdoor,Grass,1st Round,3,Samsonova L.,Van Uytvanck A.,15.0,266.0,2640.0,268.0,6.0,1.0,6.0,3.0,,,2.0,0.0,Completed,1.57,2.38,1.58,2.45,1.63,2.56,1.55,2.4,20240612
25,'s-Hertogenbosch,Rosmalen Grass Court Championships,2024-06-12,WTA250,Outdoor,Grass,1st Round,3,Kudermetova V.,Bai Z.,34.0,93.0,1623.0,773.0,7.0,5.0,6.0,1.0,,,2.0,0.0,Completed,1.4,3.0,1.41,3.03,1.41,3.15,1.38,2.97,20240612
25,'s-Hertogenbosch,Rosmalen Grass Court Championships,2024-06-12,WTA250,Outdoor,Grass,1st Round,3,Montgomery R.,Linette M.,173.0,44.0,437.0,1236.0,6.0,7.0,6.0,3.0,7.0,5.0,2.0,1.0,Completed,1.91,1.91,1.84,2.0,1.91,2.21,1.83,1.95,20240612
25,'s-Hertogenbosch,Rosmalen Grass Court Championships,2024-06-12,WTA250,Outdoor,Grass,2nd Round,3,Andreescu B.,Yuan Y.,228.0,38.0,323.0,1422.0,6.0,4.0,6.0,4.0,,,2.0,0.0,Completed,1.62,2.3,1.68,2.25,1.7,2.38,1.62,2.26,20240612
25,'s-Hertogenbosch,Rosmalen Grass Court Championships,2024-06-12,WTA250,Outdoor,Grass,2nd Round,3,Minnen G.,Vekic D.,85.0,39.0,812.0,1418.0,6.0,1.0,0.0,6.0,7.0,5.0,2.0,1.0,Completed,2.75,1.44,2.85,1.46,2.9,1.5,2.72,1.45,20240612
25,'s-Hertogenbosch,Rosmalen Grass Court Championships,2024-06-12,WTA250,Outdoor,Grass,2nd Round,3,Osaka N.,Lamens S.,125.0,140.0,614.0,523.0,6.0,2.0,6.0,2.0,,,2.0,0.0,Completed,1.1,7.0,1.1,7.74,1.12,7.81,1.1,6.82,20240612
25,'s-Hertogenbosch,Rosmalen Grass Court Championships,2024-06-13,WTA250,Outdoor,Grass,2nd Round,3,Galfi D.,Kudermetova V.,138.0,34.0,529.0,1623.0,6.0,3.0,3.0,6.0,7.0,5.0,2.0,1.0,Completed,3.0,1.4,3.3,1.38,3.3,1.42,2.97,1.38,20240613
25,'s-Hertogenbosch,Rosmalen Grass Court Championships,2024-06-13,WTA250,Outdoor,Grass,2nd Round,3,Alexandrova E.,Bektas E.,16.0,96.0,2360.0,769.0,7.0,5.0,6.0,4.0,,,2.0,0.0,Completed,1.3,3.5,1.33,3.58,1.38,3.75,1.31,3.42,20240613
25,'s-Hertogenbosch,Rosmalen Grass Court Championships,2024-06-13,WTA250,Outdoor,Grass,2nd Round,3,Krunic A.,Pegula J.,400.0,5.0,154.0,4625.0,7.0,6.0,6.0,7.0,6.0,4.0,2.0,1.0,Completed,7.0,1.1,7.51,1.12,8,1.12,6.8,1.1,20240613
25,'s-Hertogenbosch,Rosmalen Grass Court Championships,2024-06-13,WTA250,Outdoor,Grass,2nd Round,3,Samsonova L.,Naef C.,15.0,161.0,2640.0,468.0,7.0,5.0,6.0,2.0,,,2.0,0.0,Completed,1.25,4.0,1.26,4.26,1.27,4.5,1.24,3.93,20240613
25,'s-Hertogenbosch,Rosmalen Grass Court Championships,2024-06-13,WTA250,Outdoor,Grass,2nd Round,3,Montgomery R.,Niemeier J.,173.0,91.0,437.0,791.0,6.0,3.0,6.0,3.0,,,2.0,0.0,Completed,1.73,2.1,1.8,2.11,1.87,2.11,1.79,2.0,20240613
25,'s-Hertogenbosch,Rosmalen Grass Court Championships,2024-06-14,WTA250,Outdoor,Grass,Quarterfinals,3,Galfi D.,Krunic A.,138.0,400.0,529.0,154.0,7.0,5.0,6.0,3.0,,,2.0,0.0,Completed,1.73,2.1,1.74,2.23,1.8,2.28,1.69,2.14,20240614
25,'s-Hertogenbosch,Rosmalen Grass Court Championships,2024-06-14,WTA250,Outdoor,Grass,Quarterfinals,3,Samsonova L.,Minnen G.,15.0,85.0,2640.0,812.0,6.0,4.0,7.0,5.0,,,2.0,0.0,Completed,1.3,3.5,1.4,3.21,1.41,3.6,1.31,3.38,20240614
25,'s-Hertogenbosch,Rosmalen Grass Court Championships,2024-06-14,WTA250,Outdoor,Grass,Quarterfinals,3,Andreescu B.,Osaka N.,228.0,125.0,323.0,614.0,6.0,4.0,3.0,6.0,7.0,6.0,2.0,1.0,Completed,4.33,1.22,4.18,1.27,4.33,1.28,3.98,1.24,20240614
25,'s-Hertogenbosch,Rosmalen Grass Court Championships,2024-06-15,WTA250,Outdoor,Grass,Quarterfinals,3,Alexandrova E.,Montgomery R.,16.0,173.0,2360.0,437.0,6.0,4.0,6.0,3.0,,,2.0,0.0,Completed,1.53,2.5,1.55,2.65,1.57,2.65,1.52,2.47,20240615
25,'s-Hertogenbosch,Rosmalen Grass Court Championships,2024-06-15,WTA250,Outdoor,Grass,Semifinals,3,Andreescu B.,Galfi D.,228.0,138.0,323.0,529.0,6.0,4.0,6.0,2.0,,,2.0,0.0,Completed,1.4,3.0,1.4,3.21,1.47,3.21,1.38,3.0,20240615
25,'s-Hertogenbosch,Rosmalen Grass Court Championships,2024-06-16,WTA250,Outdoor,Grass,Semifinals,3,Samsonova L.,Alexandrova E.,15.0,16.0,2640.0,2360.0,6.0,3.0,6.0,7.0,6.0,1.0,2.0,1.0,Completed,1.8,2.0,1.95,1.93,1.95,2.1,1.83,1.95,20240616
25,'s-Hertogenbosch,Rosmalen Grass Court Championships,2024-06-16,WTA250,Outdoor,Grass,The Final,3,Samsonova L.,Andreescu B.,15.0,228.0,2640.0,323.0,4.0,6.0,6.0,3.0,7.0,5.0,2.0,1.0,Completed,1.62,2.3,1.67,2.33,1.69,2.33,1.63,2.24,20240616
26,Nottingham,Nottingham Open,2024-06-10,WTA250,Outdoor,Grass,1st Round,3,Saville D.,Burel C.,84.0,42.0,815.0,1288.0,6.0,3.0,6.0,3.0,,,2.0,0.0,Completed,2.2,1.67,2.46,1.57,2.5,1.67,2.31,1.6,20240610
26,Nottingham,Nottingham Open,2024-06-10,WTA250,Outdoor,Grass,1st Round,3,Watson H.,Day K.,158.0,130.0,476.0,589.0,4.0,6.0,6.0,0.0,6.0,4.0,2.0,1.0,Completed,1.44,2.75,1.42,2.99,1.46,3.16,1.41,2.87,20240610
26,Nottingham,Nottingham Open,2024-06-10,WTA250,Outdoor,Grass,1st Round,3,Parry D.,Bucsa C.,64.0,67.0,999.0,984.0,6.0,3.0,6.0,2.0,,,2.0,0.0,Completed,1.73,2.1,1.71,2.19,1.76,2.21,1.7,2.13,20240610
26,Nottingham,Nottingham Open,2024-06-10,WTA250,Outdoor,Grass,1st Round,3,Stefanini L.,Zhu L.,153.0,53.0,487.0,1077.0,7.0,6.0,3.0,6.0,7.0,5.0,2.0,1.0,Completed,2.1,1.73,2.09,1.78,2.2,1.8,2.09,1.72,20240610
26,Nottingham,Nottingham Open,2024-06-10,WTA250,Outdoor,Grass,1st Round,3,Boulter K.,Dart H.,30.0,92.0,1671.0,779.0,6.0,7.0,6.0,4.0,7.0,5.0,2.0,1.0,Completed,1.3,3.5,1.29,3.76,1.35,3.76,1.31,3.35,20240610
26,Nottingham,Nottingham Open,2024-06-10,WTA250,Outdoor,Grass,1st Round,3,Pliskova Ka.,Parks A.,50.0,151.0,1147.0,494.0,6.0,4.0,6.0,4.0,,,2.0,0.0,Completed,1.22,4.33,1.19,5.03,1.22,5.2,1.19,4.59,20240610
26,Nottingham,Nottingham Open,2024-06-10,WTA250,Outdoor,Grass,1st Round,3,Fruhvirtova L.,Miyazaki Y.,139.0,145.0,526.0,505.0,6.0,4.0,7.0,5.0,,,2.0,0.0,Completed,1.53,2.5,1.67,2.26,1.68,2.57,1.58,2.35,20240610
26,Nottingham,Nottingham Open,2024-06-10,WTA250,Outdoor,Grass,1st Round,3,Birrell K.,Appleton E.,148.0,356.0,500.0,178.0,6.0,3.0,7.0,5.0,,,2.0,0.0,Completed,1.5,2.63,1.53,2.59,1.54,2.75,1.48,2.59,20240610
26,Nottingham,Nottingham Open,2024-06-11,WTA250,Outdoor,Grass,1st Round,3,Maria T.,Arango E.,56.0,120.0,1059.0,658.0,4.0,6.0,7.0,6.0,7.0,6.0,2.0,1.0,Completed,1.29,3.75,1.25,4.13,1.3,4.13,1.27,3.65,20240611
26,Nottingham,Nottingham Open,2024-06-11,WTA250,Outdoor,Grass,1st Round,3,Frech M.,Hibino N.,52.0,95.0,1106.0,770.0,6.0,1.0,6.0,4.0,,,2.0,0.0,Completed,1.36,3.2,1.35,3.32,1.38,3.32,1.35,3.13,20240611
26,Nottingham,Nottingham Open,2024-06-11,WTA250,Outdoor,Grass,1st Round,3,Snigur D.,Kostyuk M.,127.0,17.0,608.0,2240.0,6.0,3.0,6.0,3.0,,,2.0,0.0,Completed,3.5,1.3,3.25,1.36,3.55,1.38,3.28,1.33,20240611
26,Nottingham,Nottingham Open,2024-06-11,WTA250,Outdoor,Grass,1st Round,3,Marino R.,Golubic V.,157.0,73.0,478.0,952.0,6.0,1.0,6.0,4.0,,,2.0,0.0,Completed,1.8,2.0,1.84,2.0,1.91,2.02,1.81,1.97,20240611
26,Nottingham,Nottingham Open,2024-06-11,WTA250,Outdoor,Grass,1st Round,3,Krueger A.,Wang Y.,70.0,72.0,974.0,962.0,6.0,3.0,6.0,3.0,,,2.0,0.0,Completed,1.5,2.63,1.47,2.79,1.52,2.81,1.47,2.64,20240611
26,Nottingham,Nottingham Open,2024-06-11,WTA250,Outdoor,Grass,1st Round,3,Raducanu E.,Shibahara E.,209.0,274.0,353.0,258.0,6.0,1.0,6.0,4.0,,,2.0,0.0,Completed,1.29,3.75,1.25,4.1,1.3,4.17,1.25,3.8,20240611
26,Nottingham,Nottingham Open,2024-06-11,WTA250,Outdoor,Grass,1st Round,3,Jabeur O.,Osorio M.,10.0,81.0,3748.0,875.0,6.0,2.0,6.0,3.0,,,2.0,0.0,Completed,1.22,4.33,1.24,4.3,1.26,4.4,1.22,4.14,20240611
26,Nottingham,Nottingham Open,2024-06-11,WTA250,Outdoor,Grass,1st Round,3,Jones F.,Dolehide C.,249.0,58.0,291.0,1049.0,7.0,6.0,6.0,3.0,,,2.0,0.0,Completed,2.3,1.62,2.5,1.56,2.5,1.63,2.32,1.58,20240611
26,Nottingham,Nottingham Open,2024-06-12,WTA250,Outdoor,Grass,2nd Round,3,Birrell K.,Stefanini L.,148.0,153.0,500.0,487.0,6.0,4.0,6.0,7.0,6.0,0.0,2.0,1.0,Completed,1.57,2.38,1.56,2.52,1.62,2.67,1.55,2.41,20240612
26,Nottingham,Nottingham Open,2024-06-12,WTA250,Outdoor,Grass,2nd Round,3,Parry D.,Saville D.,64.0,84.0,999.0,815.0,6.0,4.0,6.0,1.0,,,2.0,0.0,Completed,1.62,2.3,1.65,2.31,1.67,2.45,1.62,2.26,20240612
26,Nottingham,Nottingham Open,2024-06-12,WTA250,Outdoor,Grass,2nd Round,3,Boulter K.,Marino R.,30.0,157.0,1671.0,478.0,6.0,4.0,6.0,3.0,,,2.0,0.0,Completed,1.3,3.5,1.27,4.0,1.32,4.0,1.29,3.58,20240612
26,Nottingham,Nottingham Open,2024-06-12,WTA250,Outdoor,Grass,2nd Round,3,Pliskova Ka.,Watson H.,50.0,158.0,1147.0,476.0,6.0,4.0,6.0,4.0,,,2.0,0.0,Completed,1.44,2.75,1.43,2.93,1.46,2.99,1.42,2.8,20240612
26,Nottingham,Nottingham Open,2024-06-13,WTA250,Outdoor,Grass,2nd Round,3,Frech M.,Maria T.,52.0,56.0,1106.0,1059.0,3.0,6.0,6.0,3.0,6.0,1.0,2.0,1.0,Completed,1.73,2.1,1.76,2.17,1.83,2.17,1.74,2.07,20240613
26,Nottingham,Nottingham Open,2024-06-13,WTA250,Outdoor,Grass,2nd Round,3,Raducanu E.,Snigur D.,209.0,127.0,353.0,608.0,6.0,2.0,6.0,2.0,,,2.0,0.0,Completed,1.3,3.5,1.37,3.32,1.37,3.5,1.32,3.32,20240613
26,Nottingham,Nottingham Open,2024-06-14,WTA250,Outdoor,Grass,2nd Round,3,Jones F.,Krueger A.,249.0,70.0,291.0,974.0,6.0,4.0,4.0,6.0,7.0,5.0,2.0,1.0,Completed,3.2,1.36,3.25,1.38,3.55,1.38,3.13,1.35,20240614
26,Nottingham,Nottingham Open,2024-06-14,WTA250,Outdoor,Grass,2nd Round,3,Jabeur O.,Fruhvirtova L.,10.0,139.0,3748.0,526.0,6.0,2.0,6.0,1.0,,,2.0,0.0,Completed,1.08,8.0,1.12,7.64,1.12,8.0,1.1,6.86,20240614
26,Nottingham,Nottingham Open,2024-06-14,WTA250,Outdoor,Grass,Quarterfinals,3,Boulter K.,Frech M.,30.0,52.0,1671.0,1106.0,6.0,2.0,6.0,4.0,,,2.0,0.0,Completed,1.5,2.63,1.48,2.85,1.52,2.85,1.48,2.62,20240614
26,Nottingham,Nottingham Open,2024-06-15,WTA250,Outdoor,Grass,Quarterfinals,3,Raducanu E.,Jones F.,209.0,249.0,353.0,291.0,,,,,,,,,Walkover,1.2,4.5,1.19,5.53,1.22,5.53,1.18,4.81,20240615
26,Nottingham,Nottingham Open,2024-06-15,WTA250,Outdoor,Grass,Quarterfinals,3,Pliskova Ka.,Jabeur O.,50.0,10.0,1147.0,3748.0,7.0,6.0,6.0,7.0,7.0,5.0,2.0,1.0,Completed,3.2,1.36,3.32,1.38,3.5,1.4,3.12,1.35,20240615
26,Nottingham,Nottingham Open,2024-06-15,WTA250,Outdoor,Grass,Quarterfinals,3,Parry D.,Birrell K.,64.0,148.0,999.0,500.0,6.0,3.0,7.0,6.0,,,2.0,0.0,Completed,1.44,2.75,1.52,2.69,1.52,2.75,1.47,2.64,20240615
26,Nottingham,Nottingham Open,2024-06-16,WTA250,Outdoor,Grass,Semifinals,3,Pliskova Ka.,Parry D.,50.0,64.0,1147.0,999.0,6.0,7.0,6.0,1.0,6.0,4.0,2.0,1.0,Completed,1.44,2.75,1.53,2.68,1.54,2.78,1.48,2.63,20240616
26,Nottingham,Nottingham Open,2024-06-16,WTA250,Outdoor,Grass,Semifinals,3,Boulter K.,Raducanu E.,30.0,209.0,1671.0,353.0,6.0,7.0,6.0,3.0,6.0,4.0,2.0,1.0,Completed,2.1,1.73,2.26,1.7,2.27,1.73,2.14,1.7,20240616
26,Nottingham,Nottingham Open,2024-06-16,WTA250,Outdoor,Grass,The Final,3,Boulter K.,Pliskova Ka.,30.0,50.0,1671.0,1147.0,4.0,6.0,6.0,3.0,6.0,2.0,2.0,1.0,Completed,1.91,1.91,2.11,1.8,2.11,1.91,1.94,1.84,20240616
27,Berlin,German Open,2024-06-17,WTA500,Outdoor,Grass,1st Round,3,Sonmez Z.,Rus A.,157.0,58.0,475.0,1054.0,3.0,6.0,6.0,2.0,6.0,1.0,2.0,1.0,Completed,1.91,1.91,1.92,1.95,1.92,2.03,1.86,1.91,20240617
27,Berlin,German Open,2024-06-17,WTA500,Outdoor,Grass,1st Round,3,Kasatkina D.,Kostyuk M.,14.0,16.0,3088.0,2240.0,4.0,6.0,7.0,6.0,6.0,3.0,2.0,1.0,Completed,1.8,2.0,1.78,2.12,1.86,2.12,1.77,2.01,20240617
27,Berlin,German Open,2024-06-17,WTA500,Outdoor,Grass,1st Round,3,Kalinskaya A.,Hibino N.,24.0,93.0,1986.0,770.0,2.0,6.0,6.0,4.0,6.0,2.0,2.0,1.0,Completed,1.22,4.33,1.25,4.29,1.29,4.34,1.24,4.03,20240617
27,Berlin,German Open,2024-06-17,WTA500,Outdoor,Grass,1st Round,3,Vondrousova M.,Masarova R.,6.0,100.0,4503.0,717.0,6.0,4.0,6.0,3.0,,,2.0,0.0,Completed,1.2,4.5,1.23,4.58,1.3,4.66,1.21,4.33,20240617
27,Berlin,German Open,2024-06-17,WTA500,Outdoor,Grass,1st Round,3,Siniakova K.,Navarro E.,30.0,17.0,1645.0,2238.0,6.0,4.0,6.0,3.0,,,2.0,0.0,Completed,1.8,2.0,1.85,2.02,1.88,2.05,1.81,1.98,20240617
27,Berlin,German Open,2024-06-18,WTA500,Outdoor,Grass,1st Round,3,Vekic D.,Niemeier J.,39.0,88.0,1418.0,809.0,1.0,6.0,6.0,1.0,6.0,3.0,2.0,1.0,Completed,1.53,2.5,1.52,2.67,1.54,2.75,1.49,2.58,20240618
27,Berlin,German Open,2024-06-18,WTA500,Outdoor,Grass,1st Round,3,Zheng Q.,Osaka N.,8.0,113.0,4005.0,668.0,6.0,4.0,3.0,6.0,6.0,3.0,2.0,1.0,Completed,2.75,1.44,2.82,1.47,3,1.52,2.73,1.44,20240618
27,Berlin,German Open,2024-06-18,WTA500,Outdoor,Grass,1st Round,3,Alexandrova E.,Haddad Maia B.,20.0,18.0,2178.0,2213.0,6.0,4.0,6.0,4.0,,,2.0,0.0,Completed,1.8,2.0,1.83,2.05,1.88,2.1,1.77,2.01,20240618
27,Berlin,German Open,2024-06-18,WTA500,Outdoor,Grass,1st Round,3,Noskova L.,Kerber A.,28.0,224.0,1710.0,332.0,7.0,6.0,2.0,6.0,6.0,4.0,2.0,1.0,Completed,2.1,1.73,2.14,1.76,2.25,1.8,2.08,1.72,20240618
27,Berlin,German Open,2024-06-18,WTA500,Outdoor,Grass,1st Round,3,Kudermetova V.,Samsonova L.,35.0,15.0,1503.0,2830.0,3.0,6.0,6.0,4.0,6.0,4.0,2.0,1.0,Completed,2.3,1.62,2.42,1.61,2.42,1.68,2.26,1.62,20240618
27,Berlin,German Open,2024-06-18,WTA500,Outdoor,Grass,1st Round,3,Azarenka V.,Sakkari M.,19.0,9.0,2205.0,3980.0,6.0,4.0,6.0,2.0,,,2.0,0.0,Completed,1.73,2.1,1.72,2.21,1.78,2.21,1.72,2.08,20240618
27,Berlin,German Open,2024-06-19,WTA500,Outdoor,Grass,1st Round,3,Jabeur O.,Wang Xin.,10.0,40.0,3748.0,1411.0,6.0,4.0,7.0,6.0,,,2.0,0.0,Completed,1.36,3.2,1.41,3.08,1.41,3.2,1.37,3.01,20240619
27,Berlin,German Open,2024-06-19,WTA500,Outdoor,Grass,2nd Round,3,Azarenka V.,Sonmez Z.,19.0,157.0,2205.0,475.0,6.0,3.0,6.0,3.0,,,2.0,0.0,Completed,1.08,8.0,1.1,8.8,1.1,8.98,1.08,7.8,20240619
27,Berlin,German Open,2024-06-20,WTA500,Outdoor,Grass,2nd Round,3,Kalinskaya A.,Vondrousova M.,24.0,6.0,1986.0,4503.0,5.0,5.0,,,,,0.0,0.0,Retired,2.75,1.44,2.68,1.52,2.78,1.61,2.63,1.49,20240620
27,Berlin,German Open,2024-06-20,WTA500,Outdoor,Grass,2nd Round,3,Rybakina E.,Kudermetova V.,4.0,35.0,5973.0,1503.0,6.0,4.0,7.0,5.0,,,2.0,0.0,Completed,1.29,3.75,1.28,4.0,1.29,4.0,1.28,3.64,20240620
27,Berlin,German Open,2024-06-20,WTA500,Outdoor,Grass,2nd Round,3,Siniakova K.,Zheng Q.,30.0,8.0,1645.0,4005.0,6.0,4.0,6.0,4.0,,,2.0,0.0,Completed,1.91,1.91,2.02,1.87,2.02,1.91,1.92,1.87,20240620
27,Berlin,German Open,2024-06-20,WTA500,Outdoor,Grass,2nd Round,3,Gauff C.,Alexandrova E.,2.0,20.0,7988.0,2178.0,7.0,6.0,6.0,2.0,,,2.0,0.0,Completed,1.53,2.5,1.51,2.72,1.59,2.75,1.5,2.54,20240620
27,Berlin,German Open,2024-06-20,WTA500,Outdoor,Grass,2nd Round,3,Pegula J.,Vekic D.,5.0,39.0,4625.0,1418.0,6.0,4.0,7.0,5.0,,,2.0,0.0,Completed,1.67,2.2,1.59,2.49,1.68,2.49,1.63,2.24,20240620
27,Berlin,German Open,2024-06-20,WTA500,Outdoor,Grass,2nd Round,3,Jabeur O.,Noskova L.,10.0,28.0,3748.0,1710.0,6.0,7.0,6.0,3.0,6.0,4.0,2.0,1.0,Completed,1.36,3.2,1.43,3.01,1.45,3.2,1.4,2.91,20240620
27,Berlin,German Open,2024-06-20,WTA500,Outdoor,Grass,2nd Round,3,Sabalenka A.,Kasatkina D.,3.0,14.0,7788.0,3088.0,6.0,1.0,6.0,4.0,,,2.0,0.0,Completed,1.17,5.0,1.17,5.81,1.19,6.0,1.16,5.17,20240620
27,Berlin,German Open,2024-06-21,WTA500,Outdoor,Grass,Quarterfinals,3,Azarenka V.,Rybakina E.,19.0,4.0,2205.0,5973.0,3.0,1.0,,,,,0.0,0.0,Retired,3.0,1.4,2.97,1.45,3.13,1.45,2.91,1.4,20240621
27,Berlin,German Open,2024-06-22,WTA500,Outdoor,Grass,Quarterfinals,3,Kalinskaya A.,Sabalenka A.,24.0,3.0,1986.0,7788.0,5.0,1.0,,,,,0.0,0.0,Retired,6.0,1.13,6.4,1.15,6.4,1.15,5.71,1.13,20240622
27,Berlin,German Open,2024-06-22,WTA500,Outdoor,Grass,Quarterfinals,3,Gauff C.,Jabeur O.,2.0,10.0,7988.0,3748.0,7.0,6.0,,,,,1.0,0.0,Retired,1.53,2.5,1.57,2.58,1.59,2.58,1.54,2.46,20240622
27,Berlin,German Open,2024-06-22,WTA500,Outdoor,Grass,Quarterfinals,3,Pegula J.,Siniakova K.,5.0,30.0,4625.0,1645.0,7.0,6.0,3.0,6.0,6.0,3.0,2.0,1.0,Completed,1.8,2.0,1.88,2.04,1.88,2.12,1.78,2.03,20240622
27,Berlin,German Open,2024-06-22,WTA500,Outdoor,Grass,Semifinals,3,Kalinskaya A.,Azarenka V.,24.0,19.0,1986.0,2205.0,6.0,1.0,6.0,7.0,6.0,1.0,2.0,1.0,Completed,2.38,1.57,2.57,1.56,2.57,1.63,2.4,1.56,20240622
27,Berlin,German Open,2024-06-23,WTA500,Outdoor,Grass,Semifinals,3,Pegula J.,Gauff C.,5.0,2.0,4625.0,7988.0,7.0,5.0,7.0,6.0,,,2.0,0.0,Completed,3.0,1.4,3.04,1.43,3.04,1.44,2.9,1.4,20240623
27,Berlin,German Open,2024-06-23,WTA500,Outdoor,Grass,The Final,3,Pegula J.,Kalinskaya A.,5.0,24.0,4625.0,1986.0,6.0,7.0,6.0,4.0,7.0,6.0,2.0,1.0,Completed,1.44,2.75,1.62,2.43,1.62,3.01,1.46,2.67,20240623
28,Birmingham,Rothesay Classic ,2024-06-17,WTA250,Outdoor,Grass,1st Round,3,Bronzetti L.,Frech M.,67.0,52.0,983.0,1100.0,2.0,6.0,6.0,3.0,6.0,4.0,2.0,1.0,Completed,3.2,1.36,3.12,1.4,3.26,1.42,3.06,1.37,20240617
28,Birmingham,Rothesay Classic ,2024-06-17,WTA250,Outdoor,Grass,1st Round,3,Stephens S.,Yuan Y.,48.0,38.0,1217.0,1422.0,6.0,3.0,6.0,3.0,,,2.0,0.0,Completed,1.91,1.91,1.86,2.01,1.92,2.01,1.84,1.92,20240617
28,Birmingham,Rothesay Classic ,2024-06-17,WTA250,Outdoor,Grass,1st Round,3,Cocciaretto E.,Ostapenko J.,44.0,13.0,1259.0,3318.0,6.0,3.0,6.0,3.0,,,2.0,0.0,Completed,3.5,1.3,3.76,1.3,3.94,1.33,3.54,1.29,20240617
28,Birmingham,Rothesay Classic ,2024-06-17,WTA250,Outdoor,Grass,1st Round,3,Potapova A.,Avanesyan E.,36.0,74.0,1427.0,926.0,6.0,4.0,6.0,4.0,,,2.0,0.0,Completed,1.5,2.63,1.47,2.83,1.5,2.83,1.47,2.65,20240617
28,Birmingham,Rothesay Classic ,2024-06-17,WTA250,Outdoor,Grass,1st Round,3,Zhu L.,Cirstea S.,54.0,29.0,1077.0,1704.0,7.0,6.0,6.0,2.0,,,2.0,0.0,Completed,2.75,1.44,2.87,1.46,2.87,1.46,2.75,1.43,20240617
28,Birmingham,Rothesay Classic ,2024-06-17,WTA250,Outdoor,Grass,1st Round,3,Tomljanovic A.,Blinkova A.,190.0,60.0,393.0,1036.0,6.0,2.0,6.0,1.0,,,2.0,0.0,Completed,1.62,2.3,1.7,2.24,1.78,2.32,1.65,2.2,20240617
28,Birmingham,Rothesay Classic ,2024-06-17,WTA250,Outdoor,Grass,1st Round,3,Golubic V.,Osorio M.,78.0,81.0,893.0,875.0,6.0,4.0,1.0,6.0,6.0,3.0,2.0,1.0,Completed,2.1,1.73,2.09,1.8,2.12,1.8,2.05,1.75,20240617
28,Birmingham,Rothesay Classic ,2024-06-17,WTA250,Outdoor,Grass,1st Round,3,Fernandez L.A.,Sorribes Tormo S.,33.0,57.0,1625.0,1055.0,6.0,1.0,6.0,1.0,,,2.0,0.0,Completed,1.44,2.75,1.38,3.21,1.46,3.21,1.4,2.88,20240617
28,Birmingham,Rothesay Classic ,2024-06-18,WTA250,Outdoor,Grass,1st Round,3,Mertens E.,Wozniacki C.,32.0,114.0,1629.0,665.0,6.0,4.0,6.0,1.0,,,2.0,0.0,Completed,1.73,2.1,1.74,2.19,1.74,2.24,1.7,2.12,20240618
28,Birmingham,Rothesay Classic ,2024-06-18,WTA250,Outdoor,Grass,1st Round,3,Krejcikova B.,Saville D.,25.0,85.0,1768.0,830.0,6.0,1.0,7.0,6.0,,,2.0,0.0,Completed,1.57,2.38,1.68,2.28,1.68,2.4,1.62,2.25,20240618
28,Birmingham,Rothesay Classic ,2024-06-18,WTA250,Outdoor,Grass,1st Round,3,Bouzkova M.,Watson H.,37.0,198.0,1425.0,378.0,3.0,6.0,6.0,4.0,7.0,5.0,2.0,1.0,Completed,1.44,2.75,1.46,2.86,1.5,2.95,1.43,2.74,20240618
28,Birmingham,Rothesay Classic ,2024-06-18,WTA250,Outdoor,Grass,1st Round,3,Dart H.,Uchijima M.,101.0,72.0,716.0,935.0,6.0,3.0,6.0,3.0,,,2.0,0.0,Completed,1.62,2.3,1.57,2.51,1.71,2.52,1.59,2.32,20240618
28,Birmingham,Rothesay Classic ,2024-06-18,WTA250,Outdoor,Grass,1st Round,3,Shnaider D.,Rajecki A.,49.0,884.0,1176.0,26.0,7.0,5.0,6.0,3.0,,,2.0,0.0,Completed,1.29,3.75,1.33,3.53,1.33,3.75,1.3,3.48,20240618
28,Birmingham,Rothesay Classic ,2024-06-18,WTA250,Outdoor,Grass,1st Round,3,Dolehide C.,Pliskova Ka.,61.0,42.0,1035.0,1309.0,2.0,6.0,6.0,3.0,7.0,6.0,2.0,1.0,Completed,4.33,1.22,4.65,1.22,4.81,1.25,4.24,1.21,20240618
28,Birmingham,Rothesay Classic ,2024-06-18,WTA250,Outdoor,Grass,1st Round,3,Putintseva Y.,Burel C.,41.0,43.0,1333.0,1288.0,6.0,3.0,6.0,4.0,,,2.0,0.0,Completed,1.62,2.3,1.59,2.47,1.63,2.52,1.56,2.38,20240618
28,Birmingham,Rothesay Classic ,2024-06-18,WTA250,Outdoor,Grass,1st Round,3,Kalinina A.,Boulter K.,47.0,31.0,1221.0,1641.0,6.0,3.0,,,,,1.0,0.0,Retired,3.0,1.4,2.97,1.43,3,1.49,2.83,1.42,20240618
28,Birmingham,Rothesay Classic ,2024-06-19,WTA250,Outdoor,Grass,2nd Round,3,Tomljanovic A.,Zhu L.,190.0,54.0,393.0,1077.0,6.0,7.0,6.0,1.0,6.0,4.0,2.0,1.0,Completed,1.5,2.63,1.51,2.75,1.55,2.77,1.48,2.62,20240619
28,Birmingham,Rothesay Classic ,2024-06-19,WTA250,Outdoor,Grass,2nd Round,3,Cocciaretto E.,Stephens S.,44.0,48.0,1259.0,1217.0,6.0,4.0,6.0,2.0,,,2.0,0.0,Completed,1.91,1.91,2.02,1.87,2.02,2.0,1.9,1.87,20240619
28,Birmingham,Rothesay Classic ,2024-06-19,WTA250,Outdoor,Grass,2nd Round,3,Fernandez L.A.,Golubic V.,33.0,78.0,1625.0,893.0,4.0,6.0,7.0,5.0,6.0,3.0,2.0,1.0,Completed,1.36,3.2,1.35,3.46,1.37,3.46,1.34,3.2,20240619
28,Birmingham,Rothesay Classic ,2024-06-19,WTA250,Outdoor,Grass,2nd Round,3,Potapova A.,Bronzetti L.,36.0,67.0,1427.0,983.0,6.0,3.0,7.0,5.0,,,2.0,0.0,Completed,1.29,3.75,1.34,3.55,1.34,3.75,1.3,3.43,20240619
28,Birmingham,Rothesay Classic ,2024-06-20,WTA250,Outdoor,Grass,2nd Round,3,Putintseva Y.,Kalinina A.,41.0,47.0,1333.0,1221.0,6.0,3.0,6.0,0.0,,,2.0,0.0,Completed,1.73,2.1,1.69,2.29,1.74,2.31,1.67,2.18,20240620
28,Birmingham,Rothesay Classic ,2024-06-20,WTA250,Outdoor,Grass,2nd Round,3,Shnaider D.,Bouzkova M.,49.0,37.0,1176.0,1425.0,7.0,6.0,6.0,3.0,,,2.0,0.0,Completed,2.38,1.57,2.57,1.56,2.57,1.57,2.48,1.52,20240620
28,Birmingham,Rothesay Classic ,2024-06-20,WTA250,Outdoor,Grass,2nd Round,3,Krejcikova B.,Dart H.,25.0,101.0,1768.0,716.0,6.0,3.0,6.0,4.0,,,2.0,0.0,Completed,1.62,2.3,1.63,2.41,1.67,2.41,1.62,2.26,20240620
28,Birmingham,Rothesay Classic ,2024-06-20,WTA250,Outdoor,Grass,2nd Round,3,Dolehide C.,Mertens E.,61.0,32.0,1035.0,1629.0,6.0,3.0,3.0,0.0,,,1.0,0.0,Retired,3.75,1.29,3.94,1.29,4,1.32,3.67,1.27,20240620
28,Birmingham,Rothesay Classic ,2024-06-21,WTA250,Outdoor,Grass,Quarterfinals,3,Cocciaretto E.,Shnaider D.,44.0,49.0,1259.0,1176.0,5.0,7.0,6.0,4.0,6.0,2.0,2.0,1.0,Completed,1.62,2.3,1.63,2.43,1.64,2.43,1.59,2.32,20240621
28,Birmingham,Rothesay Classic ,2024-06-21,WTA250,Outdoor,Grass,Quarterfinals,3,Potapova A.,Krejcikova B.,36.0,25.0,1427.0,1768.0,6.0,1.0,6.0,4.0,,,2.0,0.0,Completed,1.73,2.1,1.9,2.01,1.9,2.12,1.8,2.0,20240621
28,Birmingham,Rothesay Classic ,2024-06-21,WTA250,Outdoor,Grass,Quarterfinals,3,Putintseva Y.,Dolehide C.,41.0,61.0,1333.0,1035.0,6.0,3.0,6.0,7.0,6.0,1.0,2.0,1.0,Completed,1.33,3.4,1.37,3.42,1.37,3.5,1.33,3.31,20240621
28,Birmingham,Rothesay Classic ,2024-06-21,WTA250,Outdoor,Grass,Quarterfinals,3,Tomljanovic A.,Fernandez L.A.,190.0,33.0,393.0,1625.0,1.0,6.0,6.0,3.0,6.0,2.0,2.0,1.0,Completed,2.3,1.62,2.45,1.62,2.68,1.63,2.38,1.57,20240621
28,Birmingham,Rothesay Classic ,2024-06-22,WTA250,Outdoor,Grass,Semifinals,3,Putintseva Y.,Cocciaretto E.,41.0,44.0,1333.0,1259.0,6.0,2.0,6.0,2.0,,,2.0,0.0,Completed,1.8,2.0,1.77,2.18,1.82,2.18,1.76,2.05,20240622
28,Birmingham,Rothesay Classic ,2024-06-22,WTA250,Outdoor,Grass,Semifinals,3,Tomljanovic A.,Potapova A.,190.0,36.0,393.0,1427.0,7.0,6.0,6.0,4.0,,,2.0,0.0,Completed,2.63,1.5,2.68,1.54,2.68,1.54,2.57,1.5,20240622
28,Birmingham,Rothesay Classic ,2024-06-23,WTA250,Outdoor,Grass,The Final,3,Putintseva Y.,Tomljanovic A.,41.0,190.0,1333.0,393.0,6.0,1.0,7.0,6.0,,,2.0,0.0,Completed,1.57,2.38,1.59,2.53,1.62,2.53,1.56,2.39,20240623
29,Bad Homburg,Bad Homburg Open,2024-06-23,WTA250,Outdoor,Grass,1st Round,3,Alexandrova E.,Podoroska N.,22.0,65.0,2053.0,983.0,6.0,3.0,6.0,0.0,,,2.0,0.0,Completed,1.17,5.0,1.19,5.28,1.19,5.28,1.17,4.91,20240623
29,Bad Homburg,Bad Homburg Open,2024-06-23,WTA250,Outdoor,Grass,1st Round,3,Yastremska D.,Andreeva M.,28.0,24.0,1710.0,2017.0,4.0,6.0,6.0,4.0,6.0,3.0,2.0,1.0,Completed,3.75,1.29,3.69,1.31,3.81,1.31,3.57,1.28,20240623
29,Bad Homburg,Bad Homburg Open,2024-06-23,WTA250,Outdoor,Grass,1st Round,3,Badosa P.,Rus A.,113.0,55.0,662.0,1054.0,6.0,4.0,6.0,1.0,,,2.0,0.0,Completed,1.3,3.5,1.28,3.92,1.33,3.92,1.28,3.62,20240623
29,Bad Homburg,Bad Homburg Open,2024-06-23,WTA250,Outdoor,Grass,1st Round,3,Tomova V.,Maria T.,58.0,61.0,1035.0,994.0,6.0,1.0,6.0,3.0,,,2.0,0.0,Completed,2.1,1.73,2.06,1.83,2.12,1.83,2.05,1.75,20240623
29,Bad Homburg,Bad Homburg Open,2024-06-23,WTA250,Outdoor,Grass,1st Round,3,Vekic D.,Bronzetti L.,49.0,64.0,1173.0,983.0,6.0,3.0,6.0,4.0,,,2.0,0.0,Completed,1.53,2.5,1.56,2.54,1.56,3.33,1.45,2.73,20240623
29,Bad Homburg,Bad Homburg Open,2024-06-23,WTA250,Outdoor,Grass,1st Round,3,Navarro E.,Cristian J.,19.0,62.0,2238.0,986.0,6.0,3.0,6.0,1.0,,,2.0,0.0,Completed,1.22,4.33,1.23,4.55,1.25,4.98,1.21,4.27,20240623
29,Bad Homburg,Bad Homburg Open,2024-06-24,WTA250,Outdoor,Grass,1st Round,3,Niemeier J.,Sakkari M.,96.0,9.0,741.0,3805.0,2.0,6.0,6.0,2.0,7.0,6.0,2.0,1.0,Completed,3.75,1.29,,,3.75,1.29,3.75,1.29,20240624
29,Bad Homburg,Bad Homburg Open,2024-06-24,WTA250,Outdoor,Grass,1st Round,3,Samsonova L.,Sorribes Tormo S.,15.0,54.0,2830.0,1055.0,6.0,3.0,6.0,1.0,,,2.0,0.0,Completed,1.14,5.5,1.17,5.62,1.22,5.62,1.16,5.03,20240624
29,Bad Homburg,Bad Homburg Open,2024-06-24,WTA250,Outdoor,Grass,1st Round,3,Noskova L.,Townsend T.,26.0,79.0,1745.0,864.0,7.0,5.0,6.0,1.0,,,2.0,0.0,Completed,1.33,3.4,1.35,3.42,1.36,3.5,1.32,3.28,20240624
29,Bad Homburg,Bad Homburg Open,2024-06-24,WTA250,Outdoor,Grass,1st Round,3,Siniakova K.,Burel C.,27.0,43.0,1718.0,1288.0,6.0,3.0,6.0,7.0,6.0,1.0,2.0,1.0,Completed,1.25,4.0,1.28,3.94,1.3,4.04,1.26,3.77,20240624
29,Bad Homburg,Bad Homburg Open,2024-06-24,WTA250,Outdoor,Grass,1st Round,3,Haddad Maia B.,Korpatsch T.,20.0,75.0,2213.0,895.0,6.0,1.0,7.0,6.0,,,2.0,0.0,Completed,1.1,7.0,1.12,7.42,1.12,8.48,1.1,6.79,20240624
29,Bad Homburg,Bad Homburg Open,2024-06-24,WTA250,Outdoor,Grass,1st Round,3,Blinkova A.,Andreescu B.,66.0,165.0,982.0,455.0,6.0,4.0,6.0,2.0,,,2.0,0.0,Completed,3.5,1.3,3.86,1.29,4,1.3,3.68,1.27,20240624
29,Bad Homburg,Bad Homburg Open,2024-06-24,WTA250,Outdoor,Grass,1st Round,3,Shnaider D.,Kerber A.,47.0,221.0,1210.0,333.0,7.0,5.0,6.0,3.0,,,2.0,0.0,Completed,2.63,1.5,2.53,1.57,2.63,1.57,2.47,1.52,20240624
29,Bad Homburg,Bad Homburg Open,2024-06-25,WTA250,Outdoor,Grass,1st Round,3,Stearns P.,Stusek J.,59.0,913.0,1023.0,24.0,6.0,2.0,7.0,5.0,,,2.0,0.0,Completed,,,,,,,,,20240625
29,Bad Homburg,Bad Homburg Open,2024-06-25,WTA250,Outdoor,Grass,1st Round,3,Kudermetova V.,Parry D.,36.0,53.0,1488.0,1077.0,3.0,6.0,7.0,5.0,6.0,1.0,2.0,1.0,Completed,1.5,2.63,1.52,2.68,1.56,2.75,1.49,2.57,20240625
29,Bad Homburg,Bad Homburg Open,2024-06-25,WTA250,Outdoor,Grass,1st Round,3,Wozniacki C.,Svitolina E.,112.0,21.0,666.0,2099.0,6.0,3.0,6.0,7.0,7.0,5.0,2.0,1.0,Completed,2.63,1.5,2.75,1.49,2.75,1.53,2.57,1.5,20240625
29,Bad Homburg,Bad Homburg Open,2024-06-25,WTA250,Outdoor,Grass,2nd Round,3,Tomova V.,Noskova L.,58.0,26.0,1035.0,1745.0,6.0,4.0,6.0,2.0,,,2.0,0.0,Completed,2.75,1.44,2.69,1.52,2.78,1.53,2.63,1.47,20240625
29,Bad Homburg,Bad Homburg Open,2024-06-25,WTA250,Outdoor,Grass,2nd Round,3,Vekic D.,Alexandrova E.,49.0,22.0,1173.0,2053.0,6.0,4.0,3.0,6.0,6.0,3.0,2.0,1.0,Completed,2.2,1.67,2.25,1.71,2.25,1.71,2.18,1.66,20240625
29,Bad Homburg,Bad Homburg Open,2024-06-25,WTA250,Outdoor,Grass,2nd Round,3,Badosa P.,Niemeier J.,113.0,96.0,662.0,741.0,4.0,6.0,6.0,2.0,6.0,1.0,2.0,1.0,Completed,1.53,2.5,1.53,2.65,1.54,2.65,1.52,2.48,20240625
29,Bad Homburg,Bad Homburg Open,2024-06-26,WTA250,Outdoor,Grass,2nd Round,3,Shnaider D.,Yastremska D.,47.0,28.0,1210.0,1710.0,6.0,2.0,6.0,2.0,,,2.0,0.0,Completed,1.8,2.0,1.81,2.11,1.81,2.11,1.78,2.01,20240626
29,Bad Homburg,Bad Homburg Open,2024-06-26,WTA250,Outdoor,Grass,2nd Round,3,Siniakova K.,Samsonova L.,27.0,15.0,1718.0,2830.0,6.0,3.0,6.0,7.0,6.0,3.0,2.0,1.0,Completed,2.0,1.8,2.13,1.79,2.2,1.86,2.05,1.77,20240626
29,Bad Homburg,Bad Homburg Open,2024-06-26,WTA250,Outdoor,Grass,2nd Round,3,Navarro E.,Stearns P.,19.0,59.0,2238.0,1023.0,6.0,4.0,6.0,1.0,,,2.0,0.0,Completed,1.3,3.5,1.35,3.44,1.35,3.6,1.3,3.43,20240626
29,Bad Homburg,Bad Homburg Open,2024-06-26,WTA250,Outdoor,Grass,2nd Round,3,Wozniacki C.,Kudermetova V.,112.0,36.0,666.0,1488.0,6.0,2.0,6.0,4.0,,,2.0,0.0,Completed,2.1,1.73,2.71,1.52,2.71,1.74,2.21,1.65,20240626
29,Bad Homburg,Bad Homburg Open,2024-06-27,WTA250,Outdoor,Grass,2nd Round,3,Blinkova A.,Haddad Maia B.,66.0,20.0,982.0,2213.0,6.0,3.0,7.0,5.0,,,2.0,0.0,Completed,2.75,1.44,2.93,1.45,3,1.47,2.78,1.43,20240627
29,Bad Homburg,Bad Homburg Open,2024-06-27,WTA250,Outdoor,Grass,Quarterfinals,3,Shnaider D.,Badosa P.,47.0,113.0,1210.0,662.0,6.0,3.0,7.0,6.0,,,2.0,0.0,Completed,2.63,1.5,2.85,1.49,2.87,1.54,2.63,1.48,20240627
29,Bad Homburg,Bad Homburg Open,2024-06-27,WTA250,Outdoor,Grass,Quarterfinals,3,Vekic D.,Siniakova K.,49.0,27.0,1173.0,1718.0,,,,,,,,,Walkover,2.2,1.67,2.2,1.75,2.32,1.75,2.17,1.65,20240627
29,Bad Homburg,Bad Homburg Open,2024-06-27,WTA250,Outdoor,Grass,Quarterfinals,3,Navarro E.,Wozniacki C.,19.0,112.0,2238.0,666.0,4.0,6.0,6.0,1.0,1.0,0.0,1.0,1.0,Retired,1.53,2.5,1.56,2.61,1.61,2.61,1.53,2.47,20240627
29,Bad Homburg,Bad Homburg Open,2024-06-27,WTA250,Outdoor,Grass,Quarterfinals,3,Tomova V.,Blinkova A.,58.0,66.0,1035.0,982.0,2.0,6.0,6.0,1.0,7.0,6.0,2.0,1.0,Completed,1.8,2.0,1.93,1.96,1.93,2.1,1.79,2.0,20240627
29,Bad Homburg,Bad Homburg Open,2024-06-28,WTA250,Outdoor,Grass,Semifinals,3,Shnaider D.,Navarro E.,47.0,19.0,1210.0,2238.0,7.0,5.0,2.0,6.0,6.0,3.0,2.0,1.0,Completed,2.3,1.62,2.76,1.51,2.76,1.68,2.41,1.56,20240628
29,Bad Homburg,Bad Homburg Open,2024-06-28,WTA250,Outdoor,Grass,Semifinals,3,Vekic D.,Tomova V.,49.0,58.0,1173.0,1035.0,6.0,0.0,7.0,6.0,,,2.0,0.0,Completed,1.36,3.2,1.43,3.07,1.45,3.2,1.4,2.92,20240628
29,Bad Homburg,Bad Homburg Open,2024-06-29,WTA250,Outdoor,Grass,The Final,3,Shnaider D.,Vekic D.,47.0,49.0,1210.0,1173.0,6.0,3.0,2.0,6.0,6.0,3.0,2.0,1.0,Completed,2.2,1.67,2.42,1.64,2.42,1.7,2.22,1.65,20240629
30,Eastbourne,Rothesay International,2024-06-24,WTA500,Outdoor,Grass,1st Round,3,Kalinina A.,Cirstea S.,44.0,29.0,1221.0,1675.0,6.0,3.0,6.0,2.0,,,2.0,0.0,Completed,1.73,2.1,1.83,2.05,1.83,2.1,1.79,2.0,20240624
30,Eastbourne,Rothesay International,2024-06-24,WTA500,Outdoor,Grass,1st Round,3,Linette M.,Pavlyuchenkova A.,46.0,25.0,1216.0,1756.0,1.0,6.0,7.0,6.0,6.0,4.0,2.0,1.0,Completed,2.1,1.73,2.09,1.8,2.12,1.8,2.05,1.75,20240624
30,Eastbourne,Rothesay International,2024-06-24,WTA500,Outdoor,Grass,1st Round,3,Dart H.,Bouzkova M.,105.0,37.0,686.0,1445.0,7.0,5.0,6.0,7.0,6.0,4.0,2.0,1.0,Completed,2.63,1.5,2.73,1.5,2.75,1.51,2.6,1.48,20240624
30,Eastbourne,Rothesay International,2024-06-24,WTA500,Outdoor,Grass,1st Round,3,Ostapenko J.,Minnen G.,13.0,85.0,3098.0,824.0,7.0,6.0,6.0,1.0,,,2.0,0.0,Completed,1.36,3.2,1.35,3.39,1.42,3.39,1.37,3.04,20240624
30,Eastbourne,Rothesay International,2024-06-24,WTA500,Outdoor,Grass,1st Round,3,Yuan Y.,Potapova A.,38.0,39.0,1422.0,1415.0,6.0,3.0,6.0,6.0,,,1.0,0.0,Retired,2.75,1.44,2.92,1.45,2.98,1.5,2.79,1.42,20240624
30,Eastbourne,Rothesay International,2024-06-24,WTA500,Outdoor,Grass,1st Round,3,Fernandez L.A.,Krejcikova B.,30.0,31.0,1649.0,1642.0,6.0,2.0,3.0,6.0,6.0,2.0,2.0,1.0,Completed,1.73,2.1,1.75,2.16,1.78,2.16,1.72,2.09,20240624
30,Eastbourne,Rothesay International,2024-06-25,WTA500,Outdoor,Grass,1st Round,3,Krueger A.,Golubic V.,87.0,69.0,804.0,940.0,6.0,1.0,6.0,7.0,7.0,5.0,2.0,1.0,Completed,2.0,1.8,1.96,1.91,2.13,1.91,2.04,1.75,20240625
30,Eastbourne,Rothesay International,2024-06-25,WTA500,Outdoor,Grass,1st Round,3,Mertens E.,Miyazaki Y.,33.0,148.0,1629.0,512.0,6.0,1.0,6.0,2.0,,,2.0,0.0,Completed,1.25,4.0,1.24,4.45,1.26,4.45,1.22,4.13,20240625
30,Eastbourne,Rothesay International,2024-06-25,WTA500,Outdoor,Grass,1st Round,3,Raducanu E.,Stephens S.,168.0,45.0,451.0,1217.0,6.0,4.0,6.0,0.0,,,2.0,0.0,Completed,1.44,2.75,1.42,3.03,1.46,3.11,1.4,2.87,20240625
30,Eastbourne,Rothesay International,2024-06-25,WTA500,Outdoor,Grass,1st Round,3,Muchova K.,Avanesyan E.,35.0,81.0,1510.0,831.0,3.0,1.0,,,,,0.0,0.0,Retired,1.91,1.91,2.0,1.87,2,1.95,1.93,1.84,20240625
30,Eastbourne,Rothesay International,2024-06-25,WTA500,Outdoor,Grass,1st Round,3,Boulter K.,Martic P.,32.0,74.0,1641.0,911.0,6.0,1.0,7.0,6.0,,,2.0,0.0,Completed,1.44,2.75,1.35,3.4,1.46,3.4,1.4,2.9,20240625
30,Eastbourne,Rothesay International,2024-06-25,WTA500,Outdoor,Grass,1st Round,3,Kasatkina D.,Wang Xin.,14.0,40.0,3088.0,1411.0,6.0,4.0,6.0,2.0,,,2.0,0.0,Completed,1.67,2.2,1.79,2.1,1.79,2.22,1.7,2.12,20240625
30,Eastbourne,Rothesay International,2024-06-26,WTA500,Outdoor,Grass,2nd Round,3,Keys M.,Kalinina A.,12.0,44.0,3343.0,1221.0,7.0,6.0,6.0,1.0,,,2.0,0.0,Completed,1.29,3.75,1.29,3.9,1.33,3.9,1.29,3.55,20240626
30,Eastbourne,Rothesay International,2024-06-26,WTA500,Outdoor,Grass,2nd Round,3,Muchova K.,Linette M.,35.0,46.0,1510.0,1216.0,6.0,4.0,6.0,1.0,,,2.0,0.0,Completed,1.67,2.2,1.72,2.23,1.74,2.23,1.68,2.15,20240626
30,Eastbourne,Rothesay International,2024-06-26,WTA500,Outdoor,Grass,2nd Round,3,Boulter K.,Ostapenko J.,32.0,13.0,1641.0,3098.0,6.0,4.0,7.0,5.0,,,2.0,0.0,Completed,2.0,1.8,2.03,1.86,2.03,1.91,1.97,1.81,20240626
30,Eastbourne,Rothesay International,2024-06-26,WTA500,Outdoor,Grass,2nd Round,3,Fernandez L.A.,Krueger A.,30.0,87.0,1649.0,804.0,6.0,2.0,6.0,1.0,,,2.0,0.0,Completed,1.5,2.63,1.51,2.74,1.55,2.75,1.47,2.64,20240626
30,Eastbourne,Rothesay International,2024-06-26,WTA500,Outdoor,Grass,2nd Round,3,Dart H.,Kenin S.,105.0,48.0,686.0,1208.0,6.0,3.0,6.0,7.0,6.0,0.0,2.0,1.0,Completed,2.0,1.8,2.0,1.89,2.1,1.89,1.97,1.81,20240626
30,Eastbourne,Rothesay International,2024-06-26,WTA500,Outdoor,Grass,2nd Round,3,Raducanu E.,Pegula J.,168.0,5.0,451.0,5025.0,4.0,6.0,7.0,6.0,7.0,5.0,2.0,1.0,Completed,2.0,1.8,2.08,1.82,2.1,1.82,2.01,1.78,20240626
30,Eastbourne,Rothesay International,2024-06-26,WTA500,Outdoor,Grass,2nd Round,3,Kasatkina D.,Yuan Y.,14.0,38.0,3088.0,1422.0,3.0,6.0,6.0,4.0,6.0,0.0,2.0,1.0,Completed,1.4,3.0,1.42,3.1,1.44,3.1,1.4,2.92,20240626
30,Eastbourne,Rothesay International,2024-06-26,WTA500,Outdoor,Grass,2nd Round,3,Paolini J.,Mertens E.,7.0,33.0,4068.0,1629.0,5.0,2.0,,,,,0.0,0.0,Retired,2.1,1.73,2.17,1.76,2.2,1.81,2.12,1.7,20240626
30,Eastbourne,Rothesay International,2024-06-27,WTA500,Outdoor,Grass,Quarterfinals,3,Fernandez L.A.,Dart H.,30.0,105.0,1649.0,686.0,6.0,2.0,6.0,1.0,,,2.0,0.0,Completed,1.3,3.5,1.33,3.64,1.34,3.64,1.31,3.41,20240627
30,Eastbourne,Rothesay International,2024-06-27,WTA500,Outdoor,Grass,Quarterfinals,3,Paolini J.,Boulter K.,7.0,32.0,4068.0,1641.0,6.0,1.0,7.0,6.0,,,2.0,0.0,Completed,2.75,1.44,2.71,1.53,2.75,1.55,2.58,1.49,20240627
30,Eastbourne,Rothesay International,2024-06-27,WTA500,Outdoor,Grass,Quarterfinals,3,Kasatkina D.,Raducanu E.,14.0,168.0,3088.0,451.0,6.0,2.0,6.0,2.0,,,2.0,0.0,Completed,2.38,1.57,2.41,1.64,2.41,1.68,2.32,1.59,20240627
30,Eastbourne,Rothesay International,2024-06-27,WTA500,Outdoor,Grass,Quarterfinals,3,Keys M.,Muchova K.,12.0,35.0,3343.0,1510.0,,,,,,,,,Walkover,1.44,2.75,1.52,2.74,1.52,3.0,1.45,2.72,20240627
30,Eastbourne,Rothesay International,2024-06-28,WTA500,Outdoor,Grass,Semifinals,3,Fernandez L.A.,Keys M.,30.0,12.0,1649.0,3343.0,6.0,3.0,3.0,6.0,6.0,3.0,2.0,1.0,Completed,2.75,1.44,2.9,1.47,2.9,1.55,2.68,1.46,20240628
30,Eastbourne,Rothesay International,2024-06-28,WTA500,Outdoor,Grass,Semifinals,3,Kasatkina D.,Paolini J.,14.0,7.0,3088.0,4068.0,3.0,6.0,7.0,5.0,6.0,3.0,2.0,1.0,Completed,1.73,2.1,1.73,2.24,1.8,2.24,1.7,2.12,20240628
30,Eastbourne,Rothesay International,2024-06-29,WTA500,Outdoor,Grass,The Final,3,Kasatkina D.,Fernandez L.A.,14.0,30.0,3088.0,1649.0,6.0,3.0,6.0,4.0,,,2.0,0.0,Completed,1.91,1.91,2.04,1.87,2.04,1.99,1.92,1.86,20240629
31,London,Wimbledon,2024-07-01,Grand Slam,Outdoor,Grass,1st Round,3,Sakkari M.,Kessler M.,9.0,119.0,3805.0,631.0,6.0,3.0,6.0,1.0,,,2.0,0.0,Completed,1.17,5.0,1.23,4.69,1.23,5.0,1.2,4.63,20240701
31,London,Wimbledon,2024-07-01,Grand Slam,Outdoor,Grass,1st Round,3,Pavlyuchenkova A.,Townsend T.,28.0,76.0,1756.0,864.0,7.0,6.0,6.0,1.0,,,2.0,0.0,Completed,1.36,3.2,1.4,3.15,1.44,3.2,1.39,3.01,20240701
31,London,Wimbledon,2024-07-01,Grand Slam,Outdoor,Grass,1st Round,3,Zhu L.,Begu I.,61.0,126.0,997.0,596.0,6.0,0.0,6.0,4.0,,,2.0,0.0,Completed,2.2,1.67,2.2,1.74,2.22,1.75,2.16,1.7,20240701
31,London,Wimbledon,2024-07-01,Grand Slam,Outdoor,Grass,1st Round,3,Minnen G.,Watson H.,80.0,199.0,848.0,366.0,7.0,5.0,6.0,4.0,,,2.0,0.0,Completed,1.57,2.38,1.7,2.26,1.7,2.4,1.62,2.29,20240701
31,London,Wimbledon,2024-07-01,Grand Slam,Outdoor,Grass,1st Round,3,Gracheva V.,Tsurenko L.,70.0,59.0,920.0,1048.0,6.0,3.0,6.0,1.0,,,2.0,0.0,Completed,1.73,2.1,1.83,2.07,1.87,2.22,1.74,2.09,20240701
31,London,Wimbledon,2024-07-01,Grand Slam,Outdoor,Grass,1st Round,3,Yastremska D.,Podoroska N.,27.0,65.0,1760.0,983.0,6.0,1.0,7.0,6.0,,,2.0,0.0,Completed,1.36,3.2,1.41,3.13,1.41,3.2,1.39,3.02,20240701
31,London,Wimbledon,2024-07-01,Grand Slam,Outdoor,Grass,1st Round,3,Todoni A.,Danilovic O.,142.0,116.0,541.0,641.0,7.0,5.0,6.0,1.0,,,2.0,0.0,Completed,1.91,1.91,1.98,1.91,1.99,1.95,1.93,1.89,20240701
31,London,Wimbledon,2024-07-01,Grand Slam,Outdoor,Grass,1st Round,3,Kostyuk M.,Sramkova R.,19.0,105.0,2240.0,695.0,6.0,3.0,6.0,2.0,,,2.0,0.0,Completed,1.22,4.33,1.24,4.55,1.25,4.55,1.23,4.27,20240701
31,London,Wimbledon,2024-07-01,Grand Slam,Outdoor,Grass,1st Round,3,Kasatkina D.,Zhang S.,12.0,680.0,3283.0,54.0,6.0,3.0,6.0,0.0,,,2.0,0.0,Completed,1.04,13.0,1.04,17.69,1.05,17.69,1.03,12.76,20240701
31,London,Wimbledon,2024-07-01,Grand Slam,Outdoor,Grass,1st Round,3,Mertens E.,Hibino N.,33.0,94.0,1629.0,770.0,2.0,6.0,6.0,2.0,6.0,4.0,2.0,1.0,Completed,1.3,3.5,1.3,3.88,1.31,3.92,1.28,3.7,20240701
31,London,Wimbledon,2024-07-01,Grand Slam,Outdoor,Grass,1st Round,3,Rus A.,Yuan Y.,56.0,39.0,1054.0,1452.0,6.0,2.0,6.0,3.0,,,2.0,0.0,Completed,2.75,1.44,2.86,1.47,2.93,1.49,2.76,1.45,20240701
31,London,Wimbledon,2024-07-01,Grand Slam,Outdoor,Grass,1st Round,3,Paolini J.,Sorribes Tormo S.,7.0,55.0,4228.0,1055.0,7.0,5.0,6.0,3.0,,,2.0,0.0,Completed,1.14,5.5,1.18,5.63,1.18,5.9,1.16,5.4,20240701
31,London,Wimbledon,2024-07-01,Grand Slam,Outdoor,Grass,1st Round,3,Wang Y.,Schmiedlova A.,71.0,74.0,919.0,880.0,6.0,0.0,3.0,6.0,6.0,4.0,2.0,1.0,Completed,1.62,2.3,1.56,2.57,1.63,2.57,1.58,2.4,20240701
31,London,Wimbledon,2024-07-01,Grand Slam,Outdoor,Grass,1st Round,3,Shnaider D.,Pliskova Ka.,30.0,46.0,1690.0,1255.0,4.0,6.0,6.0,4.0,7.0,5.0,2.0,1.0,Completed,2.1,1.73,2.17,1.76,2.17,1.8,2.09,1.75,20240701
31,London,Wimbledon,2024-07-01,Grand Slam,Outdoor,Grass,1st Round,3,Keys M.,Trevisan M.,13.0,89.0,3068.0,793.0,6.0,4.0,7.0,6.0,,,2.0,0.0,Completed,1.03,17.0,1.03,19.98,1.04,26.56,1.02,15.02,20240701
31,London,Wimbledon,2024-07-01,Grand Slam,Outdoor,Grass,1st Round,3,Osaka N.,Parry D.,113.0,53.0,669.0,1077.0,6.0,1.0,1.0,6.0,6.0,4.0,2.0,1.0,Completed,1.25,4.0,1.25,4.33,1.26,4.4,1.24,4.06,20240701
31,London,Wimbledon,2024-07-01,Grand Slam,Outdoor,Grass,1st Round,3,Saville D.,Stearns P.,82.0,52.0,830.0,1082.0,6.0,4.0,6.0,2.0,,,2.0,0.0,Completed,2.2,1.67,2.38,1.65,2.38,1.68,2.23,1.66,20240701
31,London,Wimbledon,2024-07-01,Grand Slam,Outdoor,Grass,1st Round,3,Burel C.,Lys E.,45.0,129.0,1288.0,592.0,6.0,2.0,6.0,4.0,,,2.0,0.0,Completed,2.2,1.67,2.07,1.83,2.22,1.83,2.1,1.74,20240701
31,London,Wimbledon,2024-07-01,Grand Slam,Outdoor,Grass,1st Round,3,Sun L.,Zheng Q.,123.0,8.0,616.0,4055.0,4.0,6.0,6.0,2.0,6.0,4.0,2.0,1.0,Completed,5.0,1.17,5.21,1.19,5.38,1.2,4.93,1.18,20240701
31,London,Wimbledon,2024-07-01,Grand Slam,Outdoor,Grass,1st Round,3,Vekic D.,Wang Xiy.,37.0,54.0,1488.0,1075.0,3.0,6.0,6.0,3.0,6.0,4.0,2.0,1.0,Completed,1.33,3.4,1.32,3.66,1.36,3.66,1.32,3.4,20240701
31,London,Wimbledon,2024-07-01,Grand Slam,Outdoor,Grass,1st Round,3,Andreeva E.,Bektas E.,101.0,107.0,729.0,686.0,7.0,6.0,3.0,6.0,6.0,3.0,2.0,1.0,Completed,2.38,1.57,2.15,1.76,2.38,1.76,2.24,1.66,20240701
31,London,Wimbledon,2024-07-01,Grand Slam,Outdoor,Grass,1st Round,3,Raducanu E.,Zarazua R.,135.0,98.0,559.0,750.0,7.0,6.0,6.0,3.0,,,2.0,0.0,Completed,1.1,7.0,1.09,8.61,1.11,8.77,1.09,7.61,20240701
31,London,Wimbledon,2024-07-01,Grand Slam,Outdoor,Grass,1st Round,3,Stephens S.,Jacquemot E.,50.0,151.0,1217.0,503.0,6.0,3.0,6.0,3.0,,,2.0,0.0,Completed,1.44,2.75,,,1.44,3.15,1.38,3.0,20240701
31,London,Wimbledon,2024-07-01,Grand Slam,Outdoor,Grass,1st Round,3,Starodubtseva Y.,Van Uytvanck A.,153.0,254.0,490.0,284.0,6.0,4.0,6.0,3.0,,,2.0,0.0,Completed,2.1,1.73,2.1,1.81,2.13,1.81,2.06,1.78,20240701
31,London,Wimbledon,2024-07-01,Grand Slam,Outdoor,Grass,1st Round,3,Miyazaki Y.,Korpatsch T.,148.0,73.0,512.0,895.0,6.0,2.0,6.0,1.0,,,2.0,0.0,Completed,1.62,2.3,1.74,2.2,1.8,2.32,1.68,2.19,20240701
31,London,Wimbledon,2024-07-01,Grand Slam,Outdoor,Grass,1st Round,3,Kartal S.,Cirstea S.,298.0,31.0,228.0,1675.0,3.0,6.0,6.0,2.0,6.0,0.0,2.0,1.0,Completed,1.91,1.91,1.97,1.92,2,2.0,1.92,1.89,20240701
31,London,Wimbledon,2024-07-01,Grand Slam,Outdoor,Grass,1st Round,3,Fruhvirtova B.,Andreeva M.,88.0,23.0,801.0,2018.0,1.0,6.0,6.0,3.0,6.0,2.0,2.0,1.0,Completed,5.0,1.17,5.83,1.17,5.97,1.18,5.33,1.16,20240701
31,London,Wimbledon,2024-07-01,Grand Slam,Outdoor,Grass,1st Round,3,Andreescu B.,Cristian J.,176.0,62.0,426.0,996.0,6.0,4.0,6.0,2.0,,,2.0,0.0,Completed,1.25,4.0,1.28,4.01,1.29,4.12,1.26,3.88,20240701
31,London,Wimbledon,2024-07-01,Grand Slam,Outdoor,Grass,1st Round,3,Gauff C.,Dolehide C.,2.0,51.0,7943.0,1100.0,6.0,1.0,6.0,2.0,,,2.0,0.0,Completed,1.05,11.0,1.04,16.07,1.06,16.07,1.04,11.5,20240701
31,London,Wimbledon,2024-07-01,Grand Slam,Outdoor,Grass,1st Round,3,Navarro E.,Wang Q.,17.0,479.0,2323.0,118.0,6.0,0.0,6.0,2.0,,,2.0,0.0,Completed,1.06,10.0,1.06,12.63,1.06,12.68,1.05,10.2,20240701
31,London,Wimbledon,2024-07-01,Grand Slam,Outdoor,Grass,1st Round,3,Badosa P.,Muchova K.,93.0,34.0,770.0,1618.0,6.0,3.0,6.0,2.0,,,2.0,0.0,Completed,2.0,1.8,2.08,1.83,2.11,1.91,2.02,1.8,20240701
31,London,Wimbledon,2024-07-01,Grand Slam,Outdoor,Grass,1st Round,3,Noskova L.,Errani S.,26.0,86.0,1775.0,810.0,7.0,6.0,6.0,1.0,,,2.0,0.0,Completed,1.25,4.0,1.23,4.66,1.25,4.66,1.23,4.23,20240701
31,London,Wimbledon,2024-07-02,Grand Slam,Outdoor,Grass,1st Round,3,Wang Xin.,Tomova V.,42.0,48.0,1411.0,1235.0,7.0,6.0,3.0,6.0,6.0,0.0,2.0,1.0,Completed,1.62,2.3,1.6,2.47,1.69,2.47,1.63,2.29,20240702
31,London,Wimbledon,2024-07-02,Grand Slam,Outdoor,Grass,1st Round,3,Dart H.,Bai Z.,100.0,95.0,739.0,756.0,6.0,4.0,6.0,0.0,,,2.0,0.0,Completed,1.5,2.63,1.53,2.66,1.53,2.75,1.5,2.6,20240702
31,London,Wimbledon,2024-07-02,Grand Slam,Outdoor,Grass,1st Round,3,Bucsa C.,Bogdan A.,64.0,57.0,984.0,1053.0,6.0,4.0,4.0,6.0,7.0,6.0,2.0,1.0,Completed,2.5,1.53,2.48,1.6,2.51,1.66,2.44,1.56,20240702
31,London,Wimbledon,2024-07-02,Grand Slam,Outdoor,Grass,1st Round,3,Pegula J.,Krueger A.,5.0,75.0,5025.0,869.0,6.0,2.0,6.0,0.0,,,2.0,0.0,Completed,1.14,5.5,1.18,5.42,1.22,5.55,1.18,4.93,20240702
31,London,Wimbledon,2024-07-02,Grand Slam,Outdoor,Grass,1st Round,3,Siegemund L.,Baindl K.,72.0,184.0,917.0,416.0,6.0,4.0,6.0,1.0,,,2.0,0.0,Completed,1.29,3.75,1.29,3.78,1.29,4.04,1.28,3.72,20240702
31,London,Wimbledon,2024-07-02,Grand Slam,Outdoor,Grass,1st Round,3,Rybakina E.,Ruse E.G.,4.0,152.0,6026.0,491.0,6.0,3.0,6.0,1.0,,,2.0,0.0,Completed,1.07,9.0,1.1,7.93,1.12,9.0,1.08,7.92,20240702
31,London,Wimbledon,2024-07-02,Grand Slam,Outdoor,Grass,1st Round,3,Bouzas Maneiro J.,Vondrousova M.,83.0,6.0,828.0,4463.0,6.0,4.0,6.0,2.0,,,2.0,0.0,Completed,6.0,1.13,5.92,1.16,6.49,1.16,5.79,1.14,20240702
31,London,Wimbledon,2024-07-02,Grand Slam,Outdoor,Grass,1st Round,3,Samsonova L.,Masarova R.,15.0,109.0,2830.0,682.0,6.0,3.0,4.0,6.0,6.0,2.0,2.0,1.0,Completed,1.17,5.0,1.2,5.16,1.21,5.5,1.18,4.89,20240702
31,London,Wimbledon,2024-07-02,Grand Slam,Outdoor,Grass,1st Round,3,Pera B.,Potapova A.,97.0,41.0,752.0,1415.0,6.0,7.0,6.0,4.0,7.0,6.0,2.0,1.0,Completed,3.2,1.36,3.24,1.39,3.35,1.39,3.18,1.36,20240702
31,London,Wimbledon,2024-07-02,Grand Slam,Outdoor,Grass,1st Round,3,Boulter K.,Maria T.,29.0,63.0,1748.0,994.0,7.0,6.0,7.0,5.0,,,2.0,0.0,Completed,1.2,4.5,1.24,4.55,1.24,4.64,1.21,4.36,20240702
31,London,Wimbledon,2024-07-02,Grand Slam,Outdoor,Grass,1st Round,3,Kalinskaya A.,Udvardy P.,18.0,134.0,2310.0,562.0,6.0,3.0,6.0,2.0,,,2.0,0.0,Completed,1.11,6.5,1.14,6.51,1.14,7.36,1.12,6.23,20240702
31,London,Wimbledon,2024-07-02,Grand Slam,Outdoor,Grass,1st Round,3,Bouzkova M.,Riera J.,40.0,106.0,1445.0,687.0,6.0,2.0,6.0,1.0,,,2.0,0.0,Completed,1.14,5.5,1.21,4.98,1.21,5.75,1.16,5.2,20240702
31,London,Wimbledon,2024-07-02,Grand Slam,Outdoor,Grass,1st Round,3,Ostapenko J.,Tomljanovic A.,14.0,136.0,3058.0,556.0,6.0,1.0,6.0,2.0,,,2.0,0.0,Completed,1.5,2.63,1.5,2.75,1.54,2.8,1.49,2.64,20240702
31,London,Wimbledon,2024-07-02,Grand Slam,Outdoor,Grass,1st Round,3,Avanesyan E.,Kalinina A.,77.0,47.0,855.0,1246.0,6.0,2.0,6.0,3.0,,,2.0,0.0,Completed,2.0,1.8,2.05,1.85,2.13,1.85,2.01,1.8,20240702
31,London,Wimbledon,2024-07-02,Grand Slam,Outdoor,Grass,1st Round,3,Swiatek I.,Kenin S.,1.0,49.0,11585.0,1221.0,6.0,3.0,6.0,4.0,,,2.0,0.0,Completed,1.06,10.0,1.07,11.43,1.07,11.68,1.06,9.63,20240702
31,London,Wimbledon,2024-07-02,Grand Slam,Outdoor,Grass,1st Round,3,Fernandez L.A.,Bronzetti L.,25.0,81.0,1920.0,833.0,6.0,4.0,6.0,3.0,,,2.0,0.0,Completed,1.22,4.33,1.22,4.81,1.25,5.08,1.21,4.49,20240702
31,London,Wimbledon,2024-07-02,Grand Slam,Outdoor,Grass,1st Round,3,Garcia C.,Blinkova A.,24.0,60.0,1938.0,1030.0,6.0,4.0,7.0,5.0,,,2.0,0.0,Completed,1.67,2.2,1.67,2.33,1.74,2.33,1.7,2.15,20240702
31,London,Wimbledon,2024-07-02,Grand Slam,Outdoor,Grass,1st Round,3,Montgomery R.,Gadecki O.,161.0,173.0,464.0,432.0,6.0,4.0,6.0,4.0,,,2.0,0.0,Completed,1.5,2.63,1.52,2.71,1.55,2.75,1.5,2.61,20240702
31,London,Wimbledon,2024-07-02,Grand Slam,Outdoor,Grass,1st Round,3,Martic P.,Jones F.,85.0,215.0,811.0,345.0,3.0,6.0,6.0,1.0,6.0,2.0,2.0,1.0,Completed,1.4,3.0,1.46,2.9,1.49,3.02,1.42,2.87,20240702
31,London,Wimbledon,2024-07-02,Grand Slam,Outdoor,Grass,1st Round,3,Putintseva Y.,Kerber A.,35.0,221.0,1553.0,334.0,7.0,5.0,6.0,3.0,,,2.0,0.0,Completed,1.5,2.63,1.52,2.71,1.57,2.75,1.49,2.62,20240702
31,London,Wimbledon,2024-07-02,Grand Slam,Outdoor,Grass,1st Round,3,Galfi D.,Sherif M.,127.0,78.0,595.0,855.0,6.0,1.0,6.0,2.0,,,2.0,0.0,Completed,1.5,2.63,1.59,2.51,1.59,2.75,1.52,2.55,20240702
31,London,Wimbledon,2024-07-02,Grand Slam,Outdoor,Grass,1st Round,3,Wozniacki C.,Parks A.,91.0,121.0,774.0,624.0,6.0,2.0,6.0,0.0,,,2.0,0.0,Completed,1.62,2.3,1.61,2.46,1.67,2.46,1.6,2.33,20240702
31,London,Wimbledon,2024-07-02,Grand Slam,Outdoor,Grass,1st Round,3,Snigur D.,Dodin O.,130.0,79.0,592.0,849.0,6.0,4.0,6.0,0.0,,,2.0,0.0,Completed,1.29,3.75,1.31,3.73,1.31,3.88,1.29,3.64,20240702
31,London,Wimbledon,2024-07-02,Grand Slam,Outdoor,Grass,1st Round,3,Siniakova K.,Stakusic M.,36.0,164.0,1546.0,456.0,6.0,4.0,6.0,2.0,,,2.0,0.0,Completed,1.22,4.33,1.27,4.11,1.34,4.34,1.24,4.05,20240702
31,London,Wimbledon,2024-07-02,Grand Slam,Outdoor,Grass,1st Round,3,Jabeur O.,Uchijima M.,10.0,68.0,3801.0,940.0,6.0,3.0,6.0,1.0,,,2.0,0.0,Completed,1.07,9.0,1.09,9.62,1.1,10.87,1.07,8.69,20240702
31,London,Wimbledon,2024-07-03,Grand Slam,Outdoor,Grass,1st Round,3,Svitolina E.,Linette M.,21.0,44.0,2100.0,1291.0,7.0,5.0,6.0,7.0,6.0,3.0,2.0,1.0,Completed,1.4,3.0,1.47,2.88,1.47,3.0,1.43,2.89,20240703
31,London,Wimbledon,2024-07-03,Grand Slam,Outdoor,Grass,1st Round,3,Niemeier J.,Golubic V.,90.0,67.0,790.0,964.0,6.0,2.0,6.0,1.0,,,2.0,0.0,Completed,1.8,2.0,1.81,2.11,1.85,2.15,1.79,2.03,20240703
31,London,Wimbledon,2024-07-03,Grand Slam,Outdoor,Grass,1st Round,3,Krejcikova B.,Kudermetova V.,32.0,38.0,1643.0,1488.0,7.0,6.0,6.0,7.0,7.0,5.0,2.0,1.0,Completed,2.2,1.67,2.29,1.69,2.31,1.73,2.22,1.67,20240703
31,London,Wimbledon,2024-07-03,Grand Slam,Outdoor,Grass,1st Round,3,Haddad Maia B.,Frech M.,20.0,58.0,2218.0,1049.0,7.0,5.0,6.0,3.0,,,2.0,0.0,Completed,1.5,2.63,1.57,2.55,1.57,2.63,1.54,2.51,20240703
31,London,Wimbledon,2024-07-03,Grand Slam,Outdoor,Grass,1st Round,3,Osorio M.,Davis L.,14.0,300.0,3058.0,225.0,6.0,3.0,6.0,1.0,,,2.0,0.0,Completed,1.62,2.3,1.58,2.53,1.63,2.57,1.58,2.4,20240703
31,London,Wimbledon,2024-07-03,Grand Slam,Outdoor,Grass,1st Round,3,Volynets K.,Carle M.,69.0,87.0,927.0,809.0,6.0,2.0,7.0,5.0,,,2.0,0.0,Completed,1.3,3.5,1.35,3.49,1.35,3.76,1.31,3.47,20240703
31,London,Wimbledon,2024-07-03,Grand Slam,Outdoor,Grass,1st Round,3,Collins D.,Tauson C.,11.0,66.0,3532.0,981.0,6.0,3.0,7.0,6.0,,,2.0,0.0,Completed,1.36,3.2,1.41,3.14,1.42,3.2,1.38,3.04,20240703
31,London,Wimbledon,2024-07-03,Grand Slam,Outdoor,Grass,2nd Round,3,Gauff C.,Todoni A.,2.0,142.0,7943.0,541.0,6.0,2.0,6.0,1.0,,,2.0,0.0,Completed,1.03,15.0,1.05,16.53,1.05,22.53,1.04,12.21,20240703
31,London,Wimbledon,2024-07-03,Grand Slam,Outdoor,Grass,2nd Round,3,Kartal S.,Burel C.,298.0,45.0,228.0,1288.0,6.0,3.0,5.0,7.0,6.0,3.0,2.0,1.0,Completed,1.62,2.3,1.66,2.37,1.68,2.37,1.65,2.26,20240703
31,London,Wimbledon,2024-07-03,Grand Slam,Outdoor,Grass,2nd Round,3,Andreescu B.,Noskova L.,176.0,26.0,426.0,1775.0,6.0,3.0,7.0,6.0,,,2.0,0.0,Completed,2.0,1.8,2.05,1.86,2.06,1.86,2.0,1.82,20240703
31,London,Wimbledon,2024-07-03,Grand Slam,Outdoor,Grass,2nd Round,3,Shnaider D.,Stephens S.,30.0,50.0,1690.0,1217.0,6.0,1.0,6.0,1.0,,,2.0,0.0,Completed,1.57,2.38,1.61,2.48,1.63,2.5,1.57,2.41,20240703
31,London,Wimbledon,2024-07-03,Grand Slam,Outdoor,Grass,2nd Round,3,Raducanu E.,Mertens E.,135.0,33.0,559.0,1629.0,6.0,1.0,6.0,2.0,,,2.0,0.0,Completed,1.44,2.75,1.51,2.75,1.6,2.78,1.5,2.62,20240703
31,London,Wimbledon,2024-07-03,Grand Slam,Outdoor,Grass,2nd Round,3,Navarro E.,Osaka N.,17.0,113.0,2323.0,669.0,6.0,4.0,6.0,1.0,,,2.0,0.0,Completed,2.2,1.67,2.2,1.76,2.25,1.76,2.16,1.7,20240703
31,London,Wimbledon,2024-07-03,Grand Slam,Outdoor,Grass,2nd Round,3,Sakkari M.,Rus A.,9.0,56.0,3805.0,1054.0,7.0,5.0,6.0,3.0,,,2.0,0.0,Completed,1.14,5.5,1.14,7.02,1.16,7.02,1.13,6.12,20240703
31,London,Wimbledon,2024-07-03,Grand Slam,Outdoor,Grass,2nd Round,3,Zhu L.,Pavlyuchenkova A.,61.0,28.0,997.0,1756.0,6.0,4.0,6.0,3.0,,,2.0,0.0,Completed,3.2,1.36,3.3,1.39,3.38,1.43,3.14,1.37,20240703
31,London,Wimbledon,2024-07-03,Grand Slam,Outdoor,Grass,2nd Round,3,Vekic D.,Andreeva E.,37.0,101.0,1488.0,729.0,6.0,2.0,6.0,3.0,,,2.0,0.0,Completed,1.2,4.5,1.21,5.05,1.25,5.05,1.2,4.54,20240703
31,London,Wimbledon,2024-07-03,Grand Slam,Outdoor,Grass,2nd Round,3,Yastremska D.,Gracheva V.,27.0,70.0,1760.0,920.0,3.0,6.0,6.0,4.0,7.0,6.0,2.0,1.0,Completed,1.62,2.3,1.65,2.4,1.67,2.4,1.62,2.3,20240703
31,London,Wimbledon,2024-07-03,Grand Slam,Outdoor,Grass,2nd Round,3,Sun L.,Starodubtseva Y.,123.0,153.0,616.0,490.0,4.0,6.0,6.0,3.0,6.0,2.0,2.0,1.0,Completed,1.91,1.91,1.91,2.0,2,2.0,1.9,1.91,20240703
31,London,Wimbledon,2024-07-03,Grand Slam,Outdoor,Grass,2nd Round,3,Paolini J.,Minnen G.,7.0,80.0,4228.0,848.0,7.0,6.0,6.0,2.0,,,2.0,0.0,Completed,1.36,3.2,1.39,3.27,1.41,3.27,1.38,3.07,20240703
31,London,Wimbledon,2024-07-04,Grand Slam,Outdoor,Grass,2nd Round,3,Keys M.,Wang Y.,13.0,71.0,3068.0,919.0,6.0,2.0,6.0,2.0,,,2.0,0.0,Completed,1.07,9.0,1.07,11.41,1.1,11.41,1.07,9.11,20240704
31,London,Wimbledon,2024-07-04,Grand Slam,Outdoor,Grass,2nd Round,3,Kostyuk M.,Saville D.,19.0,82.0,2240.0,830.0,4.0,6.0,7.0,6.0,6.0,4.0,2.0,1.0,Completed,1.33,3.4,1.32,3.78,1.36,3.81,1.32,3.41,20240704
31,London,Wimbledon,2024-07-04,Grand Slam,Outdoor,Grass,2nd Round,3,Kasatkina D.,Miyazaki Y.,12.0,148.0,3283.0,512.0,6.0,0.0,6.0,0.0,,,2.0,0.0,Completed,1.06,10.0,1.07,11.5,1.08,13.25,1.06,9.64,20240704
31,London,Wimbledon,2024-07-04,Grand Slam,Outdoor,Grass,2nd Round,3,Badosa P.,Fruhvirtova B.,93.0,88.0,770.0,801.0,6.0,4.0,6.0,2.0,,,2.0,0.0,Completed,1.4,3.0,1.4,3.24,1.45,3.24,1.38,3.04,20240704
31,London,Wimbledon,2024-07-04,Grand Slam,Outdoor,Grass,2nd Round,3,Krejcikova B.,Volynets K.,32.0,69.0,1643.0,927.0,7.0,6.0,7.0,6.0,,,2.0,0.0,Completed,1.57,2.38,1.72,2.25,1.72,2.68,1.62,2.32,20240704
31,London,Wimbledon,2024-07-04,Grand Slam,Outdoor,Grass,2nd Round,3,Bouzas Maneiro J.,Bucsa C.,83.0,64.0,828.0,984.0,7.0,6.0,6.0,3.0,,,2.0,0.0,Completed,1.67,2.2,1.79,2.15,1.79,2.25,1.71,2.16,20240704
31,London,Wimbledon,2024-07-04,Grand Slam,Outdoor,Grass,2nd Round,3,Putintseva Y.,Siniakova K.,35.0,36.0,1553.0,1546.0,6.0,0.0,4.0,6.0,6.0,2.0,2.0,1.0,Completed,2.1,1.73,2.2,1.76,2.2,1.76,2.11,1.74,20240704
31,London,Wimbledon,2024-07-04,Grand Slam,Outdoor,Grass,2nd Round,3,Haddad Maia B.,Osorio M.,20.0,14.0,2218.0,3058.0,3.0,0.0,,,,,0.0,0.0,Retired,1.44,2.75,1.55,2.65,1.55,2.8,1.49,2.64,20240704
31,London,Wimbledon,2024-07-04,Grand Slam,Outdoor,Grass,2nd Round,3,Dart H.,Boulter K.,100.0,29.0,739.0,1748.0,4.0,6.0,6.0,1.0,7.0,6.0,2.0,1.0,Completed,4.0,1.25,4.07,1.28,4.09,1.3,3.84,1.27,20240704
31,London,Wimbledon,2024-07-04,Grand Slam,Outdoor,Grass,2nd Round,3,Wang Xin.,Pegula J.,42.0,5.0,1411.0,5025.0,6.0,4.0,6.0,7.0,6.0,1.0,2.0,1.0,Completed,4.0,1.25,3.9,1.3,4.01,1.3,3.81,1.27,20240704
31,London,Wimbledon,2024-07-04,Grand Slam,Outdoor,Grass,2nd Round,3,Kalinskaya A.,Bouzkova M.,18.0,40.0,2310.0,1445.0,6.0,4.0,6.0,1.0,,,2.0,0.0,Completed,1.62,2.3,1.65,2.39,1.66,2.41,1.63,2.29,20240704
31,London,Wimbledon,2024-07-04,Grand Slam,Outdoor,Grass,2nd Round,3,Jabeur O.,Montgomery R.,10.0,161.0,3801.0,464.0,6.0,1.0,7.0,5.0,,,2.0,0.0,Completed,1.2,4.5,1.22,4.96,1.24,4.96,1.2,4.55,20240704
31,London,Wimbledon,2024-07-04,Grand Slam,Outdoor,Grass,2nd Round,3,Ostapenko J.,Snigur D.,14.0,130.0,3058.0,592.0,6.0,3.0,6.0,0.0,,,2.0,0.0,Completed,1.3,3.5,1.31,3.87,1.32,3.88,1.3,3.59,20240704
31,London,Wimbledon,2024-07-04,Grand Slam,Outdoor,Grass,2nd Round,3,Collins D.,Galfi D.,11.0,127.0,3532.0,595.0,6.0,3.0,6.0,4.0,,,2.0,0.0,Completed,1.25,4.0,1.29,4.04,1.3,4.42,1.27,3.82,20240704
31,London,Wimbledon,2024-07-04,Grand Slam,Outdoor,Grass,2nd Round,3,Svitolina E.,Niemeier J.,21.0,90.0,2100.0,790.0,6.0,3.0,6.0,4.0,,,2.0,0.0,Completed,1.62,2.3,1.65,2.4,1.65,2.46,1.6,2.35,20240704
31,London,Wimbledon,2024-07-04,Grand Slam,Outdoor,Grass,2nd Round,3,Pera B.,Garcia C.,97.0,24.0,752.0,1938.0,3.0,6.0,6.0,3.0,6.0,4.0,2.0,1.0,Completed,2.3,1.62,2.4,1.65,2.41,1.67,2.3,1.63,20240704
31,London,Wimbledon,2024-07-04,Grand Slam,Outdoor,Grass,2nd Round,3,Rybakina E.,Siegemund L.,4.0,72.0,6026.0,917.0,6.0,3.0,3.0,6.0,6.0,3.0,2.0,1.0,Completed,1.04,13.0,1.06,14.07,1.07,14.07,1.05,11.04,20240704
31,London,Wimbledon,2024-07-04,Grand Slam,Outdoor,Grass,2nd Round,3,Swiatek I.,Martic P.,1.0,85.0,11585.0,811.0,6.0,4.0,6.0,3.0,,,2.0,0.0,Completed,1.02,19.0,1.02,27.34,1.04,27.34,1.02,15.49,20240704
31,London,Wimbledon,2024-07-04,Grand Slam,Outdoor,Grass,2nd Round,3,Samsonova L.,Avanesyan E.,15.0,77.0,2830.0,855.0,6.0,3.0,6.0,3.0,,,2.0,0.0,Completed,1.25,4.0,1.26,4.29,1.29,4.29,1.25,3.99,20240704
31,London,Wimbledon,2024-07-04,Grand Slam,Outdoor,Grass,2nd Round,3,Wozniacki C.,Fernandez L.A.,91.0,25.0,774.0,1920.0,6.0,3.0,2.0,6.0,7.0,5.0,2.0,1.0,Completed,2.2,1.67,2.33,1.68,2.4,1.73,2.28,1.63,20240704
31,London,Wimbledon,2024-07-05,Grand Slam,Outdoor,Grass,3rd Round,3,Paolini J.,Andreescu B.,7.0,176.0,4228.0,426.0,7.0,6.0,6.0,1.0,,,2.0,0.0,Completed,1.73,2.1,1.84,2.08,1.84,2.25,1.74,2.1,20240705
31,London,Wimbledon,2024-07-05,Grand Slam,Outdoor,Grass,3rd Round,3,Sun L.,Zhu L.,123.0,61.0,616.0,997.0,7.0,6.0,7.0,6.0,,,2.0,0.0,Completed,2.0,1.8,1.97,1.93,2,1.95,1.91,1.9,20240705
31,London,Wimbledon,2024-07-05,Grand Slam,Outdoor,Grass,3rd Round,3,Badosa P.,Kasatkina D.,93.0,12.0,770.0,3283.0,7.0,6.0,4.0,6.0,6.0,4.0,2.0,1.0,Completed,2.1,1.73,2.24,1.74,2.24,1.8,2.08,1.75,20240705
31,London,Wimbledon,2024-07-05,Grand Slam,Outdoor,Grass,3rd Round,3,Navarro E.,Shnaider D.,17.0,30.0,2323.0,1690.0,2.0,6.0,6.0,3.0,6.0,4.0,2.0,1.0,Completed,1.67,2.2,1.65,2.4,1.73,2.4,1.66,2.25,20240705
31,London,Wimbledon,2024-07-05,Grand Slam,Outdoor,Grass,3rd Round,3,Keys M.,Kostyuk M.,13.0,19.0,3068.0,2240.0,6.0,4.0,6.0,3.0,,,2.0,0.0,Completed,1.25,4.0,1.27,4.24,1.29,4.24,1.26,3.84,20240705
31,London,Wimbledon,2024-07-05,Grand Slam,Outdoor,Grass,3rd Round,3,Gauff C.,Kartal S.,2.0,298.0,7943.0,228.0,6.0,4.0,6.0,0.0,,,2.0,0.0,Completed,1.07,9.0,1.08,10.63,1.09,10.63,1.07,8.7,20240705
31,London,Wimbledon,2024-07-05,Grand Slam,Outdoor,Grass,3rd Round,3,Raducanu E.,Sakkari M.,135.0,9.0,559.0,3805.0,6.0,2.0,6.0,3.0,,,2.0,0.0,Completed,1.67,2.2,1.7,2.28,1.73,2.28,1.67,2.22,20240705
31,London,Wimbledon,2024-07-05,Grand Slam,Outdoor,Grass,3rd Round,3,Vekic D.,Yastremska D.,37.0,27.0,1488.0,1760.0,7.0,6.0,6.0,7.0,6.0,1.0,2.0,1.0,Completed,1.36,3.2,1.39,3.27,1.41,3.27,1.38,3.08,20240705
31,London,Wimbledon,2024-07-06,Grand Slam,Outdoor,Grass,3rd Round,3,Krejcikova B.,Bouzas Maneiro J.,32.0,83.0,1643.0,828.0,6.0,0.0,4.0,3.0,,,1.0,0.0,Retired,1.36,3.2,1.41,3.15,1.43,3.2,1.39,3.03,20240706
31,London,Wimbledon,2024-07-06,Grand Slam,Outdoor,Grass,3rd Round,3,Ostapenko J.,Pera B.,14.0,97.0,3058.0,752.0,6.0,1.0,6.0,3.0,,,2.0,0.0,Completed,1.2,4.5,1.21,5.09,1.23,5.09,1.2,4.59,20240706
31,London,Wimbledon,2024-07-06,Grand Slam,Outdoor,Grass,3rd Round,3,Wang Xin.,Dart H.,42.0,100.0,1411.0,739.0,2.0,6.0,7.0,5.0,6.0,3.0,2.0,1.0,Completed,1.44,2.75,1.44,3.02,1.46,3.07,1.43,2.84,20240706
31,London,Wimbledon,2024-07-06,Grand Slam,Outdoor,Grass,3rd Round,3,Kalinskaya A.,Samsonova L.,18.0,15.0,2310.0,2830.0,7.0,6.0,6.0,2.0,,,2.0,0.0,Completed,2.1,1.73,2.23,1.74,2.3,1.75,2.14,1.71,20240706
31,London,Wimbledon,2024-07-06,Grand Slam,Outdoor,Grass,3rd Round,3,Putintseva Y.,Swiatek I.,35.0,1.0,1553.0,11585.0,3.0,6.0,6.0,1.0,6.0,2.0,2.0,1.0,Completed,8.0,1.08,7.84,1.12,8.58,1.14,7.16,1.1,20240706
31,London,Wimbledon,2024-07-06,Grand Slam,Outdoor,Grass,3rd Round,3,Svitolina E.,Jabeur O.,21.0,10.0,2100.0,3801.0,6.0,1.0,7.0,6.0,,,2.0,0.0,Completed,2.63,1.5,2.75,1.51,2.76,1.56,2.63,1.49,20240706
31,London,Wimbledon,2024-07-06,Grand Slam,Outdoor,Grass,3rd Round,3,Collins D.,Haddad Maia B.,11.0,20.0,3532.0,2218.0,6.0,4.0,6.0,4.0,,,2.0,0.0,Completed,1.57,2.38,1.53,2.68,1.57,2.68,1.53,2.5,20240706
31,London,Wimbledon,2024-07-06,Grand Slam,Outdoor,Grass,3rd Round,3,Rybakina E.,Wozniacki C.,4.0,91.0,6026.0,774.0,6.0,0.0,6.0,1.0,,,2.0,0.0,Completed,1.29,3.75,1.29,3.97,1.34,3.97,1.29,3.69,20240706
31,London,Wimbledon,2024-07-07,Grand Slam,Outdoor,Grass,4th Round,3,Vekic D.,Badosa P.,37.0,93.0,1488.0,770.0,6.0,2.0,1.0,6.0,6.0,4.0,2.0,1.0,Completed,2.1,1.73,2.08,1.84,2.1,1.84,2.02,1.79,20240707
31,London,Wimbledon,2024-07-07,Grand Slam,Outdoor,Grass,4th Round,3,Paolini J.,Keys M.,7.0,13.0,4228.0,3068.0,6.0,3.0,6.0,7.0,5.0,5.0,1.0,1.0,Retired,3.0,1.4,3.23,1.4,3.23,1.44,2.97,1.4,20240707
31,London,Wimbledon,2024-07-07,Grand Slam,Outdoor,Grass,4th Round,3,Sun L.,Raducanu E.,123.0,135.0,616.0,559.0,6.0,2.0,5.0,7.0,6.0,2.0,2.0,1.0,Completed,5.0,1.17,5.86,1.17,5.86,1.22,4.97,1.18,20240707
31,London,Wimbledon,2024-07-07,Grand Slam,Outdoor,Grass,4th Round,3,Navarro E.,Gauff C.,17.0,2.0,2323.0,7943.0,6.0,4.0,6.0,3.0,,,2.0,0.0,Completed,3.75,1.29,3.75,1.32,4,1.32,3.69,1.29,20240707
31,London,Wimbledon,2024-07-08,Grand Slam,Outdoor,Grass,4th Round,3,Rybakina E.,Kalinskaya A.,4.0,18.0,6026.0,2310.0,6.0,3.0,3.0,0.0,,,1.0,0.0,Retired,1.29,3.75,1.3,3.92,1.33,3.92,1.29,3.61,20240708
31,London,Wimbledon,2024-07-08,Grand Slam,Outdoor,Grass,4th Round,3,Svitolina E.,Wang Xin.,21.0,42.0,2100.0,1411.0,6.0,2.0,6.0,1.0,,,2.0,0.0,Completed,1.44,2.75,1.41,3.15,1.45,3.15,1.41,2.9,20240708
31,London,Wimbledon,2024-07-08,Grand Slam,Outdoor,Grass,4th Round,3,Ostapenko J.,Putintseva Y.,14.0,35.0,3058.0,1553.0,6.0,2.0,6.0,3.0,,,2.0,0.0,Completed,1.73,2.1,1.76,2.19,1.83,2.25,1.73,2.11,20240708
31,London,Wimbledon,2024-07-08,Grand Slam,Outdoor,Grass,4th Round,3,Krejcikova B.,Collins D.,32.0,11.0,1643.0,3532.0,7.0,5.0,6.0,3.0,,,2.0,0.0,Completed,2.75,1.44,3.07,1.43,3.07,1.48,2.88,1.42,20240708
31,London,Wimbledon,2024-07-09,Grand Slam,Outdoor,Grass,Quarterfinals,3,Vekic D.,Sun L.,37.0,123.0,1488.0,616.0,5.0,7.0,6.0,4.0,6.0,1.0,2.0,1.0,Completed,1.3,3.5,1.34,3.58,1.35,3.58,1.32,3.4,20240709
31,London,Wimbledon,2024-07-09,Grand Slam,Outdoor,Grass,Quarterfinals,3,Paolini J.,Navarro E.,7.0,17.0,4228.0,2323.0,6.0,2.0,6.0,1.0,,,2.0,0.0,Completed,2.38,1.57,2.42,1.64,2.5,1.65,2.36,1.6,20240709
31,London,Wimbledon,2024-07-10,Grand Slam,Outdoor,Grass,Quarterfinals,3,Krejcikova B.,Ostapenko J.,32.0,14.0,1643.0,3058.0,6.0,4.0,7.0,6.0,,,2.0,0.0,Completed,2.75,1.44,3.01,1.44,3.01,1.46,2.83,1.43,20240710
31,London,Wimbledon,2024-07-10,Grand Slam,Outdoor,Grass,Quarterfinals,3,Rybakina E.,Svitolina E.,4.0,21.0,6026.0,2100.0,6.0,3.0,6.0,2.0,,,2.0,0.0,Completed,1.29,3.75,1.27,4.26,1.33,4.26,1.29,3.7,20240710
31,London,Wimbledon,2024-07-11,Grand Slam,Outdoor,Grass,Semifinals,3,Paolini J.,Vekic D.,7.0,37.0,4228.0,1488.0,2.0,6.0,6.0,4.0,7.0,6.0,2.0,1.0,Completed,1.53,2.5,1.67,2.35,1.67,2.51,1.59,2.37,20240711
31,London,Wimbledon,2024-07-11,Grand Slam,Outdoor,Grass,Semifinals,3,Krejcikova B.,Rybakina E.,32.0,4.0,1643.0,6026.0,3.0,6.0,6.0,3.0,6.0,4.0,2.0,1.0,Completed,4.5,1.2,5.61,1.18,5.66,1.23,4.95,1.18,20240711
31,London,Wimbledon,2024-07-13,Grand Slam,Outdoor,Grass,The Final,3,Krejcikova B.,Paolini J.,32.0,7.0,1643.0,4228.0,6.0,2.0,2.0,6.0,6.0,4.0,2.0,1.0,Completed,1.73,2.2,1.79,2.15,1.8,2.25,1.74,2.13,20240713
32,Budapest,Budapest Open,2024-07-15,WTA250,Outdoor,Clay,1st Round,3,Lamens S.,Gracheva V.,137.0,72.0,556.0,920.0,6.0,3.0,6.0,0.0,,,2.0,0.0,Completed,3.2,1.36,3.02,1.42,3.2,1.44,2.91,1.39,20240715
32,Budapest,Budapest Open,2024-07-15,WTA250,Outdoor,Clay,1st Round,3,Avanesyan E.,Frech M.,75.0,56.0,905.0,1049.0,7.0,6.0,6.0,4.0,,,2.0,0.0,Completed,1.67,2.2,1.69,2.26,1.7,2.28,1.65,2.21,20240715
32,Budapest,Budapest Open,2024-07-15,WTA250,Outdoor,Clay,1st Round,3,Monnet C.,Toth A.,221.0,371.0,339.0,164.0,6.0,1.0,6.0,1.0,,,2.0,0.0,Completed,2.0,1.8,2.25,1.7,2.25,1.8,2.06,1.74,20240715
32,Budapest,Budapest Open,2024-07-15,WTA250,Outdoor,Clay,1st Round,3,Masarova R.,Szabanin N.,117.0,572.0,622.0,80.0,6.0,2.0,6.0,3.0,,,2.0,0.0,Completed,1.1,7.0,1.13,6.75,1.13,8.0,1.1,6.69,20240715
32,Budapest,Budapest Open,2024-07-15,WTA250,Outdoor,Clay,1st Round,3,Schmiedlova A.,Rakhimova K.,79.0,104.0,880.0,706.0,3.0,6.0,6.0,4.0,6.0,0.0,2.0,1.0,Completed,1.62,2.3,1.74,2.19,1.74,2.38,1.62,2.26,20240715
32,Budapest,Budapest Open,2024-07-15,WTA250,Outdoor,Clay,1st Round,3,Sorribes Tormo S.,Topalova G.,59.0,234.0,995.0,320.0,4.0,6.0,6.0,3.0,7.0,5.0,2.0,1.0,Completed,1.11,6.5,1.13,6.93,1.13,6.93,1.11,6.19,20240715
32,Budapest,Budapest Open,2024-07-15,WTA250,Outdoor,Clay,1st Round,3,Timofeeva M.,Waltert S.,103.0,248.0,722.0,301.0,7.0,5.0,7.0,6.0,,,2.0,0.0,Completed,1.91,1.91,2.05,1.83,2.1,1.91,1.94,1.83,20240715
32,Budapest,Budapest Open,2024-07-15,WTA250,Outdoor,Clay,1st Round,3,Sasnovich A.,Tomova V.,134.0,49.0,564.0,1166.0,2.0,6.0,6.0,2.0,6.0,4.0,2.0,1.0,Completed,2.63,1.5,2.61,1.54,2.8,1.56,2.58,1.49,20240715
32,Budapest,Budapest Open,2024-07-16,WTA250,Outdoor,Clay,1st Round,3,Makarova E.,Babos T.,183.0,259.0,402.0,280.0,6.0,3.0,6.0,1.0,,,2.0,0.0,Completed,2.5,1.53,2.62,1.53,2.85,1.54,2.54,1.5,20240716
32,Budapest,Budapest Open,2024-07-16,WTA250,Outdoor,Clay,1st Round,3,Lys E.,Podoroska N.,129.0,71.0,584.0,923.0,6.0,3.0,6.0,0.0,,,2.0,0.0,Completed,1.8,2.0,1.81,2.07,1.81,2.15,1.76,2.03,20240716
32,Budapest,Budapest Open,2024-07-16,WTA250,Outdoor,Clay,1st Round,3,Sramkova R.,Bulgaru M.,109.0,206.0,679.0,356.0,6.0,3.0,4.0,6.0,6.0,4.0,2.0,1.0,Completed,1.4,3.0,1.42,3.03,1.45,3.05,1.39,2.92,20240716
32,Budapest,Budapest Open,2024-07-16,WTA250,Outdoor,Clay,1st Round,3,Pera B.,Korpatsch T.,82.0,89.0,872.0,831.0,7.0,5.0,2.0,6.0,6.0,2.0,2.0,1.0,Completed,1.36,3.2,1.39,3.18,1.4,3.3,1.35,3.13,20240716
32,Budapest,Budapest Open,2024-07-16,WTA250,Outdoor,Clay,1st Round,3,Shnaider D.,Stollar F.,28.0,280.0,1795.0,239.0,6.0,3.0,3.0,6.0,6.0,4.0,2.0,1.0,Completed,1.1,7.0,1.1,8.39,1.1,8.39,1.09,7.17,20240716
32,Budapest,Budapest Open,2024-07-16,WTA250,Outdoor,Clay,1st Round,3,Seidel E.,Uchijima M.,166.0,69.0,446.0,930.0,6.0,1.0,1.0,0.0,,,1.0,0.0,Retired,3.0,1.4,3.04,1.4,3.15,1.41,2.95,1.38,20240716
32,Budapest,Budapest Open,2024-07-16,WTA250,Outdoor,Clay,1st Round,3,Wang Xiy.,Todoni A.,54.0,118.0,1075.0,621.0,7.0,6.0,7.0,5.0,,,2.0,0.0,Completed,2.2,1.67,2.15,1.76,2.2,1.86,2.09,1.72,20240716
32,Budapest,Budapest Open,2024-07-16,WTA250,Outdoor,Clay,1st Round,3,Bondar A.,Danilovic O.,98.0,150.0,759.0,509.0,7.0,6.0,6.0,4.0,,,2.0,0.0,Completed,2.63,1.5,2.67,1.52,2.68,1.57,2.52,1.51,20240716
32,Budapest,Budapest Open,2024-07-17,WTA250,Outdoor,Clay,2nd Round,3,Sasnovich A.,Timofeeva M.,134.0,103.0,564.0,722.0,6.0,3.0,6.0,4.0,,,2.0,0.0,Completed,1.67,2.2,1.63,2.4,1.69,2.4,1.63,2.25,20240717
32,Budapest,Budapest Open,2024-07-17,WTA250,Outdoor,Clay,2nd Round,3,Lamens S.,Monnet C.,137.0,221.0,556.0,339.0,6.0,4.0,6.0,0.0,,,2.0,0.0,Completed,1.29,3.75,1.32,3.65,1.32,3.75,1.29,3.52,20240717
32,Budapest,Budapest Open,2024-07-17,WTA250,Outdoor,Clay,2nd Round,3,Avanesyan E.,Masarova R.,75.0,117.0,905.0,622.0,2.0,6.0,7.0,5.0,6.0,1.0,2.0,1.0,Completed,1.44,2.75,1.51,2.74,1.5,2.94,1.44,2.73,20240717
32,Budapest,Budapest Open,2024-07-17,WTA250,Outdoor,Clay,2nd Round,3,Schmiedlova A.,Sorribes Tormo S.,79.0,59.0,880.0,995.0,2.0,6.0,6.0,2.0,6.0,2.0,2.0,1.0,Completed,2.3,1.62,2.37,1.65,2.38,1.7,2.28,1.61,20240717
32,Budapest,Budapest Open,2024-07-18,WTA250,Outdoor,Clay,2nd Round,3,Lys E.,Pera B.,129.0,82.0,584.0,872.0,7.0,6.0,4.0,1.0,,,1.0,0.0,Retired,2.38,1.57,2.33,1.65,2.38,1.68,2.27,1.61,20240718
32,Budapest,Budapest Open,2024-07-18,WTA250,Outdoor,Clay,2nd Round,3,Sramkova R.,Wang Xiy.,109.0,54.0,679.0,1075.0,7.0,6.0,6.0,3.0,,,2.0,0.0,Completed,2.3,1.62,2.27,1.7,2.48,1.7,2.3,1.61,20240718
32,Budapest,Budapest Open,2024-07-18,WTA250,Outdoor,Clay,2nd Round,3,Shnaider D.,Makarova E.,28.0,183.0,1795.0,402.0,6.0,3.0,6.0,3.0,,,2.0,0.0,Completed,1.08,8.0,1.1,8.68,1.1,8.68,1.08,7.34,20240718
32,Budapest,Budapest Open,2024-07-18,WTA250,Outdoor,Clay,2nd Round,3,Seidel E.,Bondar A.,166.0,98.0,446.0,759.0,7.0,5.0,7.0,5.0,,,2.0,0.0,Completed,2.5,1.53,2.67,1.53,2.77,1.58,2.49,1.52,20240718
32,Budapest,Budapest Open,2024-07-19,WTA250,Outdoor,Clay,Quarterfinals,3,Sasnovich A.,Lamens S.,134.0,137.0,564.0,556.0,6.0,4.0,2.0,6.0,6.0,4.0,2.0,1.0,Completed,1.91,1.91,1.87,2.04,1.91,2.1,1.84,1.95,20240719
32,Budapest,Budapest Open,2024-07-19,WTA250,Outdoor,Clay,Quarterfinals,3,Schmiedlova A.,Avanesyan E.,79.0,75.0,880.0,905.0,2.0,6.0,6.0,3.0,6.0,2.0,2.0,1.0,Completed,2.63,1.5,2.55,1.58,2.63,1.59,2.46,1.54,20240719
32,Budapest,Budapest Open,2024-07-19,WTA250,Outdoor,Clay,Quarterfinals,3,Shnaider D.,Seidel E.,28.0,166.0,1795.0,446.0,6.0,4.0,6.0,2.0,,,2.0,0.0,Completed,1.17,5.0,1.19,5.55,1.19,5.57,1.16,5.06,20240719
32,Budapest,Budapest Open,2024-07-19,WTA250,Outdoor,Clay,Quarterfinals,3,Lys E.,Sramkova R.,129.0,109.0,584.0,679.0,4.0,6.0,6.0,3.0,7.0,6.0,2.0,1.0,Completed,1.62,2.3,1.66,2.36,1.67,2.42,1.61,2.28,20240719
32,Budapest,Budapest Open,2024-07-20,WTA250,Outdoor,Clay,Semifinals,3,Sasnovich A.,Schmiedlova A.,134.0,79.0,564.0,880.0,6.0,3.0,3.0,6.0,7.0,5.0,2.0,1.0,Completed,2.0,1.8,2.09,1.83,2.1,2.06,1.99,1.8,20240720
32,Budapest,Budapest Open,2024-07-20,WTA250,Outdoor,Clay,Semifinals,3,Shnaider D.,Lys E.,28.0,129.0,1795.0,584.0,6.0,3.0,6.0,3.0,,,2.0,0.0,Completed,1.33,3.4,1.32,3.72,1.34,3.73,1.31,3.36,20240720
32,Budapest,Budapest Open,2024-07-21,WTA250,Outdoor,Clay,The Final,3,Shnaider D.,Sasnovich A.,28.0,134.0,1795.0,564.0,6.0,4.0,6.0,4.0,,,2.0,0.0,Completed,1.22,4.33,1.21,4.99,1.24,4.99,1.21,4.36,20240721
33,Palermo,Internazionali Femminili di Palermo,2024-07-15,WTA250,Outdoor,Clay,1st Round,3,Noha Akugue N.,Barthel M.,197.0,202.0,383.0,370.0,6.0,4.0,2.0,6.0,6.0,2.0,2.0,1.0,Completed,1.67,2.2,1.86,2.01,2.1,2.31,1.82,1.98,20240715
33,Palermo,Internazionali Femminili di Palermo,2024-07-15,WTA250,Outdoor,Clay,1st Round,3,Sharma A.,Blinkova A.,151.0,74.0,497.0,910.0,6.0,0.0,7.0,5.0,,,2.0,0.0,Completed,2.3,1.62,2.34,1.65,2.38,1.68,2.28,1.61,20240715
33,Palermo,Internazionali Femminili di Palermo,2024-07-15,WTA250,Outdoor,Clay,1st Round,3,Teichmann J.,Ristic M.,211.0,301.0,348.0,218.0,6.0,1.0,6.0,1.0,,,2.0,0.0,Completed,1.22,4.33,1.22,4.74,1.24,4.74,1.2,4.35,20240715
33,Palermo,Internazionali Femminili di Palermo,2024-07-15,WTA250,Outdoor,Clay,1st Round,3,Muchova K.,Kawa K.,35.0,192.0,1618.0,389.0,7.0,6.0,5.0,1.0,,,1.0,0.0,Retired,1.17,5.0,1.18,5.36,1.23,5.47,1.17,4.82,20240715
33,Palermo,Internazionali Femminili di Palermo,2024-07-15,WTA250,Outdoor,Clay,1st Round,3,Begu I.,Bassols M.,142.0,121.0,536.0,615.0,6.0,0.0,6.0,0.0,,,2.0,0.0,Completed,1.17,5.0,1.15,6.05,1.2,6.05,1.15,5.29,20240715
33,Palermo,Internazionali Femminili di Palermo,2024-07-16,WTA250,Outdoor,Clay,1st Round,3,Carle M.,Maria T.,93.0,60.0,801.0,994.0,5.0,7.0,6.0,1.0,6.0,1.0,2.0,1.0,Completed,1.5,2.63,1.44,2.94,1.54,2.94,1.46,2.68,20240716
33,Palermo,Internazionali Femminili di Palermo,2024-07-16,WTA250,Outdoor,Clay,1st Round,3,Paquet C.,Zheng S.,115.0,1332.0,647.0,4.0,6.0,3.0,6.0,3.0,,,2.0,0.0,Completed,1.06,10.0,1.1,8.12,1.1,10.0,1.07,8.41,20240716
33,Palermo,Internazionali Femminili di Palermo,2024-07-16,WTA250,Outdoor,Clay,1st Round,3,Rus A.,Trevisan M.,62.0,77.0,969.0,903.0,6.0,7.0,6.0,4.0,6.0,2.0,2.0,1.0,Completed,2.0,1.8,2.05,1.83,2.08,1.83,2.0,1.79,20240716
33,Palermo,Internazionali Femminili di Palermo,2024-07-16,WTA250,Outdoor,Clay,1st Round,3,Parry D.,Gadecki O.,58.0,168.0,1019.0,442.0,4.0,6.0,6.0,4.0,6.0,4.0,2.0,1.0,Completed,1.53,2.5,1.52,2.68,1.54,2.75,1.5,2.57,20240716
33,Palermo,Internazionali Femminili di Palermo,2024-07-16,WTA250,Outdoor,Clay,1st Round,3,Tomljanovic A.,Sherif M.,133.0,67.0,566.0,935.0,3.0,6.0,7.0,5.0,6.0,3.0,2.0,1.0,Completed,2.63,1.5,2.72,1.5,2.77,1.51,2.66,1.46,20240716
33,Palermo,Internazionali Femminili di Palermo,2024-07-16,WTA250,Outdoor,Clay,1st Round,3,Martic P.,Arango E.,99.0,120.0,751.0,616.0,6.0,2.0,6.0,3.0,,,2.0,0.0,Completed,1.53,2.5,1.61,2.42,1.63,2.6,1.55,2.41,20240716
33,Palermo,Internazionali Femminili di Palermo,2024-07-16,WTA250,Outdoor,Clay,1st Round,3,Zheng Q.,Errani S.,7.0,96.0,4055.0,783.0,6.0,3.0,6.0,2.0,,,2.0,0.0,Completed,1.14,5.5,1.14,6.5,1.17,6.5,1.13,5.65,20240716
33,Palermo,Internazionali Femminili di Palermo,2024-07-16,WTA250,Outdoor,Clay,1st Round,3,Li A.,Stearns P.,127.0,52.0,592.0,1082.0,3.0,6.0,7.0,6.0,6.0,2.0,2.0,1.0,Completed,2.63,1.5,2.59,1.54,2.75,1.58,2.48,1.52,20240716
33,Palermo,Internazionali Femminili di Palermo,2024-07-16,WTA250,Outdoor,Clay,1st Round,3,Bronzetti L.,Jacquemot E.,70.0,145.0,928.0,530.0,7.0,5.0,3.0,6.0,6.0,3.0,2.0,1.0,Completed,1.5,2.63,1.57,2.52,1.57,2.63,1.52,2.48,20240716
33,Palermo,Internazionali Femminili di Palermo,2024-07-16,WTA250,Outdoor,Clay,1st Round,3,Cristian J.,Riera J.,66.0,113.0,936.0,650.0,6.0,3.0,6.0,2.0,,,2.0,0.0,Completed,1.62,2.3,1.6,2.44,1.63,2.44,1.59,2.31,20240716
33,Palermo,Internazionali Femminili di Palermo,2024-07-17,WTA250,Outdoor,Clay,1st Round,3,Andreeva E.,Semenistaja D.,92.0,122.0,804.0,601.0,6.0,1.0,6.0,2.0,,,2.0,0.0,Completed,1.53,2.5,1.6,2.46,1.6,2.62,1.55,2.41,20240717
33,Palermo,Internazionali Femminili di Palermo,2024-07-17,WTA250,Outdoor,Clay,2nd Round,3,Begu I.,Rus A.,142.0,62.0,536.0,969.0,6.0,2.0,7.0,5.0,,,2.0,0.0,Completed,1.5,2.63,1.48,2.82,1.5,2.87,1.46,2.68,20240717
33,Palermo,Internazionali Femminili di Palermo,2024-07-17,WTA250,Outdoor,Clay,2nd Round,3,Parry D.,Teichmann J.,58.0,211.0,1019.0,348.0,6.0,2.0,6.0,7.0,6.0,2.0,2.0,1.0,Completed,1.8,2.0,1.8,2.11,1.8,2.16,1.75,2.05,20240717
33,Palermo,Internazionali Femminili di Palermo,2024-07-17,WTA250,Outdoor,Clay,2nd Round,3,Muchova K.,Noha Akugue N.,35.0,197.0,1618.0,383.0,6.0,7.0,6.0,2.0,6.0,3.0,2.0,1.0,Completed,1.14,5.5,1.15,6.49,1.17,6.49,1.14,5.64,20240717
33,Palermo,Internazionali Femminili di Palermo,2024-07-17,WTA250,Outdoor,Clay,2nd Round,3,Sharma A.,Tomljanovic A.,151.0,133.0,497.0,566.0,6.0,4.0,3.0,6.0,6.0,1.0,2.0,1.0,Completed,2.5,1.53,2.79,1.49,2.81,1.53,2.61,1.48,20240717
33,Palermo,Internazionali Femminili di Palermo,2024-07-18,WTA250,Outdoor,Clay,2nd Round,3,Li A.,Andreeva E.,127.0,92.0,592.0,804.0,6.0,3.0,4.0,6.0,6.0,4.0,2.0,1.0,Completed,2.0,1.8,1.94,1.94,2,1.96,1.87,1.91,20240718
33,Palermo,Internazionali Femminili di Palermo,2024-07-18,WTA250,Outdoor,Clay,2nd Round,3,Paquet C.,Carle M.,115.0,93.0,647.0,801.0,6.0,3.0,6.0,1.0,,,2.0,0.0,Completed,3.0,1.4,3.14,1.41,3.16,1.45,2.96,1.38,20240718
33,Palermo,Internazionali Femminili di Palermo,2024-07-18,WTA250,Outdoor,Clay,2nd Round,3,Cristian J.,Bronzetti L.,66.0,70.0,936.0,928.0,6.0,3.0,6.0,2.0,,,2.0,0.0,Completed,1.53,2.5,1.61,2.45,1.73,2.5,1.6,2.31,20240718
33,Palermo,Internazionali Femminili di Palermo,2024-07-18,WTA250,Outdoor,Clay,2nd Round,3,Zheng Q.,Martic P.,7.0,99.0,4055.0,751.0,6.0,4.0,6.0,4.0,,,2.0,0.0,Completed,1.2,4.5,1.21,4.93,1.22,4.93,1.2,4.46,20240718
33,Palermo,Internazionali Femminili di Palermo,2024-07-19,WTA250,Outdoor,Clay,Quarterfinals,3,Parry D.,Paquet C.,58.0,115.0,1019.0,647.0,7.0,5.0,1.0,6.0,6.0,4.0,2.0,1.0,Completed,1.36,3.2,1.36,3.44,1.42,3.44,1.35,3.17,20240719
33,Palermo,Internazionali Femminili di Palermo,2024-07-19,WTA250,Outdoor,Clay,Quarterfinals,3,Begu I.,Li A.,142.0,127.0,536.0,592.0,6.0,3.0,6.0,4.0,,,2.0,0.0,Completed,1.36,3.2,1.34,3.56,1.36,3.56,1.32,3.3,20240719
33,Palermo,Internazionali Femminili di Palermo,2024-07-19,WTA250,Outdoor,Clay,Quarterfinals,3,Zheng Q.,Cristian J.,7.0,66.0,4055.0,936.0,6.0,1.0,6.0,1.0,,,2.0,0.0,Completed,1.33,3.4,1.36,3.47,1.37,3.47,1.34,3.23,20240719
33,Palermo,Internazionali Femminili di Palermo,2024-07-19,WTA250,Outdoor,Clay,Quarterfinals,3,Muchova K.,Sharma A.,35.0,151.0,1618.0,497.0,7.0,6.0,7.0,6.0,,,2.0,0.0,Completed,1.4,3.0,1.39,3.26,1.4,3.26,1.37,3.05,20240719
33,Palermo,Internazionali Femminili di Palermo,2024-07-20,WTA250,Outdoor,Clay,Semifinals,3,Zheng Q.,Parry D.,7.0,58.0,4055.0,1019.0,7.0,5.0,6.0,4.0,,,2.0,0.0,Completed,1.25,4.0,1.25,4.46,1.29,4.46,1.24,3.93,20240720
33,Palermo,Internazionali Femminili di Palermo,2024-07-20,WTA250,Outdoor,Clay,Semifinals,3,Muchova K.,Begu I.,35.0,142.0,1618.0,536.0,6.0,1.0,6.0,1.0,,,2.0,0.0,Completed,2.2,1.67,2.15,1.79,2.2,1.83,2.1,1.72,20240720
33,Palermo,Internazionali Femminili di Palermo,2024-07-21,WTA250,Outdoor,Clay,The Final,3,Zheng Q.,Muchova K.,7.0,35.0,4055.0,1618.0,6.0,4.0,4.0,6.0,6.0,2.0,2.0,1.0,Completed,1.57,2.38,1.67,2.35,1.67,2.38,1.6,2.3,20240721
34,Iasi,Iasi Open,2024-07-21,WTA250,Outdoor,Clay,1st Round,3,Ruse E.G.,Tikhonova A.,147.0,198.0,510.0,383.0,6.0,3.0,5.0,7.0,6.0,1.0,2.0,1.0,Completed,1.14,5.5,1.13,6.7,1.14,6.7,1.12,5.83,20240721
34,Iasi,Iasi Open,2024-07-21,WTA250,Outdoor,Clay,1st Round,3,Bassols M.,Bara I.,122.0,221.0,602.0,334.0,6.0,2.0,6.0,3.0,,,2.0,0.0,Completed,1.73,2.1,1.79,2.11,1.79,2.21,1.74,2.05,20240721
34,Iasi,Iasi Open,2024-07-21,WTA250,Outdoor,Clay,1st Round,3,Danilovic O.,Blinkova A.,148.0,72.0,509.0,910.0,6.0,2.0,5.0,7.0,6.0,1.0,2.0,1.0,Completed,1.5,2.63,1.51,2.68,1.52,2.75,1.48,2.59,20240721
34,Iasi,Iasi Open,2024-07-21,WTA250,Outdoor,Clay,1st Round,3,Bulgaru M.,Maria T.,203.0,59.0,369.0,994.0,6.0,4.0,6.0,2.0,,,2.0,0.0,Completed,2.0,1.8,2.11,1.79,2.13,1.82,2.02,1.76,20240721
34,Iasi,Iasi Open,2024-07-21,WTA250,Outdoor,Clay,1st Round,3,Andreeva M.,Noha Akugue N.,32.0,169.0,1748.0,430.0,6.0,1.0,6.0,2.0,,,2.0,0.0,Completed,1.06,10.0,1.08,10.12,1.08,14.76,1.05,9.44,20240721
34,Iasi,Iasi Open,2024-07-22,WTA250,Outdoor,Clay,1st Round,3,Avanesyan E.,Romero Gormaz L.,76.0,179.0,899.0,418.0,6.0,1.0,6.0,2.0,,,2.0,0.0,Completed,1.25,4.0,1.27,4.05,1.33,4.38,1.25,3.82,20240722
34,Iasi,Iasi Open,2024-07-22,WTA250,Outdoor,Clay,1st Round,3,Paquet C.,Carle M.,106.0,89.0,693.0,816.0,6.0,4.0,6.0,2.0,,,2.0,0.0,Completed,2.3,1.62,2.33,1.65,2.4,1.71,2.28,1.6,20240722
34,Iasi,Iasi Open,2024-07-22,WTA250,Outdoor,Clay,1st Round,3,Martic P.,Parrizas Diaz N.,97.0,137.0,768.0,535.0,6.0,4.0,6.0,4.0,,,2.0,0.0,Completed,1.5,2.63,1.45,2.9,1.5,2.9,1.45,2.69,20240722
34,Iasi,Iasi Open,2024-07-22,WTA250,Outdoor,Clay,1st Round,3,Waltert S.,Makarova E.,249.0,178.0,290.0,420.0,6.0,2.0,6.0,2.0,,,2.0,0.0,Completed,1.25,4.0,1.28,3.9,1.28,4.12,1.25,3.79,20240722
34,Iasi,Iasi Open,2024-07-22,WTA250,Outdoor,Clay,1st Round,3,Todoni A.,Falei A.,119.0,199.0,610.0,382.0,5.0,0.0,,,,,0.0,0.0,Retired,1.25,4.0,1.27,4.1,1.3,4.4,1.24,3.87,20240722
34,Iasi,Iasi Open,2024-07-22,WTA250,Outdoor,Clay,1st Round,3,Janicijevic S.,Topalova G.,188.0,229.0,393.0,320.0,6.0,1.0,6.0,2.0,,,2.0,0.0,Completed,1.53,2.5,1.54,2.61,1.54,2.65,1.5,2.51,20240722
34,Iasi,Iasi Open,2024-07-22,WTA250,Outdoor,Clay,1st Round,3,Bondar A.,Benoit M.,99.0,250.0,759.0,286.0,6.0,3.0,6.0,1.0,,,2.0,0.0,Completed,1.67,2.2,1.67,2.31,1.67,2.31,1.64,2.22,20240722
34,Iasi,Iasi Open,2024-07-22,WTA250,Outdoor,Clay,1st Round,3,Boskovic L.,Timofeeva M.,202.0,160.0,371.0,460.0,7.0,5.0,6.0,1.0,,,2.0,0.0,Completed,2.5,1.53,2.73,1.5,2.75,1.57,2.54,1.5,20240722
34,Iasi,Iasi Open,2024-07-22,WTA250,Outdoor,Clay,1st Round,3,Lepchenko V.,Trevisan M.,187.0,74.0,393.0,903.0,5.0,7.0,6.0,4.0,6.0,3.0,2.0,1.0,Completed,2.75,1.44,2.95,1.44,2.95,1.5,2.79,1.42,20240722
34,Iasi,Iasi Open,2024-07-22,WTA250,Outdoor,Clay,1st Round,3,Cristian J.,Brancaccio N.,61.0,251.0,975.0,285.0,6.0,2.0,6.0,4.0,,,2.0,0.0,Completed,1.33,3.4,1.28,3.99,1.33,4.01,1.28,3.63,20240722
34,Iasi,Iasi Open,2024-07-23,WTA250,Outdoor,Clay,2nd Round,3,Janicijevic S.,Bulgaru M.,188.0,203.0,393.0,369.0,6.0,2.0,7.0,6.0,,,2.0,0.0,Completed,1.8,2.0,1.84,2.06,1.85,2.06,1.8,1.98,20240723
34,Iasi,Iasi Open,2024-07-23,WTA250,Outdoor,Clay,2nd Round,3,Paquet C.,Waltert S.,106.0,249.0,693.0,290.0,6.0,1.0,7.0,5.0,,,2.0,0.0,Completed,1.8,2.0,1.93,1.96,1.93,2.02,1.84,1.94,20240723
34,Iasi,Iasi Open,2024-07-23,WTA250,Outdoor,Clay,2nd Round,3,Bondar A.,Bassols M.,99.0,122.0,759.0,602.0,7.0,5.0,6.0,4.0,,,2.0,0.0,Completed,1.36,3.2,1.37,3.36,1.4,3.53,1.34,3.2,20240723
34,Iasi,Iasi Open,2024-07-23,WTA250,Outdoor,Clay,2nd Round,3,Avanesyan E.,Martic P.,76.0,97.0,899.0,768.0,6.0,2.0,5.0,7.0,6.0,4.0,2.0,1.0,Completed,1.57,2.38,1.56,2.58,1.67,2.63,1.56,2.39,20240723
34,Iasi,Iasi Open,2024-07-23,WTA250,Outdoor,Clay,2nd Round,3,Danilovic O.,Todoni A.,148.0,119.0,509.0,610.0,6.0,1.0,6.0,1.0,,,2.0,0.0,Completed,1.8,2.0,1.81,2.09,1.82,2.11,1.76,2.04,20240723
34,Iasi,Iasi Open,2024-07-23,WTA250,Outdoor,Clay,2nd Round,3,Boskovic L.,Lepchenko V.,202.0,187.0,371.0,393.0,6.0,3.0,6.0,4.0,,,2.0,0.0,Completed,2.2,1.67,2.12,1.79,2.22,1.79,2.11,1.71,20240723
34,Iasi,Iasi Open,2024-07-23,WTA250,Outdoor,Clay,2nd Round,3,Andreeva M.,Sasnovich A.,32.0,104.0,1748.0,725.0,6.0,1.0,6.0,3.0,,,2.0,0.0,Completed,1.14,5.5,1.15,6.31,1.17,6.4,1.13,5.66,20240723
34,Iasi,Iasi Open,2024-07-23,WTA250,Outdoor,Clay,2nd Round,3,Cristian J.,Ruse E.G.,61.0,147.0,975.0,510.0,6.0,4.0,6.0,7.0,6.0,2.0,2.0,1.0,Completed,1.73,2.1,1.78,2.15,1.78,2.16,1.72,2.09,20240723
34,Iasi,Iasi Open,2024-07-24,WTA250,Outdoor,Clay,Quarterfinals,3,Andreeva M.,Boskovic L.,32.0,202.0,1748.0,371.0,6.0,2.0,6.0,0.0,,,2.0,0.0,Completed,1.04,13.0,1.07,12.22,1.07,13.0,1.05,9.93,20240724
34,Iasi,Iasi Open,2024-07-24,WTA250,Outdoor,Clay,Quarterfinals,3,Danilovic O.,Bondar A.,148.0,99.0,509.0,759.0,7.0,5.0,6.0,2.0,,,2.0,0.0,Completed,1.44,2.75,1.45,2.99,1.46,2.99,1.42,2.8,20240724
34,Iasi,Iasi Open,2024-07-24,WTA250,Outdoor,Clay,Quarterfinals,3,Paquet C.,Janicijevic S.,106.0,188.0,693.0,393.0,0.0,6.0,6.0,2.0,6.0,1.0,2.0,1.0,Completed,1.62,2.3,1.64,2.41,1.64,2.42,1.59,2.31,20240724
34,Iasi,Iasi Open,2024-07-25,WTA250,Outdoor,Clay,Quarterfinals,3,Avanesyan E.,Cristian J.,76.0,61.0,899.0,975.0,7.0,5.0,6.0,4.0,,,2.0,0.0,Completed,1.8,2.0,1.81,2.12,1.81,2.12,1.77,2.06,20240725
34,Iasi,Iasi Open,2024-07-25,WTA250,Outdoor,Clay,Semifinals,3,Andreeva M.,Danilovic O.,32.0,148.0,1748.0,509.0,3.0,6.0,6.0,3.0,7.0,6.0,2.0,1.0,Completed,1.25,4.0,1.26,4.3,1.27,4.53,1.24,3.97,20240725
34,Iasi,Iasi Open,2024-07-25,WTA250,Outdoor,Clay,Semifinals,3,Avanesyan E.,Paquet C.,76.0,106.0,899.0,693.0,6.0,2.0,6.0,3.0,,,2.0,0.0,Completed,1.36,3.2,1.38,3.3,1.38,3.5,1.34,3.22,20240725
34,Iasi,Iasi Open,2024-07-26,WTA250,Outdoor,Clay,The Final,3,Andreeva M.,Avanesyan E.,32.0,76.0,1748.0,899.0,5.0,7.0,7.0,5.0,4.0,0.0,1.0,1.0,Retired,1.36,3.2,1.41,3.14,1.41,3.2,1.38,2.98,20240726
35,Prague,Prague Open,2024-07-21,WTA250,Outdoor,Clay,1st Round,3,Jacquemot E.,Bouzas Maneiro J.,142.0,81.0,530.0,851.0,6.0,3.0,6.0,4.0,,,2.0,0.0,Completed,2.38,1.57,2.39,1.63,2.4,1.67,2.28,1.61,20240721
35,Prague,Prague Open,2024-07-21,WTA250,Outdoor,Clay,1st Round,3,Seidel E.,Podoroska N.,150.0,85.0,503.0,831.0,6.0,4.0,2.0,6.0,6.0,1.0,2.0,1.0,Completed,2.2,1.67,2.16,1.75,2.25,1.75,2.14,1.69,20240721
35,Prague,Prague Open,2024-07-21,WTA250,Outdoor,Clay,1st Round,3,Tomova V.,Jamrichova R.,49.0,545.0,1166.0,89.0,7.0,6.0,6.0,3.0,,,2.0,0.0,Completed,1.3,3.5,1.29,3.84,1.33,3.84,1.3,3.45,20240721
35,Prague,Prague Open,2024-07-21,WTA250,Outdoor,Clay,1st Round,3,Kalinina A.,Bejlek S.,47.0,125.0,1186.0,592.0,7.0,5.0,6.0,7.0,6.0,2.0,2.0,1.0,Completed,1.44,2.75,1.47,2.81,1.52,2.81,1.46,2.66,20240721
35,Prague,Prague Open,2024-07-21,WTA250,Outdoor,Clay,1st Round,3,Masarova R.,Lamens S.,111.0,121.0,650.0,604.0,2.0,6.0,6.0,2.0,7.0,6.0,2.0,1.0,Completed,1.57,2.38,1.65,2.34,1.74,2.45,1.6,2.3,20240721
35,Prague,Prague Open,2024-07-22,WTA250,Outdoor,Clay,1st Round,3,Selekhmeteva O.,Palicova B.,248.0,263.0,291.0,266.0,7.0,5.0,6.0,3.0,,,2.0,0.0,Completed,1.25,4.0,1.24,4.44,1.26,4.53,1.23,4.05,20240722
35,Prague,Prague Open,2024-07-22,WTA250,Outdoor,Clay,1st Round,3,Linette M.,Barthel M.,48.0,193.0,1171.0,386.0,7.0,6.0,6.0,4.0,,,2.0,0.0,Completed,1.25,4.0,1.26,4.42,1.29,4.42,1.24,3.86,20240722
35,Prague,Prague Open,2024-07-22,WTA250,Outdoor,Clay,1st Round,3,Fett J.,Van Uytvanck A.,116.0,245.0,630.0,294.0,6.0,2.0,6.0,2.0,,,2.0,0.0,Completed,2.0,1.8,2.13,1.78,2.13,1.82,2.03,1.75,20240722
35,Prague,Prague Open,2024-07-22,WTA250,Outdoor,Clay,1st Round,3,Siniakova K.,Chirico L.,38.0,228.0,1546.0,321.0,7.0,5.0,4.0,6.0,6.0,3.0,2.0,1.0,Completed,1.17,5.0,1.17,5.57,1.19,5.57,1.16,5.04,20240722
35,Prague,Prague Open,2024-07-22,WTA250,Outdoor,Clay,1st Round,3,Shibahara E.,Korpatsch T.,257.0,92.0,274.0,802.0,7.0,6.0,3.0,6.0,7.0,5.0,2.0,1.0,Completed,2.5,1.53,2.63,1.53,2.63,1.59,2.49,1.52,20240722
35,Prague,Prague Open,2024-07-22,WTA250,Outdoor,Clay,1st Round,3,Samsonova L.,Wurth T.,13.0,461.0,2950.0,122.0,6.0,0.0,6.0,2.0,,,2.0,0.0,Completed,2.1,1.73,2.19,1.74,2.2,1.74,2.12,1.7,20240722
35,Prague,Prague Open,2024-07-22,WTA250,Outdoor,Clay,1st Round,3,Von Deichmann K.,Schmiedlova A.,241.0,70.0,297.0,918.0,6.0,4.0,6.0,4.0,,,2.0,0.0,Completed,4.0,1.25,3.87,1.29,4.3,1.29,3.86,1.25,20240722
35,Prague,Prague Open,2024-07-22,WTA250,Outdoor,Clay,1st Round,3,Salkova D.,Sonmez Z.,135.0,130.0,545.0,568.0,6.0,4.0,6.0,0.0,,,2.0,0.0,Completed,1.91,1.91,2.04,1.84,2.09,1.91,1.97,1.81,20240722
35,Prague,Prague Open,2024-07-22,WTA250,Outdoor,Clay,1st Round,3,Frech M.,Sharma A.,57.0,149.0,1049.0,503.0,6.0,4.0,2.0,6.0,6.0,2.0,2.0,1.0,Completed,1.5,2.63,1.49,2.76,1.53,2.8,1.47,2.63,20240722
35,Prague,Prague Open,2024-07-22,WTA250,Outdoor,Clay,1st Round,3,Noskova L.,Zavatska K.,27.0,174.0,1835.0,425.0,6.0,3.0,6.0,2.0,,,2.0,0.0,Completed,1.17,5.0,1.17,5.62,1.18,5.62,1.16,5.14,20240722
35,Prague,Prague Open,2024-07-22,WTA250,Outdoor,Clay,1st Round,3,Lys E.,Soboleva A.,108.0,231.0,681.0,314.0,6.0,4.0,6.0,3.0,,,2.0,0.0,Completed,1.22,4.33,1.27,4.08,1.27,4.5,1.22,4.17,20240722
35,Prague,Prague Open,2024-07-23,WTA250,Outdoor,Clay,2nd Round,3,Linette M.,Masarova R.,48.0,111.0,1171.0,650.0,6.0,3.0,6.0,4.0,,,2.0,0.0,Completed,1.53,2.5,1.58,2.5,1.62,2.6,1.55,2.39,20240723
35,Prague,Prague Open,2024-07-23,WTA250,Outdoor,Clay,2nd Round,3,Kalinina A.,Jacquemot E.,47.0,142.0,1186.0,530.0,7.0,5.0,3.0,6.0,6.0,2.0,2.0,1.0,Completed,1.4,3.0,1.4,3.1,1.43,3.13,1.38,2.95,20240723
35,Prague,Prague Open,2024-07-23,WTA250,Outdoor,Clay,2nd Round,3,Selekhmeteva O.,Von Deichmann K.,248.0,241.0,291.0,297.0,6.0,1.0,6.0,2.0,,,2.0,0.0,Completed,1.14,5.5,1.16,5.76,1.2,6.23,1.14,5.36,20240723
35,Prague,Prague Open,2024-07-23,WTA250,Outdoor,Clay,2nd Round,3,Frech M.,Salkova D.,57.0,135.0,1049.0,545.0,6.0,4.0,6.0,7.0,2.0,2.0,1.0,1.0,Retired,1.57,2.38,1.59,2.47,1.63,2.47,1.58,2.33,20240723
35,Prague,Prague Open,2024-07-23,WTA250,Outdoor,Clay,2nd Round,3,Tomova V.,Fett J.,49.0,116.0,1166.0,630.0,6.0,3.0,6.0,4.0,,,2.0,0.0,Completed,1.4,3.0,1.49,2.77,1.49,3.0,1.43,2.79,20240723
35,Prague,Prague Open,2024-07-23,WTA250,Outdoor,Clay,2nd Round,3,Samsonova L.,Siniakova K.,13.0,38.0,2950.0,1546.0,1.0,6.0,7.0,5.0,6.0,3.0,2.0,1.0,Completed,4.0,1.25,4.41,1.24,4.5,1.28,4.05,1.23,20240723
35,Prague,Prague Open,2024-07-23,WTA250,Outdoor,Clay,2nd Round,3,Seidel E.,Shibahara E.,150.0,257.0,503.0,274.0,6.0,2.0,7.0,5.0,,,2.0,0.0,Completed,1.36,3.2,1.39,3.17,1.4,3.25,1.36,3.07,20240723
35,Prague,Prague Open,2024-07-23,WTA250,Outdoor,Clay,2nd Round,3,Noskova L.,Lys E.,27.0,108.0,1835.0,681.0,6.0,2.0,2.0,1.0,,,1.0,0.0,Retired,1.4,3.0,1.4,3.11,1.43,3.22,1.38,2.95,20240723
35,Prague,Prague Open,2024-07-24,WTA250,Outdoor,Clay,Quarterfinals,3,Frech M.,Kalinina A.,57.0,47.0,1049.0,1186.0,2.0,6.0,6.0,0.0,6.0,1.0,2.0,1.0,Completed,2.1,1.73,2.33,1.68,2.38,1.73,2.2,1.65,20240724
35,Prague,Prague Open,2024-07-24,WTA250,Outdoor,Clay,Quarterfinals,3,Linette M.,Tomova V.,48.0,49.0,1171.0,1166.0,4.0,6.0,6.0,3.0,6.0,2.0,2.0,1.0,Completed,1.8,2.0,1.77,2.18,1.8,2.18,1.75,2.06,20240724
35,Prague,Prague Open,2024-07-24,WTA250,Outdoor,Clay,Quarterfinals,3,Samsonova L.,Selekhmeteva O.,13.0,248.0,2950.0,291.0,2.0,6.0,6.0,3.0,7.0,5.0,2.0,1.0,Completed,3.5,1.3,3.98,1.3,3.98,1.32,3.6,1.28,20240724
35,Prague,Prague Open,2024-07-24,WTA250,Outdoor,Clay,Quarterfinals,3,Noskova L.,Seidel E.,27.0,150.0,1835.0,503.0,6.0,1.0,6.0,3.0,,,2.0,0.0,Completed,1.17,5.0,1.17,5.97,1.21,5.97,1.16,5.09,20240724
35,Prague,Prague Open,2024-07-25,WTA250,Outdoor,Clay,Semifinals,3,Frech M.,Samsonova L.,57.0,13.0,1049.0,2950.0,3.0,6.0,6.0,0.0,4.0,2.0,1.0,1.0,Retired,1.33,3.4,1.38,3.34,1.38,3.73,1.33,3.26,20240725
35,Prague,Prague Open,2024-07-25,WTA250,Outdoor,Clay,Semifinals,3,Linette M.,Noskova L.,48.0,27.0,1171.0,1835.0,6.0,3.0,3.0,6.0,7.0,6.0,2.0,1.0,Completed,3.2,1.36,3.19,1.41,3.3,1.41,3.21,1.33,20240725
35,Prague,Prague Open,2024-07-26,WTA250,Outdoor,Clay,The Final,3,Linette M.,Frech M.,48.0,57.0,1171.0,1049.0,6.0,2.0,6.0,1.0,,,2.0,0.0,Completed,1.73,2.1,1.72,2.26,1.73,2.26,1.69,2.16,20240726
36,Washington,Citi Open,2024-07-29,WTA500,Outdoor,Hard,1st Round,3,Dolehide C.,Tsurenko L.,49.0,84.0,1100.0,818.0,6.0,1.0,3.0,6.0,6.0,4.0,2.0,1.0,Completed,1.91,1.91,1.96,1.91,2.11,2.0,1.9,1.88,20240729
36,Washington,Citi Open,2024-07-29,WTA500,Outdoor,Hard,1st Round,3,Pavlyuchenkova A.,Krueger A.,33.0,81.0,1717.0,829.0,6.0,3.0,4.0,6.0,6.0,4.0,2.0,1.0,Completed,1.53,2.5,1.6,2.46,1.6,2.53,1.54,2.44,20240729
36,Washington,Citi Open,2024-07-29,WTA500,Outdoor,Hard,1st Round,3,Wang Y.,Pliskova Ka.,73.0,44.0,872.0,1255.0,5.0,7.0,6.0,3.0,6.0,0.0,2.0,1.0,Completed,3.5,1.3,3.64,1.32,3.75,1.32,3.52,1.29,20240729
36,Washington,Citi Open,2024-07-29,WTA500,Outdoor,Hard,1st Round,3,Montgomery R.,Rogers S.,131.0,376.0,554.0,159.0,7.0,5.0,6.0,3.0,,,2.0,0.0,Completed,1.57,2.38,1.55,2.53,1.58,2.55,1.54,2.43,20240729
36,Washington,Citi Open,2024-07-30,WTA500,Outdoor,Hard,1st Round,3,Raducanu E.,Mertens E.,89.0,35.0,799.0,1629.0,6.0,2.0,3.0,6.0,6.0,4.0,2.0,1.0,Completed,1.4,3.0,1.46,2.86,1.48,3.0,1.44,2.75,20240730
36,Washington,Citi Open,2024-07-30,WTA500,Outdoor,Hard,1st Round,3,Anisimova A.,Stephens S.,176.0,45.0,423.0,1217.0,6.0,3.0,7.0,5.0,,,2.0,0.0,Completed,1.53,2.5,1.52,2.66,1.57,2.66,1.52,2.47,20240730
36,Washington,Citi Open,2024-07-30,WTA500,Outdoor,Hard,1st Round,3,Rakhimova K.,Volynets K.,105.0,56.0,706.0,1027.0,6.0,4.0,6.0,3.0,,,2.0,0.0,Completed,3.0,1.4,2.93,1.44,3,1.45,2.84,1.41,20240730
36,Washington,Citi Open,2024-07-30,WTA500,Outdoor,Hard,1st Round,3,Townsend T.,Potapova A.,78.0,42.0,844.0,1295.0,6.0,2.0,6.0,2.0,,,2.0,0.0,Completed,2.38,1.57,2.55,1.56,2.65,1.59,2.43,1.54,20240730
36,Washington,Citi Open,2024-07-30,WTA500,Outdoor,Hard,1st Round,3,Bouzkova M.,Kessler M.,43.0,115.0,1275.0,636.0,6.0,4.0,4.0,6.0,6.0,2.0,2.0,1.0,Completed,1.33,3.4,1.42,3.03,1.42,3.4,1.38,3.01,20240730
36,Washington,Citi Open,2024-07-30,WTA500,Outdoor,Hard,1st Round,3,Azarenka V.,Baptiste H.,20.0,97.0,2159.0,744.0,7.0,6.0,7.0,6.0,,,2.0,0.0,Completed,1.25,4.0,1.26,4.15,1.26,4.15,1.24,3.95,20240730
36,Washington,Citi Open,2024-07-30,WTA500,Outdoor,Hard,1st Round,3,Stearns P.,Ngounoue C.,51.0,299.0,1082.0,222.0,6.0,3.0,7.0,6.0,,,2.0,0.0,Completed,1.33,3.4,1.41,3.09,1.41,3.4,1.35,3.16,20240730
36,Washington,Citi Open,2024-07-31,WTA500,Outdoor,Hard,1st Round,3,Badosa P.,Kenin S.,62.0,54.0,940.0,1061.0,6.0,1.0,7.0,6.0,,,2.0,0.0,Completed,1.3,3.5,1.27,4.01,1.34,4.01,1.29,3.53,20240731
36,Washington,Citi Open,2024-07-31,WTA500,Outdoor,Hard,2nd Round,3,Anisimova A.,Pavlyuchenkova A.,176.0,33.0,423.0,1717.0,6.0,1.0,6.0,7.0,6.0,4.0,2.0,1.0,Completed,1.8,2.0,1.83,2.06,1.87,2.1,1.81,1.98,20240731
36,Washington,Citi Open,2024-07-31,WTA500,Outdoor,Hard,2nd Round,3,Raducanu E.,Stearns P.,89.0,51.0,799.0,1082.0,7.0,6.0,6.0,2.0,,,2.0,0.0,Completed,1.4,3.0,1.37,3.27,1.41,3.27,1.36,3.09,20240731
36,Washington,Citi Open,2024-08-01,WTA500,Outdoor,Hard,2nd Round,3,Sabalenka A.,Rakhimova K.,3.0,105.0,7061.0,706.0,7.0,5.0,4.0,6.0,6.0,4.0,2.0,1.0,Completed,1.06,10.0,1.05,13.37,1.06,13.37,1.05,9.64,20240801
36,Washington,Citi Open,2024-08-01,WTA500,Outdoor,Hard,2nd Round,3,Dolehide C.,Kasatkina D.,49.0,12.0,1100.0,3283.0,2.0,6.0,7.0,5.0,6.0,0.0,2.0,1.0,Completed,3.4,1.33,3.25,1.38,3.5,1.38,3.26,1.33,20240801
36,Washington,Citi Open,2024-08-01,WTA500,Outdoor,Hard,2nd Round,3,Azarenka V.,Wang Y.,20.0,73.0,2159.0,872.0,6.0,1.0,6.0,7.0,6.0,3.0,2.0,1.0,Completed,1.22,4.33,1.24,4.45,1.29,4.5,1.23,4.1,20240801
36,Washington,Citi Open,2024-08-01,WTA500,Outdoor,Hard,2nd Round,3,Badosa P.,Samsonova L.,62.0,13.0,940.0,2950.0,6.0,2.0,,,,,1.0,0.0,Retired,1.91,1.91,1.82,2.07,1.95,2.07,1.82,1.97,20240801
36,Washington,Citi Open,2024-08-01,WTA500,Outdoor,Hard,2nd Round,3,Bouzkova M.,Townsend T.,43.0,78.0,1275.0,844.0,7.0,5.0,7.0,6.0,,,2.0,0.0,Completed,1.8,2.0,1.76,2.14,1.8,2.15,1.73,2.08,20240801
36,Washington,Citi Open,2024-08-02,WTA500,Outdoor,Hard,2nd Round,3,Montgomery R.,Jabeur O.,131.0,16.0,554.0,2631.0,,,,,,,,,Walkover,2.63,1.5,2.66,1.52,2.92,1.52,2.75,1.44,20240802
36,Washington,Citi Open,2024-08-02,WTA500,Outdoor,Hard,Quarterfinals,3,Dolehide C.,Anisimova A.,49.0,176.0,1100.0,423.0,7.0,6.0,6.0,1.0,,,2.0,0.0,Completed,2.75,1.44,2.81,1.5,3,1.51,2.76,1.43,20240802
36,Washington,Citi Open,2024-08-02,WTA500,Outdoor,Hard,Quarterfinals,3,Badosa P.,Raducanu E.,62.0,89.0,940.0,799.0,4.0,6.0,7.0,5.0,6.0,4.0,2.0,1.0,Completed,1.91,1.91,1.98,1.93,1.98,1.95,1.9,1.87,20240802
36,Washington,Citi Open,2024-08-02,WTA500,Outdoor,Hard,Quarterfinals,3,Bouzkova M.,Montgomery R.,43.0,131.0,1275.0,554.0,6.0,3.0,6.0,1.0,,,2.0,0.0,Completed,1.53,2.5,1.58,2.56,1.58,2.75,1.5,2.54,20240802
36,Washington,Citi Open,2024-08-03,WTA500,Outdoor,Hard,Quarterfinals,3,Sabalenka A.,Azarenka V.,3.0,20.0,7061.0,2159.0,6.0,4.0,6.0,4.0,,,2.0,0.0,Completed,1.33,3.4,1.32,3.72,1.36,3.89,1.31,3.4,20240803
36,Washington,Citi Open,2024-08-03,WTA500,Outdoor,Hard,Semifinals,3,Badosa P.,Dolehide C.,62.0,49.0,940.0,1100.0,6.0,3.0,6.0,3.0,,,2.0,0.0,Completed,1.3,3.5,1.27,4.17,1.34,4.25,1.27,3.74,20240803
36,Washington,Citi Open,2024-08-03,WTA500,Outdoor,Hard,Semifinals,3,Bouzkova M.,Sabalenka A.,43.0,3.0,1275.0,7061.0,6.0,4.0,3.0,6.0,6.0,3.0,2.0,1.0,Completed,5.5,1.14,5.76,1.18,5.76,1.19,5.07,1.16,20240803
36,Washington,Citi Open,2024-08-04,WTA500,Outdoor,Hard,The Final,3,Badosa P.,Bouzkova M.,62.0,43.0,940.0,1275.0,6.0,1.0,4.0,6.0,6.0,4.0,2.0,1.0,Completed,1.5,2.63,1.5,2.78,1.5,2.78,1.47,2.64,20240804
37,Toronto,Canadian Open,2024-08-06,WTA1000,Outdoor,Hard,1st Round,3,Kostyuk M.,Maria T.,20.0,67.0,2141.0,914.0,6.0,0.0,6.0,2.0,,,2.0,0.0,Completed,1.1,7.0,1.12,7.52,1.12,7.52,1.1,6.8,20240806
37,Toronto,Canadian Open,2024-08-06,WTA1000,Outdoor,Hard,1st Round,3,Frech M.,Potapova A.,50.0,44.0,1185.0,1295.0,4.0,6.0,6.0,3.0,6.0,0.0,2.0,1.0,Completed,2.2,1.67,2.29,1.69,2.31,1.71,2.21,1.66,20240806
37,Toronto,Canadian Open,2024-08-06,WTA1000,Outdoor,Hard,1st Round,3,Uchijima M.,Tomova V.,63.0,48.0,930.0,1200.0,7.0,6.0,6.0,2.0,,,2.0,0.0,Completed,2.2,1.67,2.49,1.6,2.49,1.68,2.26,1.63,20240806
37,Toronto,Canadian Open,2024-08-06,WTA1000,Outdoor,Hard,1st Round,3,Svitolina E.,Rogers S.,34.0,379.0,1650.0,160.0,6.0,0.0,6.0,2.0,,,2.0,0.0,Completed,1.2,4.5,1.18,5.56,1.2,5.56,1.17,4.97,20240806
37,Toronto,Canadian Open,2024-08-06,WTA1000,Outdoor,Hard,1st Round,3,Wang Y.,Kenin S.,72.0,55.0,903.0,1061.0,7.0,5.0,7.0,6.0,,,2.0,0.0,Completed,1.91,1.91,1.97,1.92,1.97,1.95,1.9,1.89,20240806
37,Toronto,Canadian Open,2024-08-06,WTA1000,Outdoor,Hard,1st Round,3,Azarenka V.,Pavlyuchenkova A.,19.0,29.0,2266.0,1776.0,6.0,2.0,6.0,2.0,,,2.0,0.0,Completed,1.36,3.2,1.38,3.26,1.4,3.37,1.37,3.06,20240806
37,Toronto,Canadian Open,2024-08-06,WTA1000,Outdoor,Hard,1st Round,3,Pliskova Ka.,Podoroska N.,45.0,87.0,1255.0,813.0,6.0,4.0,7.0,6.0,,,2.0,0.0,Completed,1.29,3.75,1.28,4.02,1.33,4.15,1.28,3.62,20240806
37,Toronto,Canadian Open,2024-08-06,WTA1000,Outdoor,Hard,1st Round,3,Townsend T.,Yastremska D.,71.0,27.0,903.0,1823.0,6.0,3.0,3.0,1.0,,,1.0,0.0,Retired,,,2.01,1.87,2.15,1.95,1.93,1.87,20240806
37,Toronto,Canadian Open,2024-08-07,WTA1000,Outdoor,Hard,1st Round,3,Tsurenko L.,Andreescu B.,85.0,175.0,818.0,425.0,0.0,6.0,6.0,3.0,6.0,4.0,2.0,1.0,Completed,4.33,1.22,4.34,1.25,4.34,1.27,4.04,1.23,20240807
37,Toronto,Canadian Open,2024-08-07,WTA1000,Outdoor,Hard,1st Round,3,Kalinskaya A.,Chirico L.,17.0,218.0,2550.0,335.0,6.0,2.0,6.0,3.0,,,2.0,0.0,Completed,1.14,5.5,1.14,6.7,1.14,6.7,1.12,5.92,20240807
37,Toronto,Canadian Open,2024-08-07,WTA1000,Outdoor,Hard,1st Round,3,Minnen G.,Stephens S.,74.0,47.0,878.0,1217.0,6.0,2.0,6.0,2.0,,,2.0,0.0,Completed,2.3,1.62,2.21,1.74,2.3,1.74,2.19,1.66,20240807
37,Toronto,Canadian Open,2024-08-07,WTA1000,Outdoor,Hard,1st Round,3,Mertens E.,Volynets K.,35.0,57.0,1629.0,1027.0,6.0,3.0,6.0,1.0,,,2.0,0.0,Completed,1.73,2.1,1.68,2.3,1.74,2.3,1.68,2.17,20240807
37,Toronto,Canadian Open,2024-08-07,WTA1000,Outdoor,Hard,1st Round,3,Haddad Maia B.,Bouzkova M.,22.0,36.0,2108.0,1587.0,5.0,7.0,6.0,2.0,7.0,6.0,2.0,1.0,Completed,2.1,1.73,2.22,1.73,2.22,1.76,2.13,1.7,20240807
37,Toronto,Canadian Open,2024-08-07,WTA1000,Outdoor,Hard,1st Round,3,Badosa P.,Tauson C.,40.0,62.0,1440.0,932.0,6.0,1.0,6.0,4.0,,,2.0,0.0,Completed,1.3,3.5,1.27,4.11,1.31,4.11,1.27,3.69,20240807
37,Toronto,Canadian Open,2024-08-07,WTA1000,Outdoor,Hard,1st Round,3,Stakusic M.,Andreeva E.,160.0,88.0,471.0,804.0,6.0,7.0,6.0,1.0,6.0,4.0,2.0,1.0,Completed,2.0,1.8,2.12,1.79,2.12,1.81,2.03,1.77,20240807
37,Toronto,Canadian Open,2024-08-07,WTA1000,Outdoor,Hard,1st Round,3,Shnaider D.,Dart H.,24.0,78.0,1930.0,859.0,6.0,3.0,3.0,6.0,7.0,6.0,2.0,1.0,Completed,1.3,3.5,1.3,3.82,1.33,3.82,1.29,3.53,20240807
37,Toronto,Canadian Open,2024-08-07,WTA1000,Outdoor,Hard,1st Round,3,Stearns P.,Blinkova A.,53.0,68.0,1074.0,910.0,6.0,4.0,6.0,3.0,,,2.0,0.0,Completed,1.44,2.75,1.48,2.84,1.5,2.84,1.45,2.71,20240807
37,Toronto,Canadian Open,2024-08-07,WTA1000,Outdoor,Hard,1st Round,3,Anisimova A.,Dolehide C.,132.0,46.0,556.0,1247.0,6.0,1.0,6.0,4.0,,,2.0,0.0,Completed,1.57,2.38,1.6,2.49,1.6,2.49,1.56,2.38,20240807
37,Toronto,Canadian Open,2024-08-07,WTA1000,Outdoor,Hard,1st Round,3,Linette M.,Marino R.,43.0,145.0,1361.0,532.0,6.0,3.0,6.0,4.0,,,2.0,0.0,Completed,1.3,3.5,1.35,3.46,1.4,3.55,1.34,3.25,20240807
37,Toronto,Canadian Open,2024-08-07,WTA1000,Outdoor,Hard,1st Round,3,Osaka N.,Jabeur O.,95.0,16.0,739.0,2631.0,6.0,3.0,6.0,1.0,,,2.0,0.0,Completed,1.5,2.63,1.53,2.66,1.57,2.66,1.51,2.52,20240807
37,Toronto,Canadian Open,2024-08-07,WTA1000,Outdoor,Hard,1st Round,3,Krueger A.,Cocciaretto E.,82.0,61.0,829.0,947.0,6.0,3.0,6.0,2.0,,,2.0,0.0,Completed,1.8,2.0,1.84,2.06,1.9,2.06,1.82,1.98,20240807
37,Toronto,Canadian Open,2024-08-07,WTA1000,Outdoor,Hard,1st Round,3,Boulter K.,Pera B.,33.0,80.0,1676.0,842.0,6.0,4.0,3.0,6.0,6.0,1.0,2.0,1.0,Completed,1.5,2.63,1.57,2.55,1.57,2.65,1.51,2.55,20240807
37,Toronto,Canadian Open,2024-08-07,WTA1000,Outdoor,Hard,1st Round,3,Yuan Y.,Bucsa C.,42.0,60.0,1422.0,984.0,6.0,3.0,6.0,3.0,,,2.0,0.0,Completed,1.53,2.5,1.57,2.55,1.66,2.55,1.57,2.37,20240807
37,Toronto,Canadian Open,2024-08-08,WTA1000,Outdoor,Hard,1st Round,3,Fernandez L.A.,Hibino N.,25.0,159.0,1894.0,471.0,6.0,3.0,5.0,7.0,6.0,1.0,2.0,1.0,Completed,1.25,4.0,,,1.25,5.0,1.24,4.1,20240808
37,Toronto,Canadian Open,2024-08-08,WTA1000,Outdoor,Hard,2nd Round,3,Pegula J.,Pliskova Ka.,6.0,45.0,4515.0,1255.0,7.0,5.0,6.0,4.0,,,2.0,0.0,Completed,1.29,3.75,1.3,3.81,1.35,3.84,1.29,3.56,20240808
37,Toronto,Canadian Open,2024-08-08,WTA1000,Outdoor,Hard,2nd Round,3,Kalinskaya A.,Tsurenko L.,17.0,85.0,2550.0,818.0,6.0,2.0,6.0,2.0,,,2.0,0.0,Completed,1.25,4.0,1.27,4.17,1.27,4.25,1.25,3.94,20240808
37,Toronto,Canadian Open,2024-08-08,WTA1000,Outdoor,Hard,2nd Round,3,Kostyuk M.,Svitolina E.,20.0,34.0,2141.0,1650.0,6.0,2.0,2.0,6.0,6.0,2.0,2.0,1.0,Completed,2.38,1.57,2.37,1.65,2.5,1.65,2.35,1.58,20240808
37,Toronto,Canadian Open,2024-08-08,WTA1000,Outdoor,Hard,2nd Round,3,Shnaider D.,Frech M.,24.0,50.0,1930.0,1185.0,2.0,6.0,6.0,3.0,7.0,6.0,2.0,1.0,Completed,1.53,2.5,1.53,2.65,1.57,2.75,1.52,2.52,20240808
37,Toronto,Canadian Open,2024-08-08,WTA1000,Outdoor,Hard,2nd Round,3,Samsonova L.,Uchijima M.,13.0,63.0,2820.0,930.0,6.0,4.0,6.0,2.0,,,2.0,0.0,Completed,1.3,3.5,1.31,3.78,1.33,3.78,1.3,3.46,20240808
37,Toronto,Canadian Open,2024-08-08,WTA1000,Outdoor,Hard,2nd Round,3,Gauff C.,Wang Y.,2.0,72.0,7703.0,903.0,6.0,4.0,6.0,4.0,,,2.0,0.0,Completed,1.1,7.0,1.09,9.14,1.1,9.22,1.09,7.41,20240808
37,Toronto,Canadian Open,2024-08-08,WTA1000,Outdoor,Hard,2nd Round,3,Townsend T.,Stakusic M.,71.0,160.0,903.0,471.0,6.0,0.0,6.0,2.0,,,2.0,0.0,Completed,1.44,2.75,1.56,2.57,1.61,2.78,1.51,2.55,20240808
37,Toronto,Canadian Open,2024-08-08,WTA1000,Outdoor,Hard,2nd Round,3,Navarro E.,Linette M.,15.0,43.0,2729.0,1361.0,6.0,2.0,6.0,4.0,,,2.0,0.0,Completed,1.3,3.5,1.36,3.4,1.36,3.54,1.33,3.31,20240808
37,Toronto,Canadian Open,2024-08-08,WTA1000,Outdoor,Hard,2nd Round,3,Stearns P.,Keys M.,53.0,14.0,1074.0,2778.0,3.0,6.0,7.0,5.0,3.0,0.0,1.0,1.0,Retired,3.2,1.36,3.13,1.41,3.2,1.43,3.02,1.37,20240808
37,Toronto,Canadian Open,2024-08-08,WTA1000,Outdoor,Hard,2nd Round,3,Krueger A.,Fernandez L.A.,82.0,25.0,829.0,1894.0,6.0,4.0,6.0,2.0,,,2.0,0.0,Completed,2.75,1.44,3.17,1.4,3.17,1.44,2.94,1.39,20240808
37,Toronto,Canadian Open,2024-08-08,WTA1000,Outdoor,Hard,2nd Round,3,Boulter K.,Haddad Maia B.,33.0,22.0,1676.0,2108.0,1.0,1.0,,,,,0.0,0.0,Retired,1.73,2.1,1.79,2.13,1.8,2.13,1.75,2.06,20240808
37,Toronto,Canadian Open,2024-08-08,WTA1000,Outdoor,Hard,2nd Round,3,Anisimova A.,Kasatkina D.,132.0,12.0,556.0,3283.0,6.0,4.0,6.0,3.0,,,2.0,0.0,Completed,1.8,2.0,1.85,2.04,1.87,2.1,1.8,2.0,20240808
37,Toronto,Canadian Open,2024-08-08,WTA1000,Outdoor,Hard,2nd Round,3,Ostapenko J.,Badosa P.,11.0,40.0,3418.0,1440.0,3.0,6.0,7.0,6.0,6.0,2.0,2.0,1.0,Completed,2.75,1.44,2.89,1.47,2.89,1.6,2.67,1.46,20240808
37,Toronto,Canadian Open,2024-08-09,WTA1000,Outdoor,Hard,2nd Round,3,Sabalenka A.,Yuan Y.,3.0,42.0,7256.0,1422.0,6.0,2.0,6.0,2.0,,,2.0,0.0,Completed,1.07,9.0,1.08,10.41,1.08,10.41,1.06,8.78,20240809
37,Toronto,Canadian Open,2024-08-09,WTA1000,Outdoor,Hard,2nd Round,3,Azarenka V.,Minnen G.,19.0,74.0,2266.0,878.0,3.0,6.0,7.0,5.0,6.0,1.0,2.0,1.0,Completed,1.17,5.0,1.17,5.7,1.21,5.7,1.17,4.98,20240809
37,Toronto,Canadian Open,2024-08-09,WTA1000,Outdoor,Hard,2nd Round,3,Mertens E.,Osaka N.,35.0,95.0,1629.0,739.0,6.0,3.0,6.0,4.0,,,2.0,0.0,Completed,3.0,1.4,3.17,1.4,3.17,1.41,2.99,1.38,20240809
37,Toronto,Canadian Open,2024-08-09,WTA1000,Outdoor,Hard,3rd Round,3,Townsend T.,Ostapenko J.,71.0,11.0,903.0,3418.0,6.0,2.0,6.0,1.0,,,2.0,0.0,Completed,2.38,1.57,2.47,1.61,2.5,1.61,2.38,1.56,20240809
37,Toronto,Canadian Open,2024-08-09,WTA1000,Outdoor,Hard,3rd Round,3,Navarro E.,Kostyuk M.,15.0,20.0,2729.0,2141.0,7.0,5.0,7.0,5.0,,,2.0,0.0,Completed,1.62,2.3,1.66,2.38,1.69,2.46,1.61,2.3,20240809
37,Toronto,Canadian Open,2024-08-09,WTA1000,Outdoor,Hard,3rd Round,3,Pegula J.,Krueger A.,6.0,82.0,4515.0,829.0,6.0,2.0,6.0,4.0,,,2.0,0.0,Completed,1.29,3.75,1.27,4.23,1.29,4.23,1.25,3.86,20240809
37,Toronto,Canadian Open,2024-08-09,WTA1000,Outdoor,Hard,3rd Round,3,Anisimova A.,Kalinskaya A.,132.0,17.0,556.0,2550.0,6.0,2.0,,,,,1.0,0.0,Retired,2.38,1.57,2.54,1.58,2.54,1.62,2.41,1.56,20240809
37,Toronto,Canadian Open,2024-08-09,WTA1000,Outdoor,Hard,3rd Round,3,Stearns P.,Azarenka V.,53.0,19.0,1074.0,2266.0,6.0,4.0,4.0,2.0,,,1.0,0.0,Retired,3.2,1.36,3.19,1.41,3.21,1.42,3.04,1.37,20240809
37,Toronto,Canadian Open,2024-08-09,WTA1000,Outdoor,Hard,3rd Round,3,Samsonova L.,Mertens E.,13.0,35.0,2820.0,1629.0,6.0,2.0,6.0,4.0,,,2.0,0.0,Completed,1.73,2.1,1.73,2.24,1.74,2.25,1.7,2.13,20240809
37,Toronto,Canadian Open,2024-08-10,WTA1000,Outdoor,Hard,3rd Round,3,Shnaider D.,Gauff C.,24.0,2.0,1930.0,7703.0,6.0,4.0,6.0,1.0,,,2.0,0.0,Completed,4.5,1.2,5.27,1.2,5.51,1.2,4.7,1.19,20240810
37,Toronto,Canadian Open,2024-08-10,WTA1000,Outdoor,Hard,3rd Round,3,Sabalenka A.,Boulter K.,3.0,33.0,7256.0,1676.0,6.0,3.0,6.0,3.0,,,2.0,0.0,Completed,1.17,5.0,1.17,5.85,1.19,5.9,1.16,5.17,20240810
37,Toronto,Canadian Open,2024-08-10,WTA1000,Outdoor,Hard,Quarterfinals,3,Navarro E.,Townsend T.,15.0,71.0,2729.0,903.0,6.0,3.0,7.0,6.0,,,2.0,0.0,Completed,1.44,2.75,1.47,2.92,1.47,2.92,1.44,2.75,20240810
37,Toronto,Canadian Open,2024-08-10,WTA1000,Outdoor,Hard,Quarterfinals,3,Anisimova A.,Sabalenka A.,132.0,3.0,556.0,7256.0,6.0,4.0,6.0,2.0,,,2.0,0.0,Completed,4.0,1.25,4.42,1.25,4.42,1.29,4.01,1.24,20240810
37,Toronto,Canadian Open,2024-08-11,WTA1000,Outdoor,Hard,Quarterfinals,3,Pegula J.,Stearns P.,6.0,53.0,4515.0,1074.0,6.0,4.0,7.0,5.0,,,2.0,0.0,Completed,1.29,3.75,1.33,3.64,1.33,3.75,1.29,3.52,20240811
37,Toronto,Canadian Open,2024-08-11,WTA1000,Outdoor,Hard,Quarterfinals,3,Shnaider D.,Samsonova L.,24.0,13.0,1930.0,2820.0,4.0,6.0,6.0,1.0,6.0,4.0,2.0,1.0,Completed,2.1,1.73,2.22,1.74,2.28,1.81,2.11,1.72,20240811
37,Toronto,Canadian Open,2024-08-11,WTA1000,Outdoor,Hard,Semifinals,3,Anisimova A.,Navarro E.,132.0,15.0,556.0,2729.0,6.0,3.0,2.0,6.0,6.0,2.0,2.0,1.0,Completed,2.2,1.67,2.3,1.69,2.33,1.72,2.22,1.65,20240811
37,Toronto,Canadian Open,2024-08-11,WTA1000,Outdoor,Hard,Semifinals,3,Pegula J.,Shnaider D.,6.0,24.0,4515.0,1930.0,6.0,4.0,6.0,3.0,,,2.0,0.0,Completed,1.5,2.63,1.58,2.54,1.58,2.7,1.51,2.52,20240811
37,Toronto,Canadian Open,2024-08-12,WTA1000,Outdoor,Hard,The Final,3,Pegula J.,Anisimova A.,6.0,132.0,4515.0,556.0,6.0,3.0,2.0,6.0,6.0,1.0,2.0,1.0,Completed,1.53,2.5,1.52,2.74,1.54,2.75,1.49,2.58,20240812
38,Cincinnati,Western & Southern Financial Group Women's Open,2024-08-13,WTA1000,Outdoor,Hard,1st Round,3,Gracheva V.,Tomljanovic A.,69.0,123.0,920.0,596.0,6.0,3.0,2.0,6.0,7.0,6.0,2.0,1.0,Completed,1.73,2.1,1.79,2.12,1.79,2.23,1.72,2.11,20240813
38,Cincinnati,Western & Southern Financial Group Women's Open,2024-08-13,WTA1000,Outdoor,Hard,1st Round,3,Pliskova Ka.,Tomova V.,45.0,50.0,1260.0,1200.0,7.0,6.0,7.0,6.0,,,2.0,0.0,Completed,1.44,2.75,1.49,2.81,1.49,2.9,1.44,2.75,20240813
38,Cincinnati,Western & Southern Financial Group Women's Open,2024-08-13,WTA1000,Outdoor,Hard,1st Round,3,Kostyuk M.,Mertens E.,21.0,32.0,2260.0,1689.0,6.0,4.0,2.0,6.0,6.0,4.0,2.0,1.0,Completed,1.62,2.3,1.59,2.5,1.62,2.53,1.56,2.4,20240813
38,Cincinnati,Western & Southern Financial Group Women's Open,2024-08-13,WTA1000,Outdoor,Hard,1st Round,3,Sun L.,Noskova L.,64.0,29.0,955.0,1718.0,6.0,4.0,7.0,6.0,,,2.0,0.0,Completed,2.38,1.57,2.5,1.59,2.5,1.6,2.38,1.57,20240813
38,Cincinnati,Western & Southern Financial Group Women's Open,2024-08-13,WTA1000,Outdoor,Hard,1st Round,3,Krueger A.,Vekic D.,65.0,22.0,952.0,2138.0,5.0,7.0,7.0,6.0,6.0,2.0,2.0,1.0,Completed,2.38,1.57,2.33,1.67,2.5,1.67,2.35,1.58,20240813
38,Cincinnati,Western & Southern Financial Group Women's Open,2024-08-13,WTA1000,Outdoor,Hard,1st Round,3,Kasatkina D.,Alexandrova E.,12.0,26.0,3158.0,1873.0,6.0,4.0,6.0,2.0,,,2.0,0.0,Completed,1.67,2.2,1.66,2.34,1.73,2.34,1.65,2.23,20240813
38,Cincinnati,Western & Southern Financial Group Women's Open,2024-08-13,WTA1000,Outdoor,Hard,1st Round,3,Cocciaretto E.,Montgomery R.,66.0,109.0,947.0,660.0,7.0,5.0,4.0,6.0,6.0,3.0,2.0,1.0,Completed,1.8,2.0,1.88,2.02,1.88,2.1,1.81,1.98,20240813
38,Cincinnati,Western & Southern Financial Group Women's Open,2024-08-14,WTA1000,Outdoor,Hard,1st Round,3,Svitolina E.,Wang Y.,30.0,62.0,1714.0,997.0,5.0,7.0,6.0,3.0,6.0,2.0,2.0,1.0,Completed,1.25,4.0,1.27,4.11,1.27,4.25,1.25,3.93,20240814
38,Cincinnati,Western & Southern Financial Group Women's Open,2024-08-14,WTA1000,Outdoor,Hard,1st Round,3,Linette M.,Boulter K.,43.0,31.0,1366.0,1706.0,2.0,6.0,6.0,0.0,7.0,5.0,2.0,1.0,Completed,2.38,1.57,2.42,1.63,2.44,1.63,2.34,1.58,20240814
38,Cincinnati,Western & Southern Financial Group Women's Open,2024-08-14,WTA1000,Outdoor,Hard,1st Round,3,Potapova A.,Burel C.,44.0,57.0,1304.0,1057.0,6.0,4.0,2.0,6.0,6.0,1.0,2.0,1.0,Completed,1.73,2.1,1.78,2.15,1.82,2.15,1.74,2.07,20240814
38,Cincinnati,Western & Southern Financial Group Women's Open,2024-08-14,WTA1000,Outdoor,Hard,1st Round,3,Putintseva Y.,Dart H.,33.0,77.0,1681.0,864.0,4.0,6.0,6.0,0.0,6.0,1.0,2.0,1.0,Completed,1.33,3.4,1.37,3.32,1.37,3.4,1.33,3.23,20240814
38,Cincinnati,Western & Southern Financial Group Women's Open,2024-08-14,WTA1000,Outdoor,Hard,1st Round,3,Avanesyan E.,Andreescu B.,60.0,166.0,1002.0,434.0,6.0,4.0,7.0,5.0,,,2.0,0.0,Completed,2.63,1.5,2.85,1.47,2.85,1.53,2.71,1.46,20240814
38,Cincinnati,Western & Southern Financial Group Women's Open,2024-08-14,WTA1000,Outdoor,Hard,1st Round,3,Shnaider D.,Zhang S.,20.0,689.0,2295.0,50.0,6.0,1.0,6.0,4.0,,,2.0,0.0,Completed,1.03,15.0,1.04,17.46,1.05,17.46,1.03,11.59,20240814
38,Cincinnati,Western & Southern Financial Group Women's Open,2024-08-14,WTA1000,Outdoor,Hard,1st Round,3,Badosa P.,Stearns P.,37.0,46.0,1505.0,1259.0,6.0,2.0,7.0,5.0,,,2.0,0.0,Completed,1.36,3.2,1.37,3.34,1.38,3.34,1.36,3.13,20240814
38,Cincinnati,Western & Southern Financial Group Women's Open,2024-08-14,WTA1000,Outdoor,Hard,1st Round,3,Kalinskaya A.,Siniakova K.,16.0,36.0,2660.0,1546.0,1.0,6.0,6.0,2.0,6.0,3.0,2.0,1.0,Completed,1.53,2.5,1.5,2.76,1.57,2.76,1.5,2.55,20240814
38,Cincinnati,Western & Southern Financial Group Women's Open,2024-08-14,WTA1000,Outdoor,Hard,1st Round,3,Fernandez L.A.,Yuan Y.,27.0,40.0,1854.0,1457.0,3.0,6.0,6.0,4.0,6.0,3.0,2.0,1.0,Completed,1.33,3.4,1.35,3.47,1.35,3.5,1.32,3.34,20240814
38,Cincinnati,Western & Southern Financial Group Women's Open,2024-08-14,WTA1000,Outdoor,Hard,1st Round,3,Townsend T.,Dolehide C.,53.0,47.0,1137.0,1232.0,3.0,6.0,6.0,4.0,7.0,6.0,2.0,1.0,Completed,1.36,3.2,1.4,3.15,1.42,3.2,1.38,3.0,20240814
38,Cincinnati,Western & Southern Financial Group Women's Open,2024-08-14,WTA1000,Outdoor,Hard,1st Round,3,Bouzas Maneiro J.,Bronzetti L.,91.0,68.0,781.0,928.0,6.0,4.0,3.0,6.0,7.0,6.0,2.0,1.0,Completed,2.0,1.8,2.03,1.85,2.2,1.95,2.0,1.8,20240814
38,Cincinnati,Western & Southern Financial Group Women's Open,2024-08-14,WTA1000,Outdoor,Hard,1st Round,3,Samsonova L.,Wang Xin.,17.0,39.0,2450.0,1471.0,6.0,4.0,6.0,4.0,,,2.0,0.0,Completed,1.44,2.75,1.56,2.58,1.56,2.75,1.47,2.66,20240814
38,Cincinnati,Western & Southern Financial Group Women's Open,2024-08-14,WTA1000,Outdoor,Hard,1st Round,3,Andreeva M.,Navarro E.,24.0,13.0,1968.0,3038.0,6.0,2.0,6.0,2.0,,,2.0,0.0,Completed,2.1,1.73,2.2,1.74,2.2,1.75,2.11,1.72,20240814
38,Cincinnati,Western & Southern Financial Group Women's Open,2024-08-14,WTA1000,Outdoor,Hard,1st Round,3,Muchova K.,Yastremska D.,35.0,34.0,1646.0,1673.0,7.0,6.0,6.0,2.0,,,2.0,0.0,Completed,1.3,3.5,1.28,4.0,1.33,4.25,1.27,3.72,20240814
38,Cincinnati,Western & Southern Financial Group Women's Open,2024-08-14,WTA1000,Outdoor,Hard,1st Round,3,Pavlyuchenkova A.,Haddad Maia B.,28.0,23.0,1776.0,2113.0,4.0,6.0,7.0,6.0,6.0,3.0,2.0,1.0,Completed,1.67,2.2,1.66,2.34,1.74,2.35,1.66,2.21,20240814
38,Cincinnati,Western & Southern Financial Group Women's Open,2024-08-15,WTA1000,Outdoor,Hard,1st Round,3,Frech M.,Bouzkova M.,48.0,38.0,1220.0,1495.0,3.0,6.0,6.0,4.0,6.0,3.0,2.0,1.0,Completed,2.63,1.5,2.65,1.53,2.75,1.53,2.59,1.49,20240815
38,Cincinnati,Western & Southern Financial Group Women's Open,2024-08-15,WTA1000,Outdoor,Hard,1st Round,3,Wozniacki C.,Kalinina A.,84.0,51.0,844.0,1186.0,6.0,2.0,6.0,4.0,,,2.0,0.0,Completed,1.5,2.63,1.5,2.76,1.51,2.8,1.48,2.64,20240815
38,Cincinnati,Western & Southern Financial Group Women's Open,2024-08-14,WTA1000,Outdoor,Hard,2nd Round,3,Kostyuk M.,Sun L.,21.0,64.0,2260.0,955.0,6.0,3.0,7.0,5.0,,,2.0,0.0,Completed,1.44,2.75,1.46,2.91,1.5,2.92,1.44,2.76,20240814
38,Cincinnati,Western & Southern Financial Group Women's Open,2024-08-15,WTA1000,Outdoor,Hard,2nd Round,3,Swiatek I.,Gracheva V.,1.0,69.0,10655.0,920.0,6.0,0.0,6.0,7.0,6.0,2.0,2.0,1.0,Completed,1.05,11.0,1.03,19.93,1.05,19.93,1.03,12.48,20240815
38,Cincinnati,Western & Southern Financial Group Women's Open,2024-08-15,WTA1000,Outdoor,Hard,2nd Round,3,Svitolina E.,Bouzas Maneiro J.,30.0,91.0,1714.0,781.0,6.0,4.0,6.0,1.0,,,2.0,0.0,Completed,1.17,5.0,1.16,6.01,1.18,6.01,1.16,5.1,20240815
38,Cincinnati,Western & Southern Financial Group Women's Open,2024-08-15,WTA1000,Outdoor,Hard,2nd Round,3,Fernandez L.A.,Rybakina E.,27.0,4.0,1854.0,6026.0,3.0,6.0,7.0,6.0,6.0,4.0,2.0,1.0,Completed,3.2,1.36,3.44,1.35,3.44,1.39,3.19,1.35,20240815
38,Cincinnati,Western & Southern Financial Group Women's Open,2024-08-15,WTA1000,Outdoor,Hard,2nd Round,3,Avanesyan E.,Ostapenko J.,60.0,11.0,1002.0,3478.0,2.0,6.0,6.0,2.0,6.0,2.0,2.0,1.0,Completed,2.5,1.53,2.47,1.6,2.51,1.6,2.42,1.55,20240815
38,Cincinnati,Western & Southern Financial Group Women's Open,2024-08-15,WTA1000,Outdoor,Hard,2nd Round,3,Shnaider D.,Krueger A.,20.0,65.0,2295.0,952.0,7.0,5.0,6.0,0.0,,,2.0,0.0,Completed,1.62,2.3,1.69,2.29,1.69,2.38,1.6,2.31,20240815
38,Cincinnati,Western & Southern Financial Group Women's Open,2024-08-15,WTA1000,Outdoor,Hard,2nd Round,3,Sabalenka A.,Cocciaretto E.,3.0,66.0,7366.0,947.0,6.0,3.0,6.0,4.0,,,2.0,0.0,Completed,1.13,6.0,1.12,6.96,1.14,7.68,1.12,6.28,20240815
38,Cincinnati,Western & Southern Financial Group Women's Open,2024-08-15,WTA1000,Outdoor,Hard,2nd Round,3,Samsonova L.,Linette M.,17.0,43.0,2450.0,1366.0,7.0,6.0,6.0,1.0,,,2.0,0.0,Completed,1.44,2.75,1.49,2.79,1.5,2.79,1.47,2.66,20240815
38,Cincinnati,Western & Southern Financial Group Women's Open,2024-08-15,WTA1000,Outdoor,Hard,2nd Round,3,Townsend T.,Kasatkina D.,53.0,12.0,1137.0,3158.0,6.0,1.0,2.0,6.0,6.0,1.0,2.0,1.0,Completed,2.1,1.73,2.22,1.72,2.23,1.75,2.13,1.71,20240815
38,Cincinnati,Western & Southern Financial Group Women's Open,2024-08-15,WTA1000,Outdoor,Hard,2nd Round,3,Putintseva Y.,Gauff C.,33.0,2.0,1681.0,7633.0,6.0,4.0,2.0,6.0,6.0,4.0,2.0,1.0,Completed,3.75,1.29,3.67,1.32,3.94,1.32,3.66,1.28,20240815
38,Cincinnati,Western & Southern Financial Group Women's Open,2024-08-15,WTA1000,Outdoor,Hard,2nd Round,3,Badosa P.,Kalinskaya A.,37.0,16.0,1505.0,2660.0,6.0,3.0,6.0,2.0,,,2.0,0.0,Completed,1.62,2.3,1.65,2.36,1.65,2.36,1.61,2.28,20240815
38,Cincinnati,Western & Southern Financial Group Women's Open,2024-08-15,WTA1000,Outdoor,Hard,2nd Round,3,Andreeva M.,Pliskova Ka.,24.0,45.0,1968.0,1260.0,6.0,2.0,6.0,3.0,,,2.0,0.0,Completed,1.36,3.2,1.34,3.57,1.36,3.61,1.33,3.27,20240815
38,Cincinnati,Western & Southern Financial Group Women's Open,2024-08-15,WTA1000,Outdoor,Hard,2nd Round,3,Paolini J.,Potapova A.,5.0,44.0,5298.0,1304.0,7.0,6.0,6.0,3.0,,,2.0,0.0,Completed,1.36,3.2,1.38,3.28,1.4,3.28,1.37,3.12,20240815
38,Cincinnati,Western & Southern Financial Group Women's Open,2024-08-16,WTA1000,Outdoor,Hard,2nd Round,3,Pegula J.,Muchova K.,6.0,35.0,4615.0,1646.0,5.0,7.0,6.0,4.0,6.0,2.0,2.0,1.0,Completed,1.44,2.75,1.49,2.8,1.5,2.8,1.46,2.7,20240816
38,Cincinnati,Western & Southern Financial Group Women's Open,2024-08-16,WTA1000,Outdoor,Hard,2nd Round,3,Pavlyuchenkova A.,Wozniacki C.,28.0,84.0,1776.0,844.0,7.0,5.0,6.0,4.0,,,2.0,0.0,Completed,2.3,1.62,2.33,1.67,2.35,1.68,2.29,1.62,20240816
38,Cincinnati,Western & Southern Financial Group Women's Open,2024-08-16,WTA1000,Outdoor,Hard,2nd Round,3,Zheng Q.,Frech M.,7.0,48.0,3975.0,1220.0,6.0,1.0,7.0,5.0,,,2.0,0.0,Completed,1.22,4.33,1.23,4.7,1.23,4.7,1.22,4.31,20240816
38,Cincinnati,Western & Southern Financial Group Women's Open,2024-08-16,WTA1000,Outdoor,Hard,3rd Round,3,Samsonova L.,Avanesyan E.,17.0,60.0,2450.0,1002.0,4.0,6.0,6.0,0.0,6.0,3.0,2.0,1.0,Completed,1.4,3.0,1.41,3.15,1.42,3.15,1.39,2.95,20240816
38,Cincinnati,Western & Southern Financial Group Women's Open,2024-08-16,WTA1000,Outdoor,Hard,3rd Round,3,Swiatek I.,Kostyuk M.,1.0,21.0,10655.0,2260.0,6.0,2.0,6.0,2.0,,,2.0,0.0,Completed,1.08,8.0,1.11,8.01,1.11,8.01,1.09,7.18,20240816
38,Cincinnati,Western & Southern Financial Group Women's Open,2024-08-16,WTA1000,Outdoor,Hard,3rd Round,3,Andreeva M.,Paolini J.,24.0,5.0,1968.0,5298.0,3.0,6.0,6.0,3.0,6.0,2.0,2.0,1.0,Completed,1.73,2.1,1.74,2.23,1.74,2.31,1.68,2.17,20240816
38,Cincinnati,Western & Southern Financial Group Women's Open,2024-08-16,WTA1000,Outdoor,Hard,3rd Round,3,Sabalenka A.,Svitolina E.,3.0,30.0,7366.0,1714.0,7.0,5.0,6.0,2.0,,,2.0,0.0,Completed,1.36,3.2,1.43,3.1,1.43,3.3,1.37,3.06,20240816
38,Cincinnati,Western & Southern Financial Group Women's Open,2024-08-16,WTA1000,Outdoor,Hard,3rd Round,3,Fernandez L.A.,Shnaider D.,27.0,20.0,1854.0,2295.0,6.0,1.0,6.0,4.0,,,2.0,0.0,Completed,2.2,1.67,2.17,1.78,2.25,1.78,2.2,1.66,20240816
38,Cincinnati,Western & Southern Financial Group Women's Open,2024-08-16,WTA1000,Outdoor,Hard,3rd Round,3,Badosa P.,Putintseva Y.,37.0,33.0,1505.0,1681.0,6.0,4.0,6.0,4.0,,,2.0,0.0,Completed,1.5,2.63,1.54,2.68,1.55,2.81,1.49,2.6,20240816
38,Cincinnati,Western & Southern Financial Group Women's Open,2024-08-17,WTA1000,Outdoor,Hard,3rd Round,3,Pegula J.,Townsend T.,6.0,53.0,4615.0,1137.0,6.0,2.0,6.0,3.0,,,2.0,0.0,Completed,1.36,3.2,1.44,2.99,1.45,3.2,1.41,2.87,20240817
38,Cincinnati,Western & Southern Financial Group Women's Open,2024-08-17,WTA1000,Outdoor,Hard,3rd Round,3,Pavlyuchenkova A.,Zheng Q.,28.0,7.0,1776.0,3975.0,7.0,5.0,6.0,1.0,,,2.0,0.0,Completed,4.0,1.25,3.84,1.3,4,1.36,3.61,1.29,20240817
38,Cincinnati,Western & Southern Financial Group Women's Open,2024-08-17,WTA1000,Outdoor,Hard,Quarterfinals,3,Swiatek I.,Andreeva M.,1.0,24.0,10655.0,1968.0,4.0,6.0,6.0,3.0,7.0,5.0,2.0,1.0,Completed,1.17,5.0,1.21,5.05,1.21,6.22,1.18,4.97,20240817
38,Cincinnati,Western & Southern Financial Group Women's Open,2024-08-17,WTA1000,Outdoor,Hard,Quarterfinals,3,Sabalenka A.,Samsonova L.,3.0,17.0,7366.0,2450.0,6.0,3.0,6.0,2.0,,,2.0,0.0,Completed,1.33,3.4,1.36,3.44,1.36,3.5,1.33,3.27,20240817
38,Cincinnati,Western & Southern Financial Group Women's Open,2024-08-17,WTA1000,Outdoor,Hard,Quarterfinals,3,Pegula J.,Fernandez L.A.,6.0,27.0,4615.0,1854.0,7.0,5.0,6.0,7.0,7.0,6.0,2.0,1.0,Completed,1.44,2.75,1.47,2.9,1.48,2.92,1.44,2.76,20240817
38,Cincinnati,Western & Southern Financial Group Women's Open,2024-08-18,WTA1000,Outdoor,Hard,Quarterfinals,3,Badosa P.,Pavlyuchenkova A.,37.0,28.0,1505.0,1776.0,6.0,3.0,6.0,2.0,,,2.0,0.0,Completed,1.36,3.2,1.38,3.33,1.4,3.33,1.36,3.12,20240818
38,Cincinnati,Western & Southern Financial Group Women's Open,2024-08-18,WTA1000,Outdoor,Hard,Semifinals,3,Sabalenka A.,Swiatek I.,3.0,1.0,7366.0,10655.0,6.0,3.0,6.0,3.0,,,2.0,0.0,Completed,2.5,1.53,2.58,1.57,2.64,1.59,2.5,1.52,20240818
38,Cincinnati,Western & Southern Financial Group Women's Open,2024-08-18,WTA1000,Outdoor,Hard,Semifinals,3,Pegula J.,Badosa P.,6.0,37.0,4615.0,1505.0,6.0,2.0,3.0,6.0,6.0,3.0,2.0,1.0,Completed,1.91,1.91,1.93,1.98,1.93,1.98,1.88,1.92,20240818
38,Cincinnati,Western & Southern Financial Group Women's Open,2024-08-19,WTA1000,Outdoor,Hard,The Final,3,Sabalenka A.,Pegula J.,3.0,6.0,7366.0,4615.0,6.0,3.0,7.0,5.0,,,2.0,0.0,Completed,1.36,3.2,1.38,3.32,1.38,3.32,1.36,3.13,20240819
39,Cleveland,Tennis in the Land,2024-08-19,WTA250,Outdoor,Hard,1st Round,3,Wang Xin.,Blinkova A.,37.0,79.0,1421.0,861.0,6.0,1.0,6.0,1.0,,,2.0,0.0,Completed,1.4,3.0,1.41,3.08,1.46,3.08,1.39,2.94,20240819
39,Cleveland,Tennis in the Land,2024-08-19,WTA250,Outdoor,Hard,1st Round,3,Potapova A.,Parry D.,43.0,62.0,1309.0,1002.0,6.0,3.0,6.0,2.0,,,2.0,0.0,Completed,1.53,2.5,1.62,2.41,1.62,2.5,1.57,2.39,20240819
39,Cleveland,Tennis in the Land,2024-08-19,WTA250,Outdoor,Hard,1st Round,3,Rus A.,Bronzetti L.,95.0,69.0,750.0,916.0,6.0,3.0,7.0,6.0,,,2.0,0.0,Completed,2.0,1.8,2.15,1.76,2.15,1.82,2.03,1.77,20240819
39,Cleveland,Tennis in the Land,2024-08-19,WTA250,Outdoor,Hard,1st Round,3,Burel C.,Kalieva E.,58.0,302.0,1048.0,212.0,6.0,3.0,6.0,2.0,,,2.0,0.0,Completed,1.2,4.5,,,1.21,9.5,1.17,5.47,20240819
39,Cleveland,Tennis in the Land,2024-08-19,WTA250,Outdoor,Hard,1st Round,3,Kessler M.,Scott K.,98.0,299.0,733.0,218.0,6.0,1.0,4.0,6.0,6.0,4.0,2.0,1.0,Completed,1.3,3.5,1.3,3.8,1.31,3.8,1.29,3.54,20240819
39,Cleveland,Tennis in the Land,2024-08-19,WTA250,Outdoor,Hard,1st Round,3,Tauson C.,Schmiedlova A.,65.0,84.0,941.0,831.0,3.0,6.0,6.0,3.0,6.0,2.0,2.0,1.0,Completed,1.53,2.5,1.51,2.7,1.53,2.75,1.48,2.61,20240819
39,Cleveland,Tennis in the Land,2024-08-19,WTA250,Outdoor,Hard,1st Round,3,Bucsa C.,Trevisan M.,72.0,91.0,904.0,788.0,6.0,2.0,6.0,4.0,,,2.0,0.0,Completed,1.8,2.0,1.92,1.95,1.92,2.02,1.83,1.94,20240819
39,Cleveland,Tennis in the Land,2024-08-19,WTA250,Outdoor,Hard,1st Round,3,Tomova V.,Davis L.,50.0,404.0,1159.0,145.0,6.0,1.0,6.0,4.0,,,2.0,0.0,Completed,1.36,3.2,1.4,3.15,1.4,3.5,1.36,3.14,20240819
39,Cleveland,Tennis in the Land,2024-08-20,WTA250,Outdoor,Hard,1st Round,3,Kenin S.,Volynets K.,55.0,59.0,1070.0,1042.0,6.0,2.0,2.0,6.0,7.0,5.0,2.0,1.0,Completed,2.2,1.67,2.19,1.74,2.24,1.74,2.17,1.67,20240820
39,Cleveland,Tennis in the Land,2024-08-20,WTA250,Outdoor,Hard,1st Round,3,Siniakova K.,Ishii S.,36.0,284.0,1436.0,234.0,6.0,7.0,6.0,3.0,7.0,6.0,2.0,1.0,Completed,1.14,5.5,1.16,5.78,1.17,7.18,1.14,5.48,20240820
39,Cleveland,Tennis in the Land,2024-08-20,WTA250,Outdoor,Hard,1st Round,3,Bouzas Maneiro J.,Gracheva V.,80.0,66.0,861.0,935.0,4.0,6.0,6.0,3.0,6.0,2.0,2.0,1.0,Completed,2.1,1.73,2.13,1.77,2.31,1.85,2.08,1.74,20240820
39,Cleveland,Tennis in the Land,2024-08-20,WTA250,Outdoor,Hard,1st Round,3,Sorribes Tormo S.,Wang Y.,73.0,78.0,886.0,861.0,6.0,4.0,6.0,1.0,,,2.0,0.0,Completed,2.5,1.53,2.52,1.57,2.63,1.57,2.51,1.51,20240820
39,Cleveland,Tennis in the Land,2024-08-20,WTA250,Outdoor,Hard,1st Round,3,Stearns P.,Uchijima M.,47.0,63.0,1259.0,968.0,6.0,0.0,1.0,6.0,6.0,1.0,2.0,1.0,Completed,1.36,3.2,1.34,3.46,1.36,3.57,1.32,3.3,20240820
39,Cleveland,Tennis in the Land,2024-08-20,WTA250,Outdoor,Hard,1st Round,3,Minnen G.,Cristian J.,75.0,68.0,878.0,919.0,6.0,3.0,7.0,6.0,,,2.0,0.0,Completed,1.73,2.1,1.68,2.27,1.76,2.27,1.68,2.15,20240820
39,Cleveland,Tennis in the Land,2024-08-20,WTA250,Outdoor,Hard,1st Round,3,Bogdan A.,Fernandez L.A.,103.0,24.0,715.0,2015.0,1.0,6.0,7.0,6.0,6.0,2.0,2.0,1.0,Completed,3.75,1.29,3.83,1.29,3.89,1.3,3.6,1.28,20240820
39,Cleveland,Tennis in the Land,2024-08-20,WTA250,Outdoor,Hard,1st Round,3,Haddad Maia B.,Golubic V.,23.0,74.0,2093.0,884.0,6.0,3.0,7.0,5.0,,,2.0,0.0,Completed,1.44,2.75,1.48,2.8,1.5,2.87,1.44,2.73,20240820
39,Cleveland,Tennis in the Land,2024-08-21,WTA250,Outdoor,Hard,2nd Round,3,Rus A.,Tomova V.,95.0,50.0,750.0,1159.0,6.0,3.0,6.0,3.0,,,2.0,0.0,Completed,1.8,2.0,1.94,1.93,2,2.0,1.86,1.92,20240821
39,Cleveland,Tennis in the Land,2024-08-21,WTA250,Outdoor,Hard,2nd Round,3,Kessler M.,Wang Xin.,98.0,37.0,733.0,1421.0,3.0,6.0,6.0,4.0,6.0,2.0,2.0,1.0,Completed,2.75,1.44,2.85,1.47,2.85,1.5,2.7,1.45,20240821
39,Cleveland,Tennis in the Land,2024-08-21,WTA250,Outdoor,Hard,2nd Round,3,Bogdan A.,Minnen G.,103.0,75.0,715.0,878.0,7.0,6.0,6.0,3.0,,,2.0,0.0,Completed,1.8,2.0,1.89,1.96,1.89,2.12,1.81,1.97,20240821
39,Cleveland,Tennis in the Land,2024-08-21,WTA250,Outdoor,Hard,2nd Round,3,Potapova A.,Tauson C.,43.0,65.0,1309.0,941.0,6.0,2.0,6.0,2.0,,,2.0,0.0,Completed,1.73,2.1,1.65,2.35,1.73,2.35,1.63,2.24,20240821
39,Cleveland,Tennis in the Land,2024-08-21,WTA250,Outdoor,Hard,2nd Round,3,Haddad Maia B.,Bucsa C.,23.0,72.0,2093.0,904.0,6.0,2.0,6.0,1.0,,,2.0,0.0,Completed,1.33,3.4,1.35,3.41,1.36,3.5,1.33,3.24,20240821
39,Cleveland,Tennis in the Land,2024-08-21,WTA250,Outdoor,Hard,2nd Round,3,Siniakova K.,Bouzas Maneiro J.,36.0,80.0,1436.0,861.0,2.0,6.0,6.0,4.0,7.0,6.0,2.0,1.0,Completed,1.57,2.38,1.55,2.57,1.61,2.59,1.54,2.42,20240821
39,Cleveland,Tennis in the Land,2024-08-21,WTA250,Outdoor,Hard,2nd Round,3,Burel C.,Kenin S.,58.0,55.0,1048.0,1070.0,6.0,4.0,6.0,3.0,,,2.0,0.0,Completed,1.91,1.91,1.95,1.92,1.95,2.0,1.88,1.9,20240821
39,Cleveland,Tennis in the Land,2024-08-22,WTA250,Outdoor,Hard,2nd Round,3,Stearns P.,Sorribes Tormo S.,47.0,73.0,1259.0,886.0,6.0,3.0,6.0,2.0,,,2.0,0.0,Completed,1.36,3.2,1.38,3.25,1.42,3.47,1.37,3.01,20240822
39,Cleveland,Tennis in the Land,2024-08-22,WTA250,Outdoor,Hard,Quarterfinals,3,Potapova A.,Bogdan A.,43.0,103.0,1309.0,715.0,6.0,2.0,6.0,1.0,,,2.0,0.0,Completed,1.57,2.38,1.6,2.5,1.6,2.61,1.54,2.45,20240822
39,Cleveland,Tennis in the Land,2024-08-22,WTA250,Outdoor,Hard,Quarterfinals,3,Kessler M.,Rus A.,98.0,95.0,733.0,750.0,6.0,4.0,6.0,2.0,,,2.0,0.0,Completed,1.91,1.91,1.87,2.04,2,2.07,1.89,1.89,20240822
39,Cleveland,Tennis in the Land,2024-08-22,WTA250,Outdoor,Hard,Quarterfinals,3,Haddad Maia B.,Burel C.,23.0,58.0,2093.0,1048.0,6.0,2.0,6.0,2.0,,,2.0,0.0,Completed,1.57,2.38,1.53,2.7,1.57,2.7,1.51,2.53,20240822
39,Cleveland,Tennis in the Land,2024-08-22,WTA250,Outdoor,Hard,Quarterfinals,3,Siniakova K.,Stearns P.,36.0,47.0,1436.0,1259.0,1.0,6.0,6.0,3.0,6.0,4.0,2.0,1.0,Completed,2.5,1.53,2.57,1.57,2.57,1.6,2.43,1.55,20240822
39,Cleveland,Tennis in the Land,2024-08-23,WTA250,Outdoor,Hard,Semifinals,3,Kessler M.,Potapova A.,98.0,43.0,733.0,1309.0,4.0,6.0,6.0,3.0,6.0,3.0,2.0,1.0,Completed,2.63,1.5,2.57,1.57,2.67,1.57,2.54,1.52,20240823
39,Cleveland,Tennis in the Land,2024-08-24,WTA250,Outdoor,Hard,Semifinals,3,Haddad Maia B.,Siniakova K.,23.0,36.0,2093.0,1436.0,6.0,3.0,2.0,6.0,6.0,2.0,2.0,1.0,Completed,1.57,2.38,1.69,2.32,1.7,2.38,1.62,2.28,20240824
39,Cleveland,Tennis in the Land,2024-08-24,WTA250,Outdoor,Hard,The Final,3,Kessler M.,Haddad Maia B.,98.0,23.0,733.0,2093.0,1.0,6.0,6.0,1.0,7.0,5.0,2.0,1.0,Completed,2.63,1.5,2.79,1.5,2.8,1.53,2.67,1.48,20240824
40,Monterrey,Monterrey Open,2024-08-19,WTA500,Outdoor,Hard,1st Round,3,Andreeva E.,Kalinina A.,89.0,54.0,809.0,1076.0,6.0,1.0,6.0,4.0,,,2.0,0.0,Completed,2.2,1.67,2.16,1.75,2.22,1.76,2.13,1.7,20240819
40,Monterrey,Monterrey Open,2024-08-19,WTA500,Outdoor,Hard,1st Round,3,Carle M.,Kudermetova V.,86.0,44.0,816.0,1308.0,1.0,6.0,7.0,5.0,6.0,4.0,2.0,1.0,Completed,2.75,1.44,2.78,1.48,2.8,1.5,2.7,1.45,20240819
40,Monterrey,Monterrey Open,2024-08-20,WTA500,Outdoor,Hard,1st Round,3,Glushko L.,Bondarenko K.,277.0,325.0,245.0,194.0,6.0,3.0,3.0,6.0,6.0,3.0,2.0,1.0,Completed,1.73,2.1,1.76,2.15,1.82,2.16,1.74,2.07,20240820
40,Monterrey,Monterrey Open,2024-08-20,WTA500,Outdoor,Hard,1st Round,3,Sun L.,Paquet C.,57.0,96.0,1049.0,746.0,7.0,6.0,6.0,3.0,,,2.0,0.0,Completed,1.4,3.0,1.35,3.39,1.4,3.5,1.34,3.19,20240820
40,Monterrey,Monterrey Open,2024-08-20,WTA500,Outdoor,Hard,1st Round,3,Osorio M.,Tomljanovic A.,88.0,119.0,814.0,606.0,6.0,2.0,7.0,6.0,,,2.0,0.0,Completed,1.73,2.1,1.93,1.94,1.93,2.12,1.82,1.97,20240820
40,Monterrey,Monterrey Open,2024-08-20,WTA500,Outdoor,Hard,1st Round,3,Avanesyan E.,Cocciaretto E.,51.0,64.0,1141.0,963.0,7.0,6.0,6.0,1.0,,,2.0,0.0,Completed,1.8,2.0,1.9,1.97,1.96,2.02,1.85,1.93,20240820
40,Monterrey,Monterrey Open,2024-08-20,WTA500,Outdoor,Hard,1st Round,3,Martic P.,Zhao C.,105.0,268.0,691.0,255.0,7.0,6.0,3.0,6.0,6.0,2.0,2.0,1.0,Completed,1.14,5.5,1.15,6.07,1.17,6.07,1.14,5.5,20240820
40,Monterrey,Monterrey Open,2024-08-20,WTA500,Outdoor,Hard,1st Round,3,Noskova L.,Danilina A.,35.0,958.0,1568.0,19.0,6.0,0.0,6.0,1.0,,,2.0,0.0,Completed,1.06,10.0,1.05,12.94,1.06,12.94,1.05,9.98,20240820
40,Monterrey,Monterrey Open,2024-08-20,WTA500,Outdoor,Hard,1st Round,3,Zarazua R.,Rodriguez V.,97.0,300.0,740.0,218.0,6.0,1.0,6.0,4.0,,,2.0,0.0,Completed,1.13,6.0,1.16,5.9,1.16,6.1,1.13,5.78,20240820
40,Monterrey,Monterrey Open,2024-08-21,WTA500,Outdoor,Hard,1st Round,3,Yuan Y.,Krunic A.,38.0,318.0,1410.0,197.0,4.0,6.0,6.0,2.0,6.0,3.0,2.0,1.0,Completed,1.3,3.5,1.33,3.56,1.35,3.56,1.3,3.42,20240821
40,Monterrey,Monterrey Open,2024-08-21,WTA500,Outdoor,Hard,1st Round,3,Frech M.,Podoroska N.,45.0,67.0,1285.0,926.0,6.0,4.0,4.0,6.0,6.0,4.0,2.0,1.0,Completed,1.4,3.0,1.49,2.77,1.5,3.0,1.44,2.74,20240821
40,Monterrey,Monterrey Open,2024-08-21,WTA500,Outdoor,Hard,1st Round,3,Wang Xiy.,Maria T.,56.0,87.0,1063.0,815.0,6.0,0.0,6.0,3.0,,,2.0,0.0,Completed,1.36,3.2,1.33,3.52,1.36,3.66,1.32,3.33,20240821
40,Monterrey,Monterrey Open,2024-08-21,WTA500,Outdoor,Hard,2nd Round,3,Andreeva E.,Collins D.,89.0,11.0,809.0,3422.0,1.0,6.0,6.0,3.0,6.0,3.0,2.0,1.0,Completed,4.0,1.25,4.2,1.26,5.1,1.29,3.79,1.26,20240821
40,Monterrey,Monterrey Open,2024-08-21,WTA500,Outdoor,Hard,2nd Round,3,Sun L.,Carle M.,57.0,86.0,1049.0,816.0,6.0,3.0,2.0,6.0,7.0,6.0,2.0,1.0,Completed,1.33,3.4,1.36,3.41,1.38,3.41,1.34,3.24,20240821
40,Monterrey,Monterrey Open,2024-08-21,WTA500,Outdoor,Hard,2nd Round,3,Yuan Y.,Martic P.,38.0,105.0,1410.0,691.0,6.0,4.0,6.0,1.0,,,2.0,0.0,Completed,1.73,2.1,1.76,2.18,1.76,2.2,1.71,2.11,20240821
40,Monterrey,Monterrey Open,2024-08-22,WTA500,Outdoor,Hard,2nd Round,3,Noskova L.,Wang Xiy.,35.0,56.0,1568.0,1063.0,6.0,4.0,7.0,6.0,,,2.0,0.0,Completed,1.62,2.3,1.73,2.22,1.73,2.32,1.64,2.22,20240822
40,Monterrey,Monterrey Open,2024-08-22,WTA500,Outdoor,Hard,2nd Round,3,Svitolina E.,Avanesyan E.,28.0,51.0,1834.0,1141.0,6.0,4.0,6.0,3.0,,,2.0,0.0,Completed,1.33,3.4,1.39,3.24,1.39,3.5,1.34,3.19,20240822
40,Monterrey,Monterrey Open,2024-08-22,WTA500,Outdoor,Hard,2nd Round,3,Frech M.,Glushko L.,45.0,277.0,1285.0,245.0,6.0,7.0,6.0,3.0,6.0,1.0,2.0,1.0,Completed,1.13,6.0,1.12,7.43,1.15,7.43,1.12,6.15,20240822
40,Monterrey,Monterrey Open,2024-08-22,WTA500,Outdoor,Hard,2nd Round,3,Alexandrova E.,Zarazua R.,30.0,97.0,1763.0,740.0,6.0,3.0,6.0,4.0,,,2.0,0.0,Completed,1.5,2.63,1.54,2.62,1.56,2.69,1.51,2.53,20240822
40,Monterrey,Monterrey Open,2024-08-22,WTA500,Outdoor,Hard,2nd Round,3,Navarro E.,Osorio M.,13.0,88.0,2950.0,814.0,3.0,6.0,7.0,5.0,7.0,6.0,2.0,1.0,Completed,1.29,3.75,1.32,3.68,1.32,3.75,1.29,3.58,20240822
40,Monterrey,Monterrey Open,2024-08-22,WTA500,Outdoor,Hard,Quarterfinals,3,Sun L.,Andreeva E.,57.0,89.0,1049.0,809.0,6.0,4.0,6.0,3.0,,,2.0,0.0,Completed,1.8,2.0,1.9,2.01,1.92,2.01,1.84,1.94,20240822
40,Monterrey,Monterrey Open,2024-08-23,WTA500,Outdoor,Hard,Quarterfinals,3,Alexandrova E.,Yuan Y.,30.0,38.0,1763.0,1410.0,7.0,5.0,7.0,6.0,,,2.0,0.0,Completed,1.67,2.2,1.78,2.16,1.78,2.22,1.69,2.13,20240823
40,Monterrey,Monterrey Open,2024-08-23,WTA500,Outdoor,Hard,Quarterfinals,3,Navarro E.,Frech M.,13.0,45.0,2950.0,1285.0,6.0,7.0,6.0,0.0,6.0,2.0,2.0,1.0,Completed,1.29,3.75,1.3,3.91,1.3,3.91,1.28,3.59,20240823
40,Monterrey,Monterrey Open,2024-08-23,WTA500,Outdoor,Hard,Quarterfinals,3,Noskova L.,Svitolina E.,35.0,28.0,1568.0,1834.0,6.0,4.0,6.0,4.0,,,2.0,0.0,Completed,2.75,1.44,2.74,1.52,2.81,1.52,2.72,1.45,20240823
40,Monterrey,Monterrey Open,2024-08-24,WTA500,Outdoor,Hard,Semifinals,3,Sun L.,Alexandrova E.,57.0,30.0,1049.0,1763.0,7.0,5.0,3.0,6.0,7.0,6.0,2.0,1.0,Completed,2.2,1.67,2.2,1.75,2.28,1.75,2.2,1.67,20240824
40,Monterrey,Monterrey Open,2024-08-24,WTA500,Outdoor,Hard,Semifinals,3,Noskova L.,Navarro E.,35.0,13.0,1568.0,2950.0,7.0,6.0,7.0,5.0,,,2.0,0.0,Completed,2.1,1.73,2.17,1.78,2.2,1.78,2.12,1.72,20240824
40,Monterrey,Monterrey Open,2024-08-25,WTA500,Outdoor,Hard,The Final,3,Noskova L.,Sun L.,35.0,57.0,1568.0,1049.0,7.0,6.0,6.0,4.0,,,2.0,0.0,Completed,1.4,3.0,1.43,3.06,1.44,3.06,1.4,2.91,20240825
41,New York,US Open,2024-08-26,Grand Slam,Outdoor,Hard,1st Round,3,Niemeier J.,Yastremska D.,101.0,34.0,724.0,1682.0,6.0,4.0,6.0,7.0,6.0,4.0,2.0,1.0,Completed,2.63,1.5,2.69,1.52,2.75,1.55,2.62,1.5,20240826
41,New York,US Open,2024-08-26,Grand Slam,Outdoor,Hard,1st Round,3,Kasatkina D.,Cristian J.,13.0,69.0,2973.0,919.0,6.0,2.0,6.0,4.0,,,2.0,0.0,Completed,1.25,4.0,1.27,4.13,1.27,4.25,1.25,3.98,20240826
41,New York,US Open,2024-08-26,Grand Slam,Outdoor,Hard,1st Round,3,Andreeva E.,Yuan Y.,75.0,37.0,892.0,1464.0,6.0,3.0,7.0,6.0,,,2.0,0.0,Completed,2.2,1.67,2.36,1.65,2.36,1.74,2.18,1.7,20240826
41,New York,US Open,2024-08-26,Grand Slam,Outdoor,Hard,1st Round,3,Svitolina E.,Carle M.,28.0,83.0,1942.0,861.0,3.0,6.0,6.0,3.0,6.0,4.0,2.0,1.0,Completed,1.08,8.0,1.08,10.0,1.1,10.0,1.08,8.39,20240826
41,New York,US Open,2024-08-26,Grand Slam,Outdoor,Hard,1st Round,3,Zheng Q.,Anisimova A.,7.0,50.0,3980.0,1206.0,4.0,6.0,6.0,4.0,6.0,2.0,2.0,1.0,Completed,1.53,2.5,1.53,2.68,1.55,2.68,1.52,2.56,20240826
41,New York,US Open,2024-08-26,Grand Slam,Outdoor,Hard,1st Round,3,Vekic D.,Birrell K.,24.0,147.0,2013.0,508.0,6.0,4.0,6.0,4.0,,,2.0,0.0,Completed,1.17,5.0,1.19,5.23,1.2,5.23,1.18,4.87,20240826
41,New York,US Open,2024-08-26,Grand Slam,Outdoor,Hard,1st Round,3,Wang Y.,Sakkari M.,80.0,9.0,861.0,3515.0,6.0,2.0,,,,,1.0,0.0,Retired,3.5,1.3,3.58,1.33,3.6,1.35,3.49,1.31,20240826
41,New York,US Open,2024-08-26,Grand Slam,Outdoor,Hard,1st Round,3,Parry D.,Wang Xiy.,60.0,53.0,1002.0,1105.0,7.0,6.0,7.0,6.0,,,2.0,0.0,Completed,2.63,1.5,2.71,1.52,2.71,1.53,2.61,1.5,20240826
41,New York,US Open,2024-08-26,Grand Slam,Outdoor,Hard,1st Round,3,Minnen G.,Frech M.,70.0,43.0,918.0,1363.0,7.0,5.0,7.0,5.0,,,2.0,0.0,Completed,2.2,1.67,2.32,1.67,2.32,1.74,2.22,1.67,20240826
41,New York,US Open,2024-08-26,Grand Slam,Outdoor,Hard,1st Round,3,Kalinina A.,Dodin O.,55.0,86.0,1076.0,839.0,6.0,1.0,3.0,6.0,6.0,1.0,2.0,1.0,Completed,1.14,5.5,1.17,5.85,1.17,8.04,1.15,5.64,20240826
41,New York,US Open,2024-08-26,Grand Slam,Outdoor,Hard,1st Round,3,Maria T.,Sierra S.,99.0,158.0,735.0,465.0,6.0,2.0,6.0,3.0,,,2.0,0.0,Completed,2.1,1.73,2.27,1.7,2.28,1.75,2.17,1.7,20240826
41,New York,US Open,2024-08-26,Grand Slam,Outdoor,Hard,1st Round,3,Badosa P.,Golubic V.,29.0,73.0,1895.0,901.0,6.0,0.0,6.0,3.0,,,2.0,0.0,Completed,1.06,10.0,1.07,11.3,1.07,11.3,1.06,9.89,20240826
41,New York,US Open,2024-08-26,Grand Slam,Outdoor,Hard,1st Round,3,Gauff C.,Gracheva V.,3.0,66.0,6743.0,935.0,6.0,2.0,6.0,0.0,,,2.0,0.0,Completed,1.05,11.0,1.05,13.53,1.05,14.89,1.05,11.17,20240826
41,New York,US Open,2024-08-26,Grand Slam,Outdoor,Hard,1st Round,3,Joint M.,Siegemund L.,135.0,94.0,544.0,778.0,6.0,4.0,7.0,5.0,,,2.0,0.0,Completed,1.5,2.63,1.51,2.74,1.53,2.86,1.48,2.66,20240826
41,New York,US Open,2024-08-26,Grand Slam,Outdoor,Hard,1st Round,3,Uchijima M.,Korpatsch T.,64.0,111.0,968.0,648.0,3.0,6.0,6.0,3.0,6.0,4.0,2.0,1.0,Completed,1.33,3.4,1.35,3.48,1.35,3.5,1.33,3.38,20240826
41,New York,US Open,2024-08-26,Grand Slam,Outdoor,Hard,1st Round,3,Stearns P.,Tsurenko L.,47.0,85.0,1283.0,854.0,6.0,1.0,7.0,5.0,,,2.0,0.0,Completed,1.22,4.33,1.23,4.63,1.25,4.7,1.22,4.35,20240826
41,New York,US Open,2024-08-26,Grand Slam,Outdoor,Hard,1st Round,3,Townsend T.,Trevisan M.,48.0,90.0,1267.0,788.0,6.0,2.0,7.0,5.0,,,2.0,0.0,Completed,1.13,6.0,1.14,6.68,1.15,7.03,1.13,6.11,20240826
41,New York,US Open,2024-08-26,Grand Slam,Outdoor,Hard,1st Round,3,Mertens E.,Kudermetova V.,35.0,46.0,1639.0,1308.0,3.0,6.0,6.0,4.0,6.0,3.0,2.0,1.0,Completed,1.57,2.38,1.53,2.66,1.6,2.66,1.56,2.42,20240826
41,New York,US Open,2024-08-26,Grand Slam,Outdoor,Hard,1st Round,3,Keys M.,Siniakova K.,14.0,36.0,2727.0,1474.0,6.0,4.0,6.0,1.0,,,2.0,0.0,Completed,1.4,3.0,1.46,2.92,1.47,3.05,1.42,2.9,20240826
41,New York,US Open,2024-08-26,Grand Slam,Outdoor,Hard,1st Round,3,Tomljanovic A.,Li A.,118.0,128.0,607.0,559.0,6.0,4.0,6.0,4.0,,,2.0,0.0,Completed,1.73,2.1,1.89,2.0,1.89,2.1,1.79,2.01,20240826
41,New York,US Open,2024-08-26,Grand Slam,Outdoor,Hard,1st Round,3,Rus A.,Bogdan A.,93.0,91.0,779.0,786.0,6.0,4.0,7.0,6.0,,,2.0,0.0,Completed,2.2,1.67,2.18,1.76,2.22,1.76,2.15,1.71,20240826
41,New York,US Open,2024-08-26,Grand Slam,Outdoor,Hard,1st Round,3,Kostyuk M.,Kessler M.,19.0,63.0,2348.0,971.0,6.0,2.0,6.0,3.0,,,2.0,0.0,Completed,1.33,3.4,1.4,3.15,1.42,3.4,1.38,3.05,20240826
41,New York,US Open,2024-08-26,Grand Slam,Outdoor,Hard,1st Round,3,Jovic I.,Linette M.,389.0,42.0,155.0,1371.0,6.0,4.0,6.0,3.0,,,2.0,0.0,Completed,4.5,1.2,5.06,1.2,5.06,1.25,4.64,1.2,20240826
41,New York,US Open,2024-08-26,Grand Slam,Outdoor,Hard,1st Round,3,Navarro E.,Blinkova A.,12.0,81.0,3040.0,861.0,6.0,1.0,6.0,1.0,,,2.0,0.0,Completed,1.14,5.5,1.14,6.79,1.17,6.79,1.14,5.93,20240826
41,New York,US Open,2024-08-26,Grand Slam,Outdoor,Hard,1st Round,3,Krejcikova B.,Bassols M.,8.0,114.0,3571.0,625.0,7.0,6.0,6.0,2.0,,,2.0,0.0,Completed,1.14,5.5,1.14,6.81,1.15,6.81,1.13,6.1,20240826
41,New York,US Open,2024-08-27,Grand Slam,Outdoor,Hard,1st Round,3,Azarenka V.,Starodubtseva Y.,20.0,146.0,2266.0,520.0,3.0,6.0,6.0,1.0,6.0,1.0,2.0,1.0,Completed,1.22,4.33,1.26,4.22,1.26,4.34,1.24,4.08,20240827
41,New York,US Open,2024-08-27,Grand Slam,Outdoor,Hard,1st Round,3,Dart H.,Paquet C.,78.0,97.0,874.0,746.0,6.0,1.0,6.0,2.0,,,2.0,0.0,Completed,1.44,2.75,1.49,2.8,1.5,2.81,1.46,2.72,20240827
41,New York,US Open,2024-08-27,Grand Slam,Outdoor,Hard,1st Round,3,Burel C.,Stephens S.,56.0,62.0,1075.0,987.0,0.0,6.0,7.0,5.0,7.0,5.0,2.0,1.0,Completed,1.8,2.0,1.86,2.03,1.86,2.05,1.81,2.01,20240827
41,New York,US Open,2024-08-27,Grand Slam,Outdoor,Hard,1st Round,3,Ruse E.G.,Grabher J.,122.0,1023.0,588.0,16.0,6.0,2.0,6.0,4.0,,,2.0,0.0,Completed,1.06,10.0,1.07,11.52,1.07,12.63,1.06,10.12,20240827
41,New York,US Open,2024-08-27,Grand Slam,Outdoor,Hard,1st Round,3,Alexandrova E.,Tomova V.,31.0,58.0,1778.0,1031.0,6.0,7.0,6.0,0.0,7.0,5.0,2.0,1.0,Completed,1.4,3.0,1.47,2.87,1.49,3.0,1.43,2.82,20240827
41,New York,US Open,2024-08-27,Grand Slam,Outdoor,Hard,1st Round,3,Bronzetti L.,Sun L.,76.0,41.0,891.0,1373.0,6.0,3.0,,,,,1.0,0.0,Retired,2.63,1.5,2.63,1.54,2.75,1.54,2.61,1.49,20240827
41,New York,US Open,2024-08-27,Grand Slam,Outdoor,Hard,1st Round,3,Sabalenka A.,Hon P.,2.0,203.0,8016.0,345.0,6.0,3.0,6.0,3.0,,,2.0,0.0,Completed,1.02,19.0,1.02,26.64,1.02,27.82,1.02,19.2,20240827
41,New York,US Open,2024-08-27,Grand Slam,Outdoor,Hard,1st Round,3,Muchova K.,Volynets K.,52.0,57.0,1126.0,1042.0,6.0,3.0,7.0,5.0,,,2.0,0.0,Completed,1.29,3.75,1.28,4.02,1.3,4.3,1.28,3.77,20240827
41,New York,US Open,2024-08-27,Grand Slam,Outdoor,Hard,1st Round,3,Pavlyuchenkova A.,Preston T.,27.0,145.0,1961.0,528.0,6.0,2.0,6.0,0.0,,,2.0,0.0,Completed,1.11,6.5,1.11,7.97,1.12,8.0,1.11,6.93,20240827
41,New York,US Open,2024-08-27,Grand Slam,Outdoor,Hard,1st Round,3,Dolehide C.,Collins D.,49.0,11.0,1227.0,3422.0,1.0,6.0,7.0,5.0,6.0,4.0,2.0,1.0,Completed,5.5,1.14,5.88,1.17,5.88,1.18,5.42,1.16,20240827
41,New York,US Open,2024-08-27,Grand Slam,Outdoor,Hard,1st Round,3,Errani S.,Bucsa C.,96.0,77.0,760.0,877.0,3.0,6.0,6.0,0.0,6.0,4.0,2.0,1.0,Completed,2.5,1.53,2.63,1.54,2.69,1.57,2.51,1.53,20240827
41,New York,US Open,2024-08-27,Grand Slam,Outdoor,Hard,1st Round,3,Krueger A.,Zhang S.,59.0,643.0,1017.0,60.0,0.0,6.0,6.0,1.0,7.0,5.0,2.0,1.0,Completed,1.06,10.0,1.05,13.59,1.07,15.0,1.05,11.12,20240827
41,New York,US Open,2024-08-27,Grand Slam,Outdoor,Hard,1st Round,3,Ponchet J.,Zheng S.,143.0,1294.0,532.0,6.0,6.0,4.0,6.0,1.0,,,2.0,0.0,Completed,1.08,8.0,1.13,7.1,1.13,8.5,1.1,7.06,20240827
41,New York,US Open,2024-08-27,Grand Slam,Outdoor,Hard,1st Round,3,Boulter K.,Sasnovich A.,33.0,107.0,1715.0,669.0,5.0,7.0,6.0,2.0,6.0,1.0,2.0,1.0,Completed,1.57,2.38,1.6,2.47,1.63,2.47,1.58,2.38,20240827
41,New York,US Open,2024-08-27,Grand Slam,Outdoor,Hard,1st Round,3,Shibahara E.,Saville D.,217.0,95.0,323.0,766.0,6.0,3.0,4.0,6.0,7.0,6.0,2.0,1.0,Completed,2.0,1.8,2.04,1.85,2.1,1.92,1.99,1.82,20240827
41,New York,US Open,2024-08-27,Grand Slam,Outdoor,Hard,1st Round,3,Swiatek I.,Rakhimova K.,1.0,104.0,10695.0,682.0,6.0,4.0,7.0,6.0,,,2.0,0.0,Completed,1.02,19.0,1.02,34.48,1.02,34.48,1.02,16.9,20240827
41,New York,US Open,2024-08-27,Grand Slam,Outdoor,Hard,1st Round,3,Cocciaretto E.,Baindl K.,65.0,329.0,963.0,191.0,6.0,3.0,6.0,0.0,,,2.0,0.0,Completed,1.2,4.5,1.18,5.63,1.21,5.63,1.18,4.89,20240827
41,New York,US Open,2024-08-27,Grand Slam,Outdoor,Hard,1st Round,3,Andreeva M.,Osorio M.,23.0,82.0,2153.0,861.0,6.0,2.0,7.0,6.0,,,2.0,0.0,Completed,1.17,5.0,1.17,5.69,1.18,5.69,1.17,5.18,20240827
41,New York,US Open,2024-08-27,Grand Slam,Outdoor,Hard,1st Round,3,Wozniacki C.,Hibino N.,71.0,155.0,908.0,476.0,6.0,0.0,6.0,1.0,,,2.0,0.0,Completed,1.22,4.33,1.21,4.93,1.23,4.93,1.21,4.41,20240827
41,New York,US Open,2024-08-27,Grand Slam,Outdoor,Hard,1st Round,3,Osaka N.,Ostapenko J.,88.0,10.0,824.0,3428.0,6.0,3.0,6.0,2.0,,,2.0,0.0,Completed,1.62,2.3,1.66,2.34,1.7,2.34,1.64,2.26,20240827
41,New York,US Open,2024-08-27,Grand Slam,Outdoor,Hard,1st Round,3,Zarazua R.,Garcia C.,92.0,30.0,784.0,1808.0,6.0,1.0,6.0,4.0,,,2.0,0.0,Completed,2.63,1.5,2.56,1.56,2.74,1.61,2.57,1.51,20240827
41,New York,US Open,2024-08-27,Grand Slam,Outdoor,Hard,1st Round,3,Kalinskaya A.,Davis L.,15.0,408.0,2712.0,145.0,6.0,2.0,6.0,2.0,,,2.0,0.0,Completed,1.08,8.0,1.09,8.99,1.1,9.15,1.08,8.09,20240827
41,New York,US Open,2024-08-27,Grand Slam,Outdoor,Hard,1st Round,3,Bouzas Maneiro J.,Martic P.,74.0,98.0,896.0,738.0,6.0,3.0,6.0,0.0,,,2.0,0.0,Completed,1.57,2.38,1.61,2.44,1.67,2.5,1.6,2.35,20240827
41,New York,US Open,2024-08-27,Grand Slam,Outdoor,Hard,1st Round,3,Bondar A.,Pera B.,84.0,79.0,861.0,872.0,6.0,3.0,3.0,6.0,6.0,3.0,2.0,1.0,Completed,2.2,1.67,2.22,1.73,2.24,1.75,2.18,1.69,20240827
41,New York,US Open,2024-08-27,Grand Slam,Outdoor,Hard,1st Round,3,Rybakina E.,Aiava D.,4.0,194.0,5931.0,363.0,6.0,1.0,7.0,6.0,,,2.0,0.0,Completed,1.03,15.0,1.04,16.67,1.05,17.0,1.03,12.84,20240827
41,New York,US Open,2024-08-27,Grand Slam,Outdoor,Hard,1st Round,3,Wang Xin.,Rodionova Ar.,40.0,119.0,1373.0,607.0,3.0,6.0,6.0,4.0,6.0,1.0,2.0,1.0,Completed,1.14,5.5,1.14,6.6,1.18,6.67,1.14,5.79,20240827
41,New York,US Open,2024-08-27,Grand Slam,Outdoor,Hard,1st Round,3,Tauson C.,Schmiedlova A.,67.0,87.0,929.0,831.0,1.0,6.0,7.0,6.0,6.0,2.0,2.0,1.0,Completed,1.53,2.5,1.64,2.39,1.72,2.51,1.58,2.39,20240827
41,New York,US Open,2024-08-27,Grand Slam,Outdoor,Hard,1st Round,3,Pliskova Ka.,Sherif M.,44.0,89.0,1324.0,793.0,6.0,3.0,0.0,6.0,7.0,5.0,2.0,1.0,Completed,1.36,3.2,1.36,3.42,1.39,3.42,1.35,3.22,20240827
41,New York,US Open,2024-08-27,Grand Slam,Outdoor,Hard,1st Round,3,Potapova A.,Fernandez L.A.,38.0,26.0,1397.0,2009.0,2.0,6.0,6.0,4.0,7.0,5.0,2.0,1.0,Completed,2.5,1.53,2.7,1.52,2.7,1.56,2.56,1.52,20240827
41,New York,US Open,2024-08-27,Grand Slam,Outdoor,Hard,1st Round,3,Lepchenko V.,Fruhvirtova B.,199.0,106.0,357.0,673.0,2.0,1.0,,,,,0.0,0.0,Retired,2.3,1.62,2.5,1.59,2.5,1.68,2.32,1.62,20240827
41,New York,US Open,2024-08-27,Grand Slam,Outdoor,Hard,1st Round,3,Sorribes Tormo S.,Noel A.,115.0,784.0,624.0,36.0,6.0,1.0,6.0,3.0,,,2.0,0.0,Completed,1.13,6.0,1.13,6.65,1.14,7.0,1.12,6.31,20240827
41,New York,US Open,2024-08-27,Grand Slam,Outdoor,Hard,1st Round,3,Shnaider D.,Podoroska N.,18.0,68.0,2385.0,920.0,6.0,0.0,6.0,1.0,,,2.0,0.0,Completed,1.13,6.0,1.15,6.19,1.16,6.19,1.14,5.68,20240827
41,New York,US Open,2024-08-27,Grand Slam,Outdoor,Hard,1st Round,3,Samsonova L.,Wang Q.,16.0,438.0,2610.0,128.0,6.0,2.0,7.0,5.0,,,2.0,0.0,Completed,1.05,11.0,1.06,12.04,1.06,12.04,1.06,10.21,20240827
41,New York,US Open,2024-08-27,Grand Slam,Outdoor,Hard,1st Round,3,Bouzkova M.,Lys E.,45.0,112.0,1312.0,642.0,6.0,2.0,1.0,6.0,7.0,5.0,2.0,1.0,Completed,1.4,3.0,1.45,2.96,1.47,3.0,1.42,2.86,20240827
41,New York,US Open,2024-08-27,Grand Slam,Outdoor,Hard,1st Round,3,Haddad Maia B.,Avanesyan E.,21.0,51.0,2221.0,1200.0,4.0,6.0,6.0,0.0,6.0,2.0,2.0,1.0,Completed,1.57,2.38,1.67,2.33,1.73,2.4,1.61,2.32,20240827
41,New York,US Open,2024-08-28,Grand Slam,Outdoor,Hard,1st Round,3,Putintseva Y.,Noskova L.,32.0,25.0,1761.0,2013.0,7.0,6.0,6.0,4.0,,,2.0,0.0,Completed,1.91,1.91,1.89,2.0,1.91,2.0,1.88,1.93,20240828
41,New York,US Open,2024-08-28,Grand Slam,Outdoor,Hard,1st Round,3,Paolini J.,Andreescu B.,5.0,167.0,5168.0,444.0,6.0,7.0,6.0,2.0,6.0,4.0,2.0,1.0,Completed,1.53,2.5,1.54,2.63,1.57,2.65,1.52,2.54,20240828
41,New York,US Open,2024-08-28,Grand Slam,Outdoor,Hard,1st Round,3,Kenin S.,Raducanu E.,54.0,72.0,1099.0,907.0,6.0,1.0,3.0,6.0,6.0,4.0,2.0,1.0,Completed,3.75,1.29,4.09,1.27,4.09,1.3,3.75,1.28,20240828
41,New York,US Open,2024-08-28,Grand Slam,Outdoor,Hard,1st Round,3,Pegula J.,Rogers S.,6.0,356.0,5160.0,173.0,6.0,4.0,6.0,3.0,,,2.0,0.0,Completed,1.05,11.0,1.04,17.45,1.05,17.45,1.04,12.02,20240828
41,New York,US Open,2024-08-28,Grand Slam,Outdoor,Hard,2nd Round,3,Badosa P.,Townsend T.,29.0,48.0,1895.0,1267.0,6.0,3.0,7.0,5.0,,,2.0,0.0,Completed,1.44,2.75,1.4,3.23,1.45,3.23,1.41,2.87,20240828
41,New York,US Open,2024-08-28,Grand Slam,Outdoor,Hard,2nd Round,3,Mertens E.,Tomljanovic A.,35.0,118.0,1639.0,607.0,6.0,3.0,6.0,2.0,,,2.0,0.0,Completed,1.4,3.0,1.38,3.31,1.4,3.31,1.38,3.03,20240828
41,New York,US Open,2024-08-28,Grand Slam,Outdoor,Hard,2nd Round,3,Niemeier J.,Uchijima M.,101.0,64.0,724.0,968.0,6.0,4.0,6.0,0.0,,,2.0,0.0,Completed,1.8,2.0,1.78,2.16,1.83,2.16,1.79,2.01,20240828
41,New York,US Open,2024-08-28,Grand Slam,Outdoor,Hard,2nd Round,3,Ruse E.G.,Krejcikova B.,122.0,8.0,588.0,3571.0,6.0,4.0,7.0,5.0,,,2.0,0.0,Completed,3.2,1.36,3.89,1.3,3.89,1.36,3.44,1.31,20240828
41,New York,US Open,2024-08-28,Grand Slam,Outdoor,Hard,2nd Round,3,Keys M.,Joint M.,14.0,135.0,2727.0,544.0,6.0,4.0,6.0,0.0,,,2.0,0.0,Completed,1.14,5.5,1.18,5.73,1.18,5.73,1.15,5.3,20240828
41,New York,US Open,2024-08-28,Grand Slam,Outdoor,Hard,2nd Round,3,Zheng Q.,Andreeva E.,7.0,75.0,3980.0,892.0,6.0,7.0,6.0,1.0,6.0,2.0,2.0,1.0,Completed,1.17,5.0,1.18,5.75,1.18,6.0,1.15,5.36,20240828
41,New York,US Open,2024-08-28,Grand Slam,Outdoor,Hard,2nd Round,3,Wang Y.,Parry D.,80.0,60.0,861.0,1002.0,6.0,0.0,6.0,4.0,,,2.0,0.0,Completed,1.73,2.1,1.69,2.3,1.73,2.31,1.69,2.19,20240828
41,New York,US Open,2024-08-28,Grand Slam,Outdoor,Hard,2nd Round,3,Kostyuk M.,Dart H.,19.0,78.0,2348.0,874.0,7.0,6.0,6.0,1.0,,,2.0,0.0,Completed,1.17,5.0,1.2,5.22,1.23,5.22,1.2,4.69,20240828
41,New York,US Open,2024-08-28,Grand Slam,Outdoor,Hard,2nd Round,3,Alexandrova E.,Jovic I.,31.0,389.0,1778.0,155.0,4.0,6.0,6.0,4.0,7.0,5.0,2.0,1.0,Completed,1.3,3.5,1.34,3.56,1.36,3.56,1.32,3.33,20240828
41,New York,US Open,2024-08-28,Grand Slam,Outdoor,Hard,2nd Round,3,Sabalenka A.,Bronzetti L.,2.0,76.0,8016.0,891.0,6.0,3.0,6.0,1.0,,,2.0,0.0,Completed,1.04,13.0,1.04,18.91,1.05,19.28,1.03,12.7,20240828
41,New York,US Open,2024-08-28,Grand Slam,Outdoor,Hard,2nd Round,3,Navarro E.,Rus A.,12.0,93.0,3040.0,779.0,6.0,1.0,6.0,1.0,,,2.0,0.0,Completed,1.11,6.5,1.14,6.71,1.14,6.71,1.13,6.04,20240828
41,New York,US Open,2024-08-28,Grand Slam,Outdoor,Hard,2nd Round,3,Vekic D.,Minnen G.,24.0,70.0,2013.0,918.0,7.0,5.0,6.0,1.0,,,2.0,0.0,Completed,1.29,3.75,1.32,3.74,1.32,3.75,1.3,3.46,20240828
41,New York,US Open,2024-08-29,Grand Slam,Outdoor,Hard,2nd Round,3,Azarenka V.,Burel C.,20.0,56.0,2266.0,1075.0,6.0,1.0,6.0,4.0,,,2.0,0.0,Completed,1.2,4.5,1.24,4.61,1.25,4.98,1.22,4.4,20240829
41,New York,US Open,2024-08-29,Grand Slam,Outdoor,Hard,2nd Round,3,Gauff C.,Maria T.,3.0,99.0,6743.0,735.0,6.0,4.0,6.0,0.0,,,2.0,0.0,Completed,1.02,19.0,1.03,24.47,1.03,24.47,1.02,15.71,20240829
41,New York,US Open,2024-08-29,Grand Slam,Outdoor,Hard,2nd Round,3,Svitolina E.,Kalinina A.,28.0,55.0,1942.0,1076.0,6.0,1.0,6.0,2.0,,,2.0,0.0,Completed,1.2,4.5,1.24,4.69,1.24,4.69,1.21,4.3,20240829
41,New York,US Open,2024-08-29,Grand Slam,Outdoor,Hard,2nd Round,3,Stearns P.,Kasatkina D.,47.0,13.0,1283.0,2973.0,6.0,1.0,7.0,6.0,,,2.0,0.0,Completed,2.0,1.8,2.08,1.84,2.08,1.84,1.99,1.79,20240829
41,New York,US Open,2024-08-29,Grand Slam,Outdoor,Hard,2nd Round,3,Kalinskaya A.,Bondar A.,15.0,84.0,2712.0,861.0,6.0,2.0,6.0,4.0,,,2.0,0.0,Completed,1.14,5.5,1.16,6.23,1.17,6.39,1.14,5.74,20240829
41,New York,US Open,2024-08-29,Grand Slam,Outdoor,Hard,2nd Round,3,Shnaider D.,Tauson C.,18.0,67.0,2385.0,929.0,6.0,4.0,6.0,4.0,,,2.0,0.0,Completed,1.25,4.0,1.26,4.33,1.28,4.33,1.25,4.02,20240829
41,New York,US Open,2024-08-29,Grand Slam,Outdoor,Hard,2nd Round,3,Putintseva Y.,Wang Xin.,32.0,40.0,1761.0,1373.0,6.0,1.0,7.0,6.0,,,2.0,0.0,Completed,1.44,2.75,1.44,3.05,1.5,3.05,1.44,2.81,20240829
41,New York,US Open,2024-08-29,Grand Slam,Outdoor,Hard,2nd Round,3,Bouzas Maneiro J.,Boulter K.,74.0,33.0,896.0,1715.0,7.0,5.0,7.0,5.0,,,2.0,0.0,Completed,2.63,1.5,2.62,1.56,2.63,1.57,2.51,1.53,20240829
41,New York,US Open,2024-08-29,Grand Slam,Outdoor,Hard,2nd Round,3,Errani S.,Dolehide C.,96.0,49.0,760.0,1227.0,7.0,5.0,7.0,5.0,,,2.0,0.0,Completed,3.75,1.29,3.54,1.35,3.8,1.35,3.6,1.3,20240829
41,New York,US Open,2024-08-29,Grand Slam,Outdoor,Hard,2nd Round,3,Samsonova L.,Bouzkova M.,16.0,45.0,2610.0,1312.0,3.0,6.0,7.0,6.0,6.0,3.0,2.0,1.0,Completed,1.53,2.5,1.61,2.48,1.62,2.5,1.58,2.39,20240829
41,New York,US Open,2024-08-29,Grand Slam,Outdoor,Hard,2nd Round,3,Paolini J.,Pliskova Ka.,5.0,44.0,5168.0,1324.0,,,,,,,0.0,0.0,Retired,1.3,3.5,1.29,4.02,1.34,4.02,1.3,3.57,20240829
41,New York,US Open,2024-08-29,Grand Slam,Outdoor,Hard,2nd Round,3,Krueger A.,Andreeva M.,59.0,23.0,1017.0,2153.0,6.0,1.0,6.0,4.0,,,2.0,0.0,Completed,4.33,1.22,4.52,1.25,4.52,1.26,4.26,1.23,20240829
41,New York,US Open,2024-08-29,Grand Slam,Outdoor,Hard,2nd Round,3,Haddad Maia B.,Sorribes Tormo S.,21.0,115.0,2221.0,624.0,6.0,2.0,6.0,1.0,,,2.0,0.0,Completed,1.25,4.0,1.29,4.03,1.3,4.03,1.27,3.79,20240829
41,New York,US Open,2024-08-29,Grand Slam,Outdoor,Hard,2nd Round,3,Potapova A.,Lepchenko V.,38.0,199.0,1397.0,357.0,6.0,3.0,6.0,4.0,,,2.0,0.0,Completed,1.17,5.0,1.18,5.67,1.18,5.67,1.17,5.14,20240829
41,New York,US Open,2024-08-29,Grand Slam,Outdoor,Hard,2nd Round,3,Swiatek I.,Shibahara E.,1.0,217.0,10695.0,323.0,6.0,0.0,6.0,1.0,,,2.0,0.0,Completed,1.02,21.0,1.01,39.46,1.02,39.46,1.01,20.75,20240829
41,New York,US Open,2024-08-29,Grand Slam,Outdoor,Hard,2nd Round,3,Pegula J.,Kenin S.,6.0,54.0,5160.0,1099.0,7.0,6.0,6.0,3.0,,,2.0,0.0,Completed,1.13,6.0,1.14,6.7,1.15,6.83,1.13,6.08,20240829
41,New York,US Open,2024-08-29,Grand Slam,Outdoor,Hard,2nd Round,3,Pavlyuchenkova A.,Cocciaretto E.,27.0,65.0,1961.0,963.0,5.0,7.0,6.0,1.0,6.0,2.0,2.0,1.0,Completed,1.5,2.63,1.48,2.89,1.57,2.89,1.51,2.59,20240829
41,New York,US Open,2024-08-29,Grand Slam,Outdoor,Hard,2nd Round,3,Ponchet J.,Rybakina E.,143.0,4.0,532.0,5931.0,,,,,,,,,Walkover,13.0,1.04,21.9,1.03,21.9,1.04,14.05,1.04,20240829
41,New York,US Open,2024-08-30,Grand Slam,Outdoor,Hard,2nd Round,3,Muchova K.,Osaka N.,52.0,88.0,1126.0,824.0,6.0,3.0,7.0,6.0,,,2.0,0.0,Completed,2.1,1.73,2.22,1.74,2.22,1.77,2.13,1.72,20240830
41,New York,US Open,2024-08-30,Grand Slam,Outdoor,Hard,2nd Round,3,Wozniacki C.,Zarazua R.,71.0,92.0,908.0,784.0,6.0,3.0,6.0,3.0,,,2.0,0.0,Completed,1.13,6.0,1.22,4.98,1.22,6.05,1.17,5.21,20240830
41,New York,US Open,2024-08-30,Grand Slam,Outdoor,Hard,3rd Round,3,Badosa P.,Ruse E.G.,29.0,122.0,1895.0,588.0,4.0,6.0,6.0,1.0,7.0,6.0,2.0,1.0,Completed,1.17,5.0,1.18,5.56,1.2,5.56,1.18,4.92,20240830
41,New York,US Open,2024-08-30,Grand Slam,Outdoor,Hard,3rd Round,3,Zheng Q.,Niemeier J.,7.0,101.0,3980.0,724.0,6.0,2.0,6.0,1.0,,,2.0,0.0,Completed,1.11,6.5,1.11,8.2,1.13,8.2,1.11,6.75,20240830
41,New York,US Open,2024-08-30,Grand Slam,Outdoor,Hard,3rd Round,3,Gauff C.,Svitolina E.,3.0,28.0,6743.0,1942.0,3.0,6.0,6.0,3.0,6.0,3.0,2.0,1.0,Completed,1.4,3.0,1.44,3.01,1.45,3.09,1.43,2.87,20240830
41,New York,US Open,2024-08-30,Grand Slam,Outdoor,Hard,3rd Round,3,Wang Y.,Azarenka V.,80.0,20.0,861.0,2266.0,6.0,4.0,3.0,6.0,6.0,1.0,2.0,1.0,Completed,3.75,1.29,3.98,1.29,4,1.33,3.69,1.29,20240830
41,New York,US Open,2024-08-30,Grand Slam,Outdoor,Hard,3rd Round,3,Navarro E.,Kostyuk M.,12.0,19.0,3040.0,2348.0,6.0,4.0,4.0,6.0,6.0,3.0,2.0,1.0,Completed,1.57,2.38,1.62,2.4,1.62,2.47,1.58,2.39,20240830
41,New York,US Open,2024-08-30,Grand Slam,Outdoor,Hard,3rd Round,3,Vekic D.,Stearns P.,24.0,47.0,2013.0,1283.0,7.0,5.0,6.0,4.0,,,2.0,0.0,Completed,1.67,2.2,1.65,2.4,1.7,2.42,1.64,2.26,20240830
41,New York,US Open,2024-08-31,Grand Slam,Outdoor,Hard,3rd Round,3,Mertens E.,Keys M.,35.0,14.0,1639.0,2727.0,6.0,7.0,7.0,5.0,6.0,4.0,2.0,1.0,Completed,3.0,1.4,3.0,1.45,3.01,1.47,2.91,1.41,20240831
41,New York,US Open,2024-08-31,Grand Slam,Outdoor,Hard,3rd Round,3,Sabalenka A.,Alexandrova E.,2.0,31.0,8016.0,1778.0,2.0,6.0,6.0,1.0,6.0,2.0,2.0,1.0,Completed,1.08,8.0,1.1,9.0,1.11,9.0,1.09,7.95,20240831
41,New York,US Open,2024-08-31,Grand Slam,Outdoor,Hard,3rd Round,3,Muchova K.,Potapova A.,52.0,38.0,1126.0,1397.0,6.0,4.0,6.0,2.0,,,2.0,0.0,Completed,1.4,3.0,1.36,3.48,1.43,3.48,1.37,3.08,20240831
41,New York,US Open,2024-08-31,Grand Slam,Outdoor,Hard,3rd Round,3,Paolini J.,Putintseva Y.,5.0,32.0,5168.0,1761.0,6.0,3.0,6.0,4.0,,,2.0,0.0,Completed,1.67,2.2,1.72,2.26,1.73,2.35,1.66,2.24,20240831
41,New York,US Open,2024-08-31,Grand Slam,Outdoor,Hard,3rd Round,3,Pegula J.,Bouzas Maneiro J.,6.0,74.0,5160.0,896.0,6.0,3.0,6.0,3.0,,,2.0,0.0,Completed,1.11,6.5,1.13,7.27,1.13,7.27,1.11,6.58,20240831
41,New York,US Open,2024-08-31,Grand Slam,Outdoor,Hard,3rd Round,3,Shnaider D.,Errani S.,18.0,96.0,2385.0,760.0,6.0,2.0,6.0,2.0,,,2.0,0.0,Completed,1.08,8.0,1.1,8.72,1.11,9.81,1.09,7.69,20240831
41,New York,US Open,2024-08-31,Grand Slam,Outdoor,Hard,3rd Round,3,Samsonova L.,Krueger A.,16.0,59.0,2610.0,1017.0,6.0,1.0,6.0,1.0,,,2.0,0.0,Completed,1.57,2.38,1.58,2.54,1.65,2.54,1.59,2.35,20240831
41,New York,US Open,2024-08-31,Grand Slam,Outdoor,Hard,3rd Round,3,Wozniacki C.,Ponchet J.,71.0,143.0,908.0,532.0,6.0,3.0,6.0,2.0,,,2.0,0.0,Completed,1.08,8.0,1.13,7.09,1.13,8.0,1.11,6.64,20240831
41,New York,US Open,2024-09-01,Grand Slam,Outdoor,Hard,3rd Round,3,Swiatek I.,Pavlyuchenkova A.,1.0,27.0,10695.0,1961.0,6.0,4.0,6.0,2.0,,,2.0,0.0,Completed,1.08,8.0,1.09,9.29,1.1,9.29,1.08,8.25,20240901
41,New York,US Open,2024-09-01,Grand Slam,Outdoor,Hard,3rd Round,3,Haddad Maia B.,Kalinskaya A.,21.0,15.0,2221.0,2712.0,6.0,3.0,6.0,1.0,,,2.0,0.0,Completed,2.63,1.5,2.65,1.55,2.65,1.57,2.57,1.51,20240901
41,New York,US Open,2024-09-01,Grand Slam,Outdoor,Hard,4th Round,3,Badosa P.,Wang Y.,29.0,80.0,1895.0,861.0,6.0,1.0,6.0,2.0,,,2.0,0.0,Completed,1.22,4.33,1.22,4.82,1.25,4.82,1.22,4.28,20240901
41,New York,US Open,2024-09-01,Grand Slam,Outdoor,Hard,4th Round,3,Navarro E.,Gauff C.,12.0,3.0,3040.0,6743.0,6.0,3.0,4.0,6.0,6.0,3.0,2.0,1.0,Completed,2.75,1.44,2.92,1.47,2.92,1.51,2.74,1.45,20240901
41,New York,US Open,2024-09-02,Grand Slam,Outdoor,Hard,4th Round,3,Sabalenka A.,Mertens E.,2.0,35.0,8016.0,1639.0,6.0,2.0,6.0,4.0,,,2.0,0.0,Completed,1.08,8.0,1.11,7.99,1.14,8.0,1.11,6.91,20240902
41,New York,US Open,2024-09-02,Grand Slam,Outdoor,Hard,4th Round,3,Zheng Q.,Vekic D.,7.0,24.0,3980.0,2013.0,7.0,6.0,4.0,6.0,6.0,2.0,2.0,1.0,Completed,1.44,2.75,1.46,2.95,1.5,3.0,1.45,2.77,20240902
41,New York,US Open,2024-09-02,Grand Slam,Outdoor,Hard,4th Round,3,Muchova K.,Paolini J.,52.0,5.0,1126.0,5168.0,6.0,3.0,6.0,3.0,,,2.0,0.0,Completed,1.57,2.38,1.72,2.26,1.72,2.55,1.6,2.35,20240902
41,New York,US Open,2024-09-02,Grand Slam,Outdoor,Hard,4th Round,3,Pegula J.,Shnaider D.,6.0,18.0,5160.0,2385.0,6.0,4.0,6.0,2.0,,,2.0,0.0,Completed,1.5,2.63,1.49,2.83,1.53,2.85,1.48,2.69,20240902
41,New York,US Open,2024-09-02,Grand Slam,Outdoor,Hard,4th Round,3,Haddad Maia B.,Wozniacki C.,21.0,71.0,2221.0,908.0,6.0,2.0,3.0,6.0,6.0,3.0,2.0,1.0,Completed,2.0,1.8,2.08,1.84,2.14,1.85,2.03,1.8,20240902
41,New York,US Open,2024-09-03,Grand Slam,Outdoor,Hard,4th Round,3,Swiatek I.,Samsonova L.,1.0,16.0,10695.0,2610.0,6.0,4.0,6.0,1.0,,,2.0,0.0,Completed,1.08,8.0,1.1,8.94,1.11,9.08,1.1,7.44,20240903
41,New York,US Open,2024-09-03,Grand Slam,Outdoor,Hard,Quarterfinals,3,Navarro E.,Badosa P.,12.0,29.0,3040.0,1895.0,6.0,2.0,7.0,5.0,,,2.0,0.0,Completed,2.1,1.73,2.09,1.83,2.11,1.83,2.05,1.78,20240903
41,New York,US Open,2024-09-04,Grand Slam,Outdoor,Hard,Quarterfinals,3,Sabalenka A.,Zheng Q.,2.0,7.0,8016.0,3980.0,6.0,1.0,6.0,2.0,,,2.0,0.0,Completed,1.25,4.0,1.32,3.75,1.32,4.0,1.29,3.68,20240904
41,New York,US Open,2024-09-04,Grand Slam,Outdoor,Hard,Quarterfinals,3,Muchova K.,Haddad Maia B.,52.0,21.0,1126.0,2221.0,6.0,1.0,6.0,4.0,,,2.0,0.0,Completed,1.3,3.5,1.34,3.62,1.37,3.62,1.32,3.38,20240904
41,New York,US Open,2024-09-05,Grand Slam,Outdoor,Hard,Quarterfinals,3,Pegula J.,Swiatek I.,6.0,1.0,5160.0,10695.0,6.0,2.0,6.0,4.0,,,2.0,0.0,Completed,3.75,1.29,3.77,1.32,3.8,1.34,3.6,1.3,20240905
41,New York,US Open,2024-09-06,Grand Slam,Outdoor,Hard,Semifinals,3,Sabalenka A.,Navarro E.,2.0,12.0,8016.0,3040.0,6.0,3.0,7.0,6.0,,,2.0,0.0,Completed,1.2,4.5,1.23,4.76,1.23,4.76,1.22,4.4,20240906
41,New York,US Open,2024-09-06,Grand Slam,Outdoor,Hard,Semifinals,3,Pegula J.,Muchova K.,6.0,52.0,5160.0,1126.0,1.0,6.0,6.0,4.0,6.0,2.0,2.0,1.0,Completed,1.62,2.3,1.66,2.38,1.66,2.44,1.63,2.31,20240906
41,New York,US Open,2024-09-07,Grand Slam,Outdoor,Hard,The Final,3,Sabalenka A.,Pegula J.,2.0,6.0,8016.0,5160.0,7.0,5.0,7.0,5.0,,,2.0,0.0,Completed,1.29,3.75,1.3,3.89,1.34,3.89,1.3,3.64,20240907
42,Guadalajara,Guadalajara Open,2024-09-09,WTA500,Outdoor,Hard,1st Round,3,Kudermetova V.,Vickery S.,42.0,160.0,1308.0,461.0,6.0,4.0,6.0,4.0,,,2.0,0.0,Completed,1.29,3.75,1.26,4.2,1.32,4.2,1.26,3.77,20240909
42,Guadalajara,Guadalajara Open,2024-09-09,WTA500,Outdoor,Hard,1st Round,3,Gadecki O.,Stephens S.,152.0,63.0,484.0,987.0,6.0,4.0,6.0,3.0,,,2.0,0.0,Completed,1.8,2.0,1.79,2.13,1.81,2.13,1.76,2.04,20240909
42,Guadalajara,Guadalajara Open,2024-09-09,WTA500,Outdoor,Hard,1st Round,3,Rakhimova K.,Krunic A.,89.0,283.0,812.0,236.0,7.0,5.0,6.0,0.0,,,2.0,0.0,Completed,1.29,3.75,1.31,3.75,1.33,3.75,1.3,3.47,20240909
42,Guadalajara,Guadalajara Open,2024-09-10,WTA500,Outdoor,Hard,1st Round,3,Zarazua R.,Kalinina A.,85.0,52.0,834.0,1136.0,6.0,1.0,3.0,6.0,6.0,1.0,2.0,1.0,Completed,2.63,1.5,2.51,1.58,2.63,1.6,2.43,1.54,20240910
42,Guadalajara,Guadalajara Open,2024-09-10,WTA500,Outdoor,Hard,1st Round,3,Osorio M.,Baptiste H.,80.0,102.0,861.0,704.0,6.0,3.0,6.0,2.0,,,2.0,0.0,Completed,1.4,3.0,1.46,2.91,1.46,3.0,1.42,2.81,20240910
42,Guadalajara,Guadalajara Open,2024-09-10,WTA500,Outdoor,Hard,1st Round,3,Krueger A.,Maria T.,51.0,82.0,1137.0,846.0,7.0,5.0,6.0,2.0,,,2.0,0.0,Completed,1.44,2.75,1.55,2.61,1.55,2.78,1.48,2.6,20240910
42,Guadalajara,Guadalajara Open,2024-09-10,WTA500,Outdoor,Hard,1st Round,3,Shibahara E.,Birrell K.,169.0,150.0,432.0,489.0,6.0,4.0,7.0,6.0,,,2.0,0.0,Completed,1.91,1.91,1.89,2.0,1.91,2.0,1.86,1.92,20240910
42,Guadalajara,Guadalajara Open,2024-09-10,WTA500,Outdoor,Hard,1st Round,3,Stefanini L.,Sanchez A.S.,178.0,285.0,406.0,235.0,6.0,0.0,3.0,6.0,6.0,2.0,2.0,1.0,Completed,1.1,7.0,1.09,9.13,1.11,9.13,1.08,7.55,20240910
42,Guadalajara,Guadalajara Open,2024-09-10,WTA500,Outdoor,Hard,1st Round,3,Trevisan M.,Dolehide C.,99.0,44.0,740.0,1287.0,6.0,3.0,6.0,2.0,,,2.0,0.0,Completed,3.5,1.3,3.18,1.4,3.6,1.4,3.3,1.32,20240910
42,Guadalajara,Guadalajara Open,2024-09-11,WTA500,Outdoor,Hard,1st Round,3,Bouzkova M.,Eala A.,45.0,147.0,1252.0,502.0,6.0,2.0,6.0,2.0,,,2.0,0.0,Completed,1.2,4.5,1.28,4.01,1.29,4.54,1.27,3.77,20240911
42,Guadalajara,Guadalajara Open,2024-09-11,WTA500,Outdoor,Hard,1st Round,3,Stakusic M.,Schmiedlova A.,155.0,98.0,480.0,745.0,6.0,2.0,6.0,4.0,,,2.0,0.0,Completed,2.38,1.57,2.42,1.62,2.5,1.64,2.36,1.58,20240911
42,Guadalajara,Guadalajara Open,2024-09-11,WTA500,Outdoor,Hard,1st Round,3,Frech M.,Bektas E.,43.0,117.0,1303.0,617.0,6.0,4.0,6.0,4.0,,,2.0,0.0,Completed,1.25,4.0,1.32,3.67,1.36,4.01,1.29,3.49,20240911
42,Guadalajara,Guadalajara Open,2024-09-11,WTA500,Outdoor,Hard,2nd Round,3,Azarenka V.,Rakhimova K.,19.0,89.0,2326.0,812.0,2.0,6.0,0.0,3.0,,,0.0,1.0,Retired,1.3,3.5,1.34,3.6,1.35,3.6,1.3,3.42,20240911
42,Guadalajara,Guadalajara Open,2024-09-11,WTA500,Outdoor,Hard,2nd Round,3,Osorio M.,Kudermetova V.,80.0,42.0,861.0,1308.0,7.0,6.0,6.0,7.0,7.0,5.0,2.0,1.0,Completed,2.0,1.8,2.09,1.83,2.12,1.86,1.99,1.8,20240911
42,Guadalajara,Guadalajara Open,2024-09-12,WTA500,Outdoor,Hard,2nd Round,3,Gadecki O.,Collins D.,152.0,11.0,484.0,3362.0,6.0,3.0,6.0,3.0,,,2.0,0.0,Completed,4.33,1.22,4.35,1.26,4.35,1.29,3.97,1.24,20240912
42,Guadalajara,Guadalajara Open,2024-09-12,WTA500,Outdoor,Hard,2nd Round,3,Trevisan M.,Zarazua R.,99.0,85.0,740.0,834.0,6.0,4.0,6.0,3.0,,,2.0,0.0,Completed,2.1,1.73,2.03,1.88,2.15,1.88,2.05,1.76,20240912
42,Guadalajara,Guadalajara Open,2024-09-12,WTA500,Outdoor,Hard,2nd Round,3,Bouzkova M.,Stefanini L.,45.0,178.0,1252.0,406.0,6.0,2.0,6.0,1.0,,,2.0,0.0,Completed,1.2,4.5,1.17,5.94,1.21,5.94,1.17,4.96,20240912
42,Guadalajara,Guadalajara Open,2024-09-12,WTA500,Outdoor,Hard,2nd Round,3,Garcia C.,Shibahara E.,30.0,169.0,1808.0,432.0,7.0,6.0,7.0,6.0,,,2.0,0.0,Completed,1.53,2.5,1.58,2.57,1.61,2.65,1.55,2.42,20240912
42,Guadalajara,Guadalajara Open,2024-09-13,WTA500,Outdoor,Hard,2nd Round,3,Stakusic M.,Ostapenko J.,155.0,12.0,480.0,3008.0,6.0,3.0,5.0,7.0,7.0,6.0,2.0,1.0,Completed,4.33,1.22,4.1,1.28,4.34,1.28,3.99,1.24,20240913
42,Guadalajara,Guadalajara Open,2024-09-13,WTA500,Outdoor,Hard,2nd Round,3,Frech M.,Krueger A.,43.0,51.0,1303.0,1137.0,3.0,6.0,6.0,3.0,6.0,1.0,2.0,1.0,Completed,2.63,1.5,2.58,1.57,2.63,1.57,2.51,1.52,20240913
42,Guadalajara,Guadalajara Open,2024-09-13,WTA500,Outdoor,Hard,Quarterfinals,3,Gadecki O.,Trevisan M.,152.0,99.0,484.0,740.0,6.0,2.0,3.0,6.0,6.0,1.0,2.0,1.0,Completed,1.5,2.63,1.45,2.97,1.5,2.97,1.44,2.75,20240913
42,Guadalajara,Guadalajara Open,2024-09-13,WTA500,Outdoor,Hard,Quarterfinals,3,Osorio M.,Rakhimova K.,80.0,89.0,861.0,812.0,7.0,6.0,6.0,2.0,,,2.0,0.0,Completed,2.2,1.67,2.3,1.69,2.3,1.84,2.17,1.68,20240913
42,Guadalajara,Guadalajara Open,2024-09-14,WTA500,Outdoor,Hard,Quarterfinals,3,Garcia C.,Bouzkova M.,30.0,45.0,1808.0,1252.0,,,,,,,,,Walkover,2.75,1.44,3.15,1.41,3.15,1.45,2.82,1.42,20240914
42,Guadalajara,Guadalajara Open,2024-09-14,WTA500,Outdoor,Hard,Quarterfinals,3,Frech M.,Stakusic M.,43.0,155.0,1303.0,480.0,6.0,4.0,6.0,3.0,,,2.0,0.0,Completed,1.5,2.63,1.56,2.6,1.56,2.7,1.5,2.55,20240914
42,Guadalajara,Guadalajara Open,2024-09-15,WTA500,Outdoor,Hard,Semifinals,3,Gadecki O.,Osorio M.,152.0,80.0,484.0,861.0,6.0,2.0,6.0,3.0,,,2.0,0.0,Completed,2.2,1.67,2.16,1.78,2.2,1.78,2.11,1.72,20240915
42,Guadalajara,Guadalajara Open,2024-09-15,WTA500,Outdoor,Hard,Semifinals,3,Frech M.,Garcia C.,43.0,30.0,1303.0,1808.0,7.0,6.0,7.0,5.0,,,2.0,0.0,Completed,1.73,2.1,1.76,2.19,1.79,2.19,1.73,2.08,20240915
42,Guadalajara,Guadalajara Open,2024-09-16,WTA500,Outdoor,Hard,The Final,3,Frech M.,Gadecki O.,43.0,152.0,1303.0,484.0,7.0,6.0,6.0,4.0,,,2.0,0.0,Completed,1.67,2.2,1.7,2.29,1.76,2.38,1.66,2.2,20240916
43,Monastir,Jasmin Open,2024-09-09,WTA250,Outdoor,Hard,1st Round,3,Miyazaki Y.,Parks A.,166.0,114.0,450.0,627.0,6.0,3.0,5.0,7.0,6.0,3.0,2.0,1.0,Completed,2.38,1.57,2.39,1.63,2.45,1.63,2.35,1.58,20240909
43,Monastir,Jasmin Open,2024-09-09,WTA250,Outdoor,Hard,1st Round,3,Hontama M.,Nugroho P.,109.0,621.0,657.0,68.0,6.0,2.0,6.0,1.0,,,2.0,0.0,Completed,1.33,3.4,1.3,3.79,1.33,3.79,1.3,3.49,20240909
43,Monastir,Jasmin Open,2024-09-09,WTA250,Outdoor,Hard,1st Round,3,Parry D.,Bechri C.,55.0,1206.0,1062.0,9.0,6.0,3.0,6.0,0.0,,,2.0,0.0,Completed,1.01,29.0,1.01,50.97,1.02,67.0,1.0,22.92,20240909
43,Monastir,Jasmin Open,2024-09-09,WTA250,Outdoor,Hard,1st Round,3,Burel C.,Bassols M.,58.0,113.0,1015.0,635.0,6.0,2.0,6.0,2.0,,,2.0,0.0,Completed,1.4,3.0,1.34,3.48,1.4,3.5,1.34,3.21,20240909
43,Monastir,Jasmin Open,2024-09-09,WTA250,Outdoor,Hard,1st Round,3,Lys E.,Tsurenko L.,126.0,91.0,572.0,794.0,6.0,3.0,7.0,5.0,,,2.0,0.0,Completed,1.57,2.38,1.56,2.56,1.68,2.6,1.55,2.42,20240909
43,Monastir,Jasmin Open,2024-09-09,WTA250,Outdoor,Hard,1st Round,3,Sorribes Tormo S.,Blinkova A.,115.0,79.0,624.0,861.0,6.0,4.0,6.0,4.0,,,2.0,0.0,Completed,1.73,2.1,1.7,2.24,1.74,2.25,1.68,2.16,20240909
43,Monastir,Jasmin Open,2024-09-10,WTA250,Outdoor,Hard,1st Round,3,Ruzic A.,Podoroska N.,173.0,71.0,424.0,918.0,1.0,6.0,6.0,2.0,6.0,4.0,2.0,1.0,Completed,1.91,1.91,2.07,1.82,2.07,1.95,1.93,1.84,20240910
43,Monastir,Jasmin Open,2024-09-10,WTA250,Outdoor,Hard,1st Round,3,Kartal S.,Cristian J.,151.0,74.0,486.0,900.0,4.0,6.0,6.0,3.0,7.0,5.0,2.0,1.0,Completed,1.5,2.63,1.49,2.77,1.53,2.77,1.49,2.59,20240910
43,Monastir,Jasmin Open,2024-09-10,WTA250,Outdoor,Hard,1st Round,3,Starodubtseva Y.,Lamens S.,130.0,138.0,558.0,537.0,6.0,2.0,3.0,6.0,6.0,4.0,2.0,1.0,Completed,1.4,3.0,1.41,3.06,1.44,3.06,1.39,2.92,20240910
43,Monastir,Jasmin Open,2024-09-10,WTA250,Outdoor,Hard,1st Round,3,Mertens E.,Zakharova A.,32.0,146.0,1749.0,504.0,6.0,2.0,6.0,0.0,,,2.0,0.0,Completed,1.13,6.0,1.1,8.19,1.13,8.19,1.1,6.85,20240910
43,Monastir,Jasmin Open,2024-09-10,WTA250,Outdoor,Hard,1st Round,3,Sramkova R.,Jacquemot E.,136.0,142.0,547.0,517.0,2.0,6.0,7.0,5.0,6.0,3.0,2.0,1.0,Completed,2.3,1.62,2.44,1.6,2.44,1.68,2.29,1.61,20240910
43,Monastir,Jasmin Open,2024-09-10,WTA250,Outdoor,Hard,1st Round,3,Minnen G.,Falei A.,88.0,207.0,818.0,342.0,6.0,0.0,3.0,6.0,6.0,2.0,2.0,1.0,Completed,1.29,3.75,,,1.29,5.44,1.24,4.11,20240910
43,Monastir,Jasmin Open,2024-09-10,WTA250,Outdoor,Hard,1st Round,3,Fett J.,Sherif M.,133.0,92.0,552.0,793.0,1.0,6.0,6.0,3.0,6.0,4.0,2.0,1.0,Completed,2.75,1.44,2.68,1.51,3,1.51,2.71,1.45,20240910
43,Monastir,Jasmin Open,2024-09-10,WTA250,Outdoor,Hard,1st Round,3,Bronzetti L.,Galfi D.,86.0,131.0,831.0,557.0,6.0,2.0,6.0,1.0,,,2.0,0.0,Completed,1.5,2.63,1.53,2.63,1.57,2.63,1.51,2.52,20240910
43,Monastir,Jasmin Open,2024-09-10,WTA250,Outdoor,Hard,1st Round,3,Sonmez Z.,Masarova R.,148.0,116.0,497.0,620.0,4.0,6.0,7.0,6.0,6.0,3.0,2.0,1.0,Completed,1.73,2.1,1.79,2.1,1.82,2.1,1.74,2.06,20240910
43,Monastir,Jasmin Open,2024-09-10,WTA250,Outdoor,Hard,1st Round,3,Li A.,Mladenovic K.,124.0,218.0,579.0,326.0,6.0,2.0,6.0,1.0,,,2.0,0.0,Completed,1.17,5.0,1.18,5.31,1.2,5.31,1.18,4.67,20240910
43,Monastir,Jasmin Open,2024-09-11,WTA250,Outdoor,Hard,2nd Round,3,Kartal S.,Hontama M.,151.0,109.0,486.0,657.0,6.0,2.0,6.0,2.0,,,2.0,0.0,Completed,1.29,3.75,1.3,3.74,1.31,3.75,1.29,3.53,20240911
43,Monastir,Jasmin Open,2024-09-11,WTA250,Outdoor,Hard,2nd Round,3,Sorribes Tormo S.,Fett J.,115.0,133.0,624.0,552.0,5.0,7.0,6.0,3.0,6.0,4.0,2.0,1.0,Completed,1.44,2.75,1.44,2.93,1.54,2.93,1.43,2.74,20240911
43,Monastir,Jasmin Open,2024-09-11,WTA250,Outdoor,Hard,2nd Round,3,Starodubtseva Y.,Parry D.,130.0,55.0,558.0,1062.0,6.0,4.0,6.0,4.0,,,2.0,0.0,Completed,2.1,1.73,2.07,1.81,2.1,1.81,2.05,1.74,20240911
43,Monastir,Jasmin Open,2024-09-11,WTA250,Outdoor,Hard,2nd Round,3,Sramkova R.,Burel C.,136.0,58.0,547.0,1015.0,7.0,6.0,7.0,5.0,,,2.0,0.0,Completed,4.0,1.25,3.81,1.3,4,1.31,3.57,1.28,20240911
43,Monastir,Jasmin Open,2024-09-12,WTA250,Outdoor,Hard,2nd Round,3,Bronzetti L.,Li A.,86.0,124.0,831.0,579.0,6.0,4.0,7.0,6.0,,,2.0,0.0,Completed,1.91,1.91,1.83,2.05,1.93,2.05,1.85,1.92,20240912
43,Monastir,Jasmin Open,2024-09-12,WTA250,Outdoor,Hard,2nd Round,3,Ruzic A.,Miyazaki Y.,173.0,166.0,424.0,450.0,6.0,3.0,6.0,1.0,,,2.0,0.0,Completed,1.53,2.5,1.49,2.75,1.55,2.75,1.51,2.53,20240912
43,Monastir,Jasmin Open,2024-09-12,WTA250,Outdoor,Hard,2nd Round,3,Lys E.,Mertens E.,126.0,32.0,572.0,1749.0,1.0,6.0,6.0,2.0,7.0,6.0,2.0,1.0,Completed,3.5,1.3,3.9,1.29,3.99,1.3,3.64,1.27,20240912
43,Monastir,Jasmin Open,2024-09-12,WTA250,Outdoor,Hard,2nd Round,3,Sonmez Z.,Minnen G.,148.0,88.0,497.0,818.0,6.0,4.0,1.0,6.0,6.0,3.0,2.0,1.0,Completed,2.63,1.5,2.64,1.53,2.64,1.57,2.54,1.5,20240912
43,Monastir,Jasmin Open,2024-09-13,WTA250,Outdoor,Hard,Quarterfinals,3,Sramkova R.,Sorribes Tormo S.,136.0,115.0,547.0,624.0,1.0,6.0,7.0,6.0,7.0,5.0,2.0,1.0,Completed,2.63,1.5,2.68,1.53,2.75,1.53,2.56,1.5,20240913
43,Monastir,Jasmin Open,2024-09-13,WTA250,Outdoor,Hard,Quarterfinals,3,Bronzetti L.,Ruzic A.,86.0,173.0,831.0,424.0,6.0,2.0,6.0,1.0,,,2.0,0.0,Completed,1.5,2.63,1.44,3.01,1.5,3.01,1.46,2.65,20240913
43,Monastir,Jasmin Open,2024-09-13,WTA250,Outdoor,Hard,Quarterfinals,3,Lys E.,Sonmez Z.,126.0,148.0,572.0,497.0,7.0,5.0,6.0,3.0,,,2.0,0.0,Completed,1.5,2.63,1.47,2.9,1.5,2.9,1.46,2.66,20240913
43,Monastir,Jasmin Open,2024-09-13,WTA250,Outdoor,Hard,Quarterfinals,3,Kartal S.,Starodubtseva Y.,151.0,130.0,486.0,558.0,7.0,6.0,6.0,2.0,,,2.0,0.0,Completed,1.62,2.3,1.74,2.22,1.74,2.3,1.65,2.2,20240913
43,Monastir,Jasmin Open,2024-09-14,WTA250,Outdoor,Hard,Semifinals,3,Sramkova R.,Bronzetti L.,136.0,86.0,547.0,831.0,6.0,3.0,6.0,4.0,,,2.0,0.0,Completed,3.2,1.36,3.65,1.33,3.75,1.36,3.35,1.32,20240914
43,Monastir,Jasmin Open,2024-09-14,WTA250,Outdoor,Hard,Semifinals,3,Kartal S.,Lys E.,151.0,126.0,486.0,572.0,5.0,1.0,,,,,0.0,0.0,Retired,1.8,2.0,1.92,1.99,1.97,2.0,1.84,1.94,20240914
43,Monastir,Jasmin Open,2024-09-15,WTA250,Outdoor,Hard,The Final,3,Kartal S.,Sramkova R.,151.0,136.0,486.0,547.0,6.0,3.0,7.0,5.0,,,2.0,0.0,Completed,1.44,2.75,1.53,2.71,1.53,2.8,1.48,2.62,20240915
44,Hua Hin,Thailand Open 2,2024-09-16,WTA250,Outdoor,Hard,1st Round,3,Gracheva V.,Preston T.,66.0,140.0,935.0,533.0,6.0,1.0,6.0,4.0,,,2.0,0.0,Completed,1.44,2.75,1.5,2.72,1.5,2.96,1.44,2.72,20240916
44,Hua Hin,Thailand Open 2,2024-09-16,WTA250,Outdoor,Hard,1st Round,3,Wang Xiy.,Golubic V.,62.0,98.0,970.0,752.0,7.0,5.0,6.0,1.0,,,2.0,0.0,Completed,1.4,3.0,1.45,2.91,1.45,3.0,1.41,2.85,20240916
44,Hua Hin,Thailand Open 2,2024-09-16,WTA250,Outdoor,Hard,1st Round,3,Siegemund L.,Parks A.,99.0,116.0,748.0,627.0,6.0,4.0,6.0,3.0,,,2.0,0.0,Completed,1.5,2.63,1.55,2.58,1.55,2.63,1.5,2.54,20240916
44,Hua Hin,Thailand Open 2,2024-09-16,WTA250,Outdoor,Hard,1st Round,3,Zidansek T.,Prozorova T.,261.0,259.0,261.0,266.0,2.0,6.0,6.0,3.0,6.0,1.0,2.0,1.0,Completed,3.0,1.4,2.97,1.43,3,1.46,2.82,1.41,20240916
44,Hua Hin,Thailand Open 2,2024-09-16,WTA250,Outdoor,Hard,1st Round,3,Volynets K.,Tauson C.,60.0,67.0,977.0,929.0,7.0,6.0,4.0,6.0,6.0,3.0,2.0,1.0,Completed,2.0,1.8,2.0,1.87,2.02,1.87,1.98,1.8,20240916
44,Hua Hin,Thailand Open 2,2024-09-16,WTA250,Outdoor,Hard,1st Round,3,Tararudee L.,Naklo T.,184.0,333.0,385.0,187.0,6.0,0.0,6.0,1.0,,,2.0,0.0,Completed,1.2,4.5,1.2,5.02,1.24,5.02,1.2,4.44,20240916
44,Hua Hin,Thailand Open 2,2024-09-16,WTA250,Outdoor,Hard,1st Round,3,Siniakova K.,Rodionova Ar.,37.0,115.0,1474.0,635.0,7.0,5.0,6.0,1.0,,,2.0,0.0,Completed,1.2,4.5,1.21,4.88,1.22,5.0,1.19,4.57,20240916
44,Hua Hin,Thailand Open 2,2024-09-17,WTA250,Outdoor,Hard,1st Round,3,Gao X.,Wei S.,185.0,151.0,385.0,507.0,6.0,3.0,6.0,2.0,,,2.0,0.0,Completed,1.73,2.1,1.76,2.14,1.8,2.14,1.73,2.07,20240917
44,Hua Hin,Thailand Open 2,2024-09-17,WTA250,Outdoor,Hard,1st Round,3,Podoroska N.,Laskutova K.,74.0,366.0,900.0,164.0,6.0,1.0,6.0,0.0,,,2.0,0.0,Completed,1.07,9.0,1.08,9.3,1.08,9.3,1.06,8.42,20240917
44,Hua Hin,Thailand Open 2,2024-09-17,WTA250,Outdoor,Hard,1st Round,3,Hartono A.,Uchijima M.,180.0,59.0,406.0,991.0,6.0,1.0,6.0,1.0,,,2.0,0.0,Completed,2.3,1.62,2.31,1.66,2.32,1.66,2.27,1.62,20240917
44,Hua Hin,Thailand Open 2,2024-09-17,WTA250,Outdoor,Hard,1st Round,3,Hontama M.,Yastremska D.,130.0,35.0,577.0,1662.0,7.0,6.0,7.0,5.0,,,2.0,0.0,Completed,3.4,1.33,3.34,1.36,3.4,1.37,3.19,1.34,20240917
44,Hua Hin,Thailand Open 2,2024-09-17,WTA250,Outdoor,Hard,1st Round,3,Masarova R.,Bondar A.,119.0,89.0,620.0,826.0,3.0,6.0,7.0,6.0,7.0,5.0,2.0,1.0,Completed,1.73,2.1,1.78,2.13,1.78,2.23,1.71,2.11,20240917
44,Hua Hin,Thailand Open 2,2024-09-17,WTA250,Outdoor,Hard,1st Round,3,Fett J.,Zheng S.,129.0,1024.0,581.0,16.0,2.0,6.0,6.0,3.0,6.0,3.0,2.0,1.0,Completed,1.14,5.5,1.2,5.02,1.2,5.55,1.16,4.98,20240917
44,Hua Hin,Thailand Open 2,2024-09-17,WTA250,Outdoor,Hard,1st Round,3,Linette M.,Tsurenko L.,43.0,92.0,1311.0,794.0,6.0,2.0,7.0,5.0,,,2.0,0.0,Completed,1.53,2.5,1.46,2.86,1.53,2.86,1.47,2.64,20240917
44,Hua Hin,Thailand Open 2,2024-09-17,WTA250,Outdoor,Hard,1st Round,3,Wang Xin.,Sherif M.,52.0,93.0,1123.0,793.0,6.0,2.0,6.0,4.0,,,2.0,0.0,Completed,1.3,3.5,1.24,4.4,1.33,4.4,1.28,3.66,20240917
44,Hua Hin,Thailand Open 2,2024-09-17,WTA250,Outdoor,Hard,1st Round,3,Sramkova R.,Sawangkaew M.,102.0,195.0,709.0,370.0,6.0,2.0,2.0,6.0,6.0,4.0,2.0,1.0,Completed,2.63,1.5,2.5,1.58,2.78,1.58,2.48,1.52,20240917
44,Hua Hin,Thailand Open 2,2024-09-18,WTA250,Outdoor,Hard,2nd Round,3,Siegemund L.,Wang Xiy.,99.0,62.0,748.0,970.0,7.0,6.0,4.0,6.0,7.0,6.0,2.0,1.0,Completed,3.0,1.4,3.13,1.4,3.22,1.46,2.94,1.39,20240918
44,Hua Hin,Thailand Open 2,2024-09-19,WTA250,Outdoor,Hard,2nd Round,3,Hontama M.,Tararudee L.,130.0,184.0,577.0,385.0,2.0,6.0,6.0,4.0,6.0,1.0,2.0,1.0,Completed,1.73,2.1,1.85,2.02,1.91,2.12,1.79,2.0,20240919
44,Hua Hin,Thailand Open 2,2024-09-19,WTA250,Outdoor,Hard,2nd Round,3,Fett J.,Gracheva V.,129.0,66.0,581.0,935.0,,,,,,,,,Walkover,3.0,1.4,3.09,1.41,3.14,1.41,2.98,1.38,20240919
44,Hua Hin,Thailand Open 2,2024-09-19,WTA250,Outdoor,Hard,2nd Round,3,Masarova R.,Wang Xin.,119.0,52.0,620.0,1123.0,7.0,6.0,3.0,6.0,7.0,5.0,2.0,1.0,Completed,3.2,1.36,3.3,1.37,3.3,1.38,3.15,1.35,20240919
44,Hua Hin,Thailand Open 2,2024-09-19,WTA250,Outdoor,Hard,2nd Round,3,Podoroska N.,Siniakova K.,74.0,37.0,900.0,1474.0,6.0,3.0,6.0,3.0,,,2.0,0.0,Completed,3.0,1.4,3.03,1.42,3.27,1.45,2.96,1.39,20240919
44,Hua Hin,Thailand Open 2,2024-09-19,WTA250,Outdoor,Hard,2nd Round,3,Sramkova R.,Linette M.,102.0,43.0,709.0,1311.0,7.0,6.0,6.0,4.0,,,2.0,0.0,Completed,4.33,1.22,4.18,1.26,4.33,1.26,4.05,1.23,20240919
44,Hua Hin,Thailand Open 2,2024-09-19,WTA250,Outdoor,Hard,2nd Round,3,Zidansek T.,Volynets K.,261.0,60.0,261.0,977.0,3.0,6.0,6.0,4.0,6.0,4.0,2.0,1.0,Completed,5.0,1.17,4.4,1.24,5.05,1.25,4.4,1.21,20240919
44,Hua Hin,Thailand Open 2,2024-09-19,WTA250,Outdoor,Hard,2nd Round,3,Hartono A.,Gao X.,180.0,185.0,406.0,385.0,6.0,1.0,4.0,6.0,6.0,2.0,2.0,1.0,Completed,2.2,1.67,2.2,1.72,2.2,1.73,2.16,1.68,20240919
44,Hua Hin,Thailand Open 2,2024-09-20,WTA250,Outdoor,Hard,Quarterfinals,3,Zidansek T.,Podoroska N.,261.0,74.0,261.0,900.0,4.0,6.0,7.0,6.0,7.0,6.0,2.0,1.0,Completed,3.4,1.33,3.33,1.38,3.43,1.38,3.22,1.34,20240920
44,Hua Hin,Thailand Open 2,2024-09-20,WTA250,Outdoor,Hard,Quarterfinals,3,Sramkova R.,Fett J.,102.0,129.0,709.0,581.0,4.0,6.0,6.0,4.0,6.0,1.0,2.0,1.0,Completed,1.5,2.63,1.58,2.55,1.58,2.63,1.5,2.56,20240920
44,Hua Hin,Thailand Open 2,2024-09-20,WTA250,Outdoor,Hard,Quarterfinals,3,Hartono A.,Hontama M.,180.0,130.0,406.0,577.0,4.0,6.0,6.0,2.0,6.0,3.0,2.0,1.0,Completed,2.0,1.8,2.07,1.85,2.07,1.92,2.0,1.8,20240920
44,Hua Hin,Thailand Open 2,2024-09-20,WTA250,Outdoor,Hard,Quarterfinals,3,Siegemund L.,Masarova R.,99.0,119.0,748.0,620.0,6.0,3.0,6.0,4.0,,,2.0,0.0,Completed,1.91,1.91,1.96,1.94,1.96,2.0,1.88,1.9,20240920
44,Hua Hin,Thailand Open 2,2024-09-21,WTA250,Outdoor,Hard,Semifinals,3,Sramkova R.,Zidansek T.,102.0,261.0,709.0,261.0,6.0,4.0,6.0,2.0,,,2.0,0.0,Completed,1.57,2.38,1.63,2.45,1.63,2.54,1.57,2.39,20240921
44,Hua Hin,Thailand Open 2,2024-09-21,WTA250,Outdoor,Hard,Semifinals,3,Siegemund L.,Hartono A.,99.0,180.0,748.0,406.0,6.0,3.0,6.0,3.0,,,2.0,0.0,Completed,1.4,3.0,1.44,3.04,1.45,3.04,1.4,2.9,20240921
44,Hua Hin,Thailand Open 2,2024-09-22,WTA250,Outdoor,Hard,The Final,3,Sramkova R.,Siegemund L.,102.0,99.0,709.0,748.0,6.0,4.0,6.0,4.0,,,2.0,0.0,Completed,2.1,1.73,2.24,1.73,2.24,1.83,2.11,1.71,20240922
45,Seoul,Korea Open,2024-09-16,WTA500,Outdoor,Hard,1st Round,3,Yuan Y.,Ruse E.G.,40.0,101.0,1349.0,718.0,4.0,6.0,6.0,2.0,6.0,2.0,2.0,1.0,Completed,2.1,1.73,2.14,1.77,2.14,1.8,2.06,1.74,20240916
45,Seoul,Korea Open,2024-09-16,WTA500,Outdoor,Hard,1st Round,3,Kudermetova V.,Zhang S.,44.0,601.0,1308.0,70.0,6.0,4.0,6.0,3.0,,,2.0,0.0,Completed,1.14,5.5,1.19,5.2,1.19,5.75,1.17,4.96,20240916
45,Seoul,Korea Open,2024-09-16,WTA500,Outdoor,Hard,1st Round,3,Watson H.,Lu J.,183.0,274.0,390.0,247.0,6.0,4.0,6.0,4.0,,,2.0,0.0,Completed,1.13,6.0,1.13,6.73,1.15,6.73,1.13,5.83,20240916
45,Seoul,Korea Open,2024-09-16,WTA500,Outdoor,Hard,1st Round,3,Zhao C.,Back D.,272.0,332.0,250.0,188.0,6.0,4.0,6.0,1.0,,,2.0,0.0,Completed,2.1,1.73,2.28,1.68,2.29,1.75,2.17,1.67,20240916
45,Seoul,Korea Open,2024-09-16,WTA500,Outdoor,Hard,1st Round,3,Alexandrova E.,Lepchenko V.,31.0,168.0,1778.0,454.0,7.0,5.0,3.0,6.0,6.0,0.0,2.0,1.0,Completed,1.2,4.5,1.21,4.8,1.22,4.8,1.19,4.51,20240916
45,Seoul,Korea Open,2024-09-16,WTA500,Outdoor,Hard,1st Round,3,Kostyuk M.,Rus A.,18.0,84.0,2445.0,839.0,6.0,3.0,6.0,1.0,,,2.0,0.0,Completed,1.2,4.5,1.21,4.83,1.23,4.83,1.19,4.52,20240916
45,Seoul,Korea Open,2024-09-17,WTA500,Outdoor,Hard,1st Round,3,Anisimova A.,Putintseva Y.,46.0,30.0,1216.0,1841.0,6.0,3.0,7.0,6.0,,,2.0,0.0,Completed,2.1,1.73,2.08,1.81,2.23,1.81,2.06,1.74,20240917
45,Seoul,Korea Open,2024-09-17,WTA500,Outdoor,Hard,1st Round,3,Kudermetova P.,Hon P.,163.0,197.0,459.0,365.0,7.0,5.0,6.0,4.0,,,2.0,0.0,Completed,2.2,1.67,2.27,1.68,2.27,1.73,2.16,1.67,20240917
45,Seoul,Korea Open,2024-09-17,WTA500,Outdoor,Hard,1st Round,3,Baptiste H.,Stephens S.,105.0,65.0,704.0,942.0,7.0,6.0,6.0,2.0,,,2.0,0.0,Completed,2.2,1.67,2.15,1.76,2.3,1.76,2.18,1.66,20240917
45,Seoul,Korea Open,2024-09-17,WTA500,Outdoor,Hard,1st Round,3,Tomova V.,Maria T.,54.0,82.0,1031.0,846.0,6.0,2.0,1.0,6.0,6.0,0.0,2.0,1.0,Completed,1.62,2.3,1.62,2.4,1.67,2.4,1.6,2.28,20240917
45,Seoul,Korea Open,2024-09-17,WTA500,Outdoor,Hard,1st Round,3,Raducanu E.,Stearns P.,70.0,48.0,917.0,1173.0,7.0,6.0,7.0,6.0,,,2.0,0.0,Completed,1.5,2.63,1.55,2.58,1.57,2.63,1.51,2.52,20240917
45,Seoul,Korea Open,2024-09-17,WTA500,Outdoor,Hard,1st Round,3,Tomljanovic A.,Jang S.,122.0,231.0,607.0,309.0,7.0,6.0,4.0,6.0,6.0,3.0,2.0,1.0,Completed,1.5,2.63,1.53,2.62,1.57,2.63,1.5,2.54,20240917
45,Seoul,Korea Open,2024-09-18,WTA500,Outdoor,Hard,2nd Round,3,Kudermetova P.,Alexandrova E.,163.0,31.0,459.0,1778.0,6.0,2.0,7.0,5.0,,,2.0,0.0,Completed,4.33,1.22,4.03,1.27,4.34,1.27,4.01,1.24,20240918
45,Seoul,Korea Open,2024-09-18,WTA500,Outdoor,Hard,2nd Round,3,Shnaider D.,Zhao C.,16.0,272.0,2571.0,250.0,6.0,3.0,6.0,3.0,,,2.0,0.0,Completed,1.03,15.0,1.04,16.02,1.05,16.02,1.03,12.05,20240918
45,Seoul,Korea Open,2024-09-18,WTA500,Outdoor,Hard,2nd Round,3,Kostyuk M.,Watson H.,18.0,183.0,2445.0,390.0,6.0,2.0,6.0,2.0,,,2.0,0.0,Completed,1.14,5.5,1.16,5.95,1.2,5.95,1.16,5.14,20240918
45,Seoul,Korea Open,2024-09-18,WTA500,Outdoor,Hard,2nd Round,3,Kudermetova V.,Samsonova L.,44.0,15.0,1308.0,2720.0,6.0,4.0,6.0,2.0,,,2.0,0.0,Completed,3.0,1.4,2.89,1.45,3,1.48,2.78,1.42,20240918
45,Seoul,Korea Open,2024-09-19,WTA500,Outdoor,Hard,2nd Round,3,Tomova V.,Anisimova A.,54.0,46.0,1031.0,1216.0,7.0,5.0,4.0,1.0,,,1.0,0.0,Retired,4.5,1.2,4.38,1.24,4.5,1.24,4.28,1.21,20240919
45,Seoul,Korea Open,2024-09-19,WTA500,Outdoor,Hard,2nd Round,3,Haddad Maia B.,Tomljanovic A.,17.0,122.0,2516.0,607.0,6.0,3.0,6.0,4.0,,,2.0,0.0,Completed,1.29,3.75,1.32,3.62,1.32,3.75,1.29,3.52,20240919
45,Seoul,Korea Open,2024-09-19,WTA500,Outdoor,Hard,2nd Round,3,Raducanu E.,Yuan Y.,70.0,40.0,917.0,1349.0,6.0,4.0,6.0,3.0,,,2.0,0.0,Completed,1.5,2.63,1.48,2.8,1.5,2.94,1.45,2.69,20240919
45,Seoul,Korea Open,2024-09-19,WTA500,Outdoor,Hard,2nd Round,3,Kasatkina D.,Baptiste H.,13.0,105.0,2803.0,704.0,6.0,4.0,6.0,2.0,,,2.0,0.0,Completed,1.33,3.4,1.33,3.53,1.34,3.53,1.31,3.32,20240919
45,Seoul,Korea Open,2024-09-21,WTA500,Outdoor,Hard,Quarterfinals,3,Haddad Maia B.,Kudermetova P.,17.0,163.0,2516.0,459.0,6.0,2.0,6.0,1.0,,,2.0,0.0,Completed,1.2,4.5,1.22,4.82,1.23,5.0,1.2,4.49,20240921
45,Seoul,Korea Open,2024-09-21,WTA500,Outdoor,Hard,Quarterfinals,3,Kudermetova V.,Tomova V.,44.0,54.0,1308.0,1031.0,7.0,5.0,6.0,3.0,,,2.0,0.0,Completed,1.44,2.75,1.52,2.74,1.52,2.75,1.46,2.66,20240921
45,Seoul,Korea Open,2024-09-21,WTA500,Outdoor,Hard,Quarterfinals,3,Kasatkina D.,Raducanu E.,13.0,70.0,2803.0,917.0,6.0,1.0,,,,,1.0,0.0,Retired,2.1,1.73,1.97,1.93,2.1,1.93,1.98,1.82,20240921
45,Seoul,Korea Open,2024-09-21,WTA500,Outdoor,Hard,Quarterfinals,3,Shnaider D.,Kostyuk M.,16.0,18.0,2571.0,2445.0,7.0,6.0,6.0,3.0,,,2.0,0.0,Completed,2.1,1.73,2.12,1.81,2.21,1.83,2.08,1.74,20240921
45,Seoul,Korea Open,2024-09-21,WTA500,Outdoor,Hard,Semifinals,3,Haddad Maia B.,Kudermetova V.,17.0,44.0,2516.0,1308.0,6.0,4.0,6.0,4.0,,,2.0,0.0,Completed,1.53,2.5,1.61,2.45,1.61,2.51,1.54,2.44,20240921
45,Seoul,Korea Open,2024-09-21,WTA500,Outdoor,Hard,Semifinals,3,Kasatkina D.,Shnaider D.,13.0,16.0,2803.0,2571.0,6.0,3.0,6.0,4.0,,,2.0,0.0,Completed,2.38,1.57,2.41,1.63,2.41,1.65,2.32,1.6,20240921
45,Seoul,Korea Open,2024-09-22,WTA500,Outdoor,Hard,The Final,3,Haddad Maia B.,Kasatkina D.,17.0,13.0,2516.0,2803.0,1.0,6.0,6.0,4.0,6.0,1.0,2.0,1.0,Completed,1.73,2.1,1.83,2.09,1.83,2.12,1.77,2.03,20240922
46,Beijing,China Open,2024-09-25,WTA1000,Outdoor,Hard,1st Round,3,Minnen G.,Andreeva E.,94.0,67.0,738.0,928.0,7.0,5.0,6.0,2.0,,,2.0,0.0,Completed,1.91,1.91,1.89,2.0,2.03,2.0,1.87,1.92,20240925
46,Beijing,China Open,2024-09-25,WTA1000,Outdoor,Hard,1st Round,3,Tomova V.,Tsurenko L.,51.0,88.0,1107.0,794.0,6.0,3.0,6.0,3.0,,,2.0,0.0,Completed,1.53,2.5,1.61,2.47,1.62,2.51,1.55,2.41,20240925
46,Beijing,China Open,2024-09-25,WTA1000,Outdoor,Hard,1st Round,3,Kenin S.,Bogdan A.,168.0,120.0,446.0,613.0,7.0,5.0,6.0,2.0,,,2.0,0.0,Completed,1.62,2.3,1.65,2.37,1.67,2.37,1.62,2.28,20240925
46,Beijing,China Open,2024-09-25,WTA1000,Outdoor,Hard,1st Round,3,Wang Xin.,Hontama M.,50.0,116.0,1123.0,618.0,6.0,1.0,6.0,3.0,,,2.0,0.0,Completed,1.25,4.0,1.19,5.27,1.25,5.27,1.21,4.51,20240925
46,Beijing,China Open,2024-09-25,WTA1000,Outdoor,Hard,1st Round,3,Starodubtseva Y.,Siegemund L.,115.0,69.0,620.0,910.0,6.0,4.0,7.0,6.0,,,2.0,0.0,Completed,1.53,2.5,1.62,2.43,1.67,2.5,1.58,2.35,20240925
46,Beijing,China Open,2024-09-25,WTA1000,Outdoor,Hard,1st Round,3,Townsend T.,Trevisan M.,52.0,112.0,1103.0,658.0,6.0,2.0,4.0,6.0,6.0,3.0,2.0,1.0,Completed,1.22,4.33,1.23,4.63,1.25,4.72,1.21,4.29,20240925
46,Beijing,China Open,2024-09-25,WTA1000,Outdoor,Hard,1st Round,3,Osaka N.,Bronzetti L.,73.0,77.0,894.0,869.0,6.0,3.0,6.0,2.0,,,2.0,0.0,Completed,1.29,3.75,1.29,3.97,1.29,4.01,1.26,3.77,20240925
46,Beijing,China Open,2024-09-25,WTA1000,Outdoor,Hard,1st Round,3,Burel C.,Korpatsch T.,56.0,125.0,1015.0,588.0,6.0,3.0,5.0,7.0,6.0,3.0,2.0,1.0,Completed,,,1.27,4.09,1.27,4.3,1.25,4.04,20240925
46,Beijing,China Open,2024-09-25,WTA1000,Outdoor,Hard,1st Round,3,Volynets K.,Galfi D.,60.0,143.0,987.0,515.0,7.0,5.0,6.0,1.0,,,2.0,0.0,Completed,1.44,2.75,1.53,2.67,1.54,2.75,1.48,2.6,20240925
46,Beijing,China Open,2024-09-25,WTA1000,Outdoor,Hard,1st Round,3,Zhang S.,Kessler M.,595.0,65.0,71.0,951.0,7.0,6.0,7.0,6.0,,,2.0,0.0,Completed,3.5,1.3,3.36,1.37,3.5,1.37,3.3,1.33,20240925
46,Beijing,China Open,2024-09-25,WTA1000,Outdoor,Hard,1st Round,3,Parry D.,Liang E.S.,53.0,260.0,1067.0,264.0,4.0,6.0,6.0,0.0,6.0,0.0,2.0,1.0,Completed,1.29,3.75,1.36,3.42,1.36,4.0,1.31,3.44,20240925
46,Beijing,China Open,2024-09-25,WTA1000,Outdoor,Hard,1st Round,3,Avanesyan E.,Bektas E.,47.0,117.0,1140.0,617.0,6.0,2.0,7.0,5.0,,,2.0,0.0,Completed,1.25,4.0,1.28,4.04,1.28,4.1,1.25,3.88,20240925
46,Beijing,China Open,2024-09-25,WTA1000,Outdoor,Hard,1st Round,3,Stearns P.,Bouzas Maneiro J.,46.0,57.0,1173.0,995.0,6.0,2.0,6.0,4.0,,,2.0,0.0,Completed,1.44,2.75,1.47,2.87,1.5,2.87,1.45,2.74,20240925
46,Beijing,China Open,2024-09-25,WTA1000,Outdoor,Hard,1st Round,3,Parks A.,Wang Q.,128.0,403.0,568.0,149.0,1.0,6.0,6.0,4.0,6.0,2.0,2.0,1.0,Completed,1.5,2.63,1.6,2.48,1.62,2.63,1.54,2.45,20240925
46,Beijing,China Open,2024-09-25,WTA1000,Outdoor,Hard,1st Round,3,Baptiste H.,Gracheva V.,111.0,62.0,659.0,955.0,6.0,0.0,6.0,3.0,,,2.0,0.0,Completed,1.73,2.1,1.83,2.08,1.84,2.14,1.76,2.05,20240925
46,Beijing,China Open,2024-09-25,WTA1000,Outdoor,Hard,1st Round,3,Sramkova R.,Kalinina A.,61.0,48.0,958.0,1136.0,6.0,4.0,6.0,0.0,,,2.0,0.0,Completed,2.2,1.67,2.15,1.77,2.21,1.77,2.14,1.7,20240925
46,Beijing,China Open,2024-09-26,WTA1000,Outdoor,Hard,1st Round,3,Rakhimova K.,Birrell K.,71.0,146.0,905.0,512.0,6.0,2.0,6.0,4.0,,,2.0,0.0,Completed,1.67,2.2,1.66,2.35,1.68,2.35,1.64,2.24,20240926
46,Beijing,China Open,2024-09-26,WTA1000,Outdoor,Hard,1st Round,3,Osorio M.,Tomljanovic A.,59.0,107.0,988.0,666.0,1.0,6.0,6.0,3.0,6.0,3.0,2.0,1.0,Completed,1.53,2.5,1.63,2.4,1.63,2.52,1.55,2.42,20240926
46,Beijing,China Open,2024-09-26,WTA1000,Outdoor,Hard,1st Round,3,Fett J.,Wang M.,118.0,410.0,615.0,146.0,6.0,3.0,6.0,4.0,,,2.0,0.0,Completed,1.29,3.75,1.29,3.91,1.29,4.06,1.27,3.77,20240926
46,Beijing,China Open,2024-09-26,WTA1000,Outdoor,Hard,1st Round,3,Uchijima M.,Shi H.,63.0,240.0,954.0,302.0,6.0,3.0,6.0,4.0,,,2.0,0.0,Completed,1.33,3.4,1.35,3.48,1.35,3.5,1.32,3.33,20240926
46,Beijing,China Open,2024-09-26,WTA1000,Outdoor,Hard,1st Round,3,Bucsa C.,Yao X.,79.0,286.0,847.0,233.0,6.0,3.0,6.0,2.0,,,2.0,0.0,Completed,1.3,3.5,1.37,3.31,1.4,3.55,1.32,3.33,20240926
46,Beijing,China Open,2024-09-26,WTA1000,Outdoor,Hard,1st Round,3,Tauson C.,Dart H.,72.0,76.0,901.0,881.0,5.0,7.0,6.0,4.0,6.0,1.0,2.0,1.0,Completed,1.53,2.5,1.64,2.42,1.64,2.5,1.57,2.38,20240926
46,Beijing,China Open,2024-09-26,WTA1000,Outdoor,Hard,1st Round,3,Sorribes Tormo S.,Gao X.,104.0,171.0,677.0,432.0,6.0,7.0,7.0,5.0,7.0,5.0,2.0,1.0,Completed,1.29,3.75,1.31,3.8,1.33,3.8,1.28,3.62,20240926
46,Beijing,China Open,2024-09-26,WTA1000,Outdoor,Hard,1st Round,3,Cocciaretto E.,Rodionova Ar.,55.0,114.0,1023.0,635.0,4.0,6.0,6.0,4.0,6.0,3.0,2.0,1.0,Completed,1.36,3.2,1.37,3.32,1.37,3.45,1.34,3.19,20240926
46,Beijing,China Open,2024-09-26,WTA1000,Outdoor,Hard,1st Round,3,Podoroska N.,Ren Y.,66.0,500.0,942.0,105.0,6.0,4.0,6.0,2.0,,,2.0,0.0,Completed,1.1,7.0,1.12,7.5,1.13,8.39,1.1,6.96,20240926
46,Beijing,China Open,2024-09-26,WTA1000,Outdoor,Hard,1st Round,3,Golubic V.,Wang Xiy.,96.0,95.0,705.0,720.0,7.0,6.0,0.0,6.0,6.0,3.0,2.0,1.0,Completed,3.2,1.36,3.26,1.38,3.5,1.38,3.19,1.34,20240926
46,Beijing,China Open,2024-09-26,WTA1000,Outdoor,Hard,1st Round,3,Begu I.,Ma Y.,103.0,224.0,683.0,321.0,1.0,6.0,6.0,4.0,6.0,1.0,2.0,1.0,Completed,1.14,5.5,1.16,6.17,1.17,6.17,1.14,5.58,20240926
46,Beijing,China Open,2024-09-26,WTA1000,Outdoor,Hard,1st Round,3,Wei S.,Ruse E.G.,140.0,93.0,522.0,743.0,6.0,4.0,7.0,6.0,,,2.0,0.0,Completed,3.75,1.29,3.81,1.3,3.85,1.33,3.65,1.28,20240926
46,Beijing,China Open,2024-09-26,WTA1000,Outdoor,Hard,1st Round,3,Cristian J.,Bondar A.,80.0,90.0,844.0,778.0,6.0,1.0,7.0,6.0,,,2.0,0.0,Completed,1.67,2.2,1.62,2.43,1.73,2.43,1.65,2.23,20240926
46,Beijing,China Open,2024-09-26,WTA1000,Outdoor,Hard,1st Round,3,Sawangkaew M.,Diyas Z.,187.0,571.0,384.0,78.0,6.0,2.0,6.0,3.0,,,2.0,0.0,Completed,2.0,1.8,1.97,1.92,2.08,1.92,1.98,1.81,20240926
46,Beijing,China Open,2024-09-26,WTA1000,Outdoor,Hard,1st Round,3,Muchova K.,Blinkova A.,49.0,78.0,1126.0,861.0,6.0,1.0,6.0,1.0,,,2.0,0.0,Completed,1.07,9.0,1.1,8.56,1.1,9.0,1.08,7.97,20240926
46,Beijing,China Open,2024-09-26,WTA1000,Outdoor,Hard,1st Round,3,Krueger A.,Wang Y.,68.0,58.0,917.0,991.0,3.0,6.0,6.0,4.0,6.0,2.0,2.0,1.0,Completed,1.67,2.2,1.73,2.22,1.73,2.22,1.68,2.18,20240926
46,Beijing,China Open,2024-09-27,WTA1000,Outdoor,Hard,2nd Round,3,Zhang S.,Navarro E.,595.0,8.0,71.0,3698.0,6.0,4.0,6.0,2.0,,,2.0,0.0,Completed,11.0,1.05,13.75,1.05,13.75,1.05,10.99,1.04,20240927
46,Beijing,China Open,2024-09-27,WTA1000,Outdoor,Hard,2nd Round,3,Starodubtseva Y.,Siniakova K.,115.0,37.0,620.0,1474.0,6.0,2.0,6.0,2.0,,,2.0,0.0,Completed,2.2,1.67,2.22,1.72,2.33,1.73,2.2,1.67,20240927
46,Beijing,China Open,2024-09-27,WTA1000,Outdoor,Hard,2nd Round,3,Minnen G.,Potapova A.,94.0,38.0,738.0,1427.0,7.0,5.0,2.0,6.0,6.0,4.0,2.0,1.0,Completed,2.3,1.62,2.33,1.67,2.34,1.67,2.27,1.63,20240927
46,Beijing,China Open,2024-09-27,WTA1000,Outdoor,Hard,2nd Round,3,Shnaider D.,Kenin S.,16.0,168.0,2685.0,446.0,6.0,2.0,6.0,3.0,,,2.0,0.0,Completed,1.3,3.5,1.34,3.5,1.34,3.5,1.32,3.35,20240927
46,Beijing,China Open,2024-09-27,WTA1000,Outdoor,Hard,2nd Round,3,Boulter K.,Townsend T.,34.0,52.0,1655.0,1103.0,6.0,4.0,6.0,4.0,,,2.0,0.0,Completed,2.3,1.62,2.32,1.67,2.33,1.68,2.23,1.64,20240927
46,Beijing,China Open,2024-09-27,WTA1000,Outdoor,Hard,2nd Round,3,Kudermetova V.,Wang Xin.,39.0,50.0,1398.0,1123.0,3.0,6.0,6.0,4.0,7.0,5.0,2.0,1.0,Completed,1.8,2.0,2.07,1.83,2.07,2.0,1.9,1.89,20240927
46,Beijing,China Open,2024-09-27,WTA1000,Outdoor,Hard,2nd Round,3,Kalinskaya A.,Baptiste H.,14.0,111.0,2725.0,659.0,3.0,6.0,7.0,6.0,7.0,6.0,2.0,1.0,Completed,1.36,3.2,1.39,3.23,1.39,3.3,1.36,3.11,20240927
46,Beijing,China Open,2024-09-27,WTA1000,Outdoor,Hard,2nd Round,3,Badosa P.,Tomova V.,19.0,51.0,2325.0,1107.0,6.0,3.0,6.0,2.0,,,2.0,0.0,Completed,1.2,4.5,1.21,4.9,1.21,5.25,1.19,4.6,20240927
46,Beijing,China Open,2024-09-27,WTA1000,Outdoor,Hard,2nd Round,3,Avanesyan E.,Dolehide C.,47.0,98.0,1140.0,703.0,6.0,3.0,5.0,7.0,6.0,2.0,2.0,1.0,Completed,1.4,3.0,1.4,3.2,1.4,3.2,1.37,3.04,20240927
46,Beijing,China Open,2024-09-27,WTA1000,Outdoor,Hard,2nd Round,3,Stearns P.,Fernandez L.A.,46.0,28.0,1173.0,1834.0,7.0,5.0,6.0,2.0,,,2.0,0.0,Completed,2.3,1.62,2.21,1.74,2.3,1.74,2.21,1.66,20240927
46,Beijing,China Open,2024-09-27,WTA1000,Outdoor,Hard,2nd Round,3,Volynets K.,Kostyuk M.,60.0,18.0,987.0,2493.0,7.0,5.0,6.0,3.0,,,2.0,0.0,Completed,4.33,1.22,4.32,1.25,4.37,1.25,4.1,1.23,20240927
46,Beijing,China Open,2024-09-27,WTA1000,Outdoor,Hard,2nd Round,3,Pegula J.,Parry D.,3.0,53.0,6220.0,1067.0,6.0,1.0,7.0,6.0,,,2.0,0.0,Completed,1.08,8.0,1.14,6.79,1.15,8.0,1.11,6.61,20240927
46,Beijing,China Open,2024-09-27,WTA1000,Outdoor,Hard,2nd Round,3,Osaka N.,Putintseva Y.,73.0,32.0,894.0,1733.0,3.0,6.0,6.0,4.0,6.0,2.0,2.0,1.0,Completed,1.53,2.5,1.65,2.37,1.65,2.6,1.55,2.43,20240927
46,Beijing,China Open,2024-09-27,WTA1000,Outdoor,Hard,2nd Round,3,Sramkova R.,Alexandrova E.,61.0,33.0,958.0,1733.0,5.0,7.0,6.0,4.0,6.0,3.0,2.0,1.0,Completed,2.38,1.57,2.38,1.65,2.45,1.65,2.32,1.6,20240927
46,Beijing,China Open,2024-09-27,WTA1000,Outdoor,Hard,2nd Round,3,Frech M.,Parks A.,31.0,128.0,1743.0,568.0,6.0,4.0,5.0,7.0,6.0,4.0,2.0,1.0,Completed,1.33,3.4,1.29,3.9,1.34,3.9,1.3,3.47,20240927
46,Beijing,China Open,2024-09-27,WTA1000,Outdoor,Hard,2nd Round,3,Gauff C.,Burel C.,6.0,56.0,4983.0,1015.0,7.0,5.0,6.0,3.0,,,2.0,0.0,Completed,1.1,7.0,1.12,7.56,1.13,8.0,1.11,6.67,20240927
46,Beijing,China Open,2024-09-28,WTA1000,Outdoor,Hard,2nd Round,3,Bucsa C.,Samsonova L.,79.0,15.0,847.0,2720.0,6.0,1.0,4.0,6.0,6.0,4.0,2.0,1.0,Completed,5.5,1.14,7.34,1.12,7.77,1.15,6.28,1.12,20240928
46,Beijing,China Open,2024-09-28,WTA1000,Outdoor,Hard,2nd Round,3,Paolini J.,Tauson C.,5.0,72.0,5348.0,901.0,1.0,6.0,7.0,5.0,6.0,4.0,2.0,1.0,Completed,1.2,4.5,1.25,4.38,1.26,4.5,1.23,4.09,20240928
46,Beijing,China Open,2024-09-28,WTA1000,Outdoor,Hard,2nd Round,3,Linette M.,Uchijima M.,45.0,63.0,1191.0,954.0,6.0,4.0,4.0,6.0,6.0,3.0,2.0,1.0,Completed,1.36,3.2,1.34,3.53,1.36,3.61,1.33,3.26,20240928
46,Beijing,China Open,2024-09-28,WTA1000,Outdoor,Hard,2nd Round,3,Kasatkina D.,Fett J.,11.0,118.0,3020.0,615.0,6.0,1.0,6.0,2.0,,,2.0,0.0,Completed,1.1,7.0,1.11,8.06,1.12,8.06,1.09,7.17,20240928
46,Beijing,China Open,2024-09-28,WTA1000,Outdoor,Hard,2nd Round,3,Mertens E.,Cocciaretto E.,29.0,55.0,1749.0,1023.0,6.0,4.0,6.0,7.0,6.0,3.0,2.0,1.0,Completed,1.4,3.0,1.48,2.84,1.48,3.05,1.42,2.82,20240928
46,Beijing,China Open,2024-09-28,WTA1000,Outdoor,Hard,2nd Round,3,Anisimova A.,Osorio M.,43.0,59.0,1276.0,988.0,1.0,6.0,6.0,3.0,6.0,4.0,2.0,1.0,Completed,1.53,2.5,1.6,2.48,1.62,2.51,1.55,2.42,20240928
46,Beijing,China Open,2024-09-28,WTA1000,Outdoor,Hard,2nd Round,3,Sabalenka A.,Sawangkaew M.,2.0,187.0,8716.0,384.0,6.0,4.0,6.0,1.0,,,2.0,0.0,Completed,1.02,19.0,1.03,24.29,1.03,24.29,1.01,14.96,20240928
46,Beijing,China Open,2024-09-28,WTA1000,Outdoor,Hard,2nd Round,3,Haddad Maia B.,Wei S.,12.0,140.0,2981.0,522.0,7.0,5.0,6.0,4.0,,,2.0,0.0,Completed,1.1,7.0,1.15,6.44,1.15,7.0,1.12,6.14,20240928
46,Beijing,China Open,2024-09-28,WTA1000,Outdoor,Hard,2nd Round,3,Cristian J.,Krejcikova B.,80.0,10.0,844.0,3161.0,1.0,6.0,6.0,4.0,7.0,5.0,2.0,1.0,Completed,3.4,1.33,3.3,1.38,3.4,1.38,3.19,1.34,20240928
46,Beijing,China Open,2024-09-28,WTA1000,Outdoor,Hard,2nd Round,3,Muchova K.,Yuan Y.,49.0,41.0,1126.0,1349.0,6.0,3.0,6.0,1.0,,,2.0,0.0,Completed,1.11,6.5,1.12,7.31,1.14,7.31,1.12,6.42,20240928
46,Beijing,China Open,2024-09-28,WTA1000,Outdoor,Hard,2nd Round,3,Krueger A.,Sun L.,68.0,40.0,917.0,1375.0,6.0,1.0,7.0,6.0,,,2.0,0.0,Completed,1.53,2.5,1.52,2.68,1.57,2.75,1.51,2.53,20240928
46,Beijing,China Open,2024-09-28,WTA1000,Outdoor,Hard,2nd Round,3,Keys M.,Sorribes Tormo S.,24.0,104.0,2076.0,677.0,6.0,2.0,6.0,1.0,,,2.0,0.0,Completed,1.3,3.5,1.3,3.82,1.34,3.82,1.3,3.47,20240928
46,Beijing,China Open,2024-09-28,WTA1000,Outdoor,Hard,2nd Round,3,Podoroska N.,Yastremska D.,66.0,35.0,942.0,1603.0,7.0,5.0,6.0,7.0,6.0,2.0,2.0,1.0,Completed,2.1,1.73,2.1,1.81,2.14,1.81,2.08,1.73,20240928
46,Beijing,China Open,2024-09-28,WTA1000,Outdoor,Hard,2nd Round,3,Andreeva M.,Begu I.,22.0,103.0,2153.0,683.0,6.0,7.0,6.0,1.0,6.0,1.0,2.0,1.0,Completed,1.2,4.5,1.23,4.67,1.24,5.34,1.2,4.45,20240928
46,Beijing,China Open,2024-09-28,WTA1000,Outdoor,Hard,2nd Round,3,Vekic D.,Golubic V.,20.0,96.0,2243.0,705.0,4.0,6.0,7.0,6.0,6.0,4.0,2.0,1.0,Completed,1.2,4.5,1.21,4.89,1.23,4.89,1.2,4.45,20240928
46,Beijing,China Open,2024-09-28,WTA1000,Outdoor,Hard,2nd Round,3,Zheng Q.,Rakhimova K.,7.0,71.0,3920.0,905.0,6.0,1.0,6.0,1.0,,,2.0,0.0,Completed,1.14,5.5,1.16,5.95,1.16,6.1,1.14,5.54,20240928
46,Beijing,China Open,2024-09-29,WTA1000,Outdoor,Hard,3rd Round,3,Frech M.,Shnaider D.,31.0,16.0,1743.0,2685.0,0.0,6.0,6.0,3.0,6.0,4.0,2.0,1.0,Completed,3.5,1.3,3.49,1.35,3.74,1.36,3.37,1.31,20240929
46,Beijing,China Open,2024-09-29,WTA1000,Outdoor,Hard,3rd Round,3,Badosa P.,Sramkova R.,19.0,61.0,2325.0,958.0,7.0,5.0,7.0,5.0,,,2.0,0.0,Completed,1.2,4.5,1.23,4.77,1.23,4.9,1.21,4.36,20240929
46,Beijing,China Open,2024-09-29,WTA1000,Outdoor,Hard,3rd Round,3,Pegula J.,Kudermetova V.,3.0,39.0,6220.0,1398.0,6.0,7.0,6.0,1.0,6.0,2.0,2.0,1.0,Completed,1.3,3.5,1.36,3.46,1.36,3.5,1.33,3.33,20240929
46,Beijing,China Open,2024-09-29,WTA1000,Outdoor,Hard,3rd Round,3,Starodubtseva Y.,Avanesyan E.,115.0,47.0,620.0,1140.0,6.0,3.0,6.0,1.0,,,2.0,0.0,Completed,1.91,1.91,1.89,2.02,1.91,2.15,1.83,1.95,20240929
46,Beijing,China Open,2024-09-29,WTA1000,Outdoor,Hard,3rd Round,3,Zhang S.,Minnen G.,595.0,94.0,71.0,738.0,6.0,2.0,6.0,3.0,,,2.0,0.0,Completed,2.1,1.73,2.2,1.76,2.3,1.82,2.06,1.75,20240929
46,Beijing,China Open,2024-09-29,WTA1000,Outdoor,Hard,3rd Round,3,Gauff C.,Boulter K.,6.0,34.0,4983.0,1655.0,7.0,5.0,6.0,2.0,,,2.0,0.0,Completed,1.25,4.0,1.26,4.31,1.27,4.31,1.24,3.98,20240929
46,Beijing,China Open,2024-09-30,WTA1000,Outdoor,Hard,3rd Round,3,Keys M.,Haddad Maia B.,24.0,12.0,2076.0,2981.0,6.0,3.0,6.0,3.0,,,2.0,0.0,Completed,1.62,2.3,1.7,2.28,1.72,2.32,1.65,2.22,20240930
46,Beijing,China Open,2024-09-30,WTA1000,Outdoor,Hard,3rd Round,3,Kalinskaya A.,Stearns P.,14.0,46.0,2725.0,1173.0,3.0,6.0,6.0,3.0,3.0,1.0,1.0,1.0,Retired,1.8,2.0,1.9,2.0,1.9,2.06,1.82,2.0,20240930
46,Beijing,China Open,2024-09-30,WTA1000,Outdoor,Hard,3rd Round,3,Osaka N.,Volynets K.,73.0,60.0,894.0,987.0,6.0,3.0,6.0,2.0,,,2.0,0.0,Completed,1.22,4.33,1.3,3.91,1.3,4.33,1.23,4.05,20240930
46,Beijing,China Open,2024-09-30,WTA1000,Outdoor,Hard,3rd Round,3,Sabalenka A.,Krueger A.,2.0,68.0,8716.0,917.0,6.0,2.0,6.0,2.0,,,2.0,0.0,Completed,1.08,8.0,1.1,8.83,1.1,8.83,1.08,7.73,20240930
46,Beijing,China Open,2024-09-30,WTA1000,Outdoor,Hard,3rd Round,3,Bucsa C.,Mertens E.,79.0,29.0,847.0,1749.0,4.0,6.0,6.0,2.0,6.0,2.0,2.0,1.0,Completed,3.5,1.3,4.55,1.24,4.55,1.31,3.95,1.25,20240930
46,Beijing,China Open,2024-09-30,WTA1000,Outdoor,Hard,3rd Round,3,Muchova K.,Cristian J.,49.0,80.0,1126.0,844.0,6.0,1.0,6.0,3.0,,,2.0,0.0,Completed,1.1,7.0,1.12,7.58,1.14,7.58,1.1,6.58,20240930
46,Beijing,China Open,2024-09-30,WTA1000,Outdoor,Hard,3rd Round,3,Linette M.,Paolini J.,45.0,5.0,1191.0,5348.0,6.0,4.0,6.0,0.0,,,2.0,0.0,Completed,3.75,1.29,3.67,1.33,3.75,1.35,3.47,1.3,20240930
46,Beijing,China Open,2024-09-30,WTA1000,Outdoor,Hard,3rd Round,3,Andreeva M.,Vekic D.,22.0,20.0,2153.0,2243.0,3.0,6.0,6.0,4.0,6.0,4.0,2.0,1.0,Completed,1.5,2.63,1.62,2.46,1.62,2.69,1.52,2.52,20240930
46,Beijing,China Open,2024-09-30,WTA1000,Outdoor,Hard,3rd Round,3,Anisimova A.,Kasatkina D.,43.0,11.0,1276.0,3020.0,7.0,6.0,6.0,4.0,,,2.0,0.0,Completed,2.0,1.8,2.01,1.89,2.14,1.89,1.99,1.8,20240930
46,Beijing,China Open,2024-09-30,WTA1000,Outdoor,Hard,3rd Round,3,Zheng Q.,Podoroska N.,7.0,66.0,3920.0,942.0,6.0,3.0,6.0,2.0,,,2.0,0.0,Completed,1.05,11.0,1.06,12.98,1.06,13.35,1.04,10.34,20240930
46,Beijing,China Open,2024-10-01,WTA1000,Outdoor,Hard,4th Round,3,Badosa P.,Pegula J.,19.0,3.0,2325.0,6220.0,6.0,4.0,6.0,0.0,,,2.0,0.0,Completed,2.5,1.53,2.51,1.6,2.65,1.64,2.41,1.56,20241001
46,Beijing,China Open,2024-10-01,WTA1000,Outdoor,Hard,4th Round,3,Zhang S.,Frech M.,595.0,31.0,71.0,1743.0,6.0,4.0,6.0,2.0,,,2.0,0.0,Completed,2.5,1.53,2.39,1.65,2.55,1.65,2.44,1.55,20241001
46,Beijing,China Open,2024-10-01,WTA1000,Outdoor,Hard,4th Round,3,Starodubtseva Y.,Kalinskaya A.,115.0,14.0,620.0,2725.0,7.0,5.0,6.0,0.0,,,2.0,0.0,Completed,2.5,1.53,2.6,1.56,2.6,1.6,2.42,1.55,20241001
46,Beijing,China Open,2024-10-01,WTA1000,Outdoor,Hard,4th Round,3,Gauff C.,Osaka N.,6.0,73.0,4983.0,894.0,3.0,6.0,6.0,4.0,,,1.0,1.0,Retired,1.57,2.38,1.64,2.42,1.67,2.6,1.59,2.34,20241001
46,Beijing,China Open,2024-10-02,WTA1000,Outdoor,Hard,4th Round,3,Sabalenka A.,Keys M.,2.0,24.0,8716.0,2076.0,6.0,4.0,6.0,3.0,,,2.0,0.0,Completed,1.22,4.33,1.3,3.94,1.3,4.34,1.26,3.81,20241002
46,Beijing,China Open,2024-10-02,WTA1000,Outdoor,Hard,4th Round,3,Muchova K.,Bucsa C.,49.0,79.0,1126.0,847.0,6.0,2.0,6.0,0.0,,,2.0,0.0,Completed,1.07,9.0,1.1,9.19,1.1,9.19,1.08,7.98,20241002
46,Beijing,China Open,2024-10-02,WTA1000,Outdoor,Hard,4th Round,3,Andreeva M.,Linette M.,22.0,45.0,2153.0,1191.0,6.0,1.0,6.0,3.0,,,2.0,0.0,Completed,1.29,3.75,1.31,3.81,1.33,3.81,1.29,3.62,20241002
46,Beijing,China Open,2024-10-02,WTA1000,Outdoor,Hard,4th Round,3,Zheng Q.,Anisimova A.,7.0,43.0,3920.0,1276.0,3.0,6.0,6.0,1.0,6.0,2.0,2.0,1.0,Completed,1.29,3.75,1.26,4.37,1.31,4.37,1.27,3.74,20241002
46,Beijing,China Open,2024-10-03,WTA1000,Outdoor,Hard,Quarterfinals,3,Badosa P.,Zhang S.,19.0,595.0,2325.0,71.0,6.0,1.0,7.0,6.0,,,2.0,0.0,Completed,1.2,4.5,1.22,4.91,1.23,5.0,1.2,4.5,20241003
46,Beijing,China Open,2024-10-03,WTA1000,Outdoor,Hard,Quarterfinals,3,Gauff C.,Starodubtseva Y.,6.0,115.0,4983.0,620.0,2.0,6.0,6.0,2.0,6.0,2.0,2.0,1.0,Completed,1.17,5.0,1.22,4.93,1.22,6.05,1.18,4.74,20241003
46,Beijing,China Open,2024-10-04,WTA1000,Outdoor,Hard,Quarterfinals,3,Muchova K.,Sabalenka A.,49.0,2.0,1126.0,8716.0,7.0,6.0,2.0,6.0,6.0,4.0,2.0,1.0,Completed,2.75,1.44,2.85,1.48,2.85,1.5,2.66,1.47,20241004
46,Beijing,China Open,2024-10-04,WTA1000,Outdoor,Hard,Quarterfinals,3,Zheng Q.,Andreeva M.,7.0,22.0,3920.0,2153.0,5.0,7.0,6.0,0.0,6.0,4.0,2.0,1.0,Completed,1.67,2.2,1.68,2.34,1.68,2.38,1.64,2.26,20241004
46,Beijing,China Open,2024-10-05,WTA1000,Outdoor,Hard,Semifinals,3,Gauff C.,Badosa P.,6.0,19.0,4983.0,2325.0,4.0,6.0,6.0,4.0,6.0,2.0,2.0,1.0,Completed,2.0,1.8,2.06,1.85,2.06,1.91,2.0,1.8,20241005
46,Beijing,China Open,2024-10-05,WTA1000,Outdoor,Hard,Semifinals,3,Muchova K.,Zheng Q.,49.0,7.0,1126.0,3920.0,6.0,3.0,6.0,4.0,,,2.0,0.0,Completed,1.62,2.3,1.69,2.31,1.69,2.45,1.63,2.26,20241005
46,Beijing,China Open,2024-10-06,WTA1000,Outdoor,Hard,The Final,3,Gauff C.,Muchova K.,6.0,49.0,4983.0,1126.0,6.0,1.0,6.0,3.0,,,2.0,0.0,Completed,2.5,1.53,2.5,1.6,2.53,1.64,2.4,1.57,20241006
47,Wuhan,Wuhan Open,2024-10-07,WTA1000,Outdoor,Hard,1st Round,3,Haddad Maia B.,Keys M.,12.0,20.0,3036.0,2196.0,7.0,6.0,6.0,2.0,,,2.0,0.0,Completed,2.63,1.5,2.66,1.56,2.66,1.57,2.49,1.52,20241007
47,Wuhan,Wuhan Open,2024-10-07,WTA1000,Outdoor,Hard,1st Round,3,Potapova A.,Volynets K.,38.0,56.0,1427.0,1025.0,5.0,7.0,6.0,3.0,7.0,5.0,2.0,1.0,Completed,1.73,2.1,1.75,2.16,1.82,2.16,1.71,2.09,20241007
47,Wuhan,Wuhan Open,2024-10-07,WTA1000,Outdoor,Hard,1st Round,3,Fernandez L.A.,Shnaider D.,28.0,16.0,1834.0,2641.0,6.0,7.0,6.0,3.0,6.0,3.0,2.0,1.0,Completed,2.38,1.57,2.38,1.63,2.45,1.63,2.33,1.58,20241007
47,Wuhan,Wuhan Open,2024-10-07,WTA1000,Outdoor,Hard,1st Round,3,Yuan Y.,Burel C.,41.0,55.0,1349.0,1040.0,1.0,6.0,6.0,4.0,6.0,2.0,2.0,1.0,Completed,1.57,2.38,1.56,2.55,1.61,2.55,1.56,2.38,20241007
47,Wuhan,Wuhan Open,2024-10-07,WTA1000,Outdoor,Hard,1st Round,3,Andreeva E.,Yastremska D.,70.0,36.0,913.0,1612.0,7.0,5.0,6.0,4.0,,,2.0,0.0,Completed,1.8,2.0,1.85,2.03,1.85,2.14,1.76,2.07,20241007
47,Wuhan,Wuhan Open,2024-10-07,WTA1000,Outdoor,Hard,1st Round,3,Pera B.,Begu I.,95.0,100.0,750.0,718.0,6.0,2.0,4.0,6.0,6.0,2.0,2.0,1.0,Completed,2.38,1.57,2.41,1.62,2.45,1.67,2.33,1.6,20241007
47,Wuhan,Wuhan Open,2024-10-07,WTA1000,Outdoor,Hard,1st Round,3,Baptiste H.,Parry D.,102.0,50.0,709.0,1075.0,6.0,4.0,7.0,5.0,,,2.0,0.0,Completed,1.73,2.1,1.67,2.3,1.82,2.3,1.68,2.17,20241007
47,Wuhan,Wuhan Open,2024-10-07,WTA1000,Outdoor,Hard,1st Round,3,Wang Xin.,Dolehide C.,51.0,101.0,1058.0,712.0,6.0,4.0,6.0,0.0,,,2.0,0.0,Completed,1.33,3.4,1.38,3.25,1.38,3.41,1.34,3.2,20241007
47,Wuhan,Wuhan Open,2024-10-07,WTA1000,Outdoor,Hard,1st Round,3,Vekic D.,Mertens E.,18.0,30.0,2298.0,1804.0,3.0,6.0,6.0,1.0,6.0,3.0,2.0,1.0,Completed,1.62,2.3,1.65,2.35,1.68,2.35,1.62,2.25,20241007
47,Wuhan,Wuhan Open,2024-10-07,WTA1000,Outdoor,Hard,1st Round,3,Kalinskaya A.,Bondar A.,13.0,92.0,2825.0,782.0,6.0,1.0,6.0,3.0,,,2.0,0.0,Completed,1.2,4.5,1.19,5.27,1.21,5.27,1.18,4.72,20241007
47,Wuhan,Wuhan Open,2024-10-07,WTA1000,Outdoor,Hard,1st Round,3,Frech M.,Hontama M.,27.0,134.0,1853.0,558.0,6.0,0.0,6.0,4.0,,,2.0,0.0,Completed,1.25,4.0,1.24,4.38,1.25,4.4,1.22,4.15,20241007
47,Wuhan,Wuhan Open,2024-10-08,WTA1000,Outdoor,Hard,1st Round,3,Alexandrova E.,Kenin S.,33.0,162.0,1693.0,471.0,6.0,1.0,4.0,6.0,6.0,4.0,2.0,1.0,Completed,1.67,2.2,1.74,2.18,1.74,2.28,1.69,2.14,20241008
47,Wuhan,Wuhan Open,2024-10-08,WTA1000,Outdoor,Hard,1st Round,3,Linette M.,Samsonova L.,45.0,23.0,1241.0,2080.0,6.0,2.0,6.0,2.0,,,2.0,0.0,Completed,2.75,1.44,2.74,1.5,2.79,1.5,2.69,1.45,20241008
47,Wuhan,Wuhan Open,2024-10-08,WTA1000,Outdoor,Hard,1st Round,3,Cristian J.,Osorio M.,75.0,59.0,894.0,1010.0,4.0,6.0,6.0,2.0,6.0,3.0,2.0,1.0,Completed,2.38,1.57,2.5,1.58,2.5,1.59,2.4,1.55,20241008
47,Wuhan,Wuhan Open,2024-10-08,WTA1000,Outdoor,Hard,1st Round,3,Siniakova K.,Eala A.,37.0,148.0,1474.0,502.0,6.0,3.0,6.0,1.0,,,2.0,0.0,Completed,1.33,3.4,1.38,3.25,1.38,3.5,1.34,3.15,20241008
47,Wuhan,Wuhan Open,2024-10-08,WTA1000,Outdoor,Hard,1st Round,3,Anisimova A.,Bucsa C.,39.0,71.0,1396.0,912.0,6.0,2.0,6.0,4.0,,,2.0,0.0,Completed,1.33,3.4,1.36,3.36,1.41,3.45,1.34,3.2,20241008
47,Wuhan,Wuhan Open,2024-10-08,WTA1000,Outdoor,Hard,1st Round,3,Tomova V.,Krueger A.,48.0,65.0,1092.0,972.0,1.0,6.0,7.0,6.0,7.0,5.0,2.0,1.0,Completed,2.75,1.44,2.93,1.44,2.93,1.45,2.75,1.44,20241008
47,Wuhan,Wuhan Open,2024-10-08,WTA1000,Outdoor,Hard,1st Round,3,Tsurenko L.,Boulter K.,96.0,34.0,739.0,1625.0,6.0,2.0,7.0,5.0,,,2.0,0.0,Completed,3.0,1.4,3.18,1.39,3.18,1.41,2.98,1.38,20241008
47,Wuhan,Wuhan Open,2024-10-08,WTA1000,Outdoor,Hard,1st Round,3,Putintseva Y.,Zhang S.,35.0,250.0,1619.0,286.0,6.0,4.0,6.0,4.0,,,2.0,0.0,Completed,1.33,3.4,1.37,3.3,1.39,3.4,1.35,3.12,20241008
47,Wuhan,Wuhan Open,2024-10-08,WTA1000,Outdoor,Hard,1st Round,3,Rakhimova K.,Uchijima M.,66.0,64.0,925.0,978.0,6.0,1.0,6.0,2.0,,,2.0,0.0,Completed,1.62,2.3,1.68,2.27,1.68,2.35,1.62,2.27,20241008
47,Wuhan,Wuhan Open,2024-10-08,WTA1000,Outdoor,Hard,1st Round,3,Kudermetova V.,Bouzkova M.,63.0,42.0,983.0,1320.0,6.0,4.0,7.0,6.0,,,2.0,0.0,Completed,1.67,2.2,1.8,2.09,1.81,2.2,1.72,2.09,20241008
47,Wuhan,Wuhan Open,2024-10-08,WTA1000,Outdoor,Hard,1st Round,3,Andreeva M.,Wang Xiy.,19.0,99.0,2218.0,720.0,7.0,6.0,6.0,3.0,,,2.0,0.0,Completed,1.3,3.5,1.32,3.6,1.33,3.7,1.3,3.46,20241008
47,Wuhan,Wuhan Open,2024-10-08,WTA1000,Outdoor,Hard,1st Round,3,Bronzetti L.,Tomljanovic A.,85.0,86.0,819.0,801.0,6.0,1.0,7.0,6.0,,,2.0,0.0,Completed,2.3,1.62,2.52,1.56,2.6,1.63,2.39,1.56,20241008
47,Wuhan,Wuhan Open,2024-10-08,WTA1000,Outdoor,Hard,1st Round,3,Kostyuk M.,Avanesyan E.,17.0,47.0,2383.0,1185.0,4.0,6.0,7.0,5.0,7.0,6.0,2.0,1.0,Completed,1.33,3.4,1.33,3.53,1.35,3.53,1.32,3.34,20241008
47,Wuhan,Wuhan Open,2024-10-09,WTA1000,Outdoor,Hard,2nd Round,3,Kasatkina D.,Pera B.,11.0,95.0,3075.0,750.0,6.0,4.0,1.0,6.0,6.0,1.0,2.0,1.0,Completed,1.3,3.5,1.28,4.05,1.33,4.05,1.27,3.64,20241009
47,Wuhan,Wuhan Open,2024-10-09,WTA1000,Outdoor,Hard,2nd Round,3,Baptiste H.,Krejcikova B.,102.0,10.0,709.0,3161.0,6.0,3.0,7.0,5.0,,,2.0,0.0,Completed,2.75,1.44,2.7,1.52,2.78,1.52,2.71,1.45,20241009
47,Wuhan,Wuhan Open,2024-10-09,WTA1000,Outdoor,Hard,2nd Round,3,Putintseva Y.,Vekic D.,35.0,18.0,1619.0,2298.0,6.0,4.0,3.0,6.0,6.0,4.0,2.0,1.0,Completed,2.0,1.8,2.09,1.81,2.2,1.82,2.04,1.77,20241009
47,Wuhan,Wuhan Open,2024-10-09,WTA1000,Outdoor,Hard,2nd Round,3,Linette M.,Tsurenko L.,45.0,96.0,1241.0,739.0,5.0,2.0,,,,,0.0,0.0,Retired,1.44,2.75,1.45,2.93,1.48,2.95,1.42,2.79,20241009
47,Wuhan,Wuhan Open,2024-10-09,WTA1000,Outdoor,Hard,2nd Round,3,Sabalenka A.,Siniakova K.,2.0,37.0,8716.0,1474.0,6.0,4.0,6.0,4.0,,,2.0,0.0,Completed,1.06,10.0,1.06,12.66,1.06,12.66,1.05,9.75,20241009
47,Wuhan,Wuhan Open,2024-10-09,WTA1000,Outdoor,Hard,2nd Round,3,Alexandrova E.,Kalinskaya A.,33.0,13.0,1693.0,2825.0,6.0,4.0,6.0,7.0,6.0,1.0,2.0,1.0,Completed,2.38,1.57,2.5,1.59,2.6,1.6,2.41,1.55,20241009
47,Wuhan,Wuhan Open,2024-10-09,WTA1000,Outdoor,Hard,2nd Round,3,Frech M.,Navarro E.,27.0,8.0,1853.0,3698.0,6.0,4.0,3.0,6.0,6.0,3.0,2.0,1.0,Completed,3.5,1.3,3.45,1.35,3.64,1.35,3.39,1.31,20241009
47,Wuhan,Wuhan Open,2024-10-09,WTA1000,Outdoor,Hard,2nd Round,3,Fernandez L.A.,Rakhimova K.,28.0,66.0,1834.0,925.0,6.0,2.0,5.0,7.0,7.0,6.0,2.0,1.0,Completed,1.36,3.2,1.39,3.25,1.4,3.3,1.36,3.08,20241009
47,Wuhan,Wuhan Open,2024-10-09,WTA1000,Outdoor,Hard,2nd Round,3,Gauff C.,Tomova V.,4.0,48.0,5593.0,1092.0,6.0,1.0,6.0,2.0,,,2.0,0.0,Completed,1.1,7.0,1.13,7.2,1.13,7.2,1.1,6.75,20241009
47,Wuhan,Wuhan Open,2024-10-09,WTA1000,Outdoor,Hard,2nd Round,3,Haddad Maia B.,Kudermetova V.,12.0,63.0,3036.0,983.0,6.0,1.0,6.0,4.0,,,2.0,0.0,Completed,1.53,2.5,1.6,2.49,1.61,2.5,1.56,2.41,20241009
47,Wuhan,Wuhan Open,2024-10-09,WTA1000,Outdoor,Hard,2nd Round,3,Wang Xin.,Bronzetti L.,51.0,85.0,1058.0,819.0,4.0,6.0,6.0,2.0,6.0,4.0,2.0,1.0,Completed,1.4,3.0,1.42,3.08,1.43,3.13,1.4,2.88,20241009
47,Wuhan,Wuhan Open,2024-10-09,WTA1000,Outdoor,Hard,2nd Round,3,Kostyuk M.,Anisimova A.,17.0,39.0,2383.0,1396.0,,,,,,,,,Walkover,2.1,1.73,2.11,1.8,2.2,1.8,2.08,1.74,20241009
47,Wuhan,Wuhan Open,2024-10-09,WTA1000,Outdoor,Hard,2nd Round,3,Pegula J.,Potapova A.,3.0,38.0,5945.0,1427.0,6.0,2.0,2.0,0.0,,,1.0,0.0,Retired,1.22,4.33,1.2,5.06,1.25,5.06,1.21,4.29,20241009
47,Wuhan,Wuhan Open,2024-10-09,WTA1000,Outdoor,Hard,2nd Round,3,Zheng Q.,Cristian J.,7.0,75.0,4300.0,894.0,6.0,2.0,6.0,4.0,,,2.0,0.0,Completed,1.1,7.0,1.08,9.72,1.1,9.94,1.07,8.01,20241009
47,Wuhan,Wuhan Open,2024-10-09,WTA1000,Outdoor,Hard,2nd Round,3,Andreeva E.,Andreeva M.,70.0,19.0,913.0,2218.0,6.0,3.0,6.0,1.0,,,2.0,0.0,Completed,5.5,1.14,6.19,1.15,6.19,1.18,5.33,1.15,20241009
47,Wuhan,Wuhan Open,2024-10-09,WTA1000,Outdoor,Hard,2nd Round,3,Paolini J.,Yuan Y.,6.0,41.0,5293.0,1349.0,6.0,4.0,6.0,3.0,,,2.0,0.0,Completed,1.36,3.2,1.37,3.34,1.44,3.34,1.36,3.11,20241009
47,Wuhan,Wuhan Open,2024-10-10,WTA1000,Outdoor,Hard,3rd Round,3,Gauff C.,Kostyuk M.,4.0,17.0,5593.0,2383.0,6.0,4.0,6.0,1.0,,,2.0,0.0,Completed,1.3,3.5,1.34,3.56,1.34,3.61,1.3,3.41,20241010
47,Wuhan,Wuhan Open,2024-10-10,WTA1000,Outdoor,Hard,3rd Round,3,Linette M.,Kasatkina D.,45.0,11.0,1241.0,3075.0,6.0,2.0,6.0,3.0,,,2.0,0.0,Completed,2.5,1.53,2.66,1.54,2.66,1.59,2.5,1.51,20241010
47,Wuhan,Wuhan Open,2024-10-10,WTA1000,Outdoor,Hard,3rd Round,3,Alexandrova E.,Baptiste H.,33.0,102.0,1693.0,709.0,6.0,1.0,6.0,1.0,,,2.0,0.0,Completed,1.62,2.3,1.72,2.25,1.72,2.3,1.65,2.2,20241010
47,Wuhan,Wuhan Open,2024-10-10,WTA1000,Outdoor,Hard,3rd Round,3,Wang Xin.,Pegula J.,51.0,3.0,1058.0,5945.0,6.0,3.0,7.0,5.0,,,2.0,0.0,Completed,4.33,1.22,4.58,1.24,4.58,1.26,4.1,1.23,20241010
47,Wuhan,Wuhan Open,2024-10-10,WTA1000,Outdoor,Hard,3rd Round,3,Paolini J.,Andreeva E.,6.0,70.0,5293.0,913.0,6.0,3.0,6.0,2.0,,,2.0,0.0,Completed,1.3,3.5,1.28,4.12,1.33,4.12,1.29,3.51,20241010
47,Wuhan,Wuhan Open,2024-10-10,WTA1000,Outdoor,Hard,3rd Round,3,Zheng Q.,Fernandez L.A.,7.0,28.0,4300.0,1834.0,5.0,7.0,6.0,3.0,6.0,0.0,2.0,1.0,Completed,1.25,4.0,1.29,3.99,1.3,4.0,1.26,3.76,20241010
47,Wuhan,Wuhan Open,2024-10-10,WTA1000,Outdoor,Hard,3rd Round,3,Sabalenka A.,Putintseva Y.,2.0,35.0,8716.0,1619.0,1.0,6.0,6.0,4.0,6.0,0.0,2.0,1.0,Completed,1.13,6.0,1.16,6.17,1.17,6.4,1.14,5.54,20241010
47,Wuhan,Wuhan Open,2024-10-10,WTA1000,Outdoor,Hard,3rd Round,3,Frech M.,Haddad Maia B.,27.0,12.0,1853.0,3036.0,6.0,3.0,6.0,2.0,,,2.0,0.0,Completed,3.2,1.36,3.44,1.36,3.45,1.38,3.15,1.35,20241010
47,Wuhan,Wuhan Open,2024-10-11,WTA1000,Outdoor,Hard,Quarterfinals,3,Gauff C.,Linette M.,4.0,45.0,5593.0,1241.0,6.0,0.0,6.0,4.0,,,2.0,0.0,Completed,1.11,6.5,1.15,6.56,1.15,6.56,1.13,5.99,20241011
47,Wuhan,Wuhan Open,2024-10-11,WTA1000,Outdoor,Hard,Quarterfinals,3,Wang Xin.,Alexandrova E.,51.0,33.0,1058.0,1693.0,4.0,6.0,7.0,5.0,7.0,6.0,2.0,1.0,Completed,1.73,2.1,1.8,2.13,1.8,2.13,1.75,2.07,20241011
47,Wuhan,Wuhan Open,2024-10-11,WTA1000,Outdoor,Hard,Quarterfinals,3,Sabalenka A.,Frech M.,2.0,27.0,8716.0,1853.0,6.0,2.0,6.0,2.0,,,2.0,0.0,Completed,1.1,7.0,1.14,7.0,1.14,7.0,1.11,6.23,20241011
47,Wuhan,Wuhan Open,2024-10-11,WTA1000,Outdoor,Hard,Quarterfinals,3,Zheng Q.,Paolini J.,7.0,6.0,4300.0,5293.0,6.0,2.0,3.0,6.0,6.0,3.0,2.0,1.0,Completed,1.36,3.2,1.4,3.25,1.44,3.31,1.36,3.09,20241011
47,Wuhan,Wuhan Open,2024-10-12,WTA1000,Outdoor,Hard,Semifinals,3,Sabalenka A.,Gauff C.,2.0,4.0,8716.0,5593.0,1.0,6.0,6.0,4.0,6.0,4.0,2.0,1.0,Completed,1.57,2.38,1.68,2.33,1.68,2.41,1.6,2.31,20241012
47,Wuhan,Wuhan Open,2024-10-12,WTA1000,Outdoor,Hard,Semifinals,3,Zheng Q.,Wang Xin.,7.0,51.0,4300.0,1058.0,6.0,3.0,6.0,4.0,,,2.0,0.0,Completed,1.17,5.0,1.22,4.96,1.23,5.0,1.2,4.5,20241012
47,Wuhan,Wuhan Open,2024-10-13,WTA1000,Outdoor,Hard,The Final,3,Sabalenka A.,Zheng Q.,2.0,7.0,8716.0,4300.0,6.0,3.0,5.0,7.0,6.0,3.0,2.0,1.0,Completed,1.4,3.0,1.48,2.88,1.48,3.0,1.43,2.79,20241013
48,Ningbo,Ningbo Open,2024-10-14,WTA500,Outdoor,Hard,1st Round,3,Putintseva Y.,Dolehide C.,32.0,100.0,1738.0,712.0,6.0,2.0,6.0,0.0,,,2.0,0.0,Completed,1.17,5.0,1.15,6.09,1.2,6.09,1.15,5.28,20241014
48,Ningbo,Ningbo Open,2024-10-14,WTA500,Outdoor,Hard,1st Round,3,Korpatsch T.,Bondar A.,129.0,87.0,566.0,800.0,6.0,7.0,7.0,6.0,6.0,4.0,2.0,1.0,Completed,2.5,1.53,,,2.6,1.53,2.5,1.5,20241014
48,Ningbo,Ningbo Open,2024-10-14,WTA500,Outdoor,Hard,1st Round,3,Wang Xiy.,Rakhimova K.,98.0,64.0,720.0,980.0,6.0,2.0,6.0,0.0,,,2.0,0.0,Completed,1.8,2.0,1.79,2.11,1.82,2.12,1.77,2.02,20241014
48,Ningbo,Ningbo Open,2024-10-14,WTA500,Outdoor,Hard,1st Round,3,Andreeva M.,Lepchenko V.,19.0,161.0,2253.0,474.0,6.0,2.0,6.0,0.0,,,2.0,0.0,Completed,1.07,9.0,1.07,10.75,1.08,10.75,1.06,8.75,20241014
48,Ningbo,Ningbo Open,2024-10-14,WTA500,Outdoor,Hard,1st Round,3,Badosa P.,Shnaider D.,14.0,16.0,2713.0,2641.0,4.0,6.0,6.0,3.0,6.0,3.0,2.0,1.0,Completed,1.4,3.0,1.42,3.04,1.45,3.04,1.4,2.89,20241014
48,Ningbo,Ningbo Open,2024-10-15,WTA500,Outdoor,Hard,1st Round,3,Seidel E.,Von Deichmann K.,121.0,169.0,593.0,430.0,6.0,3.0,6.0,1.0,,,2.0,0.0,Completed,,,,,,,,,20241015
48,Ningbo,Ningbo Open,2024-10-15,WTA500,Outdoor,Hard,1st Round,3,Siniakova K.,Linette M.,42.0,40.0,1304.0,1396.0,6.0,2.0,6.0,4.0,,,2.0,0.0,Completed,2.0,1.8,2.1,1.79,2.12,1.84,2.02,1.77,20241015
48,Ningbo,Ningbo Open,2024-10-15,WTA500,Outdoor,Hard,1st Round,3,Kalinskaya A.,Hon P.,12.0,225.0,2880.0,314.0,3.0,6.0,6.0,3.0,6.0,4.0,2.0,1.0,Completed,1.17,5.0,1.13,6.61,1.18,6.61,1.14,5.31,20241015
48,Ningbo,Ningbo Open,2024-10-15,WTA500,Outdoor,Hard,1st Round,3,Ma Y.,You X.,261.0,281.0,264.0,230.0,6.0,2.0,6.0,2.0,,,2.0,0.0,Completed,1.91,1.91,1.93,1.93,2.08,1.93,1.92,1.85,20241015
48,Ningbo,Ningbo Open,2024-10-15,WTA500,Outdoor,Hard,1st Round,3,Boulter K.,Errani S.,35.0,90.0,1625.0,795.0,6.0,3.0,6.0,2.0,,,2.0,0.0,Completed,1.25,4.0,1.29,3.9,1.29,4.0,1.27,3.8,20241015
48,Ningbo,Ningbo Open,2024-10-16,WTA500,Outdoor,Hard,1st Round,3,Muchova K.,Gadecki O.,29.0,84.0,1776.0,829.0,6.0,3.0,7.0,5.0,,,2.0,0.0,Completed,1.1,7.0,1.13,6.8,1.14,7.03,1.11,6.22,20241016
48,Ningbo,Ningbo Open,2024-10-16,WTA500,Outdoor,Hard,1st Round,3,Yuan Y.,Tomljanovic A.,46.0,85.0,1234.0,811.0,6.0,4.0,6.0,2.0,,,2.0,0.0,Completed,2.1,1.73,2.04,1.85,2.1,1.85,2.04,1.76,20241016
48,Ningbo,Ningbo Open,2024-10-16,WTA500,Outdoor,Hard,2nd Round,3,Putintseva Y.,Seidel E.,32.0,121.0,1738.0,593.0,6.0,4.0,6.0,4.0,,,2.0,0.0,Completed,1.08,8.0,1.1,8.49,1.12,8.69,1.08,7.77,20241016
48,Ningbo,Ningbo Open,2024-10-16,WTA500,Outdoor,Hard,2nd Round,3,Kasatkina D.,Siniakova K.,11.0,42.0,3108.0,1304.0,1.0,6.0,6.0,3.0,6.0,2.0,2.0,1.0,Completed,1.67,2.2,1.64,2.39,1.67,2.44,1.61,2.28,20241016
48,Ningbo,Ningbo Open,2024-10-16,WTA500,Outdoor,Hard,2nd Round,3,Andreeva M.,Korpatsch T.,19.0,129.0,2253.0,566.0,6.0,0.0,6.0,4.0,,,2.0,0.0,Completed,1.03,15.0,1.04,16.77,1.05,17.37,1.02,12.81,20241016
48,Ningbo,Ningbo Open,2024-10-16,WTA500,Outdoor,Hard,2nd Round,3,Badosa P.,Wang Xiy.,14.0,98.0,2713.0,720.0,6.0,7.0,6.0,1.0,6.0,2.0,2.0,1.0,Completed,1.25,4.0,1.33,3.6,1.33,4.01,1.29,3.51,20241016
48,Ningbo,Ningbo Open,2024-10-17,WTA500,Outdoor,Hard,2nd Round,3,Haddad Maia B.,Boulter K.,10.0,35.0,3146.0,1625.0,7.0,6.0,7.0,5.0,,,2.0,0.0,Completed,1.53,2.5,1.51,2.71,1.57,2.71,1.52,2.48,20241017
48,Ningbo,Ningbo Open,2024-10-17,WTA500,Outdoor,Hard,2nd Round,3,Krejcikova B.,Ma Y.,13.0,261.0,2866.0,264.0,7.0,6.0,6.0,3.0,,,2.0,0.0,Completed,1.08,8.0,1.11,7.89,1.11,8.5,1.09,7.22,20241017
48,Ningbo,Ningbo Open,2024-10-17,WTA500,Outdoor,Hard,2nd Round,3,Kalinskaya A.,Yuan Y.,12.0,46.0,2880.0,1234.0,6.0,3.0,6.0,3.0,,,2.0,0.0,Completed,1.5,2.63,1.58,2.51,1.61,2.55,1.52,2.48,20241017
48,Ningbo,Ningbo Open,2024-10-17,WTA500,Outdoor,Hard,2nd Round,3,Muchova K.,Cristian J.,29.0,73.0,1776.0,902.0,6.0,2.0,6.0,1.0,,,2.0,0.0,Completed,1.07,9.0,1.11,8.22,1.11,10.0,1.07,8.35,20241017
48,Ningbo,Ningbo Open,2024-10-18,WTA500,Outdoor,Hard,Quarterfinals,3,Kasatkina D.,Putintseva Y.,11.0,32.0,3108.0,1738.0,6.0,4.0,1.0,6.0,7.0,6.0,2.0,1.0,Completed,2.38,1.57,2.27,1.71,2.4,1.72,2.25,1.63,20241018
48,Ningbo,Ningbo Open,2024-10-18,WTA500,Outdoor,Hard,Quarterfinals,3,Andreeva M.,Krejcikova B.,19.0,13.0,2253.0,2866.0,7.0,6.0,3.0,2.0,,,1.0,0.0,Retired,1.3,3.5,1.37,3.39,1.37,3.65,1.31,3.37,20241018
48,Ningbo,Ningbo Open,2024-10-18,WTA500,Outdoor,Hard,Quarterfinals,3,Badosa P.,Haddad Maia B.,14.0,10.0,2713.0,3146.0,6.0,3.0,6.0,2.0,,,2.0,0.0,Completed,1.44,2.75,1.48,2.88,1.49,2.88,1.44,2.74,20241018
48,Ningbo,Ningbo Open,2024-10-18,WTA500,Outdoor,Hard,Quarterfinals,3,Muchova K.,Kalinskaya A.,29.0,12.0,1776.0,2880.0,2.0,6.0,6.0,2.0,6.0,3.0,2.0,1.0,Completed,1.22,4.33,1.28,4.16,1.28,4.33,1.24,3.97,20241018
48,Ningbo,Ningbo Open,2024-10-19,WTA500,Outdoor,Hard,Semifinals,3,Kasatkina D.,Badosa P.,11.0,14.0,3108.0,2713.0,6.0,4.0,,,,,1.0,0.0,Retired,4.0,1.25,3.97,1.29,4,1.3,3.74,1.26,20241019
48,Ningbo,Ningbo Open,2024-10-19,WTA500,Outdoor,Hard,Semifinals,3,Andreeva M.,Muchova K.,19.0,29.0,2253.0,1776.0,6.0,2.0,1.0,0.0,,,1.0,0.0,Retired,2.75,1.44,2.66,1.53,2.75,1.54,2.56,1.5,20241019
48,Ningbo,Ningbo Open,2024-10-20,WTA500,Outdoor,Hard,The Final,3,Kasatkina D.,Andreeva M.,11.0,19.0,3108.0,2253.0,6.0,0.0,4.0,6.0,6.0,4.0,2.0,1.0,Completed,3.0,1.4,3.13,1.42,3.13,1.44,2.89,1.4,20241020
49,Osaka,Japan Open,2024-10-14,WTA250,Outdoor,Hard,1st Round,3,Lamens S.,Tomova V.,125.0,49.0,578.0,1127.0,6.0,0.0,6.0,2.0,,,2.0,0.0,Completed,2.5,1.53,2.47,1.59,2.6,1.59,2.45,1.54,20241014
49,Osaka,Japan Open,2024-10-14,WTA250,Outdoor,Hard,1st Round,3,Tauson C.,Volynets K.,63.0,58.0,985.0,1006.0,6.0,1.0,6.0,4.0,,,2.0,0.0,Completed,1.67,2.2,1.63,2.38,1.68,2.38,1.64,2.27,20241014
49,Osaka,Japan Open,2024-10-14,WTA250,Outdoor,Hard,1st Round,3,Bronzetti L.,Bucsa C.,78.0,70.0,849.0,912.0,6.0,3.0,6.0,4.0,,,2.0,0.0,Completed,1.91,1.91,1.87,2.0,2.25,2.0,1.88,1.9,20241014
49,Osaka,Japan Open,2024-10-14,WTA250,Outdoor,Hard,1st Round,3,Kessler M.,Shibahara E.,76.0,139.0,879.0,535.0,6.0,4.0,6.0,1.0,,,2.0,0.0,Completed,1.53,2.5,1.57,2.52,1.6,2.52,1.55,2.43,20241014
49,Osaka,Japan Open,2024-10-14,WTA250,Outdoor,Hard,1st Round,3,Cocciaretto E.,Ponchet J.,50.0,109.0,1078.0,662.0,6.0,4.0,5.0,7.0,7.0,6.0,2.0,1.0,Completed,1.25,4.0,1.34,3.5,1.34,4.0,1.3,3.42,20241014
49,Osaka,Japan Open,2024-10-14,WTA250,Outdoor,Hard,1st Round,3,Ito A.,Kenin S.,188.0,158.0,379.0,480.0,6.0,2.0,3.0,6.0,7.0,5.0,2.0,1.0,Completed,3.75,1.29,3.43,1.35,3.75,1.39,3.31,1.32,20241014
49,Osaka,Japan Open,2024-10-15,WTA250,Outdoor,Hard,1st Round,3,Lys E.,Osorio M.,118.0,55.0,610.0,1022.0,6.0,2.0,6.0,3.0,,,2.0,0.0,Completed,2.3,1.62,2.27,1.68,2.36,1.68,2.25,1.62,20241015
49,Osaka,Japan Open,2024-10-15,WTA250,Outdoor,Hard,1st Round,3,Dart H.,Siegemund L.,81.0,89.0,837.0,796.0,3.0,6.0,7.0,5.0,7.0,5.0,2.0,1.0,Completed,2.63,1.5,2.8,1.48,2.8,1.51,2.61,1.48,20241015
49,Osaka,Japan Open,2024-10-15,WTA250,Outdoor,Hard,1st Round,3,Minnen G.,Andreescu B.,95.0,163.0,774.0,454.0,6.0,3.0,6.0,0.0,,,2.0,0.0,Completed,2.63,1.5,2.65,1.52,2.65,1.55,2.53,1.51,20241015
49,Osaka,Japan Open,2024-10-15,WTA250,Outdoor,Hard,1st Round,3,Bouzkova M.,Uchijima M.,43.0,59.0,1270.0,995.0,7.0,6.0,2.0,6.0,6.0,3.0,2.0,1.0,Completed,1.25,4.0,1.25,4.22,1.27,4.4,1.23,3.99,20241015
49,Osaka,Japan Open,2024-10-15,WTA250,Outdoor,Hard,1st Round,3,Parry D.,Andreeva E.,52.0,66.0,1056.0,952.0,4.0,6.0,7.0,6.0,6.0,1.0,2.0,1.0,Completed,2.1,1.73,2.22,1.71,2.22,1.73,2.14,1.69,20241015
49,Osaka,Japan Open,2024-10-15,WTA250,Outdoor,Hard,1st Round,3,Bogdan A.,Kudermetova V.,111.0,67.0,641.0,938.0,6.0,2.0,6.0,2.0,,,2.0,0.0,Completed,2.5,1.53,2.6,1.54,2.6,1.57,2.47,1.52,20241015
49,Osaka,Japan Open,2024-10-15,WTA250,Outdoor,Hard,1st Round,3,Avanesyan E.,Krueger A.,48.0,65.0,1177.0,969.0,7.0,6.0,6.0,3.0,,,2.0,0.0,Completed,2.3,1.62,2.29,1.68,2.37,1.68,2.26,1.62,20241015
49,Osaka,Japan Open,2024-10-15,WTA250,Outdoor,Hard,1st Round,3,Mertens E.,Hontama M.,27.0,126.0,1804.0,575.0,6.0,1.0,6.0,1.0,,,2.0,0.0,Completed,1.14,5.5,1.16,5.84,1.17,5.84,1.15,5.29,20241015
49,Osaka,Japan Open,2024-10-15,WTA250,Outdoor,Hard,1st Round,3,Saito S.,Bouzas Maneiro J.,179.0,61.0,403.0,992.0,6.0,3.0,6.0,2.0,,,2.0,0.0,Completed,3.0,1.4,2.98,1.43,3,1.43,2.9,1.4,20241015
49,Osaka,Japan Open,2024-10-15,WTA250,Outdoor,Hard,1st Round,3,Birrell K.,Zheng S.,150.0,1007.0,495.0,17.0,6.0,2.0,6.0,3.0,,,2.0,0.0,Completed,1.13,6.0,1.16,5.79,1.16,6.5,1.14,5.6,20241015
49,Osaka,Japan Open,2024-10-16,WTA250,Outdoor,Hard,2nd Round,3,Lamens S.,Bronzetti L.,125.0,78.0,578.0,849.0,6.0,3.0,6.0,4.0,,,2.0,0.0,Completed,2.3,1.62,2.18,1.76,2.32,1.76,2.18,1.67,20241016
49,Osaka,Japan Open,2024-10-16,WTA250,Outdoor,Hard,2nd Round,3,Lys E.,Kessler M.,118.0,76.0,610.0,879.0,7.0,6.0,3.0,6.0,7.0,5.0,2.0,1.0,Completed,1.8,2.0,1.79,2.12,1.91,2.12,1.8,1.99,20241016
49,Osaka,Japan Open,2024-10-16,WTA250,Outdoor,Hard,2nd Round,3,Tauson C.,Dart H.,63.0,81.0,985.0,837.0,6.0,3.0,6.0,2.0,,,2.0,0.0,Completed,1.29,3.75,1.29,3.92,1.33,3.92,1.28,3.6,20241016
49,Osaka,Japan Open,2024-10-16,WTA250,Outdoor,Hard,2nd Round,3,Ito A.,Cocciaretto E.,188.0,50.0,379.0,1078.0,6.0,4.0,6.0,3.0,,,2.0,0.0,Completed,3.5,1.3,3.51,1.34,4.62,1.37,3.42,1.3,20241016
49,Osaka,Japan Open,2024-10-17,WTA250,Outdoor,Hard,2nd Round,3,Bogdan A.,Bouzkova M.,111.0,43.0,641.0,1270.0,6.0,0.0,7.0,6.0,,,2.0,0.0,Completed,2.38,1.57,2.4,1.63,2.4,1.64,2.32,1.59,20241017
49,Osaka,Japan Open,2024-10-17,WTA250,Outdoor,Hard,2nd Round,3,Parry D.,Minnen G.,52.0,95.0,1056.0,774.0,6.0,4.0,6.0,2.0,,,2.0,0.0,Completed,2.1,1.73,2.16,1.76,2.16,1.82,2.07,1.74,20241017
49,Osaka,Japan Open,2024-10-17,WTA250,Outdoor,Hard,2nd Round,3,Birrell K.,Mertens E.,150.0,27.0,495.0,1804.0,3.0,6.0,7.0,5.0,4.0,1.0,1.0,1.0,Retired,4.5,1.2,4.67,1.23,4.67,1.26,4.23,1.22,20241017
49,Osaka,Japan Open,2024-10-17,WTA250,Outdoor,Hard,2nd Round,3,Saito S.,Avanesyan E.,179.0,48.0,403.0,1177.0,7.0,6.0,6.0,4.0,,,2.0,0.0,Completed,4.0,1.25,4.16,1.27,4.16,1.3,3.73,1.27,20241017
49,Osaka,Japan Open,2024-10-18,WTA250,Outdoor,Hard,Quarterfinals,3,Lamens S.,Bogdan A.,125.0,111.0,578.0,641.0,4.0,6.0,6.0,3.0,6.0,3.0,2.0,1.0,Completed,2.5,1.53,2.34,1.68,2.51,1.68,2.38,1.57,20241018
49,Osaka,Japan Open,2024-10-18,WTA250,Outdoor,Hard,Quarterfinals,3,Ito A.,Lys E.,188.0,118.0,379.0,610.0,6.0,7.0,6.0,2.0,6.0,3.0,2.0,1.0,Completed,3.2,1.36,2.87,1.48,3.2,1.48,2.86,1.41,20241018
49,Osaka,Japan Open,2024-10-18,WTA250,Outdoor,Hard,Quarterfinals,3,Parry D.,Tauson C.,52.0,63.0,1056.0,985.0,6.0,3.0,1.0,6.0,6.0,3.0,2.0,1.0,Completed,2.75,1.44,2.6,1.56,2.78,1.58,2.59,1.49,20241018
49,Osaka,Japan Open,2024-10-18,WTA250,Outdoor,Hard,Quarterfinals,3,Birrell K.,Saito S.,150.0,179.0,495.0,403.0,7.0,5.0,6.0,4.0,,,2.0,0.0,Completed,1.73,2.1,1.8,2.14,1.8,2.22,1.73,2.09,20241018
49,Osaka,Japan Open,2024-10-20,WTA250,Outdoor,Hard,Semifinals,3,Lamens S.,Parry D.,125.0,52.0,578.0,1056.0,6.0,2.0,6.0,4.0,,,2.0,0.0,Completed,2.63,1.5,2.59,1.56,2.63,1.57,2.5,1.52,20241020
49,Osaka,Japan Open,2024-10-20,WTA250,Outdoor,Hard,Semifinals,3,Birrell K.,Ito A.,150.0,188.0,495.0,379.0,6.0,4.0,6.0,3.0,,,2.0,0.0,Completed,1.62,2.3,1.67,2.36,1.69,2.46,1.61,2.29,20241020
49,Osaka,Japan Open,2024-10-20,WTA250,Outdoor,Hard,The Final,3,Lamens S.,Birrell K.,125.0,150.0,578.0,495.0,6.0,0.0,6.0,4.0,,,2.0,0.0,Completed,1.53,2.5,1.62,2.43,1.64,2.5,1.57,2.42,20241020
50,Guangzhou,Guangzhou Open,2024-10-21,WTA250,Outdoor,Hard,1st Round,3,Wei S.,Sramkova R.,135.0,51.0,539.0,1051.0,6.0,1.0,6.0,4.0,,,2.0,0.0,Completed,2.75,1.44,2.74,1.5,2.78,1.53,2.64,1.47,20241021
50,Guangzhou,Guangzhou Open,2024-10-21,WTA250,Outdoor,Hard,1st Round,3,Danilovic O.,Andreeva E.,86.0,65.0,805.0,947.0,6.0,4.0,6.0,4.0,,,2.0,0.0,Completed,2.0,1.8,2.03,1.85,2.03,1.85,1.98,1.8,20241021
50,Guangzhou,Guangzhou Open,2024-10-21,WTA250,Outdoor,Hard,1st Round,3,Cristian J.,Golubic V.,74.0,165.0,887.0,441.0,6.0,4.0,2.0,6.0,6.0,1.0,2.0,1.0,Completed,1.73,2.1,1.8,2.09,1.8,2.21,1.71,2.11,20241021
50,Guangzhou,Guangzhou Open,2024-10-22,WTA250,Outdoor,Hard,1st Round,3,Parry D.,Bektas E.,50.0,138.0,1124.0,527.0,6.0,3.0,6.0,2.0,,,2.0,0.0,Completed,1.4,3.0,1.39,3.18,1.4,3.2,1.37,3.02,20241022
50,Guangzhou,Guangzhou Open,2024-10-22,WTA250,Outdoor,Hard,1st Round,3,Bronzetti L.,Avanesyan E.,84.0,45.0,819.0,1182.0,6.0,1.0,6.0,4.0,,,2.0,0.0,Completed,2.1,1.73,2.23,1.7,2.23,1.74,2.11,1.7,20241022
50,Guangzhou,Guangzhou Open,2024-10-22,WTA250,Outdoor,Hard,1st Round,3,Shi H.,Ponchet J.,254.0,104.0,270.0,672.0,6.0,1.0,6.0,7.0,6.0,3.0,2.0,1.0,Completed,4.0,1.25,3.88,1.29,4.01,1.3,3.74,1.26,20241022
50,Guangzhou,Guangzhou Open,2024-10-22,WTA250,Outdoor,Hard,1st Round,3,Sawangkaew M.,Seidel E.,163.0,117.0,446.0,618.0,6.0,1.0,2.0,6.0,6.0,2.0,2.0,1.0,Completed,1.73,2.1,,,1.65,2.25,1.65,2.25,20241022
50,Guangzhou,Guangzhou Open,2024-10-22,WTA250,Outdoor,Hard,1st Round,3,Bouzas Maneiro J.,Fett J.,60.0,105.0,992.0,669.0,6.0,4.0,6.0,3.0,,,2.0,0.0,Completed,1.5,2.63,1.56,2.56,1.56,2.8,1.47,2.63,20241022
50,Guangzhou,Guangzhou Open,2024-10-22,WTA250,Outdoor,Hard,1st Round,3,Wang Xiy.,Rus A.,99.0,77.0,750.0,874.0,6.0,2.0,6.0,4.0,,,2.0,0.0,Completed,1.22,4.33,1.28,3.99,1.35,4.34,1.27,3.69,20241022
50,Guangzhou,Guangzhou Open,2024-10-22,WTA250,Outdoor,Hard,1st Round,3,Pera B.,Eala A.,79.0,147.0,843.0,494.0,6.0,0.0,6.0,3.0,,,2.0,0.0,Completed,1.67,2.2,1.75,2.16,1.82,2.23,1.7,2.12,20241022
50,Guangzhou,Guangzhou Open,2024-10-22,WTA250,Outdoor,Hard,1st Round,3,Parks A.,Bondar A.,115.0,94.0,624.0,783.0,6.0,3.0,6.0,3.0,,,2.0,0.0,Completed,2.0,1.8,2.05,1.83,2.05,1.9,1.96,1.81,20241022
50,Guangzhou,Guangzhou Open,2024-10-22,WTA250,Outdoor,Hard,1st Round,3,Dolehide C.,Pridankina E.,101.0,179.0,712.0,391.0,6.0,2.0,6.0,1.0,,,2.0,0.0,Completed,1.73,2.1,,,1.74,4.75,1.62,2.33,20241022
50,Guangzhou,Guangzhou Open,2024-10-22,WTA250,Outdoor,Hard,1st Round,3,Siniakova K.,Martic P.,48.0,121.0,1139.0,592.0,6.0,2.0,6.0,1.0,,,2.0,0.0,Completed,1.25,4.0,1.3,3.71,1.33,4.01,1.28,3.56,20241022
50,Guangzhou,Guangzhou Open,2024-10-22,WTA250,Outdoor,Hard,1st Round,3,Bouzkova M.,Lamens S.,47.0,88.0,1140.0,796.0,6.0,3.0,6.0,1.0,,,2.0,0.0,Completed,1.5,2.63,1.54,2.61,1.55,2.63,1.5,2.53,20241022
50,Guangzhou,Guangzhou Open,2024-10-22,WTA250,Outdoor,Hard,1st Round,3,Yuan Y.,Minnen G.,44.0,90.0,1209.0,791.0,7.0,6.0,6.0,1.0,,,2.0,0.0,Completed,1.53,2.5,1.56,2.56,1.57,2.56,1.53,2.45,20241022
50,Guangzhou,Guangzhou Open,2024-10-22,WTA250,Outdoor,Hard,1st Round,3,Zhang S.,Rakhimova K.,237.0,61.0,297.0,990.0,6.0,2.0,6.0,1.0,,,2.0,0.0,Completed,2.3,1.62,2.16,1.75,2.3,1.75,2.14,1.69,20241022
50,Guangzhou,Guangzhou Open,2024-10-23,WTA250,Outdoor,Hard,2nd Round,3,Bronzetti L.,Cristian J.,84.0,74.0,819.0,887.0,7.0,6.0,6.0,4.0,,,2.0,0.0,Completed,2.0,1.8,1.93,1.93,2.02,2.0,1.89,1.88,20241023
50,Guangzhou,Guangzhou Open,2024-10-23,WTA250,Outdoor,Hard,2nd Round,3,Danilovic O.,Parry D.,86.0,50.0,805.0,1124.0,6.0,1.0,6.0,0.0,,,2.0,0.0,Completed,1.8,2.0,1.89,1.98,1.9,2.01,1.82,1.96,20241023
50,Guangzhou,Guangzhou Open,2024-10-23,WTA250,Outdoor,Hard,2nd Round,3,Bouzas Maneiro J.,Shi H.,60.0,254.0,992.0,270.0,6.0,3.0,6.0,4.0,,,2.0,0.0,Completed,1.25,4.0,1.24,4.42,1.27,4.42,1.23,4.03,20241023
50,Guangzhou,Guangzhou Open,2024-10-23,WTA250,Outdoor,Hard,2nd Round,3,Wang Xiy.,Wei S.,99.0,135.0,750.0,539.0,3.0,6.0,6.0,0.0,7.0,5.0,2.0,1.0,Completed,1.25,4.0,1.3,3.76,1.3,4.0,1.27,3.7,20241023
50,Guangzhou,Guangzhou Open,2024-10-24,WTA250,Outdoor,Hard,2nd Round,3,Siniakova K.,Parks A.,48.0,115.0,1139.0,624.0,6.0,1.0,6.0,4.0,,,2.0,0.0,Completed,1.2,4.5,1.26,4.17,1.26,4.77,1.21,4.27,20241024
50,Guangzhou,Guangzhou Open,2024-10-24,WTA250,Outdoor,Hard,2nd Round,3,Dolehide C.,Bouzkova M.,101.0,47.0,712.0,1140.0,6.0,7.0,6.0,4.0,7.0,6.0,2.0,1.0,Completed,3.5,1.3,3.44,1.35,3.5,1.35,3.37,1.31,20241024
50,Guangzhou,Guangzhou Open,2024-10-24,WTA250,Outdoor,Hard,2nd Round,3,Pera B.,Zhang S.,79.0,237.0,843.0,297.0,6.0,2.0,6.0,2.0,,,2.0,0.0,Completed,2.2,1.67,2.26,1.69,2.26,1.71,2.18,1.67,20241024
50,Guangzhou,Guangzhou Open,2024-10-24,WTA250,Outdoor,Hard,2nd Round,3,Sawangkaew M.,Yuan Y.,163.0,44.0,446.0,1209.0,6.0,2.0,6.0,3.0,,,2.0,0.0,Completed,2.75,1.44,3.13,1.4,3.48,1.44,3.01,1.38,20241024
50,Guangzhou,Guangzhou Open,2024-10-25,WTA250,Outdoor,Hard,Quarterfinals,3,Siniakova K.,Pera B.,48.0,79.0,1139.0,843.0,6.0,4.0,7.0,5.0,,,2.0,0.0,Completed,1.44,2.75,1.5,2.79,1.53,2.79,1.47,2.65,20241025
50,Guangzhou,Guangzhou Open,2024-10-25,WTA250,Outdoor,Hard,Quarterfinals,3,Danilovic O.,Sawangkaew M.,86.0,163.0,805.0,446.0,6.0,4.0,6.0,4.0,,,2.0,0.0,Completed,1.4,3.0,1.42,3.14,1.45,3.2,1.39,2.95,20241025
50,Guangzhou,Guangzhou Open,2024-10-25,WTA250,Outdoor,Hard,Quarterfinals,3,Dolehide C.,Bouzas Maneiro J.,101.0,60.0,712.0,992.0,6.0,4.0,4.0,6.0,6.0,0.0,2.0,1.0,Completed,2.0,1.8,2.11,1.81,2.11,1.84,2.0,1.79,20241025
50,Guangzhou,Guangzhou Open,2024-10-25,WTA250,Outdoor,Hard,Quarterfinals,3,Bronzetti L.,Wang Xiy.,84.0,99.0,819.0,750.0,6.0,4.0,6.0,1.0,,,2.0,0.0,Completed,2.75,1.44,2.71,1.53,2.8,1.53,2.68,1.46,20241025
50,Guangzhou,Guangzhou Open,2024-10-26,WTA250,Outdoor,Hard,Semifinals,3,Danilovic O.,Siniakova K.,86.0,48.0,805.0,1139.0,4.0,6.0,6.0,4.0,4.0,3.0,1.0,1.0,Retired,2.38,1.57,2.43,1.63,2.47,1.65,2.34,1.59,20241026
50,Guangzhou,Guangzhou Open,2024-10-26,WTA250,Outdoor,Hard,Semifinals,3,Dolehide C.,Bronzetti L.,101.0,84.0,712.0,819.0,6.0,3.0,3.0,6.0,7.0,6.0,2.0,1.0,Completed,2.1,1.73,2.17,1.78,2.17,1.82,2.06,1.75,20241026
50,Guangzhou,Guangzhou Open,2024-10-27,WTA250,Outdoor,Hard,The Final,3,Danilovic O.,Dolehide C.,86.0,101.0,805.0,712.0,6.0,3.0,6.0,1.0,,,2.0,0.0,Completed,1.57,2.38,1.61,2.48,1.62,2.52,1.57,2.38,20241027
51,Tokyo,Toray Pan Pacific Open Tennis Tournament,2024-10-21,WTA500,Outdoor,Hard,1st Round,3,Tomova V.,Kudermetova V.,49.0,62.0,1127.0,988.0,7.0,6.0,6.0,3.0,,,2.0,0.0,Completed,3.2,1.36,3.21,1.38,3.24,1.4,3.09,1.36,20241021
51,Tokyo,Toray Pan Pacific Open Tennis Tournament,2024-10-21,WTA500,Outdoor,Hard,1st Round,3,Gracheva V.,Hontama M.,68.0,137.0,919.0,528.0,6.0,1.0,7.0,6.0,,,2.0,0.0,Completed,1.53,2.5,1.6,2.46,1.64,2.51,1.55,2.41,20241021
51,Tokyo,Toray Pan Pacific Open Tennis Tournament,2024-10-21,WTA500,Outdoor,Hard,1st Round,3,Sonmez Z.,Frech M.,148.0,24.0,493.0,2020.0,1.0,6.0,6.0,4.0,6.0,3.0,2.0,1.0,Completed,3.4,1.33,3.55,1.33,3.6,1.36,3.37,1.31,20241021
51,Tokyo,Toray Pan Pacific Open Tennis Tournament,2024-10-21,WTA500,Outdoor,Hard,1st Round,3,Fernandez L.A.,Sasnovich A.,35.0,143.0,1574.0,505.0,5.0,7.0,6.0,2.0,5.0,2.0,1.0,1.0,Retired,1.36,3.2,1.33,3.51,1.4,3.52,1.34,3.2,20241021
51,Tokyo,Toray Pan Pacific Open Tennis Tournament,2024-10-21,WTA500,Outdoor,Hard,1st Round,3,Andreescu B.,Yamaguchi M.,159.0,410.0,455.0,146.0,7.0,5.0,6.0,3.0,,,2.0,0.0,Completed,1.08,8.0,1.08,9.41,1.09,10.03,1.07,8.11,20241021
51,Tokyo,Toray Pan Pacific Open Tennis Tournament,2024-10-22,WTA500,Outdoor,Hard,1st Round,3,Kenin S.,Wang Xin.,155.0,39.0,480.0,1418.0,6.0,1.0,6.0,4.0,,,2.0,0.0,Completed,3.0,1.4,2.99,1.43,3.03,1.49,2.87,1.41,20241022
51,Tokyo,Toray Pan Pacific Open Tennis Tournament,2024-10-22,WTA500,Outdoor,Hard,1st Round,3,Kessler M.,Cocciaretto E.,73.0,52.0,896.0,1048.0,6.0,3.0,6.0,3.0,,,2.0,0.0,Completed,1.73,2.1,1.81,2.07,1.81,2.17,1.75,2.04,20241022
51,Tokyo,Toray Pan Pacific Open Tennis Tournament,2024-10-22,WTA500,Outdoor,Hard,1st Round,3,Ishii S.,Saito S.,279.0,158.0,225.0,456.0,6.0,1.0,6.0,1.0,,,2.0,0.0,Completed,2.63,1.5,2.61,1.54,2.75,1.56,2.57,1.49,20241022
51,Tokyo,Toray Pan Pacific Open Tennis Tournament,2024-10-22,WTA500,Outdoor,Hard,1st Round,3,Okamura K.,Baptiste H.,271.0,80.0,244.0,839.0,7.0,6.0,6.0,3.0,,,2.0,0.0,Completed,8.0,1.08,9.44,1.08,9.44,1.09,7.88,1.07,20241022
51,Tokyo,Toray Pan Pacific Open Tennis Tournament,2024-10-22,WTA500,Outdoor,Hard,1st Round,3,Tauson C.,Hibino N.,53.0,156.0,1037.0,468.0,6.0,2.0,6.0,3.0,,,2.0,0.0,Completed,1.22,4.33,1.27,4.1,1.31,4.34,1.24,3.92,20241022
51,Tokyo,Toray Pan Pacific Open Tennis Tournament,2024-10-22,WTA500,Outdoor,Hard,1st Round,3,Uchijima M.,Stojsavljevic M.,57.0,633.0,995.0,61.0,6.0,4.0,6.0,7.0,7.0,6.0,2.0,1.0,Completed,1.3,3.5,1.29,3.82,1.3,3.87,1.29,3.52,20241022
51,Tokyo,Toray Pan Pacific Open Tennis Tournament,2024-10-22,WTA500,Outdoor,Hard,1st Round,3,Boulter K.,Hon P.,33.0,217.0,1660.0,325.0,6.0,1.0,6.0,4.0,,,2.0,0.0,Completed,1.2,4.5,1.22,4.63,1.25,4.75,1.21,4.36,20241022
51,Tokyo,Toray Pan Pacific Open Tennis Tournament,2024-10-23,WTA500,Outdoor,Hard,2nd Round,3,Fernandez L.A.,Gracheva V.,35.0,68.0,1574.0,919.0,6.0,0.0,3.0,6.0,7.0,5.0,2.0,1.0,Completed,1.25,4.0,1.3,3.82,1.3,4.0,1.27,3.68,20241023
51,Tokyo,Toray Pan Pacific Open Tennis Tournament,2024-10-23,WTA500,Outdoor,Hard,2nd Round,3,Shnaider D.,Tomova V.,16.0,49.0,2585.0,1127.0,6.0,2.0,6.0,2.0,,,2.0,0.0,Completed,1.33,3.4,1.31,3.75,1.33,3.86,1.29,3.56,20241023
51,Tokyo,Toray Pan Pacific Open Tennis Tournament,2024-10-23,WTA500,Outdoor,Hard,2nd Round,3,Ishii S.,Sonmez Z.,279.0,148.0,225.0,493.0,4.0,6.0,6.0,2.0,6.0,3.0,2.0,1.0,Completed,2.3,1.62,2.44,1.61,2.63,1.62,2.33,1.59,20241023
51,Tokyo,Toray Pan Pacific Open Tennis Tournament,2024-10-23,WTA500,Outdoor,Hard,2nd Round,3,Andreescu B.,Haddad Maia B.,159.0,10.0,455.0,3194.0,3.0,0.0,,,,,0.0,0.0,Retired,3.0,1.4,2.8,1.49,3.2,1.49,3.0,1.38,20241023
51,Tokyo,Toray Pan Pacific Open Tennis Tournament,2024-10-24,WTA500,Outdoor,Hard,2nd Round,3,Kenin S.,Tauson C.,155.0,53.0,480.0,1037.0,6.0,7.0,6.0,4.0,7.0,6.0,2.0,1.0,Completed,2.38,1.57,2.32,1.67,2.38,1.68,2.27,1.62,20241024
51,Tokyo,Toray Pan Pacific Open Tennis Tournament,2024-10-24,WTA500,Outdoor,Hard,2nd Round,3,Kasatkina D.,Kessler M.,9.0,73.0,3500.0,896.0,3.0,6.0,6.0,3.0,6.0,1.0,2.0,1.0,Completed,1.33,3.4,1.39,3.22,1.4,3.4,1.35,3.1,20241024
51,Tokyo,Toray Pan Pacific Open Tennis Tournament,2024-10-24,WTA500,Outdoor,Hard,2nd Round,3,Boulter K.,Okamura K.,33.0,271.0,1660.0,244.0,6.0,1.0,6.0,2.0,,,2.0,0.0,Completed,1.07,9.0,1.08,10.26,1.09,10.43,1.06,8.53,20241024
51,Tokyo,Toray Pan Pacific Open Tennis Tournament,2024-10-24,WTA500,Outdoor,Hard,2nd Round,3,Zheng Q.,Uchijima M.,7.0,57.0,4480.0,995.0,7.0,5.0,6.0,0.0,,,2.0,0.0,Completed,1.06,10.0,1.06,12.12,1.07,12.57,1.05,9.35,20241024
51,Tokyo,Toray Pan Pacific Open Tennis Tournament,2024-10-25,WTA500,Outdoor,Hard,Quarterfinals,3,Boulter K.,Andreescu B.,33.0,159.0,1660.0,455.0,6.0,2.0,6.0,1.0,,,2.0,0.0,Completed,1.62,2.3,1.72,2.23,1.72,2.4,1.62,2.27,20241025
51,Tokyo,Toray Pan Pacific Open Tennis Tournament,2024-10-25,WTA500,Outdoor,Hard,Quarterfinals,3,Kenin S.,Kasatkina D.,155.0,9.0,480.0,3500.0,6.0,3.0,6.0,4.0,,,2.0,0.0,Completed,3.0,1.4,3.02,1.44,3.03,1.53,2.9,1.4,20241025
51,Tokyo,Toray Pan Pacific Open Tennis Tournament,2024-10-25,WTA500,Outdoor,Hard,Quarterfinals,3,Shnaider D.,Ishii S.,16.0,279.0,2585.0,225.0,,,,,,,,,Walkover,1.1,7.0,1.11,8.32,1.14,8.32,1.1,6.86,20241025
51,Tokyo,Toray Pan Pacific Open Tennis Tournament,2024-10-25,WTA500,Outdoor,Hard,Quarterfinals,3,Zheng Q.,Fernandez L.A.,7.0,35.0,4480.0,1574.0,6.0,0.0,1.0,6.0,6.0,3.0,2.0,1.0,Completed,1.25,4.0,1.29,3.97,1.3,4.0,1.26,3.75,20241025
51,Tokyo,Toray Pan Pacific Open Tennis Tournament,2024-10-26,WTA500,Outdoor,Hard,Semifinals,3,Kenin S.,Boulter K.,155.0,33.0,480.0,1660.0,6.0,4.0,6.0,4.0,,,2.0,0.0,Completed,2.38,1.57,2.54,1.58,2.54,1.62,2.41,1.55,20241026
51,Tokyo,Toray Pan Pacific Open Tennis Tournament,2024-10-26,WTA500,Outdoor,Hard,Semifinals,3,Zheng Q.,Shnaider D.,7.0,16.0,4480.0,2585.0,7.0,6.0,6.0,3.0,,,2.0,0.0,Completed,1.33,3.4,1.33,3.66,1.36,3.66,1.32,3.33,20241026
51,Tokyo,Toray Pan Pacific Open Tennis Tournament,2024-10-27,WTA500,Outdoor,Hard,The Final,3,Zheng Q.,Kenin S.,7.0,155.0,4480.0,480.0,7.0,6.0,6.0,3.0,,,2.0,0.0,Completed,1.11,6.5,1.16,6.22,1.17,6.5,1.13,5.74,20241027
52,Hong Kong,Hong Kong Tennis Open,2024-10-28,WTA250,Outdoor,Hard,1st Round,3,Pera B.,Saito S.,81.0,161.0,872.0,468.0,6.0,4.0,6.0,4.0,,,2.0,0.0,Completed,1.36,3.2,1.38,3.22,1.4,3.22,1.36,3.07,20241028
52,Hong Kong,Hong Kong Tennis Open,2024-10-28,WTA250,Outdoor,Hard,1st Round,3,Hon P.,Chong E.,210.0,409.0,347.0,152.0,6.0,3.0,6.0,4.0,,,2.0,0.0,Completed,1.33,3.4,1.31,3.69,1.33,3.69,1.3,3.44,20241028
52,Hong Kong,Hong Kong Tennis Open,2024-10-28,WTA250,Outdoor,Hard,1st Round,3,Shi H.,Betova M.,245.0,,297.0,,6.0,4.0,6.0,2.0,,,2.0,0.0,Completed,1.2,4.5,1.24,4.36,1.24,4.61,1.21,4.33,20241028
52,Hong Kong,Hong Kong Tennis Open,2024-10-28,WTA250,Outdoor,Hard,1st Round,3,Wang Xiy.,Inoue H.,100.0,253.0,774.0,287.0,6.0,3.0,7.0,6.0,,,2.0,0.0,Completed,1.14,5.5,1.14,6.49,1.14,6.75,1.12,6.02,20241028
52,Hong Kong,Hong Kong Tennis Open,2024-10-28,WTA250,Outdoor,Hard,1st Round,3,Yuan Y.,Halep S.,45.0,883.0,1149.0,26.0,6.0,3.0,6.0,3.0,,,2.0,0.0,Completed,1.8,2.0,1.83,2.02,1.85,2.1,1.79,2.0,20241028
52,Hong Kong,Hong Kong Tennis Open,2024-10-28,WTA250,Outdoor,Hard,1st Round,3,Ponchet J.,Wang Xin.,106.0,37.0,682.0,1418.0,4.0,6.0,7.0,5.0,6.0,2.0,2.0,1.0,Completed,5.0,1.17,5.81,1.16,5.81,1.18,5.1,1.16,20241028
52,Hong Kong,Hong Kong Tennis Open,2024-10-29,WTA250,Outdoor,Hard,1st Round,3,Hibino N.,Lu J.,159.0,259.0,468.0,270.0,6.0,7.0,6.0,3.0,7.0,5.0,2.0,1.0,Completed,1.22,4.33,1.21,4.71,1.26,4.71,1.21,4.36,20241029
52,Hong Kong,Hong Kong Tennis Open,2024-10-29,WTA250,Outdoor,Hard,1st Round,3,Boulter K.,Ito A.,29.0,156.0,1828.0,487.0,6.0,4.0,6.0,4.0,,,2.0,0.0,Completed,1.25,4.0,1.25,4.22,1.29,4.25,1.25,3.9,20241029
52,Hong Kong,Hong Kong Tennis Open,2024-10-29,WTA250,Outdoor,Hard,1st Round,3,Lamens S.,Gao X.,91.0,170.0,796.0,436.0,6.0,3.0,6.0,0.0,,,2.0,0.0,Completed,1.36,3.2,1.38,3.23,1.44,3.23,1.37,3.05,20241029
52,Hong Kong,Hong Kong Tennis Open,2024-10-29,WTA250,Outdoor,Hard,1st Round,3,Bucsa C.,Wong C.,71.0,412.0,912.0,151.0,6.0,3.0,6.0,3.0,,,2.0,0.0,Completed,1.14,5.5,1.2,4.93,1.2,5.6,1.17,4.95,20241029
52,Hong Kong,Hong Kong Tennis Open,2024-10-29,WTA250,Outdoor,Hard,1st Round,3,Shnaider D.,Okamura K.,14.0,237.0,2726.0,312.0,6.0,3.0,6.0,3.0,,,2.0,0.0,Completed,1.03,15.0,1.04,17.04,1.04,19.0,1.02,13.17,20241029
52,Hong Kong,Hong Kong Tennis Open,2024-10-29,WTA250,Outdoor,Hard,1st Round,3,Gracheva V.,Prozorova T.,66.0,268.0,949.0,259.0,2.0,6.0,7.0,5.0,6.0,2.0,2.0,1.0,Completed,1.4,3.0,1.43,2.98,1.44,3.01,1.4,2.88,20241029
52,Hong Kong,Hong Kong Tennis Open,2024-10-29,WTA250,Outdoor,Hard,1st Round,3,Birrell K.,Bogdan A.,115.0,112.0,646.0,653.0,6.0,3.0,6.0,4.0,,,2.0,0.0,Completed,2.1,1.73,2.07,1.82,2.3,1.82,2.12,1.71,20241029
52,Hong Kong,Hong Kong Tennis Open,2024-10-29,WTA250,Outdoor,Hard,1st Round,3,Kenin S.,Yamaguchi M.,88.0,362.0,804.0,170.0,6.0,4.0,6.0,4.0,,,2.0,0.0,Completed,1.08,8.0,1.09,8.59,1.09,9.1,1.07,7.94,20241029
52,Hong Kong,Hong Kong Tennis Open,2024-10-29,WTA250,Outdoor,Hard,1st Round,3,Zakharova A.,Jang S.,113.0,244.0,653.0,299.0,7.0,5.0,6.0,4.0,,,2.0,0.0,Completed,1.5,2.63,1.48,2.78,1.54,2.79,1.47,2.64,20241029
52,Hong Kong,Hong Kong Tennis Open,2024-10-29,WTA250,Outdoor,Hard,1st Round,3,Fernandez L.A.,Watson H.,32.0,139.0,1672.0,545.0,6.0,2.0,6.0,2.0,,,2.0,0.0,Completed,1.17,5.0,1.18,5.28,1.2,5.28,1.17,4.88,20241029
52,Hong Kong,Hong Kong Tennis Open,2024-10-30,WTA250,Outdoor,Hard,2nd Round,3,Pera B.,Shi H.,81.0,245.0,872.0,297.0,6.0,0.0,6.0,4.0,,,2.0,0.0,Completed,1.17,5.0,1.2,5.05,1.21,5.2,1.18,4.71,20241030
52,Hong Kong,Hong Kong Tennis Open,2024-10-30,WTA250,Outdoor,Hard,2nd Round,3,Yuan Y.,Hibino N.,45.0,159.0,1149.0,468.0,4.0,6.0,7.0,5.0,6.0,2.0,2.0,1.0,Completed,1.29,3.75,1.28,4.02,1.32,4.02,1.28,3.65,20241030
52,Hong Kong,Hong Kong Tennis Open,2024-10-30,WTA250,Outdoor,Hard,2nd Round,3,Boulter K.,Wang Xiy.,29.0,100.0,1828.0,774.0,7.0,6.0,6.0,4.0,,,2.0,0.0,Completed,1.57,2.38,1.69,2.29,1.69,2.4,1.61,2.27,20241030
52,Hong Kong,Hong Kong Tennis Open,2024-10-30,WTA250,Outdoor,Hard,2nd Round,3,Shnaider D.,Hon P.,14.0,210.0,2726.0,347.0,6.0,4.0,6.0,1.0,,,2.0,0.0,Completed,1.1,7.0,1.12,7.34,1.12,7.34,1.1,6.62,20241030
52,Hong Kong,Hong Kong Tennis Open,2024-10-31,WTA250,Outdoor,Hard,2nd Round,3,Zakharova A.,Gracheva V.,113.0,66.0,653.0,949.0,6.0,3.0,6.0,1.0,,,2.0,0.0,Completed,1.91,1.91,1.88,2.02,1.95,2.03,1.84,1.95,20241031
52,Hong Kong,Hong Kong Tennis Open,2024-10-31,WTA250,Outdoor,Hard,2nd Round,3,Lamens S.,Bucsa C.,91.0,71.0,796.0,912.0,5.0,7.0,6.0,4.0,6.0,3.0,2.0,1.0,Completed,1.62,2.3,1.67,2.32,1.67,2.35,1.63,2.26,20241031
52,Hong Kong,Hong Kong Tennis Open,2024-10-31,WTA250,Outdoor,Hard,2nd Round,3,Kenin S.,Ponchet J.,88.0,106.0,804.0,682.0,7.0,5.0,6.0,4.0,,,2.0,0.0,Completed,1.25,4.0,1.33,3.61,1.33,4.0,1.28,3.6,20241031
52,Hong Kong,Hong Kong Tennis Open,2024-10-31,WTA250,Outdoor,Hard,2nd Round,3,Fernandez L.A.,Birrell K.,32.0,115.0,1672.0,646.0,6.0,1.0,6.0,2.0,,,2.0,0.0,Completed,1.25,4.0,1.3,3.84,1.31,4.63,1.27,3.71,20241031
52,Hong Kong,Hong Kong Tennis Open,2024-11-01,WTA250,Outdoor,Hard,Quarterfinals,3,Yuan Y.,Kenin S.,45.0,88.0,1149.0,804.0,6.0,3.0,6.0,3.0,,,2.0,0.0,Completed,2.5,1.53,2.54,1.58,2.54,1.62,2.41,1.55,20241101
52,Hong Kong,Hong Kong Tennis Open,2024-11-01,WTA250,Outdoor,Hard,Quarterfinals,3,Boulter K.,Zakharova A.,29.0,113.0,1828.0,653.0,6.0,4.0,6.0,0.0,,,2.0,0.0,Completed,1.4,3.0,1.45,2.97,1.5,3.0,1.43,2.77,20241101
52,Hong Kong,Hong Kong Tennis Open,2024-11-01,WTA250,Outdoor,Hard,Quarterfinals,3,Shnaider D.,Lamens S.,14.0,91.0,2726.0,796.0,6.0,0.0,6.0,7.0,6.0,2.0,2.0,1.0,Completed,1.25,4.0,1.27,4.21,1.27,4.21,1.25,3.87,20241101
52,Hong Kong,Hong Kong Tennis Open,2024-11-01,WTA250,Outdoor,Hard,Quarterfinals,3,Fernandez L.A.,Pera B.,32.0,81.0,1672.0,872.0,6.0,1.0,7.0,6.0,,,2.0,0.0,Completed,1.36,3.2,1.4,3.25,1.41,3.25,1.37,3.07,20241101
52,Hong Kong,Hong Kong Tennis Open,2024-11-02,WTA250,Outdoor,Hard,Semifinals,3,Boulter K.,Yuan Y.,29.0,45.0,1828.0,1149.0,6.0,2.0,5.0,7.0,6.0,2.0,2.0,1.0,Completed,1.44,2.75,1.48,2.86,1.5,2.86,1.44,2.75,20241102
52,Hong Kong,Hong Kong Tennis Open,2024-11-02,WTA250,Outdoor,Hard,Semifinals,3,Shnaider D.,Fernandez L.A.,14.0,32.0,2726.0,1672.0,6.0,4.0,6.0,2.0,,,2.0,0.0,Completed,2.0,1.8,2.08,1.83,2.15,1.83,2.02,1.78,20241102
52,Hong Kong,Hong Kong Tennis Open,2024-11-03,WTA250,Outdoor,Hard,The Final,3,Shnaider D.,Boulter K.,14.0,29.0,2726.0,1828.0,6.0,1.0,6.0,2.0,,,2.0,0.0,Completed,1.57,2.38,1.59,2.52,1.65,2.52,1.58,2.36,20241103
53,Jiujiang,Jiangxi Open,2024-10-28,WTA250,Outdoor,Hard,1st Round,3,Korpatsch T.,Nugroho P.,200.0,535.0,359.0,90.0,6.0,0.0,6.0,1.0,,,2.0,0.0,Completed,1.4,3.0,1.4,3.06,1.44,3.06,1.41,2.9,20241028
53,Jiujiang,Jiangxi Open,2024-10-28,WTA250,Outdoor,Hard,1st Round,3,Rus A.,Starodubtseva Y.,83.0,92.0,847.0,793.0,6.0,4.0,6.0,7.0,6.0,3.0,2.0,1.0,Completed,2.2,1.67,2.34,1.64,2.58,1.68,2.25,1.62,20241028
53,Jiujiang,Jiangxi Open,2024-10-28,WTA250,Outdoor,Hard,1st Round,3,Fruhvirtova L.,Von Deichmann K.,209.0,171.0,347.0,425.0,6.0,0.0,7.0,5.0,,,2.0,0.0,Completed,1.73,2.1,1.8,2.07,1.83,2.12,1.78,2.02,20241028
53,Jiujiang,Jiangxi Open,2024-10-28,WTA250,Outdoor,Hard,1st Round,3,Rakhimova K.,Martic P.,63.0,124.0,990.0,597.0,6.0,1.0,4.0,6.0,7.0,5.0,2.0,1.0,Completed,1.62,2.3,1.7,2.22,1.71,2.4,1.62,2.25,20241028
53,Jiujiang,Jiangxi Open,2024-10-28,WTA250,Outdoor,Hard,1st Round,3,Pridankina E.,Seidel E.,179.0,120.0,397.0,621.0,6.0,3.0,7.0,6.0,,,2.0,0.0,Completed,2.2,1.67,2.17,1.74,2.22,1.77,2.13,1.7,20241028
53,Jiujiang,Jiangxi Open,2024-10-28,WTA250,Outdoor,Hard,1st Round,3,Bouzas Maneiro J.,Diyas Z.,56.0,388.0,1031.0,158.0,6.0,4.0,6.0,2.0,,,2.0,0.0,Completed,1.44,2.75,1.49,2.77,1.54,2.77,1.47,2.65,20241028
53,Jiujiang,Jiangxi Open,2024-10-28,WTA250,Outdoor,Hard,1st Round,3,Bouzkova M.,Eala A.,49.0,150.0,1110.0,501.0,7.0,5.0,7.0,6.0,,,2.0,0.0,Completed,1.25,4.0,1.23,4.58,1.25,4.58,1.22,4.22,20241028
53,Jiujiang,Jiangxi Open,2024-10-29,WTA250,Outdoor,Hard,1st Round,3,Yao X.,Liu F.,294.0,367.0,217.0,168.0,6.0,2.0,6.0,1.0,,,2.0,0.0,Completed,2.3,1.62,2.24,1.7,2.35,1.73,2.2,1.65,20241029
53,Jiujiang,Jiangxi Open,2024-10-29,WTA250,Outdoor,Hard,1st Round,3,Golubic V.,You X.,168.0,306.0,441.0,207.0,7.0,5.0,6.0,2.0,,,2.0,0.0,Completed,1.25,4.0,1.26,4.22,1.26,4.25,1.24,3.97,20241029
53,Jiujiang,Jiangxi Open,2024-10-29,WTA250,Outdoor,Hard,1st Round,3,Zheng S.,Fett J.,988.0,105.0,19.0,685.0,6.0,4.0,2.0,6.0,6.0,4.0,2.0,1.0,Completed,4.0,1.25,3.66,1.32,4,1.33,3.57,1.29,20241029
53,Jiujiang,Jiangxi Open,2024-10-29,WTA250,Outdoor,Hard,1st Round,3,Sawangkaew M.,Bronzetti L.,147.0,77.0,507.0,887.0,6.0,4.0,4.0,6.0,6.0,2.0,2.0,1.0,Completed,2.63,1.5,2.54,1.56,2.7,1.56,2.52,1.51,20241029
53,Jiujiang,Jiangxi Open,2024-10-29,WTA250,Outdoor,Hard,1st Round,3,Bondar A.,Hartono A.,97.0,146.0,783.0,515.0,6.0,2.0,2.0,6.0,7.0,6.0,2.0,1.0,Completed,1.62,2.3,1.76,2.15,1.76,2.3,1.69,2.13,20241029
53,Jiujiang,Jiangxi Open,2024-10-29,WTA250,Outdoor,Hard,1st Round,3,Trevisan M.,Zheng W.,136.0,352.0,558.0,178.0,6.0,1.0,6.0,2.0,,,2.0,0.0,Completed,1.5,2.63,1.47,2.82,1.5,2.82,1.46,2.67,20241029
53,Jiujiang,Jiangxi Open,2024-10-29,WTA250,Outdoor,Hard,1st Round,3,Siegemund L.,Uchijima M.,101.0,55.0,754.0,1040.0,7.0,5.0,6.0,3.0,,,2.0,0.0,Completed,1.57,2.38,1.54,2.61,1.57,2.65,1.51,2.51,20241029
53,Jiujiang,Jiangxi Open,2024-10-29,WTA250,Outdoor,Hard,1st Round,3,Wei S.,Hontama M.,132.0,140.0,565.0,540.0,6.0,2.0,3.0,6.0,6.0,1.0,2.0,1.0,Completed,1.44,2.75,1.47,2.83,1.5,2.83,1.44,2.72,20241029
53,Jiujiang,Jiangxi Open,2024-10-29,WTA250,Outdoor,Hard,1st Round,3,Sramkova R.,Zhang S.,53.0,223.0,1051.0,327.0,6.0,1.0,6.0,1.0,,,2.0,0.0,Completed,1.91,1.91,2.06,1.82,2.1,1.91,1.99,1.8,20241029
53,Jiujiang,Jiangxi Open,2024-10-30,WTA250,Outdoor,Hard,2nd Round,3,Bouzkova M.,Yao X.,49.0,294.0,1110.0,217.0,6.0,3.0,6.0,3.0,,,2.0,0.0,Completed,1.07,9.0,1.08,9.72,1.1,9.72,1.07,7.94,20241030
53,Jiujiang,Jiangxi Open,2024-10-30,WTA250,Outdoor,Hard,2nd Round,3,Siegemund L.,Korpatsch T.,101.0,200.0,754.0,359.0,6.0,4.0,6.0,4.0,,,2.0,0.0,Completed,1.36,3.2,1.38,3.29,1.41,3.29,1.37,3.01,20241030
53,Jiujiang,Jiangxi Open,2024-10-30,WTA250,Outdoor,Hard,2nd Round,3,Rakhimova K.,Pridankina E.,63.0,179.0,990.0,397.0,4.0,6.0,6.0,4.0,7.0,5.0,2.0,1.0,Completed,1.53,2.5,1.53,2.66,1.53,2.75,1.5,2.55,20241030
53,Jiujiang,Jiangxi Open,2024-10-30,WTA250,Outdoor,Hard,2nd Round,3,Sawangkaew M.,Zheng S.,147.0,988.0,507.0,19.0,4.0,6.0,6.0,1.0,7.0,6.0,2.0,1.0,Completed,1.17,5.0,1.23,4.58,1.23,5.0,1.2,4.41,20241030
53,Jiujiang,Jiangxi Open,2024-10-31,WTA250,Outdoor,Hard,2nd Round,3,Golubic V.,Bouzas Maneiro J.,168.0,56.0,441.0,1031.0,6.0,2.0,,,,,1.0,0.0,Retired,2.3,1.62,2.2,1.74,2.34,1.74,2.25,1.64,20241031
53,Jiujiang,Jiangxi Open,2024-10-31,WTA250,Outdoor,Hard,2nd Round,3,Rus A.,Fruhvirtova L.,83.0,209.0,847.0,347.0,6.0,4.0,7.0,6.0,,,2.0,0.0,Completed,1.53,2.5,1.55,2.62,1.55,2.67,1.51,2.51,20241031
53,Jiujiang,Jiangxi Open,2024-10-31,WTA250,Outdoor,Hard,2nd Round,3,Sramkova R.,Wei S.,53.0,132.0,1051.0,565.0,7.0,5.0,6.0,3.0,,,2.0,0.0,Completed,1.62,2.3,1.61,2.46,1.64,2.46,1.58,2.34,20241031
53,Jiujiang,Jiangxi Open,2024-10-31,WTA250,Outdoor,Hard,2nd Round,3,Trevisan M.,Bondar A.,136.0,97.0,558.0,783.0,7.0,6.0,6.0,2.0,,,2.0,0.0,Completed,1.91,1.91,1.98,1.91,2,1.91,1.92,1.86,20241031
53,Jiujiang,Jiangxi Open,2024-11-01,WTA250,Outdoor,Hard,Quarterfinals,3,Golubic V.,Rus A.,168.0,83.0,441.0,847.0,7.0,5.0,4.0,6.0,7.0,6.0,2.0,1.0,Completed,2.0,1.8,2.05,1.86,2.12,1.86,2.03,1.77,20241101
53,Jiujiang,Jiangxi Open,2024-11-01,WTA250,Outdoor,Hard,Quarterfinals,3,Sramkova R.,Trevisan M.,53.0,136.0,1051.0,558.0,6.0,3.0,3.0,6.0,6.0,2.0,2.0,1.0,Completed,1.4,3.0,1.44,3.02,1.44,3.06,1.4,2.9,20241101
53,Jiujiang,Jiangxi Open,2024-11-01,WTA250,Outdoor,Hard,Quarterfinals,3,Bouzkova M.,Rakhimova K.,49.0,63.0,1110.0,990.0,6.0,2.0,6.0,2.0,,,2.0,0.0,Completed,1.4,3.0,1.46,2.96,1.47,3.05,1.4,2.88,20241101
53,Jiujiang,Jiangxi Open,2024-11-01,WTA250,Outdoor,Hard,Quarterfinals,3,Siegemund L.,Sawangkaew M.,101.0,147.0,754.0,507.0,6.0,4.0,6.0,2.0,,,2.0,0.0,Completed,1.67,2.2,1.76,2.19,1.78,2.25,1.67,2.17,20241101
53,Jiujiang,Jiangxi Open,2024-11-02,WTA250,Outdoor,Hard,Semifinals,3,Golubic V.,Bouzkova M.,168.0,49.0,441.0,1110.0,6.0,1.0,6.0,2.0,,,2.0,0.0,Completed,4.0,1.25,4.11,1.28,4.11,1.37,3.74,1.27,20241102
53,Jiujiang,Jiangxi Open,2024-11-02,WTA250,Outdoor,Hard,Semifinals,3,Sramkova R.,Siegemund L.,53.0,101.0,1051.0,754.0,7.0,6.0,6.0,2.0,,,2.0,0.0,Completed,1.62,2.3,1.65,2.38,1.65,2.38,1.61,2.29,20241102
53,Jiujiang,Jiangxi Open,2024-11-03,WTA250,Outdoor,Hard,The Final,3,Golubic V.,Sramkova R.,168.0,53.0,441.0,1051.0,6.0,3.0,7.0,5.0,,,2.0,0.0,Completed,2.38,1.57,2.44,1.63,2.44,1.68,2.33,1.59,20241103
54,Merida,Merida Open,2024-10-28,WTA250,Outdoor,Hard,1st Round,3,Jacquemot E.,Montgomery R.,148.0,107.0,507.0,681.0,4.0,6.0,6.0,3.0,7.0,6.0,2.0,1.0,Completed,3.0,1.4,3.05,1.42,3.21,1.44,2.96,1.38,20241028
54,Merida,Merida Open,2024-10-28,WTA250,Outdoor,Hard,1st Round,3,Li A.,Parrizas Diaz N.,111.0,94.0,655.0,790.0,6.0,0.0,6.0,4.0,,,2.0,0.0,Completed,1.91,1.91,1.92,1.95,1.92,1.98,1.87,1.9,20241028
54,Merida,Merida Open,2024-10-28,WTA250,Outdoor,Hard,1st Round,3,Stojanovic N.,Maria T.,560.0,98.0,83.0,781.0,6.0,4.0,6.0,4.0,,,2.0,0.0,Completed,3.4,1.33,3.25,1.38,3.4,1.4,3.15,1.35,20241028
54,Merida,Merida Open,2024-10-28,WTA250,Outdoor,Hard,1st Round,3,Korneeva A.,Parks A.,254.0,109.0,280.0,665.0,6.0,3.0,6.0,1.0,,,2.0,0.0,Completed,1.53,2.5,1.56,2.56,1.62,2.6,1.54,2.47,20241028
54,Merida,Merida Open,2024-10-28,WTA250,Outdoor,Hard,1st Round,3,Chwalinska M.,Marino R.,175.0,114.0,412.0,647.0,4.0,6.0,6.0,4.0,6.0,3.0,2.0,1.0,Completed,2.63,1.5,2.5,1.58,2.63,1.62,2.46,1.53,20241028
54,Merida,Merida Open,2024-10-29,WTA250,Outdoor,Hard,1st Round,3,Tomljanovic A.,Mandlik E.,85.0,177.0,835.0,403.0,7.0,6.0,6.0,1.0,,,2.0,0.0,Completed,1.53,2.5,1.62,2.41,1.62,2.5,1.54,2.41,20241029
54,Merida,Merida Open,2024-10-29,WTA250,Outdoor,Hard,1st Round,3,Teichmann J.,Tikhonova A.,153.0,183.0,496.0,385.0,6.0,1.0,6.0,4.0,,,2.0,0.0,Completed,1.57,2.38,1.55,2.58,1.6,2.58,1.53,2.45,20241029
54,Merida,Merida Open,2024-10-29,WTA250,Outdoor,Hard,1st Round,3,Ruzic A.,Samsonova L.,165.0,24.0,449.0,1885.0,6.0,4.0,6.0,4.0,,,2.0,0.0,Completed,1.53,2.5,1.57,2.52,1.57,2.6,1.52,2.5,20241029
54,Merida,Merida Open,2024-10-29,WTA250,Outdoor,Hard,1st Round,3,Lepchenko V.,Zidansek T.,144.0,192.0,516.0,373.0,6.0,2.0,6.0,2.0,,,2.0,0.0,Completed,2.0,1.8,2.1,1.79,2.13,1.8,2.02,1.78,20241029
54,Merida,Merida Open,2024-10-29,WTA250,Outdoor,Hard,1st Round,3,Stefanini L.,Niemeier J.,163.0,86.0,466.0,829.0,6.0,3.0,6.0,2.0,,,2.0,0.0,Completed,1.8,2.0,1.79,2.1,1.82,2.21,1.76,2.04,20241029
54,Merida,Merida Open,2024-10-29,WTA250,Outdoor,Hard,1st Round,3,Sonmez Z.,Carle M.,127.0,90.0,576.0,799.0,5.0,7.0,6.0,1.0,6.0,2.0,2.0,1.0,Completed,1.8,2.0,1.81,2.08,1.88,2.08,1.79,1.99,20241029
54,Merida,Merida Open,2024-10-30,WTA250,Outdoor,Hard,1st Round,3,Stakusic M.,Joint M.,116.0,110.0,637.0,660.0,2.0,6.0,7.0,6.0,7.0,6.0,2.0,1.0,Completed,1.73,2.1,1.81,2.07,1.83,2.1,1.77,2.02,20241030
54,Merida,Merida Open,2024-10-30,WTA250,Outdoor,Hard,1st Round,3,Kudermetova P.,Podoroska N.,133.0,80.0,565.0,879.0,6.0,1.0,6.0,1.0,,,2.0,0.0,Completed,1.8,2.0,1.88,1.99,1.88,2.04,1.79,1.99,20241030
54,Merida,Merida Open,2024-10-30,WTA250,Outdoor,Hard,1st Round,3,Sorribes Tormo S.,Sanchez A.S.,103.0,286.0,690.0,225.0,6.0,2.0,6.0,1.0,,,2.0,0.0,Completed,1.02,19.0,,,1.02,19.0,1.01,14.42,20241030
54,Merida,Merida Open,2024-10-30,WTA250,Outdoor,Hard,1st Round,3,Zarazua R.,Urhobo A.,62.0,292.0,991.0,219.0,7.0,5.0,6.0,2.0,,,2.0,0.0,Completed,1.22,4.33,1.19,5.1,1.26,5.1,1.19,4.57,20241030
54,Merida,Merida Open,2024-10-30,WTA250,Outdoor,Hard,1st Round,3,Blinkova A.,Tsurenko L.,75.0,122.0,893.0,600.0,2.0,6.0,6.0,4.0,4.0,0.0,1.0,1.0,Retired,1.53,2.5,1.54,2.61,1.58,2.61,1.52,2.49,20241030
54,Merida,Merida Open,2024-10-30,WTA250,Outdoor,Hard,2nd Round,3,Li A.,Ruzic A.,111.0,165.0,655.0,449.0,6.0,2.0,6.0,2.0,,,2.0,0.0,Completed,1.44,2.75,1.43,2.97,1.45,2.97,1.42,2.8,20241030
54,Merida,Merida Open,2024-10-31,WTA250,Outdoor,Hard,2nd Round,3,Teichmann J.,Tomljanovic A.,153.0,85.0,496.0,835.0,,,,,,,,,Retired,2.38,1.57,2.52,1.57,2.6,1.57,2.42,1.54,20241031
54,Merida,Merida Open,2024-10-31,WTA250,Outdoor,Hard,2nd Round,3,Kudermetova P.,Lepchenko V.,133.0,144.0,565.0,516.0,6.0,3.0,6.0,4.0,,,2.0,0.0,Completed,1.67,2.2,1.65,2.34,1.87,2.36,1.64,2.23,20241031
54,Merida,Merida Open,2024-10-31,WTA250,Outdoor,Hard,2nd Round,3,Stojanovic N.,Stakusic M.,560.0,116.0,83.0,637.0,6.0,3.0,6.0,3.0,,,2.0,0.0,Completed,2.63,1.5,2.42,1.61,2.65,1.62,2.47,1.53,20241031
54,Merida,Merida Open,2024-11-01,WTA250,Outdoor,Hard,2nd Round,3,Sonmez Z.,Jacquemot E.,127.0,148.0,576.0,507.0,7.0,6.0,6.0,3.0,,,2.0,0.0,Completed,1.57,2.38,1.52,2.66,1.57,2.75,1.51,2.54,20241101
54,Merida,Merida Open,2024-11-01,WTA250,Outdoor,Hard,2nd Round,3,Sorribes Tormo S.,Stefanini L.,103.0,163.0,690.0,466.0,6.0,4.0,1.0,6.0,6.0,4.0,2.0,1.0,Completed,1.57,2.38,1.62,2.41,1.62,2.52,1.57,2.36,20241101
54,Merida,Merida Open,2024-11-01,WTA250,Outdoor,Hard,2nd Round,3,Zarazua R.,Chwalinska M.,62.0,175.0,991.0,412.0,2.0,6.0,6.0,2.0,6.0,1.0,2.0,1.0,Completed,1.5,2.63,1.54,2.6,1.56,2.63,1.52,2.53,20241101
54,Merida,Merida Open,2024-11-01,WTA250,Outdoor,Hard,2nd Round,3,Korneeva A.,Blinkova A.,254.0,75.0,280.0,893.0,7.0,5.0,6.0,2.0,,,2.0,0.0,Completed,2.0,1.8,2.13,1.78,2.15,1.82,2.06,1.74,20241101
54,Merida,Merida Open,2024-11-01,WTA250,Outdoor,Hard,Quarterfinals,3,Li A.,Teichmann J.,111.0,153.0,655.0,496.0,6.0,1.0,6.0,1.0,,,2.0,0.0,Completed,1.44,2.75,1.53,2.7,1.59,2.78,1.48,2.6,20241101
54,Merida,Merida Open,2024-11-01,WTA250,Outdoor,Hard,Quarterfinals,3,Sonmez Z.,Zarazua R.,127.0,62.0,576.0,991.0,3.0,6.0,6.0,3.0,6.0,4.0,2.0,1.0,Completed,2.0,1.8,2.0,1.91,2.33,1.91,1.98,1.81,20241101
54,Merida,Merida Open,2024-11-02,WTA250,Outdoor,Hard,Quarterfinals,3,Kudermetova P.,Stojanovic N.,133.0,560.0,565.0,83.0,5.0,7.0,6.0,4.0,6.0,3.0,2.0,1.0,Completed,1.57,2.38,1.62,2.45,1.64,2.45,1.58,2.34,20241102
54,Merida,Merida Open,2024-11-02,WTA250,Outdoor,Hard,Quarterfinals,3,Korneeva A.,Sorribes Tormo S.,254.0,103.0,280.0,690.0,6.0,3.0,6.0,1.0,,,2.0,0.0,Completed,1.91,1.91,1.98,1.93,2.12,2.03,1.96,1.83,20241102
54,Merida,Merida Open,2024-11-03,WTA250,Outdoor,Hard,Semifinals,3,Sonmez Z.,Korneeva A.,127.0,254.0,576.0,280.0,7.0,6.0,6.0,2.0,,,2.0,0.0,Completed,3.0,1.4,3.05,1.44,3.07,1.44,2.9,1.4,20241103
54,Merida,Merida Open,2024-11-03,WTA250,Outdoor,Hard,Semifinals,3,Li A.,Kudermetova P.,111.0,133.0,655.0,565.0,6.0,3.0,4.0,6.0,6.0,2.0,2.0,1.0,Completed,1.44,2.75,1.49,2.82,1.49,2.82,1.45,2.7,20241103
54,Merida,Merida Open,2024-11-04,WTA250,Outdoor,Hard,The Final,3,Sonmez Z.,Li A.,127.0,111.0,576.0,655.0,6.0,2.0,6.0,1.0,,,2.0,0.0,Completed,2.5,1.53,2.61,1.55,2.63,1.59,2.49,1.52,20241104
55,Riyadh,WTA Finals,2024-11-02,Tour Championships,Indoor,Hard,Round Robin,3,Sabalenka A.,Zheng Q.,1.0,7.0,9016.0,4540.0,6.0,3.0,6.0,4.0,,,2.0,0.0,Completed,1.4,3.0,1.4,3.23,1.45,3.23,1.4,2.94,20241102
55,Riyadh,WTA Finals,2024-11-02,Tour Championships,Indoor,Hard,Round Robin,3,Paolini J.,Rybakina E.,4.0,5.0,5144.0,4971.0,7.0,6.0,6.0,4.0,,,2.0,0.0,Completed,2.5,1.53,2.49,1.61,2.5,1.62,2.43,1.55,20241102
55,Riyadh,WTA Finals,2024-11-03,Tour Championships,Indoor,Hard,Round Robin,3,Swiatek I.,Krejcikova B.,2.0,13.0,7970.0,2814.0,4.0,6.0,7.0,5.0,6.0,2.0,2.0,1.0,Completed,1.13,6.0,1.16,6.35,1.16,6.4,1.14,5.74,20241103
55,Riyadh,WTA Finals,2024-11-03,Tour Championships,Indoor,Hard,Round Robin,3,Gauff C.,Pegula J.,3.0,6.0,5230.0,4705.0,6.0,3.0,6.0,2.0,,,2.0,0.0,Completed,1.53,2.5,1.56,2.63,1.59,2.63,1.54,2.47,20241103
55,Riyadh,WTA Finals,2024-11-04,Tour Championships,Indoor,Hard,Round Robin,3,Zheng Q.,Rybakina E.,7.0,5.0,4540.0,4971.0,7.0,6.0,3.0,6.0,6.0,1.0,2.0,1.0,Completed,1.57,2.38,1.66,2.36,1.7,2.38,1.62,2.29,20241104
55,Riyadh,WTA Finals,2024-11-04,Tour Championships,Indoor,Hard,Round Robin,3,Sabalenka A.,Paolini J.,1.0,4.0,9016.0,5144.0,6.0,3.0,7.0,5.0,,,2.0,0.0,Completed,1.13,6.0,1.17,5.95,1.17,6.25,1.14,5.62,20241104
55,Riyadh,WTA Finals,2024-11-05,Tour Championships,Indoor,Hard,Round Robin,3,Krejcikova B.,Pegula J.,13.0,6.0,2814.0,4705.0,6.0,3.0,6.0,3.0,,,2.0,0.0,Completed,2.63,1.5,2.96,1.46,2.96,1.53,2.73,1.45,20241105
55,Riyadh,WTA Finals,2024-11-05,Tour Championships,Indoor,Hard,Round Robin,3,Gauff C.,Swiatek I.,3.0,2.0,5230.0,7970.0,6.0,3.0,6.0,4.0,,,2.0,0.0,Completed,2.5,1.53,2.48,1.61,2.63,1.62,2.43,1.56,20241105
55,Riyadh,WTA Finals,2024-11-06,Tour Championships,Indoor,Hard,Round Robin,3,Zheng Q.,Paolini J.,7.0,4.0,4540.0,5144.0,6.0,1.0,6.0,1.0,,,2.0,0.0,Completed,1.4,3.0,1.41,3.15,1.44,3.15,1.4,2.93,20241106
55,Riyadh,WTA Finals,2024-11-06,Tour Championships,Indoor,Hard,Round Robin,3,Rybakina E.,Sabalenka A.,5.0,1.0,4971.0,9016.0,6.0,4.0,3.0,6.0,6.0,1.0,2.0,1.0,Completed,4.5,1.2,5.01,1.21,5.24,1.22,4.63,1.19,20241106
55,Riyadh,WTA Finals,2024-11-07,Tour Championships,Indoor,Hard,Round Robin,3,Swiatek I.,Kasatkina D.,2.0,9.0,7970.0,3368.0,6.0,1.0,6.0,0.0,,,2.0,0.0,Completed,1.13,6.0,1.15,6.64,1.18,6.64,1.14,5.73,20241107
55,Riyadh,WTA Finals,2024-11-07,Tour Championships,Indoor,Hard,Round Robin,3,Krejcikova B.,Gauff C.,13.0,3.0,2814.0,5230.0,7.0,5.0,6.0,4.0,,,2.0,0.0,Completed,3.75,1.29,4.11,1.28,4.17,1.33,3.66,1.28,20241107
55,Riyadh,WTA Finals,2024-11-08,Tour Championships,Indoor,Hard,Semifinals,3,Zheng Q.,Krejcikova B.,7.0,13.0,4540.0,2814.0,6.0,3.0,7.0,5.0,,,2.0,0.0,Completed,1.4,3.0,1.38,3.31,1.48,3.31,1.4,2.93,20241108
55,Riyadh,WTA Finals,2024-11-08,Tour Championships,Indoor,Hard,The Final,3,Gauff C.,Sabalenka A.,3.0,1.0,5230.0,9016.0,7.0,6.0,6.0,3.0,,,2.0,0.0,Completed,2.63,1.5,2.6,1.56,2.84,1.58,2.58,1.5,20241108
55,Riyadh,WTA Finals,2024-11-09,Tour Championships,Indoor,Hard,The Final,3,Gauff C.,Zheng Q.,3.0,7.0,5230.0,4540.0,3.0,6.0,6.0,4.0,7.0,6.0,2.0,1.0,Completed,1.57,2.38,1.65,2.36,1.65,2.45,1.6,2.31,20241109
