WTA,Location,Tournament,Date,Tier,Court,surface,Round,best_of,winner_name,loser_name,winner_rank,loser_rank,winner_rank_points,loser_rank_points,W1,L1,W2,L2,W3,L3,Wsets,Lsets,Comment,B365W,B365L,PSW,PSL,MaxW,MaxL,AvgW,AvgL,BFEW,BFEL,tourney_date
1,Auckland,ASB Classic,2024-12-29,WTA250,Outdoor,Hard,1st Round,3,Hibino N.,Niemeier J.,145.0,89.0,496.0,816.0,6.0,3.0,6.0,4.0,,,2.0,0.0,Completed,1.91,1.91,1.86,2.01,1.91,2.01,1.84,1.95,,,20241229
1,Auckland,ASB Classic,2024-12-29,WTA250,Outdoor,Hard,1st Round,3,Tauson C.,Stefanini L.,50.0,146.0,1070.0,494.0,6.0,2.0,6.0,3.0,,,2.0,0.0,Completed,1.5,2.63,1.52,2.67,1.53,2.67,1.5,2.56,,,20241229
1,Auckland,ASB Classic,2024-12-30,WTA250,Outdoor,Hard,1st Round,3,Marino R.,Sun L.,102.0,40.0,756.0,1300.0,6.0,3.0,3.0,6.0,6.0,3.0,2.0,1.0,Completed,1.91,1.91,2.04,1.84,2.04,1.91,1.94,1.84,,,20241230
1,Auckland,ASB Classic,2024-12-30,WTA250,Outdoor,Hard,1st Round,3,Pera B.,Jimenez Kasintseva V.,71.0,156.0,896.0,465.0,6.0,2.0,7.0,5.0,,,2.0,0.0,Completed,1.57,2.38,1.63,2.39,1.63,2.44,1.59,2.32,,,20241230
1,Auckland,ASB Classic,2024-12-30,WTA250,Outdoor,Hard,1st Round,3,Osaka N.,Glushko L.,57.0,220.0,1014.0,323.0,6.0,4.0,6.0,4.0,,,2.0,0.0,Completed,1.06,10.0,1.08,9.69,1.08,13.0,1.06,8.96,,,20241230
1,Auckland,ASB Classic,2024-12-30,WTA250,Outdoor,Hard,1st Round,3,Grabher J.,Romero Gormaz L.,470.0,158.0,112.0,459.0,2.0,6.0,6.0,3.0,7.0,6.0,2.0,1.0,Completed,2.5,1.53,2.63,1.53,2.63,1.54,2.5,1.51,,,20241230
1,Auckland,ASB Classic,2024-12-30,WTA250,Outdoor,Hard,1st Round,3,Li A.,Stephens S.,96.0,74.0,787.0,882.0,5.0,7.0,6.0,4.0,6.0,4.0,2.0,1.0,Completed,1.67,2.2,1.59,2.47,1.68,2.47,1.61,2.29,,,20241230
1,Auckland,ASB Classic,2024-12-30,WTA250,Outdoor,Hard,1st Round,3,Volynets K.,Andreeva E.,58.0,83.0,991.0,838.0,6.0,4.0,6.0,7.0,6.0,2.0,2.0,1.0,Completed,2.1,1.73,2.03,1.85,2.1,1.91,1.99,1.8,,,20241230
1,Auckland,ASB Classic,2024-12-30,WTA250,Outdoor,Hard,1st Round,3,Cristian J.,Starodubtseva Y.,85.0,101.0,832.0,762.0,6.0,3.0,2.0,0.0,,,1.0,0.0,Retired,2.3,1.62,2.32,1.66,2.33,1.73,2.26,1.62,,,20241230
1,Auckland,ASB Classic,2024-12-30,WTA250,Outdoor,Hard,1st Round,3,Kenin S.,Wang Xiy.,81.0,98.0,848.0,774.0,7.0,6.0,6.0,1.0,,,2.0,0.0,Completed,1.8,2.0,1.84,2.04,2.0,2.12,1.85,1.93,,,20241230
1,Auckland,ASB Classic,2024-12-31,WTA250,Outdoor,Hard,1st Round,3,Baptiste H.,Jamrichova R.,92.0,372.0,805.0,164.0,6.0,0.0,6.0,2.0,,,2.0,0.0,Completed,1.4,3.0,1.41,3.09,1.44,3.09,1.4,2.89,,,20241231
1,Auckland,ASB Classic,2024-12-31,WTA250,Outdoor,Hard,1st Round,3,Keys M.,Bronzetti L.,21.0,73.0,2126.0,887.0,6.0,4.0,6.0,4.0,,,2.0,0.0,Completed,1.2,4.5,1.22,4.64,1.22,6.0,1.19,4.57,,,20241231
1,Auckland,ASB Classic,2024-12-31,WTA250,Outdoor,Hard,1st Round,3,Minnen G.,Friedsam A.L.,95.0,528.0,791.0,91.0,6.0,4.0,6.0,0.0,,,2.0,0.0,Completed,1.5,2.63,1.57,2.51,1.57,2.63,1.52,2.48,,,20241231
1,Auckland,ASB Classic,2024-12-31,WTA250,Outdoor,Hard,1st Round,3,Burrage J.,Yang V.,179.0,1139.0,398.0,11.0,6.0,3.0,6.0,3.0,,,2.0,0.0,Completed,1.13,6.0,,,1.14,6.0,1.12,5.71,,,20241231
1,Auckland,ASB Classic,2024-12-31,WTA250,Outdoor,Hard,1st Round,3,Montgomery R.,Hontama M.,117.0,157.0,639.0,459.0,6.0,0.0,2.0,6.0,6.0,0.0,2.0,1.0,Completed,1.44,2.75,1.52,2.62,1.52,3.05,1.45,2.69,,,20241231
1,Auckland,ASB Classic,2024-12-31,WTA250,Outdoor,Hard,1st Round,3,Parks A.,Anisimova A.,82.0,36.0,841.0,1461.0,2.0,6.0,6.0,2.0,6.0,3.0,2.0,1.0,Completed,3.4,1.33,3.39,1.35,3.4,1.39,3.17,1.34,,,20241231
1,Auckland,ASB Classic,2024-12-31,WTA250,Outdoor,Hard,2nd Round,3,Pera B.,Marino R.,71.0,102.0,896.0,756.0,7.0,6.0,6.0,4.0,,,2.0,0.0,Completed,1.8,2.0,1.71,2.22,1.84,2.22,1.76,2.05,,,20241231
1,Auckland,ASB Classic,2025-01-01,WTA250,Outdoor,Hard,2nd Round,3,Osaka N.,Grabher J.,57.0,470.0,1014.0,112.0,7.0,5.0,6.0,3.0,,,2.0,0.0,Completed,1.04,13.0,1.04,15.14,1.05,15.14,1.04,11.03,,,20250101
1,Auckland,ASB Classic,2025-01-01,WTA250,Outdoor,Hard,2nd Round,3,Tauson C.,Kenin S.,50.0,81.0,1070.0,848.0,4.0,6.0,7.0,6.0,7.0,6.0,2.0,1.0,Completed,1.67,2.2,1.74,2.19,1.74,2.2,1.7,2.14,,,20250101
1,Auckland,ASB Classic,2025-01-01,WTA250,Outdoor,Hard,2nd Round,3,Volynets K.,Li A.,58.0,96.0,991.0,787.0,6.0,4.0,6.0,3.0,,,2.0,0.0,Completed,1.73,2.1,1.78,2.13,1.8,2.15,1.74,2.08,,,20250101
1,Auckland,ASB Classic,2025-01-02,WTA250,Outdoor,Hard,2nd Round,3,Keys M.,Cristian J.,21.0,85.0,2126.0,832.0,6.0,1.0,6.0,2.0,,,2.0,0.0,Completed,1.14,5.5,1.19,5.14,1.2,5.5,1.17,4.87,,,20250102
1,Auckland,ASB Classic,2025-01-02,WTA250,Outdoor,Hard,2nd Round,3,Montgomery R.,Hibino N.,117.0,145.0,639.0,496.0,6.0,2.0,6.0,2.0,,,2.0,0.0,Completed,1.73,2.1,1.73,2.19,1.75,2.24,1.7,2.13,,,20250102
1,Auckland,ASB Classic,2025-01-02,WTA250,Outdoor,Hard,2nd Round,3,Parks A.,Minnen G.,82.0,95.0,841.0,791.0,7.0,5.0,6.0,3.0,,,2.0,0.0,Completed,1.91,1.91,1.97,1.9,2.0,2.01,1.9,1.88,,,20250102
1,Auckland,ASB Classic,2025-01-02,WTA250,Outdoor,Hard,2nd Round,3,Baptiste H.,Burrage J.,92.0,179.0,805.0,398.0,5.0,7.0,7.0,5.0,7.0,6.0,2.0,1.0,Completed,1.5,2.63,1.55,2.57,1.58,2.63,1.54,2.47,,,20250102
1,Auckland,ASB Classic,2025-01-02,WTA250,Outdoor,Hard,Quarterfinals,3,Montgomery R.,Pera B.,117.0,71.0,639.0,896.0,6.0,4.0,6.0,4.0,,,2.0,0.0,Completed,2.1,1.73,2.15,1.79,2.23,1.79,2.14,1.7,,,20250102
1,Auckland,ASB Classic,2025-01-03,WTA250,Outdoor,Hard,Quarterfinals,3,Osaka N.,Baptiste H.,57.0,92.0,1014.0,805.0,6.0,7.0,6.0,1.0,6.0,2.0,2.0,1.0,Completed,1.22,4.0,1.27,4.14,1.27,4.25,1.24,3.94,,,20250103
1,Auckland,ASB Classic,2025-01-03,WTA250,Outdoor,Hard,Quarterfinals,3,Tauson C.,Keys M.,50.0,21.0,1070.0,2126.0,6.0,4.0,7.0,6.0,,,2.0,0.0,Completed,3.2,1.36,3.47,1.36,3.47,1.36,3.25,1.33,,,20250103
1,Auckland,ASB Classic,2025-01-03,WTA250,Outdoor,Hard,Quarterfinals,3,Parks A.,Volynets K.,82.0,58.0,841.0,991.0,6.0,1.0,6.0,4.0,,,2.0,0.0,Completed,2.0,1.8,2.05,1.86,2.1,1.86,2.03,1.78,,,20250103
1,Auckland,ASB Classic,2025-01-04,WTA250,Outdoor,Hard,Semifinals,3,Tauson C.,Montgomery R.,50.0,117.0,1070.0,639.0,6.0,4.0,6.0,3.0,,,2.0,0.0,Completed,1.44,2.75,1.41,3.1,1.5,3.1,1.44,2.73,,,20250104
1,Auckland,ASB Classic,2025-01-04,WTA250,Outdoor,Hard,Semifinals,3,Osaka N.,Parks A.,57.0,82.0,1014.0,841.0,6.0,4.0,6.0,2.0,,,2.0,0.0,Completed,1.22,4.33,1.23,4.57,1.3,4.57,1.22,4.18,,,20250104
1,Auckland,ASB Classic,2025-01-05,WTA250,Outdoor,Hard,The Final,3,Tauson C.,Osaka N.,50.0,57.0,1070.0,1014.0,4.0,6.0,,,,,0.0,1.0,Retired,2.75,1.44,2.71,1.53,2.79,1.53,2.71,1.46,,,20250105
2,Brisbane,Brisbane International,2024-12-29,WTA500,Outdoor,Hard,1st Round,3,Lamens S.,Rakhimova K.,87.0,60.0,821.0,987.0,6.0,2.0,6.0,4.0,,,2.0,0.0,Completed,1.8,2.0,1.87,2.0,1.89,2.02,1.82,1.98,,,20241229
2,Brisbane,Brisbane International,2024-12-29,WTA500,Outdoor,Hard,1st Round,3,Krueger A.,Uchijima M.,64.0,62.0,969.0,981.0,6.0,3.0,1.0,6.0,6.0,3.0,2.0,1.0,Completed,1.3,3.5,1.31,3.7,1.33,3.7,1.3,3.48,,,20241229
2,Brisbane,Brisbane International,2024-12-29,WTA500,Outdoor,Hard,1st Round,3,Joint M.,Inglis M.,116.0,154.0,645.0,471.0,6.0,3.0,6.0,4.0,,,2.0,0.0,Completed,1.67,2.2,1.65,2.34,1.68,2.35,1.62,2.28,,,20241229
2,Brisbane,Brisbane International,2024-12-29,WTA500,Outdoor,Hard,1st Round,3,Zarazua R.,Tomova V.,75.0,53.0,882.0,1047.0,6.0,0.0,6.0,3.0,,,2.0,0.0,Completed,1.67,2.2,1.72,2.21,1.74,2.29,1.67,2.17,,,20241229
2,Brisbane,Brisbane International,2024-12-29,WTA500,Outdoor,Hard,1st Round,3,Avanesyan E.,Sramkova R.,43.0,46.0,1182.0,1166.0,1.0,6.0,6.0,2.0,6.0,2.0,2.0,1.0,Completed,2.0,1.8,2.08,1.81,2.1,1.81,2.03,1.77,,,20241229
2,Brisbane,Brisbane International,2024-12-29,WTA500,Outdoor,Hard,1st Round,3,Blinkova A.,Bejlek S.,77.0,161.0,866.0,441.0,6.0,1.0,7.0,6.0,,,2.0,0.0,Completed,2.2,1.67,2.29,1.68,2.29,1.73,2.19,1.67,,,20241229
2,Brisbane,Brisbane International,2024-12-29,WTA500,Outdoor,Hard,1st Round,3,Bouzkova M.,Gibson T.,44.0,148.0,1178.0,487.0,7.0,6.0,3.0,6.0,6.0,3.0,2.0,1.0,Completed,1.2,4.5,1.23,4.56,1.23,4.56,1.2,4.37,,,20241229
2,Brisbane,Brisbane International,2024-12-29,WTA500,Outdoor,Hard,1st Round,3,Kessler M.,Linette M.,67.0,38.0,924.0,1376.0,6.0,4.0,6.0,4.0,,,2.0,0.0,Completed,2.2,1.67,2.12,1.78,2.3,1.81,2.15,1.68,,,20241229
2,Brisbane,Brisbane International,2024-12-30,WTA500,Outdoor,Hard,1st Round,3,Birrell K.,Hon P.,113.0,167.0,654.0,427.0,3.0,6.0,7.0,5.0,6.0,2.0,2.0,1.0,Completed,2.0,1.8,1.99,1.88,2.02,1.88,1.97,1.83,,,20241230
2,Brisbane,Brisbane International,2024-12-30,WTA500,Outdoor,Hard,1st Round,3,Stearns P.,Kudermetova V.,47.0,72.0,1139.0,888.0,6.0,2.0,6.0,3.0,,,2.0,0.0,Completed,1.91,1.91,1.99,1.88,1.99,1.92,1.9,1.88,,,20241230
2,Brisbane,Brisbane International,2024-12-30,WTA500,Outdoor,Hard,1st Round,3,Kalinina A.,Wang Y.,55.0,61.0,1030.0,983.0,6.0,4.0,2.0,0.0,,,1.0,0.0,Retired,2.1,1.73,2.14,1.77,2.14,1.77,2.08,1.73,,,20241230
2,Brisbane,Brisbane International,2024-12-30,WTA500,Outdoor,Hard,1st Round,3,Kudermetova P.,Wang Xin.,107.0,37.0,701.0,1418.0,6.0,1.0,6.0,3.0,,,2.0,0.0,Completed,2.1,1.73,2.14,1.77,2.22,1.77,2.1,1.7,,,20241230
2,Brisbane,Brisbane International,2024-12-30,WTA500,Outdoor,Hard,1st Round,3,Todoni A.,Bucsa C.,118.0,103.0,635.0,755.0,7.0,6.0,6.0,2.0,,,2.0,0.0,Completed,1.4,3.0,1.39,3.16,1.41,3.16,1.37,2.99,,,20241230
2,Brisbane,Brisbane International,2024-12-30,WTA500,Outdoor,Hard,1st Round,3,Yuan Y.,Rus A.,49.0,76.0,1082.0,871.0,6.0,2.0,6.0,4.0,,,2.0,0.0,Completed,1.57,2.38,1.6,2.44,1.62,2.44,1.57,2.36,,,20241230
2,Brisbane,Brisbane International,2024-12-30,WTA500,Outdoor,Hard,1st Round,3,Potapova A.,Bogdan A.,35.0,114.0,1482.0,653.0,2.0,6.0,6.0,4.0,2.0,0.0,1.0,1.0,Retired,1.91,1.91,1.99,1.88,1.99,1.91,1.92,1.85,,,20241230
2,Brisbane,Brisbane International,2024-12-30,WTA500,Outdoor,Hard,1st Round,3,Jabeur O.,Zheng S.,42.0,692.0,1226.0,49.0,7.0,6.0,6.0,4.0,,,2.0,0.0,Completed,1.07,9.0,1.11,7.6,1.11,9.22,1.08,7.77,,,20241230
2,Brisbane,Brisbane International,2024-12-31,WTA500,Outdoor,Hard,2nd Round,3,Avanesyan E.,Badosa P.,43.0,12.0,1182.0,2908.0,6.0,3.0,1.0,6.0,6.0,2.0,2.0,1.0,Completed,4.33,1.22,3.88,1.29,4.34,1.32,3.87,1.25,,,20241231
2,Brisbane,Brisbane International,2024-12-31,WTA500,Outdoor,Hard,2nd Round,3,Putintseva Y.,Kessler M.,29.0,67.0,1844.0,924.0,6.0,2.0,7.0,5.0,,,2.0,0.0,Completed,1.44,2.75,1.44,2.93,1.46,3.0,1.42,2.8,,,20241231
2,Brisbane,Brisbane International,2024-12-31,WTA500,Outdoor,Hard,2nd Round,3,Krueger A.,Kalinskaya A.,64.0,14.0,969.0,2743.0,6.0,3.0,6.0,3.0,,,2.0,0.0,Completed,2.3,1.62,2.36,1.64,2.43,1.65,2.28,1.6,,,20241231
2,Brisbane,Brisbane International,2024-12-31,WTA500,Outdoor,Hard,2nd Round,3,Sabalenka A.,Zarazua R.,1.0,75.0,9416.0,882.0,6.0,4.0,6.0,0.0,,,2.0,0.0,Completed,1.02,19.0,1.04,15.53,1.04,19.0,1.02,13.47,,,20241231
2,Brisbane,Brisbane International,2024-12-31,WTA500,Outdoor,Hard,2nd Round,3,Andreeva M.,Blinkova A.,16.0,77.0,2578.0,866.0,6.0,4.0,6.0,4.0,,,2.0,0.0,Completed,1.2,4.5,1.24,4.46,1.24,4.6,1.21,4.37,,,20241231
2,Brisbane,Brisbane International,2024-12-31,WTA500,Outdoor,Hard,2nd Round,3,Bouzkova M.,Ostapenko J.,44.0,15.0,1178.0,2588.0,7.0,6.0,6.0,4.0,,,2.0,0.0,Completed,1.62,2.3,1.58,2.49,1.7,2.5,1.58,2.34,,,20241231
2,Brisbane,Brisbane International,2024-12-31,WTA500,Outdoor,Hard,2nd Round,3,Jabeur O.,Alexandrova E.,42.0,28.0,1226.0,1848.0,6.0,3.0,6.0,2.0,,,2.0,0.0,Completed,2.0,1.8,2.08,1.81,2.08,1.91,1.95,1.83,,,20241231
2,Brisbane,Brisbane International,2024-12-31,WTA500,Outdoor,Hard,2nd Round,3,Kalinina A.,Shnaider D.,55.0,13.0,1030.0,2895.0,6.0,3.0,4.0,6.0,6.0,1.0,2.0,1.0,Completed,5.0,1.17,5.75,1.16,5.75,1.2,5.0,1.16,,,20241231
2,Brisbane,Brisbane International,2025-01-01,WTA500,Outdoor,Hard,2nd Round,3,Birrell K.,Navarro E.,113.0,8.0,654.0,3589.0,7.0,5.0,7.0,5.0,,,2.0,0.0,Completed,5.0,1.17,4.77,1.21,5.5,1.22,4.72,1.19,,,20250101
2,Brisbane,Brisbane International,2025-01-01,WTA500,Outdoor,Hard,2nd Round,3,Kudermetova P.,Samsonova L.,107.0,27.0,701.0,1885.0,6.0,7.0,6.0,3.0,6.0,2.0,2.0,1.0,Completed,2.3,1.62,2.29,1.68,2.32,1.68,2.25,1.64,,,20250101
2,Brisbane,Brisbane International,2025-01-01,WTA500,Outdoor,Hard,2nd Round,3,Kasatkina D.,Stearns P.,9.0,47.0,3368.0,1139.0,7.0,6.0,4.0,6.0,7.0,5.0,2.0,1.0,Completed,1.73,2.1,1.77,2.13,1.8,2.13,1.75,2.07,,,20250101
2,Brisbane,Brisbane International,2025-01-01,WTA500,Outdoor,Hard,2nd Round,3,Potapova A.,Yastremska D.,35.0,33.0,1482.0,1565.0,7.0,5.0,6.0,4.0,,,2.0,0.0,Completed,1.53,2.5,1.56,2.54,1.59,2.6,1.54,2.46,,,20250101
2,Brisbane,Brisbane International,2025-01-01,WTA500,Outdoor,Hard,2nd Round,3,Lamens S.,Frech M.,87.0,25.0,821.0,1928.0,7.0,5.0,6.0,3.0,,,2.0,0.0,Completed,2.38,1.57,2.32,1.66,2.4,1.73,2.29,1.6,,,20250101
2,Brisbane,Brisbane International,2025-01-01,WTA500,Outdoor,Hard,2nd Round,3,Yuan Y.,Kostyuk M.,49.0,18.0,1082.0,2493.0,6.0,4.0,6.0,3.0,,,2.0,0.0,Completed,2.75,1.44,2.52,1.57,2.75,1.6,2.59,1.49,,,20250101
2,Brisbane,Brisbane International,2025-01-01,WTA500,Outdoor,Hard,2nd Round,3,Azarenka V.,Joint M.,20.0,116.0,2127.0,645.0,6.0,7.0,6.0,2.0,6.0,4.0,2.0,1.0,Completed,1.36,3.2,1.42,3.04,1.44,3.2,1.38,2.98,,,20250101
2,Brisbane,Brisbane International,2025-01-01,WTA500,Outdoor,Hard,2nd Round,3,Noskova L.,Todoni A.,26.0,118.0,1913.0,635.0,6.0,1.0,6.0,4.0,,,2.0,0.0,Completed,1.4,3.0,1.48,2.79,1.48,3.2,1.43,2.77,,,20250101
2,Brisbane,Brisbane International,2025-01-02,WTA500,Outdoor,Hard,3rd Round,3,Birrell K.,Potapova A.,113.0,35.0,654.0,1482.0,7.0,6.0,6.0,2.0,,,2.0,0.0,Completed,2.63,1.5,2.55,1.57,2.75,1.57,2.52,1.51,,,20250102
2,Brisbane,Brisbane International,2025-01-02,WTA500,Outdoor,Hard,3rd Round,3,Krueger A.,Lamens S.,64.0,87.0,969.0,821.0,7.0,5.0,6.0,0.0,,,2.0,0.0,Completed,1.57,2.38,1.64,2.38,1.64,2.44,1.57,2.35,,,20250102
2,Brisbane,Brisbane International,2025-01-02,WTA500,Outdoor,Hard,3rd Round,3,Kudermetova P.,Kasatkina D.,107.0,9.0,701.0,3368.0,1.0,6.0,6.0,2.0,7.0,5.0,2.0,1.0,Completed,2.5,1.53,2.51,1.58,2.51,1.62,2.43,1.54,,,20250102
2,Brisbane,Brisbane International,2025-01-02,WTA500,Outdoor,Hard,3rd Round,3,Kalinina A.,Yuan Y.,55.0,49.0,1030.0,1082.0,6.0,1.0,6.0,4.0,,,2.0,0.0,Completed,2.2,1.67,2.22,1.73,2.25,1.73,2.17,1.67,,,20250102
2,Brisbane,Brisbane International,2025-01-02,WTA500,Outdoor,Hard,3rd Round,3,Andreeva M.,Noskova L.,16.0,26.0,2578.0,1913.0,6.0,3.0,6.0,0.0,,,2.0,0.0,Completed,1.57,2.38,1.57,2.54,1.61,2.54,1.56,2.37,,,20250102
2,Brisbane,Brisbane International,2025-01-02,WTA500,Outdoor,Hard,3rd Round,3,Jabeur O.,Avanesyan E.,42.0,43.0,1226.0,1182.0,6.0,4.0,1.0,6.0,6.0,4.0,2.0,1.0,Completed,1.67,2.2,1.77,2.16,1.81,2.2,1.7,2.13,,,20250102
2,Brisbane,Brisbane International,2025-01-02,WTA500,Outdoor,Hard,3rd Round,3,Bouzkova M.,Azarenka V.,44.0,20.0,1178.0,2127.0,6.0,4.0,6.0,4.0,,,2.0,0.0,Completed,2.2,1.67,2.17,1.76,2.25,1.76,2.13,1.69,,,20250102
2,Brisbane,Brisbane International,2025-01-02,WTA500,Outdoor,Hard,3rd Round,3,Sabalenka A.,Putintseva Y.,1.0,29.0,9416.0,1844.0,7.0,6.0,6.0,4.0,,,2.0,0.0,Completed,1.13,6.0,1.17,5.74,1.17,7.0,1.14,5.55,,,20250102
2,Brisbane,Brisbane International,2025-01-03,WTA500,Outdoor,Hard,Quarterfinals,3,Kalinina A.,Birrell K.,55.0,113.0,1030.0,654.0,4.0,6.0,6.0,1.0,7.0,5.0,2.0,1.0,Completed,1.73,2.1,1.74,2.23,1.74,2.23,1.71,2.14,,,20250103
2,Brisbane,Brisbane International,2025-01-03,WTA500,Outdoor,Hard,Quarterfinals,3,Andreeva M.,Jabeur O.,16.0,42.0,2578.0,1226.0,6.0,4.0,7.0,6.0,,,2.0,0.0,Completed,1.3,3.5,1.29,4.02,1.31,4.02,1.29,3.61,,,20250103
2,Brisbane,Brisbane International,2025-01-03,WTA500,Outdoor,Hard,Quarterfinals,3,Kudermetova P.,Krueger A.,107.0,64.0,701.0,969.0,7.0,6.0,6.0,3.0,,,2.0,0.0,Completed,2.38,1.57,2.64,1.55,2.64,1.65,2.37,1.57,,,20250103
2,Brisbane,Brisbane International,2025-01-03,WTA500,Outdoor,Hard,Quarterfinals,3,Sabalenka A.,Bouzkova M.,1.0,44.0,9416.0,1178.0,6.0,3.0,6.0,4.0,,,2.0,0.0,Completed,1.1,7.0,1.1,8.69,1.11,8.69,1.1,6.94,,,20250103
2,Brisbane,Brisbane International,2025-01-04,WTA500,Outdoor,Hard,Semifinals,3,Kudermetova P.,Kalinina A.,107.0,55.0,701.0,1030.0,6.0,4.0,6.0,3.0,,,2.0,0.0,Completed,1.91,1.91,2.07,1.85,2.07,1.95,1.93,1.85,,,20250104
2,Brisbane,Brisbane International,2025-01-04,WTA500,Outdoor,Hard,Semifinals,3,Sabalenka A.,Andreeva M.,1.0,16.0,9416.0,2578.0,6.0,3.0,6.0,2.0,,,2.0,0.0,Completed,1.36,3.2,1.4,3.24,1.4,3.5,1.35,3.17,,,20250104
2,Brisbane,Brisbane International,2025-01-05,WTA500,Outdoor,Hard,The Final,3,Sabalenka A.,Kudermetova P.,1.0,107.0,9416.0,701.0,4.0,6.0,6.0,3.0,6.0,2.0,2.0,1.0,Completed,1.06,10.0,1.07,12.14,1.08,12.14,1.06,9.33,,,20250105
3,Adelaide,Adelaide International,2025-01-06,WTA500,Outdoor,Hard,1st Round,3,Putintseva Y.,Vekic D.,25.0,19.0,1894.0,2228.0,6.0,2.0,6.0,3.0,,,2.0,0.0,Completed,1.67,2.2,1.73,2.19,1.73,2.22,1.68,2.15,,,20250106
3,Adelaide,Adelaide International,2025-01-06,WTA500,Outdoor,Hard,1st Round,3,Jones E.,Wang Xin.,371.0,37.0,163.0,1418.0,6.0,4.0,6.0,0.0,,,2.0,0.0,Completed,5.0,1.17,5.7,1.17,5.7,1.18,5.21,1.16,,,20250106
3,Adelaide,Adelaide International,2025-01-06,WTA500,Outdoor,Hard,1st Round,3,Alexandrova E.,Fernandez L.A.,27.0,31.0,1848.0,1755.0,6.0,4.0,3.0,6.0,6.0,2.0,2.0,1.0,Completed,3.4,1.33,3.27,1.37,3.4,1.37,3.22,1.34,,,20250106
3,Adelaide,Adelaide International,2025-01-06,WTA500,Outdoor,Hard,1st Round,3,Kasatkina D.,Gadecki O.,9.0,106.0,3368.0,725.0,6.0,2.0,6.0,3.0,,,2.0,0.0,Completed,1.29,3.75,1.32,3.63,1.33,4.5,1.28,3.59,,,20250106
3,Adelaide,Adelaide International,2025-01-06,WTA500,Outdoor,Hard,1st Round,3,Vondrousova M.,Pavlyuchenkova A.,39.0,28.0,1343.0,1807.0,6.0,4.0,6.0,7.0,6.0,2.0,2.0,1.0,Completed,1.8,2.0,1.85,2.03,1.85,2.03,1.81,1.98,,,20250106
3,Adelaide,Adelaide International,2025-01-06,WTA500,Outdoor,Hard,1st Round,3,Badosa P.,Stearns P.,12.0,47.0,2908.0,1171.0,6.0,7.0,6.0,3.0,7.0,5.0,2.0,1.0,Completed,1.53,2.5,1.52,2.65,1.54,2.69,1.51,2.53,,,20250106
3,Adelaide,Adelaide International,2025-01-07,WTA500,Outdoor,Hard,1st Round,3,Keys M.,Haddad Maia B.,20.0,16.0,2180.0,2554.0,6.0,2.0,6.0,1.0,,,2.0,0.0,Completed,1.44,2.75,1.48,2.8,1.48,2.9,1.44,2.75,,,20250107
3,Adelaide,Adelaide International,2025-01-07,WTA500,Outdoor,Hard,1st Round,3,Sakkari M.,Noskova L.,32.0,30.0,1654.0,1778.0,6.0,3.0,6.0,3.0,,,2.0,0.0,Completed,2.63,1.5,2.52,1.57,2.63,1.58,2.53,1.51,,,20250107
3,Adelaide,Adelaide International,2025-01-07,WTA500,Outdoor,Hard,1st Round,3,Samsonova L.,Bouzkova M.,26.0,42.0,1885.0,1262.0,1.0,6.0,6.0,4.0,6.0,1.0,2.0,1.0,Completed,2.2,1.67,2.05,1.83,2.22,1.83,2.11,1.72,,,20250107
3,Adelaide,Adelaide International,2025-01-07,WTA500,Outdoor,Hard,1st Round,3,Ostapenko J.,Frech M.,17.0,24.0,2481.0,1928.0,4.0,6.0,6.0,1.0,6.0,1.0,2.0,1.0,Completed,1.67,2.2,1.72,2.21,1.78,2.22,1.7,2.14,,,20250107
3,Adelaide,Adelaide International,2025-01-07,WTA500,Outdoor,Hard,1st Round,3,Shnaider D.,Siniakova K.,13.0,46.0,2895.0,1177.0,6.0,3.0,0.0,6.0,6.0,0.0,2.0,1.0,Completed,1.5,2.63,1.51,2.68,1.54,2.68,1.5,2.57,,,20250107
3,Adelaide,Adelaide International,2025-01-07,WTA500,Outdoor,Hard,1st Round,3,Krueger A.,Kostyuk M.,54.0,18.0,1050.0,2471.0,4.0,6.0,6.0,2.0,6.0,2.0,2.0,1.0,Completed,2.0,1.8,2.06,1.83,2.1,1.9,1.99,1.81,,,20250107
3,Adelaide,Adelaide International,2025-01-07,WTA500,Outdoor,Hard,1st Round,3,Bencic B.,Kalinskaya A.,421.0,14.0,138.0,2721.0,6.0,2.0,1.0,0.0,,,1.0,0.0,Retired,1.53,2.5,1.67,2.3,1.67,2.5,1.6,2.32,,,20250107
3,Adelaide,Adelaide International,2025-01-07,WTA500,Outdoor,Hard,1st Round,3,Jabeur O.,Collins D.,40.0,11.0,1334.0,3147.0,7.0,6.0,6.0,2.0,,,2.0,0.0,Completed,1.73,2.1,1.8,2.09,1.81,2.15,1.76,2.06,,,20250107
3,Adelaide,Adelaide International,2025-01-08,WTA500,Outdoor,Hard,2nd Round,3,Navarro E.,Alexandrova E.,8.0,27.0,3551.0,1848.0,7.0,6.0,6.0,4.0,,,2.0,0.0,Completed,1.57,2.38,1.68,2.3,1.68,2.5,1.61,2.3,,,20250108
3,Adelaide,Adelaide International,2025-01-08,WTA500,Outdoor,Hard,2nd Round,3,Pegula J.,Sakkari M.,7.0,32.0,4671.0,1654.0,6.0,4.0,6.0,1.0,,,2.0,0.0,Completed,1.62,2.3,1.64,2.38,1.67,2.38,1.61,2.3,,,20250108
3,Adelaide,Adelaide International,2025-01-08,WTA500,Outdoor,Hard,2nd Round,3,Samsonova L.,Bencic B.,26.0,421.0,1885.0,138.0,7.0,6.0,4.0,6.0,6.0,4.0,2.0,1.0,Completed,2.63,1.5,2.64,1.54,2.64,1.57,2.49,1.53,,,20250108
3,Adelaide,Adelaide International,2025-01-08,WTA500,Outdoor,Hard,2nd Round,3,Krueger A.,Badosa P.,54.0,12.0,1050.0,2908.0,7.0,6.0,6.0,7.0,6.0,2.0,2.0,1.0,Completed,2.75,1.44,2.89,1.46,2.89,1.5,2.67,1.47,,,20250108
3,Adelaide,Adelaide International,2025-01-08,WTA500,Outdoor,Hard,2nd Round,3,Shnaider D.,Vondrousova M.,13.0,39.0,2895.0,1343.0,4.0,6.0,1.0,1.0,,,0.0,1.0,Retired,1.62,2.3,1.69,2.28,1.73,2.32,1.66,2.21,,,20250108
3,Adelaide,Adelaide International,2025-01-08,WTA500,Outdoor,Hard,2nd Round,3,Keys M.,Ostapenko J.,20.0,17.0,2180.0,2481.0,3.0,6.0,6.0,4.0,6.0,3.0,2.0,1.0,Completed,1.29,3.75,1.34,3.56,1.35,3.75,1.31,3.41,,,20250108
3,Adelaide,Adelaide International,2025-01-08,WTA500,Outdoor,Hard,2nd Round,3,Putintseva Y.,Jabeur O.,25.0,40.0,1894.0,1334.0,6.0,2.0,6.0,4.0,,,2.0,0.0,Completed,1.73,2.1,1.77,2.16,1.78,2.16,1.73,2.08,,,20250108
3,Adelaide,Adelaide International,2025-01-08,WTA500,Outdoor,Hard,2nd Round,3,Kasatkina D.,Jones E.,9.0,371.0,3368.0,163.0,7.0,5.0,6.0,3.0,,,2.0,0.0,Completed,1.17,5.0,1.19,5.34,1.2,5.34,1.17,4.88,,,20250108
3,Adelaide,Adelaide International,2025-01-09,WTA500,Outdoor,Hard,Quarterfinals,3,Samsonova L.,Navarro E.,26.0,8.0,1885.0,3551.0,6.0,4.0,6.0,4.0,,,2.0,0.0,Completed,2.2,1.67,2.28,1.71,2.3,1.73,2.2,1.66,,,20250109
3,Adelaide,Adelaide International,2025-01-09,WTA500,Outdoor,Hard,Quarterfinals,3,Pegula J.,Krueger A.,7.0,54.0,4671.0,1050.0,6.0,4.0,2.0,0.0,,,1.0,0.0,Retired,1.4,3.0,1.42,3.11,1.42,3.11,1.39,2.96,,,20250109
3,Adelaide,Adelaide International,2025-01-09,WTA500,Outdoor,Hard,Quarterfinals,3,Keys M.,Kasatkina D.,20.0,9.0,2180.0,3368.0,6.0,1.0,6.0,3.0,,,2.0,0.0,Completed,1.44,2.75,1.52,2.73,1.52,2.88,1.44,2.73,,,20250109
3,Adelaide,Adelaide International,2025-01-09,WTA500,Outdoor,Hard,Quarterfinals,3,Putintseva Y.,Shnaider D.,25.0,13.0,1894.0,2895.0,7.0,6.0,6.0,7.0,6.0,4.0,2.0,1.0,Completed,1.62,2.3,1.73,2.24,1.73,2.32,1.63,2.24,,,20250109
3,Adelaide,Adelaide International,2025-01-10,WTA500,Outdoor,Hard,Semifinals,3,Keys M.,Samsonova L.,20.0,26.0,2180.0,1885.0,5.0,7.0,7.0,5.0,3.0,0.0,1.0,1.0,Retired,1.33,3.4,1.38,3.33,1.38,3.4,1.35,3.17,,,20250110
3,Adelaide,Adelaide International,2025-01-10,WTA500,Outdoor,Hard,Semifinals,3,Pegula J.,Putintseva Y.,7.0,25.0,4671.0,1894.0,7.0,6.0,6.0,3.0,,,2.0,0.0,Completed,1.5,2.63,1.6,2.5,1.6,2.77,1.49,2.58,,,20250110
3,Adelaide,Adelaide International,2025-01-11,WTA500,Outdoor,Hard,The Final,3,Keys M.,Pegula J.,20.0,7.0,2180.0,4671.0,6.0,3.0,4.0,6.0,6.0,1.0,2.0,1.0,Completed,1.8,2.0,1.9,2.01,1.9,2.02,1.82,1.98,,,20250111
4,Hobart,Hobart International,2025-01-06,WTA250,Outdoor,Hard,1st Round,3,Kessler M.,Sramkova R.,67.0,49.0,938.0,1166.0,6.0,3.0,7.0,5.0,,,2.0,0.0,Completed,1.8,2.0,1.85,2.02,2.1,2.03,1.83,1.97,,,20250106
4,Hobart,Hobart International,2025-01-06,WTA250,Outdoor,Hard,1st Round,3,Avanesyan E.,Wang Xiy.,44.0,108.0,1212.0,706.0,6.0,3.0,7.0,5.0,,,2.0,0.0,Completed,2.0,1.8,2.01,1.87,2.02,1.88,1.99,1.81,,,20250106
4,Hobart,Hobart International,2025-01-06,WTA250,Outdoor,Hard,1st Round,3,Bondar A.,Sherif M.,97.0,65.0,786.0,955.0,7.0,5.0,6.0,4.0,,,2.0,0.0,Completed,1.91,1.91,2.07,1.82,2.2,2.0,1.91,1.89,,,20250106
4,Hobart,Hobart International,2025-01-06,WTA250,Outdoor,Hard,1st Round,3,Carle M.,Bouzas Maneiro J.,96.0,52.0,797.0,1057.0,6.0,3.0,3.0,6.0,6.0,0.0,2.0,1.0,Completed,2.3,1.62,2.37,1.64,2.38,1.69,2.26,1.63,,,20250106
4,Hobart,Hobart International,2025-01-06,WTA250,Outdoor,Hard,1st Round,3,Minnen G.,Tomova V.,94.0,56.0,800.0,1047.0,7.0,5.0,6.0,3.0,,,2.0,0.0,Completed,1.53,2.5,1.57,2.51,1.65,2.54,1.56,2.4,,,20250106
4,Hobart,Hobart International,2025-01-06,WTA250,Outdoor,Hard,1st Round,3,Osorio M.,Yuan Y.,61.0,51.0,989.0,1142.0,6.0,2.0,6.0,3.0,,,2.0,0.0,Completed,2.2,1.67,2.4,1.62,2.4,1.69,2.25,1.63,,,20250106
4,Hobart,Hobart International,2025-01-06,WTA250,Outdoor,Hard,1st Round,3,Kudermetova V.,Cocciaretto E.,77.0,55.0,888.0,1048.0,7.0,5.0,6.0,0.0,,,2.0,0.0,Completed,1.62,2.3,1.63,2.38,1.67,2.38,1.6,2.32,,,20250106
4,Hobart,Hobart International,2025-01-07,WTA250,Outdoor,Hard,1st Round,3,Blinkova A.,Pera B.,75.0,70.0,898.0,920.0,7.0,5.0,6.0,4.0,,,2.0,0.0,Completed,1.91,1.91,1.97,1.89,2.0,1.91,1.92,1.86,,,20250107
4,Hobart,Hobart International,2025-01-07,WTA250,Outdoor,Hard,1st Round,3,Li A.,Stephens S.,91.0,84.0,808.0,851.0,7.0,5.0,6.0,1.0,,,2.0,0.0,Completed,1.53,2.5,1.53,2.62,1.54,2.62,1.52,2.51,,,20250107
4,Hobart,Hobart International,2025-01-07,WTA250,Outdoor,Hard,1st Round,3,Yastremska D.,Volynets K.,33.0,59.0,1541.0,996.0,2.0,6.0,6.0,4.0,6.0,1.0,2.0,1.0,Completed,2.2,1.67,2.36,1.64,2.36,1.68,2.22,1.65,,,20250107
4,Hobart,Hobart International,2025-01-07,WTA250,Outdoor,Hard,1st Round,3,Kenin S.,Sun L.,81.0,43.0,868.0,1253.0,4.0,6.0,6.0,3.0,6.0,3.0,2.0,1.0,Completed,1.5,2.63,1.48,2.79,1.5,2.83,1.48,2.63,,,20250107
4,Hobart,Hobart International,2025-01-07,WTA250,Outdoor,Hard,1st Round,3,Joint M.,Danilovic O.,118.0,53.0,650.0,1055.0,6.0,2.0,6.0,3.0,,,2.0,0.0,Completed,2.0,1.8,1.99,1.88,2.0,1.88,1.98,1.82,,,20250107
4,Hobart,Hobart International,2025-01-07,WTA250,Outdoor,Hard,1st Round,3,Linette M.,Gracheva V.,38.0,69.0,1376.0,925.0,6.0,3.0,3.0,6.0,6.0,4.0,2.0,1.0,Completed,1.33,3.4,1.38,3.22,1.39,3.4,1.36,3.15,,,20250107
4,Hobart,Hobart International,2025-01-07,WTA250,Outdoor,Hard,1st Round,3,Zarazua R.,Bronzetti L.,76.0,78.0,898.0,885.0,6.0,4.0,6.0,3.0,,,2.0,0.0,Completed,1.8,2.0,1.91,1.94,1.91,2.03,1.83,1.96,,,20250107
4,Hobart,Hobart International,2025-01-07,WTA250,Outdoor,Hard,1st Round,3,Anisimova A.,Saville D.,36.0,112.0,1432.0,676.0,6.0,3.0,6.0,3.0,,,2.0,0.0,Completed,1.25,4.0,1.29,3.83,1.29,4.0,1.27,3.69,,,20250107
4,Hobart,Hobart International,2025-01-07,WTA250,Outdoor,Hard,1st Round,3,Mertens E.,Parrizas Diaz N.,34.0,104.0,1524.0,737.0,6.0,3.0,6.0,1.0,,,2.0,0.0,Completed,1.4,3.0,1.47,2.83,1.49,3.0,1.42,2.81,,,20250107
4,Hobart,Hobart International,2025-01-08,WTA250,Outdoor,Hard,2nd Round,3,Kenin S.,Blinkova A.,81.0,75.0,868.0,898.0,6.0,2.0,3.0,6.0,6.0,2.0,2.0,1.0,Completed,1.62,2.3,1.64,2.38,1.64,2.38,1.61,2.3,,,20250108
4,Hobart,Hobart International,2025-01-08,WTA250,Outdoor,Hard,2nd Round,3,Kessler M.,Carle M.,67.0,96.0,938.0,797.0,6.0,2.0,6.0,2.0,,,2.0,0.0,Completed,1.44,2.75,1.51,2.73,1.53,2.78,1.48,2.66,,,20250108
4,Hobart,Hobart International,2025-01-08,WTA250,Outdoor,Hard,2nd Round,3,Joint M.,Linette M.,118.0,38.0,650.0,1376.0,6.0,1.0,6.0,1.0,,,2.0,0.0,Completed,1.91,1.91,1.98,1.91,1.98,1.92,1.89,1.9,,,20250108
4,Hobart,Hobart International,2025-01-08,WTA250,Outdoor,Hard,2nd Round,3,Avanesyan E.,Minnen G.,44.0,94.0,1212.0,800.0,6.0,2.0,6.0,2.0,,,2.0,0.0,Completed,1.57,2.38,1.57,2.55,1.6,2.64,1.56,2.42,,,20250108
4,Hobart,Hobart International,2025-01-08,WTA250,Outdoor,Hard,2nd Round,3,Yastremska D.,Li A.,33.0,91.0,1541.0,808.0,1.0,6.0,7.0,5.0,6.0,2.0,2.0,1.0,Completed,2.5,1.53,2.34,1.66,2.5,1.67,2.37,1.58,,,20250108
4,Hobart,Hobart International,2025-01-08,WTA250,Outdoor,Hard,2nd Round,3,Kudermetova V.,Osorio M.,77.0,61.0,888.0,989.0,6.0,4.0,6.0,1.0,,,2.0,0.0,Completed,1.8,2.0,1.93,1.96,1.93,2.0,1.83,1.96,,,20250108
4,Hobart,Hobart International,2025-01-08,WTA250,Outdoor,Hard,2nd Round,3,Anisimova A.,Bondar A.,36.0,97.0,1432.0,786.0,6.0,3.0,6.0,4.0,,,2.0,0.0,Completed,1.2,4.5,1.22,4.7,1.25,4.7,1.22,4.33,,,20250108
4,Hobart,Hobart International,2025-01-08,WTA250,Outdoor,Hard,2nd Round,3,Mertens E.,Zarazua R.,34.0,76.0,1524.0,898.0,6.0,4.0,6.0,3.0,,,2.0,0.0,Completed,1.36,3.2,1.36,3.39,1.4,3.39,1.36,3.11,,,20250108
4,Hobart,Hobart International,2025-01-09,WTA250,Outdoor,Hard,Quarterfinals,3,Kessler M.,Yastremska D.,67.0,33.0,938.0,1541.0,7.0,5.0,6.0,4.0,,,2.0,0.0,Completed,1.67,2.2,1.66,2.38,1.68,2.38,1.64,2.23,,,20250109
4,Hobart,Hobart International,2025-01-09,WTA250,Outdoor,Hard,Quarterfinals,3,Avanesyan E.,Anisimova A.,44.0,36.0,1212.0,1432.0,,,,,,,,,Walkover,2.38,1.57,2.4,1.65,2.4,1.65,2.31,1.6,,,20250109
4,Hobart,Hobart International,2025-01-09,WTA250,Outdoor,Hard,Quarterfinals,3,Joint M.,Kenin S.,118.0,81.0,650.0,868.0,6.0,3.0,6.0,1.0,,,2.0,0.0,Completed,2.1,1.73,2.21,1.75,2.21,1.75,2.11,1.72,,,20250109
4,Hobart,Hobart International,2025-01-09,WTA250,Outdoor,Hard,Quarterfinals,3,Mertens E.,Kudermetova V.,34.0,77.0,1524.0,888.0,6.0,1.0,0.0,6.0,6.0,2.0,2.0,1.0,Completed,1.73,2.1,1.64,2.42,1.73,2.42,1.66,2.2,,,20250109
4,Hobart,Hobart International,2025-01-10,WTA250,Outdoor,Hard,Semifinals,3,Kessler M.,Avanesyan E.,67.0,44.0,938.0,1212.0,4.0,6.0,6.0,3.0,6.0,4.0,2.0,1.0,Completed,2.1,1.73,2.29,1.7,2.29,1.73,2.14,1.7,,,20250110
4,Hobart,Hobart International,2025-01-10,WTA250,Outdoor,Hard,Semifinals,3,Mertens E.,Joint M.,34.0,118.0,1524.0,650.0,6.0,2.0,6.0,3.0,,,2.0,0.0,Completed,1.73,2.1,1.63,2.43,1.73,2.43,1.66,2.21,,,20250110
4,Hobart,Hobart International,2025-01-11,WTA250,Outdoor,Hard,The Final,3,Kessler M.,Mertens E.,67.0,34.0,938.0,1524.0,6.0,4.0,3.0,6.0,6.0,0.0,2.0,0.0,Completed,2.63,1.5,2.69,1.53,2.69,1.53,2.59,1.49,,,20250111
5,Melbourne,Australian Open,2025-01-12,Grand Slam,Outdoor,Hard,1st Round,3,Andreeva M.,Bouzkova M.,15.0,43.0,2665.0,1262.0,6.0,3.0,6.0,3.0,,,2.0,0.0,Completed,1.29,3.75,1.3,3.85,1.3,3.9,1.28,3.69,,,20250112
5,Melbourne,Australian Open,2025-01-12,Grand Slam,Outdoor,Hard,1st Round,3,Fernandez L.A.,Starodubtseva Y.,29.0,100.0,1755.0,750.0,7.0,5.0,6.0,4.0,,,2.0,0.0,Completed,1.14,5.5,1.16,6.15,1.17,6.15,1.15,5.46,,,20250112
5,Melbourne,Australian Open,2025-01-12,Grand Slam,Outdoor,Hard,1st Round,3,Lamens S.,Erjavec V.,77.0,171.0,879.0,432.0,7.0,5.0,7.0,6.0,,,2.0,0.0,Completed,1.5,2.63,1.42,3.08,1.53,3.08,1.48,2.65,,,20250112
5,Melbourne,Australian Open,2025-01-12,Grand Slam,Outdoor,Hard,1st Round,3,Maria T.,Pera B.,90.0,78.0,826.0,877.0,7.0,6.0,6.0,4.0,,,2.0,0.0,Completed,2.75,1.44,2.82,1.48,2.82,1.5,2.72,1.46,,,20250112
5,Melbourne,Australian Open,2025-01-12,Grand Slam,Outdoor,Hard,1st Round,3,Zheng Q.,Todoni A.,5.0,111.0,5325.0,690.0,7.0,6.0,6.0,1.0,,,2.0,0.0,Completed,1.1,7.0,1.13,6.96,1.13,7.0,1.11,6.43,,,20250112
5,Melbourne,Australian Open,2025-01-12,Grand Slam,Outdoor,Hard,1st Round,3,Vekic D.,Parry D.,19.0,66.0,2228.0,950.0,6.0,4.0,6.0,4.0,,,2.0,0.0,Completed,1.29,3.75,1.27,4.18,1.31,4.18,1.27,3.71,,,20250112
5,Melbourne,Australian Open,2025-01-12,Grand Slam,Outdoor,Hard,1st Round,3,Badosa P.,Wang Xin.,12.0,37.0,2958.0,1413.0,6.0,3.0,7.0,6.0,,,2.0,0.0,Completed,1.25,4.0,1.26,4.23,1.29,4.23,1.26,3.84,,,20250112
5,Melbourne,Australian Open,2025-01-12,Grand Slam,Outdoor,Hard,1st Round,3,Tauson C.,Noskova L.,42.0,28.0,1271.0,1778.0,5.0,7.0,6.0,3.0,6.0,4.0,2.0,1.0,Completed,2.0,1.8,2.23,1.72,2.23,1.8,2.06,1.75,,,20250112
5,Melbourne,Australian Open,2025-01-12,Grand Slam,Outdoor,Hard,1st Round,3,Bouzas Maneiro J.,Kartal S.,54.0,87.0,1057.0,836.0,6.0,1.0,7.0,6.0,,,2.0,0.0,Completed,2.2,1.67,2.2,1.74,2.2,1.76,2.14,1.71,,,20250112
5,Melbourne,Australian Open,2025-01-12,Grand Slam,Outdoor,Hard,1st Round,3,Sabalenka A.,Stephens S.,1.0,81.0,9656.0,851.0,6.0,3.0,6.0,2.0,,,2.0,0.0,Completed,1.03,15.0,1.03,22.28,1.04,22.28,1.03,13.7,,,20250112
5,Melbourne,Australian Open,2025-01-12,Grand Slam,Outdoor,Hard,1st Round,3,Bucsa C.,Paquet C.,110.0,122.0,690.0,593.0,6.0,2.0,6.0,3.0,,,2.0,0.0,Completed,1.36,3.2,1.33,3.57,1.37,3.57,1.34,3.25,,,20250112
5,Melbourne,Australian Open,2025-01-12,Grand Slam,Outdoor,Hard,1st Round,3,Blinkova A.,Saville D.,73.0,124.0,898.0,587.0,1.0,6.0,6.0,4.0,7.0,5.0,2.0,1.0,Completed,1.5,2.63,1.5,2.77,1.54,2.77,1.5,2.61,,,20250112
5,Melbourne,Australian Open,2025-01-13,Grand Slam,Outdoor,Hard,1st Round,3,Burrage J.,Jeanjean L.,173.0,149.0,425.0,486.0,6.0,2.0,6.0,4.0,,,2.0,0.0,Completed,1.67,2.2,1.72,2.23,1.72,2.25,1.68,2.18,,,20250113
5,Melbourne,Australian Open,2025-01-13,Grand Slam,Outdoor,Hard,1st Round,3,Siegemund L.,Baptiste H.,97.0,88.0,786.0,834.0,4.0,6.0,7.0,5.0,6.0,4.0,2.0,1.0,Completed,2.1,1.73,2.08,1.83,2.12,1.83,2.06,1.76,,,20250113
5,Melbourne,Australian Open,2025-01-13,Grand Slam,Outdoor,Hard,1st Round,3,Samsonova L.,Rakhimova K.,21.0,62.0,2070.0,987.0,6.0,2.0,6.0,4.0,,,2.0,0.0,Completed,1.2,4.5,1.26,4.24,1.26,4.5,1.24,4.12,,,20250113
5,Melbourne,Australian Open,2025-01-13,Grand Slam,Outdoor,Hard,1st Round,3,Danilovic O.,Rus A.,55.0,79.0,1055.0,874.0,6.0,4.0,6.0,4.0,,,2.0,0.0,Completed,1.44,2.75,1.53,2.67,1.53,2.78,1.5,2.6,,,20250113
5,Melbourne,Australian Open,2025-01-13,Grand Slam,Outdoor,Hard,1st Round,3,Gibson T.,Sonmez Z.,150.0,94.0,480.0,807.0,3.0,6.0,7.0,6.0,6.0,1.0,2.0,1.0,Completed,2.63,1.5,2.69,1.52,2.69,1.54,2.57,1.5,,,20250113
5,Melbourne,Australian Open,2025-01-13,Grand Slam,Outdoor,Hard,1st Round,3,Sramkova R.,Volynets K.,49.0,60.0,1166.0,996.0,3.0,6.0,6.0,2.0,6.0,2.0,2.0,1.0,Completed,2.1,1.73,1.91,1.98,2.12,1.98,2.0,1.82,,,20250113
5,Melbourne,Australian Open,2025-01-13,Grand Slam,Outdoor,Hard,1st Round,3,Shnaider D.,Cocciaretto E.,13.0,56.0,2895.0,1048.0,7.0,6.0,6.0,4.0,,,2.0,0.0,Completed,1.17,5.0,1.19,5.28,1.24,5.28,1.18,4.81,,,20250113
5,Melbourne,Australian Open,2025-01-13,Grand Slam,Outdoor,Hard,1st Round,3,Uchijima M.,Linette M.,63.0,40.0,981.0,1376.0,4.0,6.0,6.0,2.0,7.0,6.0,2.0,1.0,Completed,3.2,1.36,3.22,1.39,3.22,1.4,3.08,1.37,,,20250113
5,Melbourne,Australian Open,2025-01-13,Grand Slam,Outdoor,Hard,1st Round,3,Tomljanovic A.,Krueger A.,114.0,52.0,667.0,1141.0,6.0,4.0,4.0,6.0,6.0,4.0,2.0,1.0,Completed,3.0,1.4,3.1,1.41,3.1,1.43,2.95,1.4,,,20250113
5,Melbourne,Australian Open,2025-01-13,Grand Slam,Outdoor,Hard,1st Round,3,Gauff C.,Kenin S.,3.0,74.0,6888.0,892.0,6.0,3.0,6.0,3.0,,,2.0,0.0,Completed,1.05,11.0,1.06,13.1,1.07,13.1,1.05,9.71,,,20250113
5,Melbourne,Australian Open,2025-01-13,Grand Slam,Outdoor,Hard,1st Round,3,Frech M.,Kudermetova P.,26.0,57.0,1910.0,1036.0,6.0,4.0,6.0,4.0,,,2.0,0.0,Completed,2.3,1.62,2.29,1.69,2.32,1.73,2.22,1.66,,,20250113
5,Melbourne,Australian Open,2025-01-13,Grand Slam,Outdoor,Hard,1st Round,3,Svitolina E.,Cirstea S.,27.0,71.0,1779.0,913.0,6.0,4.0,6.0,4.0,,,2.0,0.0,Completed,1.25,4.0,1.27,4.09,1.27,4.09,1.26,3.92,,,20250113
5,Melbourne,Australian Open,2025-01-13,Grand Slam,Outdoor,Hard,1st Round,3,Bronzetti L.,Azarenka V.,76.0,24.0,885.0,1992.0,6.0,2.0,7.0,6.0,,,2.0,0.0,Completed,3.75,1.29,3.8,1.31,3.8,1.31,3.59,1.29,,,20250113
5,Melbourne,Australian Open,2025-01-13,Grand Slam,Outdoor,Hard,1st Round,3,Dart H.,Fett J.,112.0,133.0,675.0,545.0,7.0,5.0,2.0,6.0,7.0,6.0,2.0,1.0,Completed,,,,,1.66,2.4,1.62,2.31,,,20250113
5,Melbourne,Australian Open,2025-01-13,Grand Slam,Outdoor,Hard,1st Round,3,Dolehide C.,Bejlek S.,83.0,155.0,844.0,466.0,7.0,6.0,6.0,2.0,,,2.0,0.0,Completed,2.75,1.44,2.66,1.53,2.85,1.53,2.72,1.46,,,20250113
5,Melbourne,Australian Open,2025-01-13,Grand Slam,Outdoor,Hard,1st Round,3,Swiatek I.,Siniakova K.,2.0,50.0,8120.0,1152.0,6.0,3.0,6.0,4.0,,,2.0,0.0,Completed,1.06,10.0,1.06,12.11,1.07,12.11,1.06,9.56,,,20250113
5,Melbourne,Australian Open,2025-01-13,Grand Slam,Outdoor,Hard,1st Round,3,Potapova A.,Zidansek T.,36.0,180.0,1434.0,390.0,6.0,2.0,7.0,5.0,,,2.0,0.0,Completed,1.29,3.75,1.3,3.8,1.32,3.8,1.3,3.53,,,20250113
5,Melbourne,Australian Open,2025-01-13,Grand Slam,Outdoor,Hard,1st Round,3,Bencic B.,Ostapenko J.,294.0,22.0,223.0,2041.0,6.0,3.0,7.0,6.0,,,2.0,0.0,Completed,1.57,2.38,1.67,2.33,1.67,2.4,1.6,2.35,,,20250113
5,Melbourne,Australian Open,2025-01-13,Grand Slam,Outdoor,Hard,1st Round,3,Pavlyuchenkova A.,Yuan Y.,32.0,53.0,1675.0,1086.0,6.0,4.0,4.0,6.0,6.0,3.0,2.0,1.0,Completed,1.62,2.3,1.68,2.29,1.68,2.32,1.62,2.29,,,20250113
5,Melbourne,Australian Open,2025-01-13,Grand Slam,Outdoor,Hard,1st Round,3,Niemeier J.,Chwalinska M.,93.0,126.0,817.0,574.0,6.0,0.0,6.0,1.0,,,2.0,0.0,Completed,2.63,1.5,2.71,1.52,2.71,1.52,2.61,1.49,,,20250113
5,Melbourne,Australian Open,2025-01-13,Grand Slam,Outdoor,Hard,1st Round,3,Pegula J.,Joint M.,6.0,105.0,4801.0,734.0,6.0,3.0,6.0,0.0,,,2.0,0.0,Completed,1.17,5.0,1.22,4.75,1.24,5.05,1.19,4.69,,,20250113
5,Melbourne,Australian Open,2025-01-13,Grand Slam,Outdoor,Hard,1st Round,3,Cristian J.,Martic P.,82.0,131.0,847.0,556.0,6.0,2.0,4.0,6.0,7.0,6.0,2.0,1.0,Completed,1.53,2.5,1.56,2.56,1.57,2.56,1.54,2.47,,,20250113
5,Melbourne,Australian Open,2025-01-13,Grand Slam,Outdoor,Hard,1st Round,3,Kostyuk M.,Hibino N.,18.0,141.0,2364.0,517.0,3.0,6.0,6.0,3.0,6.0,1.0,2.0,1.0,Completed,1.25,4.0,1.3,3.81,1.32,4.01,1.27,3.76,,,20250113
5,Melbourne,Australian Open,2025-01-13,Grand Slam,Outdoor,Hard,1st Round,3,Mertens E.,Golubic V.,34.0,95.0,1524.0,797.0,4.0,6.0,7.0,6.0,6.0,4.0,2.0,1.0,Completed,1.44,2.75,1.48,2.83,1.48,2.83,1.45,2.72,,,20250113
5,Melbourne,Australian Open,2025-01-13,Grand Slam,Outdoor,Hard,1st Round,3,Aiava D.,Minnen G.,195.0,91.0,352.0,823.0,5.0,7.0,7.0,5.0,7.0,6.0,2.0,1.0,Completed,2.2,1.67,2.2,1.74,2.22,1.75,2.16,1.69,,,20250113
5,Melbourne,Australian Open,2025-01-13,Grand Slam,Outdoor,Hard,1st Round,3,Muchova K.,Podoroska N.,20.0,96.0,2079.0,787.0,6.0,1.0,6.0,1.0,,,2.0,0.0,Completed,1.04,13.0,1.05,15.42,1.06,20.0,1.04,12.08,,,20250113
5,Melbourne,Australian Open,2025-01-13,Grand Slam,Outdoor,Hard,1st Round,3,Collins D.,Snigur D.,11.0,138.0,3147.0,527.0,7.0,6.0,6.0,3.0,,,2.0,0.0,Completed,1.3,3.5,1.33,3.63,1.37,3.63,1.32,3.38,,,20250113
5,Melbourne,Australian Open,2025-01-13,Grand Slam,Outdoor,Hard,1st Round,3,Osaka N.,Garcia C.,51.0,67.0,1145.0,944.0,6.0,3.0,3.0,6.0,6.0,3.0,2.0,1.0,Completed,1.2,4.5,1.27,4.17,1.3,4.5,1.23,4.14,,,20250113
5,Melbourne,Australian Open,2025-01-14,Grand Slam,Outdoor,Hard,1st Round,3,Haddad Maia B.,Riera J.,17.0,146.0,2554.0,495.0,4.0,6.0,7.0,5.0,6.0,2.0,2.0,1.0,Completed,1.2,4.5,1.21,4.94,1.22,4.94,1.2,4.51,,,20250114
5,Melbourne,Australian Open,2025-01-14,Grand Slam,Outdoor,Hard,1st Round,3,Wang Xiy.,Grabher J.,108.0,415.0,706.0,142.0,6.0,1.0,7.0,5.0,,,2.0,0.0,Completed,1.1,7.0,1.11,8.18,1.11,8.18,1.1,7.02,,,20250114
5,Melbourne,Australian Open,2025-01-14,Grand Slam,Outdoor,Hard,1st Round,3,Wang Y.,Bondar A.,64.0,92.0,969.0,821.0,3.0,6.0,6.0,3.0,6.0,4.0,2.0,1.0,Completed,1.91,1.91,2.05,1.85,2.05,1.91,1.96,1.84,,,20250114
5,Melbourne,Australian Open,2025-01-14,Grand Slam,Outdoor,Hard,1st Round,3,Raducanu E.,Alexandrova E.,61.0,31.0,995.0,1713.0,7.0,6.0,7.0,6.0,,,2.0,0.0,Completed,1.73,2.1,1.78,2.15,1.78,2.2,1.73,2.11,,,20250114
5,Melbourne,Australian Open,2025-01-14,Grand Slam,Outdoor,Hard,1st Round,3,Andreeva E.,Zheng S.,86.0,681.0,838.0,51.0,6.0,1.0,7.0,6.0,,,2.0,0.0,Completed,1.2,4.5,1.22,4.82,1.24,4.82,1.21,4.4,,,20250114
5,Melbourne,Australian Open,2025-01-14,Grand Slam,Outdoor,Hard,1st Round,3,Anisimova A.,Carle M.,35.0,89.0,1486.0,829.0,6.0,2.0,6.0,3.0,,,2.0,0.0,Completed,1.2,4.5,1.25,4.36,1.25,4.54,1.21,4.35,,,20250114
5,Melbourne,Australian Open,2025-01-14,Grand Slam,Outdoor,Hard,1st Round,3,Kasatkina D.,Tomova V.,10.0,58.0,3151.0,1013.0,6.0,1.0,6.0,3.0,,,2.0,0.0,Completed,1.17,5.0,1.21,4.97,1.21,5.05,1.18,4.8,,,20250114
5,Melbourne,Australian Open,2025-01-14,Grand Slam,Outdoor,Hard,1st Round,3,Navarro E.,Stearns P.,8.0,46.0,3409.0,1198.0,6.0,7.0,7.0,6.0,7.0,5.0,2.0,1.0,Completed,1.67,2.2,1.71,2.25,1.71,2.25,1.66,2.21,,,20250114
5,Melbourne,Australian Open,2025-01-14,Grand Slam,Outdoor,Hard,1st Round,3,Jovic I.,Parrizas Diaz N.,191.0,99.0,361.0,753.0,6.0,2.0,6.0,1.0,,,2.0,0.0,Completed,2.2,1.67,2.18,1.75,2.21,1.8,2.13,1.71,,,20250114
5,Melbourne,Australian Open,2025-01-14,Grand Slam,Outdoor,Hard,1st Round,3,Yastremska D.,Sherif M.,33.0,65.0,1594.0,955.0,6.0,1.0,6.0,4.0,,,2.0,0.0,Completed,1.41,2.75,1.5,2.78,1.5,2.79,1.46,2.69,,,20250114
5,Melbourne,Australian Open,2025-01-14,Grand Slam,Outdoor,Hard,1st Round,3,Lys E.,Birrell K.,128.0,101.0,566.0,750.0,6.0,2.0,6.0,2.0,,,2.0,0.0,Completed,,,,,1.27,3.7,1.27,3.7,,,20250114
5,Melbourne,Australian Open,2025-01-14,Grand Slam,Outdoor,Hard,1st Round,3,Gracheva V.,Mcnally C.,69.0,540.0,925.0,88.0,6.0,3.0,6.0,4.0,,,2.0,0.0,Completed,1.8,2.0,1.78,2.15,1.82,2.2,1.76,2.07,,,20250114
5,Melbourne,Australian Open,2025-01-14,Grand Slam,Outdoor,Hard,1st Round,3,Rybakina E.,Jones E.,7.0,293.0,4723.0,223.0,6.0,1.0,6.0,1.0,,,2.0,0.0,Completed,1.05,11.0,1.05,14.86,1.05,14.86,1.05,11.09,,,20250114
5,Melbourne,Australian Open,2025-01-14,Grand Slam,Outdoor,Hard,1st Round,3,Kovinic D.,Sun L.,1289.0,44.0,6.0,1253.0,6.0,3.0,7.0,5.0,,,2.0,0.0,Completed,11.0,1.05,9.65,1.09,11.5,1.09,9.77,1.06,,,20250114
5,Melbourne,Australian Open,2025-01-14,Grand Slam,Outdoor,Hard,1st Round,3,Ruse E.G.,Begu I.,125.0,80.0,581.0,866.0,6.0,4.0,6.0,0.0,,,2.0,0.0,Completed,1.73,2.1,1.81,2.12,1.81,2.12,1.77,2.05,,,20250114
5,Melbourne,Australian Open,2025-01-14,Grand Slam,Outdoor,Hard,1st Round,3,Putintseva Y.,Avanesyan E.,23.0,41.0,2017.0,1280.0,4.0,6.0,7.0,5.0,6.0,2.0,2.0,1.0,Completed,1.44,2.75,1.46,2.91,1.46,2.91,1.44,2.78,,,20250114
5,Melbourne,Australian Open,2025-01-14,Grand Slam,Outdoor,Hard,1st Round,3,Zhang S.,Kessler M.,204.0,47.0,341.0,1176.0,6.0,3.0,6.0,4.0,,,2.0,0.0,Completed,3.2,1.36,3.47,1.35,3.47,1.4,3.16,1.36,,,20250114
5,Melbourne,Australian Open,2025-01-14,Grand Slam,Outdoor,Hard,1st Round,3,Keys M.,Li A.,14.0,84.0,2680.0,844.0,6.0,4.0,7.0,5.0,,,2.0,0.0,Completed,1.13,6.0,1.14,6.73,1.16,6.73,1.14,5.83,,,20250114
5,Melbourne,Australian Open,2025-01-14,Grand Slam,Outdoor,Hard,1st Round,3,Paolini J.,Wei S.,4.0,117.0,5399.0,630.0,6.0,0.0,6.0,4.0,,,2.0,0.0,Completed,1.17,5.0,1.18,5.42,1.2,5.5,1.17,5.07,,,20250114
5,Melbourne,Australian Open,2025-01-14,Grand Slam,Outdoor,Hard,1st Round,3,Zarazua R.,Townsend T.,70.0,85.0,920.0,843.0,6.0,7.0,6.0,1.0,6.0,2.0,2.0,1.0,Completed,2.2,1.67,2.2,1.75,2.22,1.75,2.16,1.69,,,20250114
5,Melbourne,Australian Open,2025-01-14,Grand Slam,Outdoor,Hard,1st Round,3,Jabeur O.,Kalinina A.,39.0,48.0,1394.0,1171.0,6.0,3.0,6.0,3.0,,,2.0,0.0,Completed,1.44,2.75,1.47,2.86,1.49,2.86,1.46,2.72,,,20250114
5,Melbourne,Australian Open,2025-01-14,Grand Slam,Outdoor,Hard,1st Round,3,Osorio M.,Sakkari M.,59.0,30.0,1001.0,1727.0,6.0,4.0,6.0,7.0,6.0,4.0,2.0,1.0,Completed,2.63,1.5,2.69,1.52,2.7,1.52,2.61,1.49,,,20250114
5,Melbourne,Australian Open,2025-01-14,Grand Slam,Outdoor,Hard,1st Round,3,Boulter K.,Marino R.,25.0,98.0,1931.0,770.0,6.0,4.0,3.0,6.0,7.0,5.0,2.0,1.0,Completed,1.14,5.5,1.18,5.5,1.19,5.7,1.16,5.27,,,20250114
5,Melbourne,Australian Open,2025-01-14,Grand Slam,Outdoor,Hard,1st Round,3,Kudermetova V.,Gadecki O.,75.0,106.0,888.0,725.0,6.0,1.0,6.0,1.0,,,2.0,0.0,Completed,1.33,3.4,1.35,3.45,1.37,3.45,1.34,3.27,,,20250114
5,Melbourne,Australian Open,2025-01-15,Grand Slam,Outdoor,Hard,2nd Round,3,Siegemund L.,Zheng Q.,97.0,5.0,786.0,5325.0,7.0,6.0,6.0,3.0,,,2.0,0.0,Completed,13.0,1.04,14.91,1.05,14.91,1.06,11.6,1.04,,,20250115
5,Melbourne,Australian Open,2025-01-15,Grand Slam,Outdoor,Hard,2nd Round,3,Danilovic O.,Samsonova L.,55.0,21.0,1055.0,2070.0,6.0,1.0,6.0,2.0,,,2.0,0.0,Completed,3.2,1.36,3.26,1.39,3.31,1.39,3.17,1.35,,,20250115
5,Melbourne,Australian Open,2025-01-15,Grand Slam,Outdoor,Hard,2nd Round,3,Andreeva M.,Uchijima M.,15.0,63.0,2665.0,981.0,6.0,4.0,3.0,6.0,7.0,6.0,2.0,1.0,Completed,1.03,15.0,1.04,17.91,1.04,17.91,1.03,12.75,,,20250115
5,Melbourne,Australian Open,2025-01-15,Grand Slam,Outdoor,Hard,2nd Round,3,Sabalenka A.,Bouzas Maneiro J.,1.0,54.0,9656.0,1057.0,6.0,3.0,7.0,5.0,,,2.0,0.0,Completed,1.02,21.0,1.03,24.12,1.03,24.12,1.02,15.16,,,20250115
5,Melbourne,Australian Open,2025-01-15,Grand Slam,Outdoor,Hard,2nd Round,3,Tauson C.,Maria T.,42.0,90.0,1271.0,826.0,6.0,2.0,6.0,2.0,,,2.0,0.0,Completed,1.17,5.0,1.2,5.22,1.23,5.22,1.19,4.68,,,20250115
5,Melbourne,Australian Open,2025-01-15,Grand Slam,Outdoor,Hard,2nd Round,3,Frech M.,Blinkova A.,26.0,73.0,1910.0,898.0,0.0,6.0,6.0,0.0,6.0,2.0,2.0,1.0,Completed,1.67,2.2,1.69,2.3,1.73,2.3,1.69,2.16,,,20250115
5,Melbourne,Australian Open,2025-01-15,Grand Slam,Outdoor,Hard,2nd Round,3,Pegula J.,Mertens E.,6.0,34.0,4801.0,1524.0,6.0,4.0,6.0,2.0,,,2.0,0.0,Completed,1.25,4.0,1.3,3.92,1.3,4.1,1.27,3.72,,,20250115
5,Melbourne,Australian Open,2025-01-15,Grand Slam,Outdoor,Hard,2nd Round,3,Bencic B.,Lamens S.,294.0,77.0,223.0,879.0,6.0,1.0,7.0,6.0,,,2.0,0.0,Completed,1.17,5.0,1.2,5.2,1.25,5.2,1.19,4.69,,,20250115
5,Melbourne,Australian Open,2025-01-15,Grand Slam,Outdoor,Hard,2nd Round,3,Osaka N.,Muchova K.,51.0,20.0,1145.0,2079.0,1.0,6.0,6.0,1.0,6.0,3.0,2.0,1.0,Completed,3.2,1.36,3.49,1.36,3.49,1.37,3.16,1.36,,,20250115
5,Melbourne,Australian Open,2025-01-15,Grand Slam,Outdoor,Hard,2nd Round,3,Fernandez L.A.,Bucsa C.,29.0,110.0,1755.0,690.0,3.0,6.0,6.0,4.0,6.0,4.0,2.0,1.0,Completed,1.13,6.0,1.16,6.23,1.16,6.23,1.14,5.7,,,20250115
5,Melbourne,Australian Open,2025-01-15,Grand Slam,Outdoor,Hard,2nd Round,3,Pavlyuchenkova A.,Potapova A.,32.0,36.0,1675.0,1434.0,7.0,6.0,2.0,6.0,6.0,2.0,2.0,1.0,Completed,1.67,2.2,1.7,2.29,1.73,2.29,1.67,2.2,,,20250115
5,Melbourne,Australian Open,2025-01-15,Grand Slam,Outdoor,Hard,2nd Round,3,Shnaider D.,Tomljanovic A.,13.0,114.0,2895.0,667.0,6.0,4.0,7.0,5.0,,,2.0,0.0,Completed,1.25,4.0,1.3,3.91,1.3,4.01,1.26,3.85,,,20250115
5,Melbourne,Australian Open,2025-01-15,Grand Slam,Outdoor,Hard,2nd Round,3,Gauff C.,Burrage J.,3.0,173.0,6888.0,425.0,6.0,3.0,7.0,5.0,,,2.0,0.0,Completed,1.02,21.0,1.02,27.43,1.02,27.43,1.01,16.79,,,20250115
5,Melbourne,Australian Open,2025-01-15,Grand Slam,Outdoor,Hard,2nd Round,3,Kostyuk M.,Niemeier J.,18.0,93.0,2364.0,817.0,6.0,3.0,6.0,0.0,,,2.0,0.0,Completed,1.36,3.2,1.36,3.41,1.42,3.41,1.38,3.06,,,20250115
5,Melbourne,Australian Open,2025-01-15,Grand Slam,Outdoor,Hard,2nd Round,3,Vekic D.,Dart H.,19.0,112.0,2228.0,675.0,4.0,6.0,6.0,0.0,6.0,2.0,2.0,1.0,Completed,1.17,5.0,1.2,5.33,1.22,5.33,1.19,4.69,,,20250115
5,Melbourne,Australian Open,2025-01-15,Grand Slam,Outdoor,Hard,2nd Round,3,Badosa P.,Gibson T.,12.0,150.0,2958.0,480.0,6.0,1.0,6.0,0.0,,,2.0,0.0,Completed,1.07,9.0,1.08,10.33,1.11,10.33,1.08,8.21,,,20250115
5,Melbourne,Australian Open,2025-01-16,Grand Slam,Outdoor,Hard,2nd Round,3,Jabeur O.,Osorio M.,39.0,59.0,1394.0,1001.0,7.0,5.0,6.0,3.0,,,2.0,0.0,Completed,1.36,3.2,1.5,2.82,1.5,3.2,1.4,2.95,,,20250116
5,Melbourne,Australian Open,2025-01-16,Grand Slam,Outdoor,Hard,2nd Round,3,Kasatkina D.,Wang Y.,10.0,64.0,3151.0,969.0,6.0,2.0,6.0,0.0,,,2.0,0.0,Completed,1.13,6.0,1.17,5.88,1.2,6.0,1.16,5.26,,,20250116
5,Melbourne,Australian Open,2025-01-16,Grand Slam,Outdoor,Hard,2nd Round,3,Yastremska D.,Kovinic D.,33.0,1289.0,1594.0,6.0,6.0,0.0,6.0,1.0,,,2.0,0.0,Completed,1.1,7.0,1.16,6.24,1.18,7.0,1.12,6.17,,,20250116
5,Melbourne,Australian Open,2025-01-16,Grand Slam,Outdoor,Hard,2nd Round,3,Raducanu E.,Anisimova A.,61.0,35.0,995.0,1486.0,6.0,3.0,7.0,5.0,,,2.0,0.0,Completed,2.38,1.57,2.24,1.73,2.4,1.73,2.3,1.61,,,20250116
5,Melbourne,Australian Open,2025-01-16,Grand Slam,Outdoor,Hard,2nd Round,3,Navarro E.,Wang Xiy.,8.0,108.0,3409.0,706.0,6.0,3.0,3.0,6.0,6.0,4.0,2.0,1.0,Completed,1.44,2.75,1.51,2.76,1.51,2.78,1.48,2.64,,,20250116
5,Melbourne,Australian Open,2025-01-16,Grand Slam,Outdoor,Hard,2nd Round,3,Swiatek I.,Sramkova R.,2.0,49.0,8120.0,1166.0,6.0,0.0,6.0,2.0,,,2.0,0.0,Completed,1.02,19.0,1.05,16.29,1.05,20.0,1.02,13.88,,,20250116
5,Melbourne,Australian Open,2025-01-16,Grand Slam,Outdoor,Hard,2nd Round,3,Putintseva Y.,Zhang S.,23.0,204.0,2017.0,341.0,6.0,2.0,6.0,1.0,,,2.0,0.0,Completed,1.17,5.0,1.17,5.96,1.19,5.96,1.17,5.1,,,20250116
5,Melbourne,Australian Open,2025-01-16,Grand Slam,Outdoor,Hard,2nd Round,3,Rybakina E.,Jovic I.,7.0,191.0,4723.0,361.0,6.0,0.0,6.0,3.0,,,2.0,0.0,Completed,1.05,11.0,1.06,13.35,1.06,13.35,1.05,10.62,,,20250116
5,Melbourne,Australian Open,2025-01-16,Grand Slam,Outdoor,Hard,2nd Round,3,Lys E.,Gracheva V.,128.0,69.0,566.0,925.0,6.0,2.0,3.0,6.0,6.0,4.0,2.0,1.0,Completed,1.57,2.38,1.58,2.56,1.6,2.56,1.56,2.42,,,20250116
5,Melbourne,Australian Open,2025-01-16,Grand Slam,Outdoor,Hard,2nd Round,3,Haddad Maia B.,Andreeva E.,17.0,86.0,2554.0,838.0,6.0,2.0,6.0,3.0,,,2.0,0.0,Completed,1.4,3.0,1.43,3.07,1.43,3.1,1.4,2.98,,,20250116
5,Melbourne,Australian Open,2025-01-16,Grand Slam,Outdoor,Hard,2nd Round,3,Cristian J.,Bronzetti L.,82.0,76.0,847.0,885.0,7.0,5.0,7.0,5.0,,,2.0,0.0,Completed,2.2,1.67,2.41,1.64,2.41,1.68,2.26,1.64,,,20250116
5,Melbourne,Australian Open,2025-01-16,Grand Slam,Outdoor,Hard,2nd Round,3,Svitolina E.,Dolehide C.,27.0,83.0,1779.0,844.0,6.0,1.0,6.0,4.0,,,2.0,0.0,Completed,1.25,4.0,1.27,4.2,1.27,4.2,1.25,3.98,,,20250116
5,Melbourne,Australian Open,2025-01-16,Grand Slam,Outdoor,Hard,2nd Round,3,Kudermetova V.,Boulter K.,75.0,25.0,888.0,1931.0,7.0,6.0,2.0,6.0,6.0,2.0,2.0,1.0,Completed,2.2,1.67,2.3,1.69,2.3,1.71,2.21,1.67,,,20250116
5,Melbourne,Australian Open,2025-01-16,Grand Slam,Outdoor,Hard,2nd Round,3,Keys M.,Ruse E.G.,14.0,125.0,2680.0,581.0,7.0,6.0,2.0,6.0,7.0,5.0,2.0,1.0,Completed,1.11,6.5,1.14,6.76,1.14,7.44,1.11,6.56,,,20250116
5,Melbourne,Australian Open,2025-01-16,Grand Slam,Outdoor,Hard,2nd Round,3,Collins D.,Aiava D.,11.0,195.0,3147.0,352.0,7.0,6.0,4.0,6.0,6.0,2.0,2.0,1.0,Completed,1.36,3.2,1.39,3.3,1.4,3.3,1.38,3.08,,,20250116
5,Melbourne,Australian Open,2025-01-16,Grand Slam,Outdoor,Hard,2nd Round,3,Paolini J.,Zarazua R.,4.0,70.0,5399.0,920.0,6.0,2.0,6.0,3.0,,,2.0,0.0,Completed,1.14,5.5,1.16,6.1,1.18,6.1,1.15,5.47,,,20250116
5,Melbourne,Australian Open,2025-01-17,Grand Slam,Outdoor,Hard,3rd Round,3,Pavlyuchenkova A.,Siegemund L.,32.0,97.0,1675.0,786.0,6.0,1.0,6.0,2.0,,,2.0,0.0,Completed,1.5,2.63,1.58,2.55,1.58,2.63,1.53,2.51,,,20250117
5,Melbourne,Australian Open,2025-01-17,Grand Slam,Outdoor,Hard,3rd Round,3,Vekic D.,Shnaider D.,19.0,13.0,2228.0,2895.0,7.0,6.0,6.0,7.0,7.0,5.0,2.0,1.0,Completed,2.5,1.53,2.46,1.62,2.5,1.63,2.38,1.58,,,20250117
5,Melbourne,Australian Open,2025-01-17,Grand Slam,Outdoor,Hard,3rd Round,3,Sabalenka A.,Tauson C.,1.0,42.0,9656.0,1271.0,7.0,6.0,6.0,4.0,,,2.0,0.0,Completed,1.08,8.0,1.12,7.86,1.12,8.01,1.1,6.97,,,20250117
5,Melbourne,Australian Open,2025-01-17,Grand Slam,Outdoor,Hard,3rd Round,3,Badosa P.,Kostyuk M.,12.0,18.0,2958.0,2364.0,6.0,4.0,4.0,6.0,6.0,3.0,2.0,1.0,Completed,1.4,3.0,1.39,3.3,1.46,3.3,1.41,2.88,,,20250117
5,Melbourne,Australian Open,2025-01-17,Grand Slam,Outdoor,Hard,3rd Round,3,Andreeva M.,Frech M.,15.0,26.0,2665.0,1910.0,6.0,2.0,1.0,6.0,6.0,2.0,2.0,1.0,Completed,1.17,5.0,1.22,4.92,1.23,5.1,1.19,4.75,,,20250117
5,Melbourne,Australian Open,2025-01-17,Grand Slam,Outdoor,Hard,3rd Round,3,Bencic B.,Osaka N.,294.0,51.0,223.0,1145.0,7.0,6.0,,,,,1.0,0.0,Retired,2.2,1.67,2.22,1.74,2.22,1.75,2.19,1.68,,,20250117
5,Melbourne,Australian Open,2025-01-17,Grand Slam,Outdoor,Hard,3rd Round,3,Gauff C.,Fernandez L.A.,3.0,29.0,6888.0,1755.0,6.0,4.0,6.0,2.0,,,2.0,0.0,Completed,1.17,5.0,1.16,6.1,1.18,6.1,1.16,5.22,,,20250117
5,Melbourne,Australian Open,2025-01-17,Grand Slam,Outdoor,Hard,3rd Round,3,Danilovic O.,Pegula J.,55.0,6.0,1055.0,4801.0,7.0,6.0,6.0,1.0,,,2.0,0.0,Completed,5.0,1.17,5.56,1.19,5.56,1.2,4.91,1.18,,,20250117
5,Melbourne,Australian Open,2025-01-18,Grand Slam,Outdoor,Hard,3rd Round,3,Navarro E.,Jabeur O.,8.0,39.0,3409.0,1394.0,6.0,4.0,3.0,6.0,6.0,4.0,2.0,1.0,Completed,1.73,2.1,1.74,2.22,1.83,2.22,1.75,2.08,,,20250118
5,Melbourne,Australian Open,2025-01-18,Grand Slam,Outdoor,Hard,3rd Round,3,Swiatek I.,Raducanu E.,2.0,61.0,8120.0,995.0,6.0,1.0,6.0,0.0,,,2.0,0.0,Completed,1.08,8.0,1.08,10.61,1.11,10.61,1.09,7.71,,,20250118
5,Melbourne,Australian Open,2025-01-18,Grand Slam,Outdoor,Hard,3rd Round,3,Lys E.,Cristian J.,128.0,82.0,566.0,847.0,4.0,6.0,6.0,3.0,6.0,3.0,2.0,1.0,Completed,1.5,2.63,1.55,2.65,1.56,2.65,1.51,2.55,,,20250118
5,Melbourne,Australian Open,2025-01-18,Grand Slam,Outdoor,Hard,3rd Round,3,Kasatkina D.,Putintseva Y.,10.0,23.0,3151.0,2017.0,7.0,5.0,6.0,1.0,,,2.0,0.0,Completed,2.2,1.67,2.33,1.68,2.33,1.68,2.22,1.67,,,20250118
5,Melbourne,Australian Open,2025-01-18,Grand Slam,Outdoor,Hard,3rd Round,3,Rybakina E.,Yastremska D.,7.0,33.0,4723.0,1594.0,6.0,3.0,6.0,4.0,,,2.0,0.0,Completed,1.1,7.0,1.12,7.66,1.13,7.66,1.11,6.81,,,20250118
5,Melbourne,Australian Open,2025-01-18,Grand Slam,Outdoor,Hard,3rd Round,3,Kudermetova V.,Haddad Maia B.,75.0,17.0,888.0,2554.0,6.0,4.0,6.0,2.0,,,2.0,0.0,Completed,1.91,1.91,2.08,1.84,2.08,1.96,1.94,1.87,,,20250118
5,Melbourne,Australian Open,2025-01-18,Grand Slam,Outdoor,Hard,3rd Round,3,Svitolina E.,Paolini J.,27.0,4.0,1779.0,5399.0,2.0,6.0,6.0,4.0,6.0,0.0,2.0,1.0,Completed,2.2,1.67,2.17,1.78,2.25,1.79,2.14,1.71,,,20250118
5,Melbourne,Australian Open,2025-01-18,Grand Slam,Outdoor,Hard,3rd Round,3,Keys M.,Collins D.,14.0,11.0,2680.0,3147.0,6.0,4.0,6.0,4.0,,,2.0,0.0,Completed,1.36,3.2,1.39,3.27,1.41,3.27,1.36,3.12,,,20250118
5,Melbourne,Australian Open,2025-01-19,Grand Slam,Outdoor,Hard,4th Round,3,Sabalenka A.,Andreeva M.,1.0,15.0,9656.0,2665.0,6.0,1.0,6.0,2.0,,,2.0,0.0,Completed,1.22,4.33,1.21,5.04,1.26,5.04,1.23,4.22,,,20250119
5,Melbourne,Australian Open,2025-01-19,Grand Slam,Outdoor,Hard,4th Round,3,Gauff C.,Bencic B.,3.0,294.0,6888.0,223.0,5.0,7.0,6.0,2.0,6.0,1.0,2.0,1.0,Completed,1.2,4.5,1.21,5.02,1.24,5.02,1.2,4.53,,,20250119
5,Melbourne,Australian Open,2025-01-19,Grand Slam,Outdoor,Hard,4th Round,3,Pavlyuchenkova A.,Vekic D.,32.0,19.0,1675.0,2228.0,7.0,6.0,6.0,0.0,,,2.0,0.0,Completed,2.0,1.8,2.11,1.81,2.11,1.85,2.02,1.79,,,20250119
5,Melbourne,Australian Open,2025-01-19,Grand Slam,Outdoor,Hard,4th Round,3,Badosa P.,Danilovic O.,12.0,55.0,2958.0,1055.0,6.0,1.0,7.0,6.0,,,2.0,0.0,Completed,1.4,3.0,1.39,3.29,1.46,3.29,1.4,2.96,,,20250119
5,Melbourne,Australian Open,2025-01-20,Grand Slam,Outdoor,Hard,4th Round,3,Svitolina E.,Kudermetova V.,27.0,75.0,1779.0,888.0,6.0,4.0,6.0,1.0,,,2.0,0.0,Completed,1.44,2.75,1.47,2.89,1.53,2.89,1.46,2.69,,,20250120
5,Melbourne,Australian Open,2025-01-20,Grand Slam,Outdoor,Hard,4th Round,3,Keys M.,Rybakina E.,14.0,7.0,2680.0,4723.0,6.0,3.0,1.0,6.0,6.0,3.0,2.0,1.0,Completed,2.3,1.62,2.3,1.69,2.32,1.71,2.25,1.65,,,20250120
5,Melbourne,Australian Open,2025-01-20,Grand Slam,Outdoor,Hard,4th Round,3,Navarro E.,Kasatkina D.,8.0,10.0,3409.0,3151.0,6.0,4.0,5.0,7.0,7.0,5.0,2.0,1.0,Completed,1.91,1.91,1.97,1.93,1.97,1.93,1.91,1.89,,,20250120
5,Melbourne,Australian Open,2025-01-20,Grand Slam,Outdoor,Hard,4th Round,3,Swiatek I.,Lys E.,2.0,128.0,8120.0,566.0,6.0,0.0,6.0,1.0,,,2.0,0.0,Completed,1.02,21.0,1.03,25.11,1.03,25.11,1.02,16.28,,,20250120
5,Melbourne,Australian Open,2025-01-21,Grand Slam,Outdoor,Hard,Quarterfinals,3,Badosa P.,Gauff C.,12.0,3.0,2958.0,6888.0,7.0,5.0,6.0,4.0,,,2.0,0.0,Completed,4.0,1.25,4.03,1.29,4.27,1.31,3.75,1.28,,,20250121
5,Melbourne,Australian Open,2025-01-21,Grand Slam,Outdoor,Hard,Quarterfinals,3,Sabalenka A.,Pavlyuchenkova A.,1.0,32.0,9656.0,1675.0,6.0,2.0,2.0,6.0,6.0,3.0,2.0,1.0,Completed,1.08,8.0,1.09,9.28,1.12,9.28,1.09,7.58,,,20250121
5,Melbourne,Australian Open,2025-01-22,Grand Slam,Outdoor,Hard,Quarterfinals,3,Keys M.,Svitolina E.,14.0,27.0,2680.0,1779.0,3.0,6.0,6.0,3.0,6.0,4.0,2.0,1.0,Completed,1.5,2.63,1.57,2.58,1.63,2.63,1.54,2.51,,,20250122
5,Melbourne,Australian Open,2025-01-22,Grand Slam,Outdoor,Hard,Quarterfinals,3,Swiatek I.,Navarro E.,2.0,8.0,8120.0,3409.0,6.0,1.0,6.0,2.0,,,2.0,0.0,Completed,1.06,10.0,1.1,8.93,1.1,11.2,1.07,9.17,,,20250122
5,Melbourne,Australian Open,2025-01-23,Grand Slam,Outdoor,Hard,Semifinals,3,Sabalenka A.,Badosa P.,1.0,12.0,9656.0,2958.0,6.0,4.0,6.0,2.0,,,2.0,0.0,Completed,1.29,3.75,1.32,3.73,1.35,3.75,1.3,3.56,,,20250123
5,Melbourne,Australian Open,2025-01-23,Grand Slam,Outdoor,Hard,Semifinals,3,Keys M.,Swiatek I.,14.0,2.0,2680.0,8120.0,5.0,7.0,6.0,1.0,7.0,6.0,2.0,1.0,Completed,5.0,1.17,5.4,1.19,5.51,1.24,4.99,1.18,,,20250123
5,Melbourne,Australian Open,2025-01-25,Grand Slam,Outdoor,Hard,The Final,3,Keys M.,Sabalenka A.,14.0,1.0,2680.0,9656.0,6.0,3.0,2.0,6.0,7.0,6.0,2.0,1.0,Completed,4.0,1.25,4.3,1.26,4.3,1.29,3.95,1.26,,,20250125
6,Linz,Ladies Linz Open,2025-01-27,WTA500,Indoor,Hard,1st Round,3,Tomova V.,Bouzas Maneiro J.,64.0,57.0,953.0,1052.0,7.0,6.0,6.0,4.0,,,2.0,0.0,Completed,2.75,1.44,2.89,1.45,2.89,1.45,2.78,1.43,,,20250127
6,Linz,Ladies Linz Open,2025-01-27,WTA500,Indoor,Hard,1st Round,3,Cirstea S.,Rus A.,70.0,88.0,913.0,814.0,5.0,7.0,6.0,2.0,6.0,3.0,2.0,1.0,Completed,2.0,1.8,2.03,1.85,2.1,1.9,2.01,1.79,,,20250127
6,Linz,Ladies Linz Open,2025-01-28,WTA500,Indoor,Hard,1st Round,3,Ruzic A.,Sherif M.,168.0,63.0,439.0,955.0,6.0,3.0,6.0,4.0,,,2.0,0.0,Completed,1.33,3.4,1.38,3.24,1.38,3.4,1.35,3.2,,,20250128
6,Linz,Ladies Linz Open,2025-01-28,WTA500,Indoor,Hard,1st Round,3,Tauson C.,Kalinina A.,39.0,48.0,1331.0,1171.0,6.0,3.0,6.0,3.0,,,2.0,0.0,Completed,1.44,2.75,1.51,2.71,1.51,2.88,1.45,2.72,,,20250128
6,Linz,Ladies Linz Open,2025-01-28,WTA500,Indoor,Hard,1st Round,3,Sorribes Tormo S.,Sun L.,99.0,45.0,754.0,1223.0,6.0,3.0,6.0,3.0,,,2.0,0.0,Completed,1.73,2.1,1.8,2.1,1.8,2.12,1.75,2.06,,,20250128
6,Linz,Ladies Linz Open,2025-01-28,WTA500,Indoor,Hard,1st Round,3,Sramkova R.,Cocciaretto E.,44.0,59.0,1226.0,988.0,7.0,5.0,7.0,5.0,,,2.0,0.0,Completed,1.73,2.1,1.72,2.21,1.8,2.23,1.73,2.08,,,20250128
6,Linz,Ladies Linz Open,2025-01-28,WTA500,Indoor,Hard,1st Round,3,Potapova A.,Grabher J.,33.0,393.0,1494.0,152.0,6.0,2.0,6.0,2.0,,,2.0,0.0,Completed,1.1,7.0,1.1,8.54,1.11,8.54,1.09,7.18,,,20250128
6,Linz,Ladies Linz Open,2025-01-28,WTA500,Indoor,Hard,1st Round,3,Sasnovich A.,Zakharova A.,149.0,139.0,487.0,517.0,6.0,3.0,7.0,6.0,,,2.0,0.0,Completed,1.62,2.3,1.74,2.18,1.74,2.3,1.65,2.23,,,20250128
6,Linz,Ladies Linz Open,2025-01-28,WTA500,Indoor,Hard,1st Round,3,Martic P.,Lys E.,125.0,91.0,576.0,806.0,6.0,4.0,5.0,7.0,6.0,3.0,2.0,1.0,Completed,2.5,1.53,2.74,1.5,2.74,1.54,2.57,1.5,,,20250128
6,Linz,Ladies Linz Open,2025-01-28,WTA500,Indoor,Hard,1st Round,3,Yastremska D.,Bronzetti L.,72.0,66.0,904.0,945.0,7.0,6.0,7.0,5.0,,,2.0,0.0,Completed,1.73,2.1,1.81,2.08,1.81,2.12,1.77,2.02,,,20250128
6,Linz,Ladies Linz Open,2025-01-29,WTA500,Indoor,Hard,1st Round,3,Avanesyan E.,Siniakova K.,49.0,53.0,1160.0,1092.0,6.0,3.0,6.0,2.0,,,2.0,0.0,Completed,1.8,2.0,1.67,2.31,1.82,2.31,1.75,2.05,,,20250129
6,Linz,Ladies Linz Open,2025-01-29,WTA500,Indoor,Hard,1st Round,3,Blinkova A.,Kraus S.,83.0,220.0,838.0,324.0,7.0,6.0,6.0,2.0,,,2.0,0.0,Completed,1.5,2.63,1.54,2.61,1.54,2.75,1.49,2.58,,,20250129
6,Linz,Ladies Linz Open,2025-01-29,WTA500,Indoor,Hard,2nd Round,3,Tauson C.,Cirstea S.,39.0,70.0,1331.0,913.0,6.0,2.0,6.0,4.0,,,2.0,0.0,Completed,1.22,4.33,1.28,4.0,1.28,4.6,1.22,4.26,,,20250129
6,Linz,Ladies Linz Open,2025-01-29,WTA500,Indoor,Hard,2nd Round,3,Sakkari M.,Tomova V.,31.0,64.0,1667.0,953.0,6.0,3.0,6.0,2.0,,,2.0,0.0,Completed,1.33,3.4,1.36,3.33,1.37,3.4,1.33,3.26,,,20250129
6,Linz,Ladies Linz Open,2025-01-29,WTA500,Indoor,Hard,2nd Round,3,Potapova A.,Sramkova R.,33.0,44.0,1494.0,1226.0,7.0,6.0,6.0,4.0,,,2.0,0.0,Completed,1.53,2.5,1.65,2.34,1.65,2.52,1.53,2.47,,,20250129
6,Linz,Ladies Linz Open,2025-01-30,WTA500,Indoor,Hard,2nd Round,3,Yastremska D.,Ruzic A.,72.0,168.0,904.0,439.0,7.0,5.0,6.0,1.0,,,2.0,0.0,Completed,1.67,2.2,1.64,2.37,1.69,2.44,1.62,2.26,,,20250130
6,Linz,Ladies Linz Open,2025-01-30,WTA500,Indoor,Hard,2nd Round,3,Martic P.,Avanesyan E.,125.0,49.0,576.0,1160.0,6.0,4.0,4.0,6.0,7.0,5.0,2.0,1.0,Completed,3.2,1.36,2.95,1.44,3.2,1.46,2.97,1.39,,,20250130
6,Linz,Ladies Linz Open,2025-01-30,WTA500,Indoor,Hard,2nd Round,3,Blinkova A.,Svitolina E.,83.0,24.0,838.0,1969.0,6.0,4.0,6.0,4.0,,,2.0,0.0,Completed,3.5,1.3,3.86,1.29,3.92,1.32,3.53,1.29,,,20250130
6,Linz,Ladies Linz Open,2025-01-30,WTA500,Indoor,Hard,2nd Round,3,Muchova K.,Sorribes Tormo S.,19.0,99.0,2149.0,754.0,6.0,2.0,6.0,3.0,,,2.0,0.0,Completed,1.17,5.0,1.2,5.01,1.21,5.42,1.17,4.88,,,20250130
6,Linz,Ladies Linz Open,2025-01-30,WTA500,Indoor,Hard,2nd Round,3,Alexandrova E.,Sasnovich A.,30.0,149.0,1713.0,487.0,6.0,3.0,6.0,2.0,,,2.0,0.0,Completed,1.57,2.38,1.63,2.38,1.67,2.4,1.61,2.29,,,20250130
6,Linz,Ladies Linz Open,2025-01-31,WTA500,Indoor,Hard,Quarterfinals,3,Yastremska D.,Sakkari M.,72.0,31.0,904.0,1667.0,7.0,5.0,6.0,0.0,,,2.0,0.0,Completed,2.2,1.67,2.47,1.61,2.5,1.69,2.26,1.63,,,20250131
6,Linz,Ladies Linz Open,2025-01-31,WTA500,Indoor,Hard,Quarterfinals,3,Tauson C.,Blinkova A.,39.0,83.0,1331.0,838.0,6.0,4.0,6.0,3.0,,,2.0,0.0,Completed,1.36,3.2,1.37,3.39,1.39,3.39,1.36,3.13,,,20250131
6,Linz,Ladies Linz Open,2025-01-31,WTA500,Indoor,Hard,Quarterfinals,3,Muchova K.,Potapova A.,19.0,33.0,2149.0,1494.0,6.0,3.0,3.0,6.0,6.0,3.0,2.0,1.0,Completed,1.2,4.5,1.23,4.73,1.23,4.75,1.21,4.43,,,20250131
6,Linz,Ladies Linz Open,2025-01-31,WTA500,Indoor,Hard,Quarterfinals,3,Alexandrova E.,Martic P.,30.0,125.0,1713.0,576.0,3.0,6.0,6.0,2.0,6.0,2.0,2.0,1.0,Completed,1.36,3.2,1.39,3.25,1.43,3.25,1.37,3.06,,,20250131
6,Linz,Ladies Linz Open,2025-02-01,WTA500,Indoor,Hard,Semifinals,3,Yastremska D.,Tauson C.,72.0,39.0,904.0,1331.0,6.0,1.0,6.0,4.0,,,2.0,0.0,Completed,2.5,1.53,2.35,1.61,2.56,1.61,2.45,1.54,,,20250201
6,Linz,Ladies Linz Open,2025-02-01,WTA500,Indoor,Hard,Semifinals,3,Alexandrova E.,Muchova K.,30.0,19.0,1713.0,2149.0,6.0,0.0,6.0,4.0,,,2.0,0.0,Completed,3.4,1.33,3.22,1.4,3.4,1.4,3.15,1.36,,,20250201
6,Linz,Ladies Linz Open,2025-02-02,WTA500,Indoor,Hard,The Final,3,Alexandrova E.,Yastremska D.,30.0,72.0,1713.0,904.0,6.0,2.0,3.0,6.0,7.0,5.0,2.0,1.0,Completed,1.67,2.2,1.71,2.27,1.77,2.27,1.68,2.19,,,20250202
7,Singapore,Singapore Open,2025-01-27,WTA250,Indoor,Hard,1st Round,3,Osorio M.,Pera B.,55.0,77.0,1061.0,877.0,6.0,1.0,6.0,7.0,6.0,3.0,2.0,1.0,Completed,1.5,2.63,1.6,2.44,1.7,2.77,1.55,2.43,,,20250127
7,Singapore,Singapore Open,2025-01-27,WTA250,Indoor,Hard,1st Round,3,Li A.,Saville D.,85.0,122.0,834.0,587.0,6.0,3.0,6.0,1.0,,,2.0,0.0,Completed,1.5,2.63,1.5,2.71,1.54,2.76,1.49,2.6,,,20250127
7,Singapore,Singapore Open,2025-01-27,WTA250,Indoor,Hard,1st Round,3,Joint M.,Parks A.,109.0,89.0,714.0,809.0,4.0,6.0,6.0,1.0,7.0,5.0,2.0,1.0,Completed,1.8,2.0,1.74,2.18,1.83,2.18,1.74,2.08,,,20250127
7,Singapore,Singapore Open,2025-01-27,WTA250,Indoor,Hard,1st Round,3,Bucsa C.,Raducanu E.,101.0,56.0,750.0,1055.0,5.0,7.0,7.0,5.0,7.0,5.0,2.0,1.0,Completed,4.0,1.25,3.76,1.3,4.0,1.33,3.66,1.28,,,20250127
7,Singapore,Singapore Open,2025-01-27,WTA250,Indoor,Hard,1st Round,3,Sawangkaew M.,Wei S.,132.0,116.0,541.0,640.0,6.0,4.0,7.0,6.0,,,2.0,0.0,Completed,2.3,1.62,2.28,1.68,2.44,1.68,2.24,1.63,,,20250127
7,Singapore,Singapore Open,2025-01-27,WTA250,Indoor,Hard,1st Round,3,Kalinskaya A.,Dolehide C.,18.0,81.0,2207.0,844.0,6.0,4.0,4.0,6.0,6.0,2.0,2.0,1.0,Completed,1.44,2.75,1.44,2.93,1.48,2.98,1.43,2.81,,,20250127
7,Singapore,Singapore Open,2025-01-27,WTA250,Indoor,Hard,1st Round,3,Salkova D.,Andreeva E.,163.0,75.0,449.0,888.0,7.0,6.0,6.0,2.0,,,2.0,0.0,Completed,2.0,1.8,2.0,1.88,2.02,1.95,1.93,1.83,,,20250127
7,Singapore,Singapore Open,2025-01-27,WTA250,Indoor,Hard,1st Round,3,Waltert S.,Tomljanovic A.,179.0,114.0,410.0,667.0,6.0,2.0,6.0,3.0,,,2.0,0.0,Completed,2.1,1.73,2.22,1.71,2.26,1.76,2.13,1.7,,,20250127
7,Singapore,Singapore Open,2025-01-28,WTA250,Indoor,Hard,1st Round,3,Birrell K.,Kudermetova P.,95.0,58.0,780.0,1046.0,6.0,3.0,6.0,2.0,,,2.0,0.0,Completed,2.63,1.5,2.49,1.58,2.63,1.58,2.49,1.51,,,20250128
7,Singapore,Singapore Open,2025-01-28,WTA250,Indoor,Hard,1st Round,3,Baptiste H.,Zarazua R.,93.0,65.0,800.0,950.0,2.0,6.0,6.0,0.0,6.0,3.0,2.0,1.0,Completed,1.91,1.91,1.95,1.92,1.95,1.95,1.87,1.89,,,20250128
7,Singapore,Singapore Open,2025-01-28,WTA250,Indoor,Hard,1st Round,3,Timofeeva M.,Wang Xiy.,254.0,96.0,286.0,766.0,6.0,3.0,7.0,6.0,,,2.0,0.0,Completed,3.2,1.36,3.13,1.4,3.2,1.4,3.11,1.35,,,20250128
7,Singapore,Singapore Open,2025-01-28,WTA250,Indoor,Hard,1st Round,3,Gadecki O.,Uchijima M.,107.0,60.0,725.0,983.0,6.0,1.0,6.0,7.0,6.0,2.0,2.0,1.0,Completed,2.0,1.8,2.12,1.78,2.12,1.89,2.01,1.79,,,20250128
7,Singapore,Singapore Open,2025-01-28,WTA250,Indoor,Hard,1st Round,3,Wang Xin.,Marino R.,35.0,102.0,1413.0,744.0,6.0,4.0,5.0,7.0,7.0,5.0,2.0,1.0,Completed,1.53,2.5,1.54,2.59,1.61,2.59,1.53,2.48,,,20250128
7,Singapore,Singapore Open,2025-01-28,WTA250,Indoor,Hard,1st Round,3,Teichmann J.,Dart H.,128.0,98.0,558.0,755.0,6.0,3.0,6.0,1.0,,,2.0,0.0,Completed,1.67,2.2,1.71,2.22,1.76,2.26,1.69,2.14,,,20250128
7,Singapore,Singapore Open,2025-01-28,WTA250,Indoor,Hard,1st Round,3,Mertens E.,Townsend T.,32.0,82.0,1524.0,843.0,6.0,1.0,6.0,0.0,,,2.0,0.0,Completed,1.36,3.2,1.47,2.82,1.47,3.21,1.38,3.0,,,20250128
7,Singapore,Singapore Open,2025-01-28,WTA250,Indoor,Hard,1st Round,3,Maria T.,Starodubtseva Y.,73.0,111.0,896.0,705.0,2.0,6.0,6.0,1.0,6.0,2.0,2.0,1.0,Completed,2.3,1.62,2.29,1.67,2.35,1.68,2.26,1.62,,,20250128
7,Singapore,Singapore Open,2025-01-29,WTA250,Indoor,Hard,2nd Round,3,Osorio M.,Salkova D.,55.0,163.0,1061.0,449.0,3.0,6.0,6.0,2.0,6.0,4.0,2.0,1.0,Completed,1.53,2.5,1.57,2.55,1.61,2.6,1.54,2.45,,,20250129
7,Singapore,Singapore Open,2025-01-29,WTA250,Indoor,Hard,2nd Round,3,Sawangkaew M.,Bucsa C.,132.0,101.0,541.0,750.0,6.0,4.0,6.0,4.0,,,2.0,0.0,Completed,2.2,1.67,1.98,1.9,2.29,1.9,2.16,1.68,,,20250129
7,Singapore,Singapore Open,2025-01-29,WTA250,Indoor,Hard,2nd Round,3,Kalinskaya A.,Waltert S.,18.0,179.0,2207.0,410.0,6.0,2.0,7.0,6.0,,,2.0,0.0,Completed,1.4,3.0,1.46,2.89,1.46,3.19,1.4,2.91,,,20250129
7,Singapore,Singapore Open,2025-01-29,WTA250,Indoor,Hard,2nd Round,3,Li A.,Timofeeva M.,85.0,254.0,834.0,286.0,6.0,3.0,6.0,2.0,,,2.0,0.0,Completed,1.53,2.5,1.57,2.56,1.62,2.67,1.53,2.49,,,20250129
7,Singapore,Singapore Open,2025-01-30,WTA250,Indoor,Hard,2nd Round,3,Birrell K.,Baptiste H.,95.0,93.0,780.0,800.0,6.0,7.0,6.0,3.0,7.0,5.0,2.0,1.0,Completed,2.0,1.8,1.98,1.91,2.07,1.91,1.97,1.81,,,20250130
7,Singapore,Singapore Open,2025-01-30,WTA250,Indoor,Hard,2nd Round,3,Mertens E.,Maria T.,32.0,73.0,1524.0,896.0,6.0,7.0,6.0,3.0,6.0,1.0,2.0,1.0,Completed,1.22,4.33,1.29,3.94,1.39,4.68,1.24,4.01,,,20250130
7,Singapore,Singapore Open,2025-01-30,WTA250,Indoor,Hard,2nd Round,3,Wang Xin.,Joint M.,35.0,109.0,1413.0,714.0,6.0,4.0,6.0,2.0,,,2.0,0.0,Completed,1.91,1.91,1.99,1.9,2.0,2.03,1.91,1.86,,,20250130
7,Singapore,Singapore Open,2025-01-30,WTA250,Indoor,Hard,2nd Round,3,Teichmann J.,Gadecki O.,128.0,107.0,558.0,725.0,6.0,4.0,6.0,4.0,,,2.0,0.0,Completed,1.57,2.38,1.57,2.54,1.62,2.55,1.55,2.41,,,20250130
7,Singapore,Singapore Open,2025-01-31,WTA250,Indoor,Hard,Quarterfinals,3,Li A.,Birrell K.,85.0,95.0,834.0,780.0,7.0,6.0,7.0,6.0,,,2.0,0.0,Completed,1.57,2.38,1.61,2.49,1.61,2.5,1.56,2.38,,,20250131
7,Singapore,Singapore Open,2025-01-31,WTA250,Indoor,Hard,Quarterfinals,3,Kalinskaya A.,Sawangkaew M.,18.0,132.0,2207.0,541.0,6.0,3.0,4.0,6.0,6.0,0.0,2.0,1.0,Completed,1.36,3.2,1.37,3.4,1.4,3.4,1.37,3.06,,,20250131
7,Singapore,Singapore Open,2025-01-31,WTA250,Indoor,Hard,Quarterfinals,3,Wang Xin.,Teichmann J.,35.0,128.0,1413.0,558.0,6.0,7.0,7.0,6.0,6.0,4.0,2.0,1.0,Completed,1.4,3.0,1.47,2.93,1.47,3.0,1.41,2.87,,,20250131
7,Singapore,Singapore Open,2025-01-31,WTA250,Indoor,Hard,Quarterfinals,3,Mertens E.,Osorio M.,32.0,55.0,1524.0,1061.0,6.0,4.0,6.0,2.0,,,2.0,0.0,Completed,1.4,3.0,1.46,2.96,1.46,3.06,1.41,2.88,,,20250131
7,Singapore,Singapore Open,2025-02-01,WTA250,Indoor,Hard,Semifinals,3,Li A.,Kalinskaya A.,85.0,18.0,834.0,2207.0,7.0,6.0,1.0,0.0,,,1.0,0.0,Retired,2.38,1.57,2.4,1.65,2.53,1.65,2.35,1.58,,,20250201
7,Singapore,Singapore Open,2025-02-01,WTA250,Indoor,Hard,Semifinals,3,Mertens E.,Wang Xin.,32.0,35.0,1524.0,1413.0,6.0,3.0,6.0,4.0,,,2.0,0.0,Completed,1.44,2.75,1.51,2.75,1.51,2.8,1.47,2.67,,,20250201
7,Singapore,Singapore Open,2025-02-02,WTA250,Indoor,Hard,The Final,3,Mertens E.,Li A.,32.0,85.0,1524.0,834.0,6.0,1.0,6.0,4.0,,,2.0,0.0,Completed,1.44,2.75,1.47,2.91,1.5,2.91,1.45,2.73,,,20250202
8,Abu Dhabi,Abu Dhabi WTA Women's Tennis Open,2025-02-03,WTA500,Outdoor,Hard,1st Round,3,Sonobe W.,Yuan Y.,834.0,54.0,30.0,1086.0,6.0,4.0,6.0,3.0,,,2.0,0.0,Completed,2.38,1.57,2.76,1.49,2.76,1.59,2.48,1.53,,,20250203
8,Abu Dhabi,Abu Dhabi WTA Women's Tennis Open,2025-02-03,WTA500,Outdoor,Hard,1st Round,3,Krueger A.,Kessler M.,50.0,52.0,1141.0,1116.0,6.0,3.0,6.0,7.0,6.0,3.0,2.0,1.0,Completed,2.2,1.67,2.22,1.71,2.34,1.72,2.19,1.67,,,20250203
8,Abu Dhabi,Abu Dhabi WTA Women's Tennis Open,2025-02-03,WTA500,Outdoor,Hard,1st Round,3,Volynets K.,Kartal S.,62.0,90.0,966.0,808.0,3.0,6.0,6.0,4.0,6.0,4.0,2.0,1.0,Completed,2.1,1.73,2.18,1.74,2.18,1.82,2.09,1.73,,,20250203
8,Abu Dhabi,Abu Dhabi WTA Women's Tennis Open,2025-02-03,WTA500,Outdoor,Hard,1st Round,3,Sun L.,Garcia C.,45.0,76.0,1223.0,884.0,6.0,1.0,6.0,3.0,,,2.0,0.0,Completed,2.5,1.53,2.52,1.57,2.55,1.64,2.45,1.54,,,20250203
8,Abu Dhabi,Abu Dhabi WTA Women's Tennis Open,2025-02-03,WTA500,Outdoor,Hard,1st Round,3,Kudermetova V.,Samsonova L.,51.0,21.0,1118.0,2130.0,5.0,7.0,6.0,1.0,7.0,6.0,2.0,1.0,Completed,2.1,1.73,2.45,1.59,2.45,1.73,2.21,1.65,,,20250203
8,Abu Dhabi,Abu Dhabi WTA Women's Tennis Open,2025-02-04,WTA500,Outdoor,Hard,1st Round,3,Fernandez L.A.,Uchijima M.,27.0,60.0,1815.0,983.0,7.0,6.0,7.0,6.0,,,2.0,0.0,Completed,1.17,5.0,1.2,5.08,1.2,5.2,1.18,4.78,,,20250204
8,Abu Dhabi,Abu Dhabi WTA Women's Tennis Open,2025-02-04,WTA500,Outdoor,Hard,1st Round,3,Noskova L.,Frech M.,38.0,28.0,1358.0,1800.0,6.0,0.0,6.0,3.0,,,2.0,0.0,Completed,1.73,2.1,1.59,2.48,1.74,2.48,1.67,2.19,,,20250204
8,Abu Dhabi,Abu Dhabi WTA Women's Tennis Open,2025-02-04,WTA500,Outdoor,Hard,1st Round,3,Linette M.,Zarazua R.,37.0,65.0,1376.0,950.0,6.0,4.0,7.0,6.0,,,2.0,0.0,Completed,2.1,1.73,2.2,1.73,2.2,1.8,2.07,1.75,,,20250204
8,Abu Dhabi,Abu Dhabi WTA Women's Tennis Open,2025-02-04,WTA500,Outdoor,Hard,1st Round,3,Bencic B.,Sramkova R.,157.0,44.0,463.0,1226.0,6.0,2.0,3.0,6.0,6.0,1.0,2.0,1.0,Completed,1.2,4.5,1.24,4.45,1.25,4.82,1.21,4.34,,,20250204
8,Abu Dhabi,Abu Dhabi WTA Women's Tennis Open,2025-02-04,WTA500,Outdoor,Hard,1st Round,3,Pavlyuchenkova A.,Kenin S.,23.0,74.0,2035.0,892.0,6.0,3.0,6.0,1.0,,,2.0,0.0,Completed,1.62,2.3,1.68,2.28,1.68,2.3,1.65,2.23,,,20250204
8,Abu Dhabi,Abu Dhabi WTA Women's Tennis Open,2025-02-04,WTA500,Outdoor,Hard,1st Round,3,Vondrousova M.,Raducanu E.,36.0,56.0,1393.0,1055.0,6.0,3.0,6.0,4.0,,,2.0,0.0,Completed,1.73,2.1,1.76,2.2,1.78,2.22,1.71,2.12,,,20250204
8,Abu Dhabi,Abu Dhabi WTA Women's Tennis Open,2025-02-04,WTA500,Outdoor,Hard,1st Round,3,Jabeur O.,Ostapenko J.,34.0,26.0,1454.0,1921.0,7.0,6.0,7.0,5.0,,,2.0,0.0,Completed,1.5,2.63,1.65,2.35,1.7,2.63,1.57,2.4,,,20250204
8,Abu Dhabi,Abu Dhabi WTA Women's Tennis Open,2025-02-05,WTA500,Outdoor,Hard,2nd Round,3,Bencic B.,Kudermetova V.,157.0,51.0,463.0,1118.0,6.0,0.0,6.0,0.0,,,2.0,0.0,Completed,1.57,2.38,1.57,2.55,1.64,2.55,1.56,2.39,,,20250205
8,Abu Dhabi,Abu Dhabi WTA Women's Tennis Open,2025-02-05,WTA500,Outdoor,Hard,2nd Round,3,Vondrousova M.,Putintseva Y.,36.0,20.0,1393.0,2137.0,6.0,2.0,6.0,3.0,,,2.0,0.0,Completed,2.0,1.8,2.08,1.83,2.14,1.83,2.03,1.76,,,20250205
8,Abu Dhabi,Abu Dhabi WTA Women's Tennis Open,2025-02-05,WTA500,Outdoor,Hard,2nd Round,3,Rybakina E.,Volynets K.,5.0,62.0,4893.0,966.0,2.0,6.0,6.0,4.0,6.0,4.0,2.0,1.0,Completed,1.08,8.0,1.09,9.54,1.1,9.54,1.08,7.56,,,20250205
8,Abu Dhabi,Abu Dhabi WTA Women's Tennis Open,2025-02-05,WTA500,Outdoor,Hard,2nd Round,3,Fernandez L.A.,Sun L.,27.0,45.0,1815.0,1223.0,6.0,0.0,6.0,3.0,,,2.0,0.0,Completed,1.33,3.4,1.33,3.58,1.33,3.62,1.32,3.34,,,20250205
8,Abu Dhabi,Abu Dhabi WTA Women's Tennis Open,2025-02-05,WTA500,Outdoor,Hard,2nd Round,3,Krueger A.,Kasatkina D.,50.0,11.0,1141.0,3321.0,1.0,6.0,7.0,5.0,6.0,4.0,2.0,1.0,Completed,2.38,1.57,2.29,1.69,2.53,1.69,2.34,1.58,,,20250205
8,Abu Dhabi,Abu Dhabi WTA Women's Tennis Open,2025-02-05,WTA500,Outdoor,Hard,2nd Round,3,Jabeur O.,Sonobe W.,34.0,834.0,1454.0,30.0,6.0,3.0,6.0,3.0,,,2.0,0.0,Completed,1.29,3.75,1.31,3.79,1.32,3.79,1.28,3.61,,,20250205
8,Abu Dhabi,Abu Dhabi WTA Women's Tennis Open,2025-02-05,WTA500,Outdoor,Hard,2nd Round,3,Noskova L.,Badosa P.,38.0,10.0,1358.0,3608.0,6.0,4.0,6.0,1.0,,,2.0,0.0,Completed,2.37,1.54,2.48,1.6,2.51,1.6,2.4,1.56,,,20250205
8,Abu Dhabi,Abu Dhabi WTA Women's Tennis Open,2025-02-05,WTA500,Outdoor,Hard,2nd Round,3,Linette M.,Pavlyuchenkova A.,37.0,23.0,1376.0,2035.0,5.0,7.0,4.0,1.0,,,0.0,1.0,Retired,3.4,1.33,3.03,1.39,3.4,1.4,3.2,1.34,,,20250205
8,Abu Dhabi,Abu Dhabi WTA Women's Tennis Open,2025-02-06,WTA500,Outdoor,Hard,Quarterfinals,3,Bencic B.,Vondrousova M.,157.0,36.0,463.0,1393.0,7.0,5.0,6.0,3.0,,,2.0,0.0,Completed,1.5,2.5,1.58,2.38,1.63,2.5,1.54,2.42,,,20250206
8,Abu Dhabi,Abu Dhabi WTA Women's Tennis Open,2025-02-06,WTA500,Outdoor,Hard,Quarterfinals,3,Krueger A.,Fernandez L.A.,50.0,27.0,1141.0,1815.0,7.0,5.0,4.0,6.0,6.0,2.0,2.0,1.0,Completed,2.3,1.62,2.4,1.65,2.4,1.7,2.27,1.61,,,20250206
8,Abu Dhabi,Abu Dhabi WTA Women's Tennis Open,2025-02-06,WTA500,Outdoor,Hard,Quarterfinals,3,Rybakina E.,Jabeur O.,5.0,34.0,4893.0,1454.0,6.0,2.0,4.0,6.0,7.0,6.0,2.0,1.0,Completed,1.44,2.75,1.45,2.97,1.45,3.14,1.42,2.83,,,20250206
8,Abu Dhabi,Abu Dhabi WTA Women's Tennis Open,2025-02-06,WTA500,Outdoor,Hard,Quarterfinals,3,Noskova L.,Linette M.,38.0,37.0,1358.0,1376.0,6.0,4.0,6.0,3.0,,,2.0,0.0,Completed,1.29,3.75,1.4,2.83,1.45,3.75,1.31,3.37,,,20250206
8,Abu Dhabi,Abu Dhabi WTA Women's Tennis Open,2025-02-07,WTA500,Outdoor,Hard,Semifinals,3,Krueger A.,Noskova L.,50.0,38.0,1141.0,1358.0,7.0,6.0,6.0,4.0,,,2.0,0.0,Completed,2.5,1.53,2.48,1.5,2.56,1.61,2.45,1.53,,,20250207
8,Abu Dhabi,Abu Dhabi WTA Women's Tennis Open,2025-02-07,WTA500,Outdoor,Hard,Semifinals,3,Bencic B.,Rybakina E.,157.0,5.0,463.0,4893.0,3.0,6.0,6.0,3.0,6.0,4.0,2.0,1.0,Completed,2.3,1.62,2.01,1.75,2.3,1.75,2.19,1.66,,,20250207
8,Abu Dhabi,Abu Dhabi WTA Women's Tennis Open,2025-02-08,WTA500,Outdoor,Hard,The Final,3,Bencic B.,Krueger A.,157.0,50.0,463.0,1141.0,4.0,6.0,6.0,1.0,6.0,1.0,2.0,1.0,Completed,1.44,2.75,1.44,2.83,1.47,2.83,1.43,2.75,,,20250208
9,Cluj-Napoca,Transylvania Open,2025-02-03,WTA250,Indoor,Hard,1st Round,3,Tomova V.,Sherif M.,64.0,63.0,953.0,955.0,3.0,6.0,6.0,4.0,6.0,1.0,2.0,1.0,Completed,1.62,2.3,1.61,2.44,1.64,2.44,1.6,2.32,,,20250203
9,Cluj-Napoca,Transylvania Open,2025-02-03,WTA250,Indoor,Hard,1st Round,3,Lamens S.,Bondar A.,67.0,92.0,943.0,801.0,7.0,6.0,7.0,6.0,,,2.0,0.0,Completed,1.73,2.1,1.78,2.13,1.78,2.2,1.72,2.1,,,20250203
9,Cluj-Napoca,Transylvania Open,2025-02-03,WTA250,Indoor,Hard,1st Round,3,Dolehide C.,Snigur D.,81.0,136.0,844.0,527.0,7.0,5.0,2.0,6.0,6.0,4.0,2.0,1.0,Completed,2.3,1.62,2.35,1.65,2.35,1.67,2.26,1.63,,,20250203
9,Cluj-Napoca,Transylvania Open,2025-02-03,WTA250,Indoor,Hard,1st Round,3,Kalinina A.,Ruse E.G.,48.0,113.0,1171.0,690.0,6.0,2.0,6.0,3.0,,,2.0,0.0,Completed,2.0,1.8,2.11,1.79,2.11,1.95,1.96,1.81,,,20250203
9,Cluj-Napoca,Transylvania Open,2025-02-03,WTA250,Indoor,Hard,1st Round,3,Stakusic M.,Cirstea S.,118.0,70.0,600.0,913.0,6.0,1.0,1.0,6.0,6.0,4.0,2.0,1.0,Completed,2.0,1.8,2.02,1.85,2.05,1.86,2.0,1.78,,,20250203
9,Cluj-Napoca,Transylvania Open,2025-02-04,WTA250,Indoor,Hard,1st Round,3,Potapova A.,Grabher J.,33.0,393.0,1494.0,152.0,6.0,4.0,6.0,0.0,,,2.0,0.0,Completed,1.04,13.0,1.05,14.09,1.05,14.09,1.04,10.88,,,20250204
9,Cluj-Napoca,Transylvania Open,2025-02-04,WTA250,Indoor,Hard,1st Round,3,Golubic V.,Rus A.,110.0,88.0,707.0,814.0,7.0,5.0,4.0,6.0,7.0,6.0,2.0,1.0,Completed,1.4,3.0,1.43,2.97,1.45,3.0,1.4,2.89,,,20250204
9,Cluj-Napoca,Transylvania Open,2025-02-04,WTA250,Indoor,Hard,1st Round,3,Danilovic O.,Parks A.,41.0,89.0,1275.0,809.0,6.0,3.0,6.0,3.0,,,2.0,0.0,Completed,1.62,2.3,1.66,2.33,1.71,2.34,1.63,2.26,,,20250204
9,Cluj-Napoca,Transylvania Open,2025-02-04,WTA250,Indoor,Hard,1st Round,3,Sasnovich A.,Bouzas Maneiro J.,149.0,57.0,487.0,1052.0,6.0,7.0,7.0,5.0,6.0,4.0,2.0,1.0,Completed,2.0,1.8,1.96,1.89,2.06,1.89,1.96,1.83,,,20250204
9,Cluj-Napoca,Transylvania Open,2025-02-04,WTA250,Indoor,Hard,1st Round,3,Cocciaretto E.,Begu I.,59.0,78.0,988.0,876.0,6.0,3.0,7.0,5.0,,,2.0,0.0,Completed,1.73,2.1,1.84,2.04,1.84,2.1,1.76,2.04,,,20250204
9,Cluj-Napoca,Transylvania Open,2025-02-04,WTA250,Indoor,Hard,1st Round,3,Blinkova A.,Sorribes Tormo S.,83.0,99.0,838.0,754.0,6.0,2.0,6.0,2.0,,,2.0,0.0,Completed,1.67,2.2,1.68,2.27,1.72,2.27,1.67,2.17,,,20250204
9,Cluj-Napoca,Transylvania Open,2025-02-04,WTA250,Indoor,Hard,1st Round,3,Bogdan A.,Burrage J.,119.0,150.0,597.0,485.0,6.0,2.0,6.0,3.0,,,2.0,0.0,Completed,1.62,2.3,1.66,2.32,1.68,2.32,1.63,2.24,,,20250204
9,Cluj-Napoca,Transylvania Open,2025-02-04,WTA250,Indoor,Hard,1st Round,3,Stearns P.,Gracheva V.,46.0,69.0,1198.0,925.0,2.0,6.0,6.0,2.0,6.0,2.0,2.0,1.0,Completed,1.44,2.75,1.4,3.12,1.45,3.14,1.41,2.87,,,20250204
9,Cluj-Napoca,Transylvania Open,2025-02-04,WTA250,Indoor,Hard,1st Round,3,Bronzetti L.,Halep S.,66.0,868.0,945.0,27.0,6.0,1.0,6.0,1.0,,,2.0,0.0,Completed,1.8,2.0,1.71,2.22,1.82,2.22,1.73,2.08,,,20250204
9,Cluj-Napoca,Transylvania Open,2025-02-05,WTA250,Indoor,Hard,1st Round,3,Siniakova K.,Jones F.,53.0,154.0,1092.0,474.0,6.0,4.0,6.0,7.0,6.0,4.0,2.0,1.0,Completed,1.36,3.2,1.45,2.89,1.45,3.5,1.34,3.19,,,20250205
9,Cluj-Napoca,Transylvania Open,2025-02-05,WTA250,Indoor,Hard,1st Round,3,Seidel E.,Cristian J.,145.0,61.0,505.0,967.0,6.0,4.0,6.0,2.0,,,2.0,0.0,Completed,2.1,1.73,2.2,1.72,2.21,1.73,2.11,1.7,,,20250205
9,Cluj-Napoca,Transylvania Open,2025-02-05,WTA250,Indoor,Hard,2nd Round,3,Kalinina A.,Lamens S.,48.0,67.0,1171.0,943.0,1.0,6.0,6.0,4.0,6.0,4.0,2.0,1.0,Completed,1.44,2.75,1.5,2.74,1.53,2.78,1.46,2.67,,,20250205
9,Cluj-Napoca,Transylvania Open,2025-02-05,WTA250,Indoor,Hard,2nd Round,3,Sasnovich A.,Stakusic M.,149.0,118.0,487.0,600.0,6.0,3.0,7.0,5.0,,,2.0,0.0,Completed,1.77,2.0,1.76,2.14,1.83,2.14,1.75,2.05,,,20250205
9,Cluj-Napoca,Transylvania Open,2025-02-05,WTA250,Indoor,Hard,2nd Round,3,Tomova V.,Danilovic O.,64.0,41.0,953.0,1275.0,7.0,5.0,7.0,5.0,,,2.0,0.0,Completed,3.5,1.3,3.71,1.31,3.75,1.34,3.51,1.29,,,20250205
9,Cluj-Napoca,Transylvania Open,2025-02-06,WTA250,Indoor,Hard,2nd Round,3,Siniakova K.,Dolehide C.,53.0,81.0,1092.0,844.0,2.0,6.0,6.0,1.0,6.0,4.0,2.0,1.0,Completed,1.5,2.63,1.56,2.55,1.56,2.75,1.51,2.53,,,20250206
9,Cluj-Napoca,Transylvania Open,2025-02-06,WTA250,Indoor,Hard,2nd Round,3,Potapova A.,Golubic V.,33.0,110.0,1494.0,707.0,6.0,4.0,7.0,5.0,,,2.0,0.0,Completed,1.44,2.75,1.43,2.98,1.45,2.98,1.43,2.74,,,20250206
9,Cluj-Napoca,Transylvania Open,2025-02-06,WTA250,Indoor,Hard,2nd Round,3,Seidel E.,Blinkova A.,145.0,83.0,505.0,838.0,6.0,2.0,7.0,6.0,,,2.0,0.0,Completed,2.38,1.57,2.47,1.59,2.47,1.62,2.36,1.57,,,20250206
9,Cluj-Napoca,Transylvania Open,2025-02-06,WTA250,Indoor,Hard,2nd Round,3,Bronzetti L.,Stearns P.,66.0,46.0,945.0,1198.0,6.0,2.0,7.0,6.0,,,2.0,0.0,Completed,2.38,1.57,2.48,1.58,2.53,1.65,2.35,1.58,,,20250206
9,Cluj-Napoca,Transylvania Open,2025-02-06,WTA250,Indoor,Hard,2nd Round,3,Cocciaretto E.,Bogdan A.,59.0,119.0,988.0,597.0,6.0,3.0,6.0,0.0,,,2.0,0.0,Completed,2.2,1.67,2.28,1.68,2.28,1.74,2.14,1.68,,,20250206
9,Cluj-Napoca,Transylvania Open,2025-02-07,WTA250,Indoor,Hard,Quarterfinals,3,Sasnovich A.,Kalinina A.,149.0,48.0,487.0,1171.0,2.0,6.0,6.0,4.0,7.0,6.0,2.0,1.0,Completed,2.3,1.62,2.48,1.61,2.48,1.63,2.33,1.59,,,20250207
9,Cluj-Napoca,Transylvania Open,2025-02-07,WTA250,Indoor,Hard,Quarterfinals,3,Siniakova K.,Tomova V.,53.0,64.0,1092.0,953.0,6.0,3.0,7.0,6.0,,,2.0,0.0,Completed,1.4,3.0,1.49,2.85,1.49,3.0,1.43,2.8,,,20250207
9,Cluj-Napoca,Transylvania Open,2025-02-07,WTA250,Indoor,Hard,Quarterfinals,3,Potapova A.,Seidel E.,33.0,145.0,1494.0,505.0,6.0,2.0,6.0,3.0,,,2.0,0.0,Completed,1.53,2.5,1.58,2.55,1.63,2.55,1.56,2.4,,,20250207
9,Cluj-Napoca,Transylvania Open,2025-02-07,WTA250,Indoor,Hard,Quarterfinals,3,Bronzetti L.,Cocciaretto E.,66.0,59.0,945.0,988.0,6.0,1.0,6.0,4.0,,,2.0,0.0,Completed,1.73,2.1,1.79,2.14,1.8,2.2,1.73,2.08,,,20250207
9,Cluj-Napoca,Transylvania Open,2025-02-08,WTA250,Indoor,Hard,Semifinals,3,Potapova A.,Sasnovich A.,33.0,149.0,1494.0,487.0,6.0,3.0,7.0,5.0,,,2.0,0.0,Completed,1.4,3.0,1.4,3.23,1.42,3.39,1.37,3.02,,,20250208
9,Cluj-Napoca,Transylvania Open,2025-02-08,WTA250,Indoor,Hard,Semifinals,3,Bronzetti L.,Siniakova K.,66.0,53.0,945.0,1092.0,4.0,0.0,,,,,0.0,0.0,Retired,1.91,1.91,1.94,1.94,1.94,2.01,1.83,1.95,,,20250208
9,Cluj-Napoca,Transylvania Open,2025-02-09,WTA250,Indoor,Hard,The Final,3,Potapova A.,Bronzetti L.,33.0,66.0,1494.0,945.0,4.0,6.0,6.0,1.0,6.0,2.0,2.0,1.0,Completed,1.53,2.5,1.55,2.63,1.57,2.63,1.53,2.48,,,20250209
10,Doha,Qatar Open,2025-02-09,WTA1000,Outdoor,Hard,1st Round,3,Bucsa C.,Kalinskaya A.,116.0,18.0,659.0,2304.0,6.0,7.0,7.0,5.0,6.0,4.0,2.0,1.0,Completed,2.75,1.44,2.72,1.5,2.98,1.5,2.8,1.42,,,20250209
10,Doha,Qatar Open,2025-02-09,WTA1000,Outdoor,Hard,1st Round,3,Parks A.,Shnaider D.,90.0,13.0,809.0,2873.0,6.0,4.0,7.0,6.0,,,2.0,0.0,Completed,3.4,1.33,3.39,1.35,3.5,1.36,3.26,1.33,,,20250209
10,Doha,Qatar Open,2025-02-09,WTA1000,Outdoor,Hard,1st Round,3,Garcia C.,Yuan Y.,76.0,51.0,884.0,1146.0,6.0,1.0,7.0,6.0,,,2.0,0.0,Completed,2.1,1.73,2.07,1.81,2.1,1.82,2.06,1.74,,,20250209
10,Doha,Qatar Open,2025-02-09,WTA1000,Outdoor,Hard,1st Round,3,Sakkari M.,Ruse E.G.,29.0,111.0,1774.0,690.0,4.0,6.0,6.0,3.0,4.0,0.0,1.0,1.0,Retired,1.67,2.2,1.72,2.21,1.72,2.32,1.66,2.2,,,20250209
10,Doha,Qatar Open,2025-02-09,WTA1000,Outdoor,Hard,1st Round,3,Mertens E.,Tauson C.,32.0,39.0,1666.0,1413.0,6.0,0.0,,,,,1.0,0.0,Retired,1.69,2.1,1.76,2.15,1.88,2.15,1.74,2.06,,,20250209
10,Doha,Qatar Open,2025-02-09,WTA1000,Outdoor,Hard,1st Round,3,Fernandez L.A.,Minnen G.,27.0,88.0,1869.0,823.0,6.0,1.0,6.0,2.0,,,2.0,0.0,Completed,1.29,3.75,1.33,3.51,1.33,3.75,1.3,3.47,,,20250209
10,Doha,Qatar Open,2025-02-09,WTA1000,Outdoor,Hard,1st Round,3,Kostyuk M.,Sonmez Z.,21.0,94.0,2064.0,789.0,6.0,3.0,6.0,3.0,,,2.0,0.0,Completed,1.3,3.5,1.35,3.41,1.35,3.53,1.31,3.37,,,20250209
10,Doha,Qatar Open,2025-02-09,WTA1000,Outdoor,Hard,1st Round,3,Samsonova L.,Sun L.,23.0,43.0,1945.0,1282.0,6.0,3.0,6.0,3.0,,,2.0,0.0,Completed,1.22,4.0,1.3,3.76,1.3,4.0,1.27,3.65,,,20250209
10,Doha,Qatar Open,2025-02-09,WTA1000,Outdoor,Hard,1st Round,3,Andreeva M.,Volynets K.,15.0,64.0,2665.0,968.0,4.0,6.0,7.0,6.0,6.0,4.0,2.0,1.0,Completed,1.3,3.5,1.33,3.54,1.33,3.65,1.3,3.43,,,20250209
10,Doha,Qatar Open,2025-02-09,WTA1000,Outdoor,Hard,1st Round,3,Avanesyan E.,Wang Xin.,48.0,38.0,1190.0,1413.0,7.0,6.0,1.0,6.0,7.0,6.0,2.0,1.0,Completed,1.8,2.0,1.81,2.08,1.87,2.08,1.8,1.99,,,20250209
10,Doha,Qatar Open,2025-02-09,WTA1000,Outdoor,Hard,1st Round,3,Frech M.,Haddad Maia B.,28.0,16.0,1800.0,2369.0,6.0,4.0,3.0,6.0,6.0,2.0,2.0,1.0,Completed,2.2,1.67,2.21,1.72,2.22,1.73,2.16,1.69,,,20250209
10,Doha,Qatar Open,2025-02-09,WTA1000,Outdoor,Hard,1st Round,3,Alexandrova E.,Raducanu E.,26.0,60.0,1888.0,997.0,6.0,3.0,7.0,5.0,,,2.0,0.0,Completed,1.73,2.1,1.74,2.18,1.8,2.18,1.73,2.08,,,20250209
10,Doha,Qatar Open,2025-02-09,WTA1000,Outdoor,Hard,1st Round,3,Anisimova A.,Azarenka V.,41.0,30.0,1316.0,1762.0,6.0,3.0,7.0,5.0,,,2.0,0.0,Completed,1.73,2.1,1.78,2.12,1.81,2.12,1.76,2.04,,,20250209
10,Doha,Qatar Open,2025-02-10,WTA1000,Outdoor,Hard,1st Round,3,Noskova L.,Vekic D.,33.0,19.0,1528.0,2273.0,6.0,2.0,6.0,4.0,,,2.0,0.0,Completed,1.53,2.5,1.58,2.49,1.58,2.52,1.54,2.45,,,20250210
10,Doha,Qatar Open,2025-02-10,WTA1000,Outdoor,Hard,1st Round,3,Sramkova R.,Kalinina A.,46.0,50.0,1236.0,1165.0,6.0,2.0,6.0,3.0,,,2.0,0.0,Completed,1.8,2.0,1.89,1.97,1.91,2.02,1.84,1.93,,,20250210
10,Doha,Qatar Open,2025-02-10,WTA1000,Outdoor,Hard,1st Round,3,Kenin S.,Krueger A.,73.0,40.0,903.0,1381.0,6.0,4.0,6.0,4.0,,,2.0,0.0,Completed,2.1,1.73,2.22,1.71,2.23,1.8,2.12,1.71,,,20250210
10,Doha,Qatar Open,2025-02-10,WTA1000,Outdoor,Hard,1st Round,3,Putintseva Y.,Uchijima M.,20.0,63.0,2093.0,969.0,6.0,2.0,6.0,7.0,6.0,3.0,2.0,1.0,Completed,1.2,4.5,1.23,4.58,1.23,5.0,1.2,4.47,,,20250210
10,Doha,Qatar Open,2025-02-10,WTA1000,Outdoor,Hard,1st Round,3,Ostapenko J.,Ito A.,37.0,120.0,1422.0,636.0,6.0,2.0,6.0,1.0,,,2.0,0.0,Completed,1.44,2.75,1.48,2.78,1.5,2.9,1.44,2.74,,,20250210
10,Doha,Qatar Open,2025-02-10,WTA1000,Outdoor,Hard,1st Round,3,Kasatkina D.,Kudermetova P.,12.0,59.0,3056.0,999.0,6.0,0.0,6.0,0.0,,,2.0,0.0,Completed,1.3,3.5,1.31,3.68,1.31,3.68,1.3,3.47,,,20250210
10,Doha,Qatar Open,2025-02-10,WTA1000,Outdoor,Hard,1st Round,3,Linette M.,Kudermetova V.,36.0,52.0,1424.0,1131.0,3.0,6.0,6.0,0.0,6.0,4.0,2.0,1.0,Completed,2.63,1.5,2.78,1.48,2.78,1.52,2.62,1.48,,,20250210
10,Doha,Qatar Open,2025-02-10,WTA1000,Outdoor,Hard,1st Round,3,Stearns P.,Yastremska D.,47.0,49.0,1201.0,1169.0,7.0,5.0,6.0,3.0,,,2.0,0.0,Completed,2.1,1.73,2.13,1.78,2.14,1.8,2.08,1.73,,,20250210
10,Doha,Qatar Open,2025-02-10,WTA1000,Outdoor,Hard,1st Round,3,Svitolina E.,Vondrousova M.,22.0,34.0,1970.0,1501.0,0.0,6.0,6.0,2.0,7.0,5.0,2.0,1.0,Completed,2.1,1.73,2.13,1.77,2.15,1.85,2.06,1.74,,,20250210
10,Doha,Qatar Open,2025-02-10,WTA1000,Outdoor,Hard,1st Round,3,Jabeur O.,Kessler M.,35.0,55.0,1454.0,1066.0,6.0,2.0,6.0,0.0,,,2.0,0.0,Completed,1.44,2.75,1.53,2.54,1.53,2.81,1.46,2.66,,,20250210
10,Doha,Qatar Open,2025-02-10,WTA1000,Outdoor,Hard,1st Round,3,Badosa P.,Zarazua R.,10.0,68.0,3588.0,954.0,6.0,3.0,4.0,6.0,6.0,2.0,2.0,1.0,Completed,1.17,5.0,1.14,6.39,1.22,6.5,1.16,5.19,,,20250210
10,Doha,Qatar Open,2025-02-10,WTA1000,Outdoor,Hard,2nd Round,3,Swiatek I.,Sakkari M.,2.0,29.0,8770.0,1774.0,6.0,3.0,6.0,2.0,,,2.0,0.0,Completed,1.04,13.0,1.05,15.62,1.05,15.62,1.04,10.97,,,20250210
10,Doha,Qatar Open,2025-02-10,WTA1000,Outdoor,Hard,2nd Round,3,Fernandez L.A.,Navarro E.,27.0,9.0,1869.0,3709.0,6.0,2.0,6.0,2.0,,,2.0,0.0,Completed,2.0,1.8,1.99,1.89,2.07,1.89,1.99,1.8,,,20250210
10,Doha,Qatar Open,2025-02-11,WTA1000,Outdoor,Hard,2nd Round,3,Paolini J.,Garcia C.,4.0,76.0,5288.0,884.0,6.0,3.0,6.0,4.0,,,2.0,0.0,Completed,1.44,2.75,1.43,2.97,1.45,2.98,1.42,2.81,,,20250211
10,Doha,Qatar Open,2025-02-11,WTA1000,Outdoor,Hard,2nd Round,3,Kenin S.,Parks A.,73.0,90.0,903.0,809.0,7.0,6.0,3.0,6.0,6.0,2.0,2.0,1.0,Completed,1.53,2.5,1.62,2.44,1.62,2.55,1.54,2.44,,,20250211
10,Doha,Qatar Open,2025-02-11,WTA1000,Outdoor,Hard,2nd Round,3,Mertens E.,Bucsa C.,32.0,116.0,1666.0,659.0,6.0,2.0,6.0,3.0,,,2.0,0.0,Completed,1.17,5.0,1.2,5.2,1.21,5.28,1.17,4.79,,,20250211
10,Doha,Qatar Open,2025-02-11,WTA1000,Outdoor,Hard,2nd Round,3,Noskova L.,Putintseva Y.,33.0,20.0,1528.0,2093.0,6.0,2.0,6.0,3.0,,,2.0,0.0,Completed,1.57,2.38,1.69,2.29,1.69,2.45,1.59,2.32,,,20250211
10,Doha,Qatar Open,2025-02-11,WTA1000,Outdoor,Hard,2nd Round,3,Ostapenko J.,Samsonova L.,37.0,23.0,1422.0,1945.0,7.0,6.0,7.0,5.0,,,2.0,0.0,Completed,1.91,1.91,1.96,1.93,1.96,2.22,1.88,1.9,,,20250211
10,Doha,Qatar Open,2025-02-11,WTA1000,Outdoor,Hard,2nd Round,3,Kostyuk M.,Gauff C.,21.0,3.0,2064.0,6538.0,6.0,2.0,7.0,5.0,,,2.0,0.0,Completed,4.5,1.2,4.24,1.2,5.25,1.27,4.44,1.19,,,20250211
10,Doha,Qatar Open,2025-02-11,WTA1000,Outdoor,Hard,2nd Round,3,Rybakina E.,Stearns P.,7.0,47.0,4588.0,1201.0,6.0,2.0,6.0,4.0,,,2.0,0.0,Completed,1.2,4.5,1.2,5.17,1.22,5.17,1.19,4.51,,,20250211
10,Doha,Qatar Open,2025-02-11,WTA1000,Outdoor,Hard,2nd Round,3,Sramkova R.,Andreeva M.,46.0,15.0,1236.0,2665.0,3.0,6.0,6.0,3.0,7.0,5.0,2.0,1.0,Completed,4.33,1.22,4.63,1.23,4.63,1.23,4.23,1.21,,,20250211
10,Doha,Qatar Open,2025-02-11,WTA1000,Outdoor,Hard,2nd Round,3,Pegula J.,Svitolina E.,5.0,22.0,4861.0,1970.0,6.0,3.0,7.0,6.0,,,2.0,0.0,Completed,1.62,2.3,1.65,2.36,1.65,2.42,1.6,2.31,,,20250211
10,Doha,Qatar Open,2025-02-11,WTA1000,Outdoor,Hard,2nd Round,3,Jabeur O.,Zheng Q.,35.0,8.0,1454.0,4095.0,6.0,4.0,6.0,2.0,,,2.0,0.0,Completed,2.38,1.57,2.57,1.56,2.57,1.6,2.41,1.55,,,20250211
10,Doha,Qatar Open,2025-02-11,WTA1000,Outdoor,Hard,2nd Round,3,Alexandrova E.,Sabalenka A.,26.0,1.0,1888.0,8956.0,3.0,6.0,6.0,3.0,7.0,6.0,2.0,1.0,Completed,5.0,1.17,3.84,1.23,5.05,1.23,4.55,1.19,,,20250211
10,Doha,Qatar Open,2025-02-11,WTA1000,Outdoor,Hard,2nd Round,3,Kasatkina D.,Avanesyan E.,12.0,48.0,3056.0,1190.0,6.0,2.0,6.0,3.0,,,2.0,0.0,Completed,1.4,3.0,1.39,3.24,1.46,3.24,1.4,2.9,,,20250211
10,Doha,Qatar Open,2025-02-11,WTA1000,Outdoor,Hard,2nd Round,3,Linette M.,Frech M.,36.0,28.0,1424.0,1800.0,7.0,5.0,5.0,7.0,6.0,4.0,2.0,1.0,Completed,2.0,1.8,1.98,1.91,2.05,1.91,1.97,1.81,,,20250211
10,Doha,Qatar Open,2025-02-11,WTA1000,Outdoor,Hard,2nd Round,3,Anisimova A.,Badosa P.,41.0,10.0,1316.0,3588.0,6.0,4.0,6.0,3.0,,,2.0,0.0,Completed,2.5,1.53,2.72,1.51,2.79,1.58,2.49,1.52,,,20250211
10,Doha,Qatar Open,2025-02-12,WTA1000,Outdoor,Hard,3rd Round,3,Rybakina E.,Sramkova R.,7.0,46.0,4588.0,1236.0,7.0,6.0,6.0,2.0,,,2.0,0.0,Completed,1.17,5.0,1.18,5.56,1.19,5.64,1.16,5.02,,,20250212
10,Doha,Qatar Open,2025-02-12,WTA1000,Outdoor,Hard,3rd Round,3,Ostapenko J.,Paolini J.,37.0,4.0,1422.0,5288.0,6.0,2.0,6.0,2.0,,,2.0,0.0,Completed,2.3,1.62,2.46,1.61,2.46,1.64,2.31,1.59,,,20250212
10,Doha,Qatar Open,2025-02-12,WTA1000,Outdoor,Hard,3rd Round,3,Pegula J.,Kasatkina D.,5.0,12.0,4861.0,3056.0,6.0,3.0,7.0,5.0,,,2.0,0.0,Completed,1.53,2.5,1.57,2.55,1.58,2.63,1.52,2.48,,,20250212
10,Doha,Qatar Open,2025-02-12,WTA1000,Outdoor,Hard,3rd Round,3,Kostyuk M.,Linette M.,21.0,36.0,2064.0,1424.0,6.0,4.0,6.0,2.0,,,2.0,0.0,Completed,1.33,3.4,1.38,3.29,1.38,3.41,1.33,3.23,,,20250212
10,Doha,Qatar Open,2025-02-12,WTA1000,Outdoor,Hard,3rd Round,3,Swiatek I.,Noskova L.,2.0,33.0,8770.0,1528.0,6.0,7.0,6.0,4.0,6.0,4.0,2.0,1.0,Completed,1.2,4.5,1.22,3.98,1.25,4.54,1.22,4.1,,,20250212
10,Doha,Qatar Open,2025-02-12,WTA1000,Outdoor,Hard,3rd Round,3,Alexandrova E.,Mertens E.,26.0,32.0,1888.0,1666.0,6.0,4.0,6.0,2.0,,,2.0,0.0,Completed,2.3,1.62,2.4,1.63,2.44,1.67,2.3,1.6,,,20250212
10,Doha,Qatar Open,2025-02-12,WTA1000,Outdoor,Hard,3rd Round,3,Jabeur O.,Kenin S.,35.0,73.0,1454.0,903.0,6.0,3.0,6.0,4.0,,,2.0,0.0,Completed,1.3,3.5,1.38,3.3,1.38,3.5,1.34,3.21,,,20250212
10,Doha,Qatar Open,2025-02-12,WTA1000,Outdoor,Hard,3rd Round,3,Anisimova A.,Fernandez L.A.,41.0,27.0,1316.0,1869.0,6.0,3.0,6.0,0.0,,,2.0,0.0,Completed,1.91,1.91,2.02,1.87,2.02,1.92,1.9,1.89,,,20250212
10,Doha,Qatar Open,2025-02-13,WTA1000,Outdoor,Hard,Quarterfinals,3,Alexandrova E.,Pegula J.,26.0,5.0,1888.0,4861.0,4.0,6.0,6.0,1.0,6.0,1.0,2.0,1.0,Completed,2.3,1.62,2.39,1.65,2.45,1.75,2.28,1.61,,,20250213
10,Doha,Qatar Open,2025-02-13,WTA1000,Outdoor,Hard,Quarterfinals,3,Swiatek I.,Rybakina E.,2.0,7.0,8770.0,4588.0,6.0,2.0,7.0,5.0,,,2.0,0.0,Completed,1.53,2.5,1.59,2.39,1.62,2.58,1.54,2.43,,,20250213
10,Doha,Qatar Open,2025-02-13,WTA1000,Outdoor,Hard,Quarterfinals,3,Ostapenko J.,Jabeur O.,37.0,35.0,1422.0,1454.0,6.0,2.0,6.0,2.0,,,2.0,0.0,Completed,2.3,1.62,2.42,1.64,2.43,1.69,2.25,1.63,,,20250213
10,Doha,Qatar Open,2025-02-13,WTA1000,Outdoor,Hard,Quarterfinals,3,Anisimova A.,Kostyuk M.,41.0,21.0,1316.0,2064.0,4.0,6.0,7.0,5.0,6.0,4.0,2.0,1.0,Completed,1.62,2.3,1.72,2.25,1.73,2.3,1.65,2.22,,,20250213
10,Doha,Qatar Open,2025-02-14,WTA1000,Outdoor,Hard,Semifinals,3,Ostapenko J.,Swiatek I.,37.0,2.0,1422.0,8770.0,6.0,3.0,6.0,1.0,,,2.0,0.0,Completed,3.2,1.36,3.3,1.3,3.4,1.36,3.2,1.33,,,20250214
10,Doha,Qatar Open,2025-02-14,WTA1000,Outdoor,Hard,Semifinals,3,Anisimova A.,Alexandrova E.,41.0,26.0,1316.0,1888.0,6.0,3.0,6.0,3.0,,,2.0,0.0,Completed,2.1,1.73,2.06,1.85,2.23,1.85,2.09,1.72,,,20250214
10,Doha,Qatar Open,2025-02-15,WTA1000,Outdoor,Hard,The Final,3,Anisimova A.,Ostapenko J.,41.0,37.0,1316.0,1422.0,6.0,4.0,6.0,3.0,,,2.0,0.0,Completed,2.2,1.67,2.22,1.74,2.35,1.74,2.19,1.66,,,20250215
11,Dubai,Dubai Duty Free Tennis Championships,2025-02-16,WTA1000,Outdoor,Hard,1st Round,3,Parks A.,Wang Xin.,74.0,41.0,902.0,1373.0,6.0,3.0,6.0,3.0,,,2.0,0.0,Completed,2.1,1.73,2.25,1.71,2.25,1.76,2.14,1.7,,,20250216
11,Dubai,Dubai Duty Free Tennis Championships,2025-02-16,WTA1000,Outdoor,Hard,1st Round,3,Badosa P.,Sun L.,10.0,45.0,3588.0,1242.0,6.0,3.0,6.0,4.0,,,2.0,0.0,Completed,1.17,5.0,1.16,6.0,1.2,6.0,1.16,5.09,,,20250216
11,Dubai,Dubai Duty Free Tennis Championships,2025-02-16,WTA1000,Outdoor,Hard,1st Round,3,Mertens E.,Fernandez L.A.,31.0,30.0,1721.0,1774.0,6.0,2.0,6.0,2.0,,,2.0,0.0,Completed,2.2,1.67,2.01,1.79,2.22,1.94,2.04,1.76,,,20250216
11,Dubai,Dubai Duty Free Tennis Championships,2025-02-16,WTA1000,Outdoor,Hard,1st Round,3,Yastremska D.,Linette M.,48.0,37.0,1169.0,1479.0,6.0,3.0,7.0,5.0,,,2.0,0.0,Completed,1.73,2.1,1.76,2.16,1.78,2.16,1.73,2.09,,,20250216
11,Dubai,Dubai Duty Free Tennis Championships,2025-02-16,WTA1000,Outdoor,Hard,1st Round,3,Kenin S.,Vekic D.,56.0,20.0,1013.0,2273.0,7.0,5.0,6.0,3.0,,,2.0,0.0,Completed,1.87,1.87,1.96,1.93,1.96,2.01,1.88,1.91,,,20250216
11,Dubai,Dubai Duty Free Tennis Championships,2025-02-16,WTA1000,Outdoor,Hard,1st Round,3,Noskova L.,Putintseva Y.,35.0,23.0,1528.0,2148.0,6.0,2.0,7.0,6.0,,,2.0,0.0,Completed,1.37,3.0,1.4,2.82,1.42,3.75,1.36,3.08,,,20250216
11,Dubai,Dubai Duty Free Tennis Championships,2025-02-16,WTA1000,Outdoor,Hard,1st Round,3,Bencic B.,Ito A.,66.0,116.0,963.0,657.0,6.0,0.0,6.0,2.0,,,2.0,0.0,Completed,1.13,6.0,1.15,6.36,1.15,6.47,1.13,5.95,,,20250216
11,Dubai,Dubai Duty Free Tennis Championships,2025-02-16,WTA1000,Outdoor,Hard,1st Round,3,Samsonova L.,Pavlyuchenkova A.,25.0,36.0,2000.0,1510.0,6.0,2.0,6.0,2.0,,,2.0,0.0,Completed,2.0,1.8,2.07,1.83,2.07,1.86,1.98,1.81,,,20250216
11,Dubai,Dubai Duty Free Tennis Championships,2025-02-16,WTA1000,Outdoor,Hard,1st Round,3,Vondrousova M.,Garcia C.,39.0,70.0,1391.0,939.0,6.0,2.0,6.0,2.0,,,2.0,0.0,Completed,1.3,3.5,1.33,3.59,1.33,3.74,1.3,3.47,,,20250216
11,Dubai,Dubai Duty Free Tennis Championships,2025-02-16,WTA1000,Outdoor,Hard,1st Round,3,Muchova K.,Lamens S.,17.0,67.0,2344.0,962.0,6.0,2.0,6.0,2.0,,,2.0,0.0,Completed,1.2,4.5,1.24,4.55,1.24,4.55,1.21,4.34,,,20250216
11,Dubai,Dubai Duty Free Tennis Championships,2025-02-16,WTA1000,Outdoor,Hard,1st Round,3,Svitolina E.,Kalinskaya A.,24.0,19.0,2035.0,2304.0,6.0,1.0,6.0,2.0,,,2.0,0.0,Completed,1.44,2.75,1.44,2.97,1.47,2.97,1.44,2.77,,,20250216
11,Dubai,Dubai Duty Free Tennis Championships,2025-02-16,WTA1000,Outdoor,Hard,1st Round,3,Raducanu E.,Sakkari M.,61.0,29.0,997.0,1829.0,6.0,4.0,6.0,2.0,,,2.0,0.0,Completed,1.67,2.2,1.7,2.27,1.73,2.27,1.66,2.19,,,20250216
11,Dubai,Dubai Duty Free Tennis Championships,2025-02-17,WTA1000,Outdoor,Hard,1st Round,3,Potapova A.,Haddad Maia B.,33.0,16.0,1619.0,2369.0,6.0,3.0,6.0,0.0,,,2.0,0.0,Completed,1.62,2.3,1.62,2.44,1.64,2.44,1.6,2.31,,,20250217
11,Dubai,Dubai Duty Free Tennis Championships,2025-02-17,WTA1000,Outdoor,Hard,1st Round,3,Lys E.,Begu I.,87.0,78.0,807.0,877.0,5.0,7.0,7.0,5.0,6.0,3.0,2.0,1.0,Completed,1.5,2.63,1.54,2.64,1.55,2.66,1.5,2.55,,,20250217
11,Dubai,Dubai Duty Free Tennis Championships,2025-02-17,WTA1000,Outdoor,Hard,1st Round,3,Shnaider D.,Frech M.,13.0,28.0,2853.0,1835.0,6.0,2.0,6.0,2.0,,,2.0,0.0,Completed,1.5,2.63,1.51,2.72,1.52,2.75,1.49,2.6,,,20250217
11,Dubai,Dubai Duty Free Tennis Championships,2025-02-17,WTA1000,Outdoor,Hard,1st Round,3,Cirstea S.,Kasatkina D.,89.0,11.0,801.0,3116.0,6.0,1.0,6.0,4.0,,,2.0,0.0,Completed,4.5,1.2,4.94,1.21,5.0,1.23,4.61,1.19,,,20250217
11,Dubai,Dubai Duty Free Tennis Championships,2025-02-17,WTA1000,Outdoor,Hard,1st Round,3,Kostyuk M.,Siniakova K.,21.0,58.0,2214.0,1010.0,6.0,3.0,6.0,4.0,,,2.0,0.0,Completed,1.5,2.63,1.5,2.77,1.53,2.77,1.48,2.61,,,20250217
11,Dubai,Dubai Duty Free Tennis Championships,2025-02-17,WTA1000,Outdoor,Hard,1st Round,3,Tauson C.,Sramkova R.,38.0,42.0,1421.0,1355.0,7.0,6.0,6.0,0.0,,,2.0,0.0,Completed,1.62,2.3,1.68,2.3,1.72,2.39,1.63,2.26,,,20250217
11,Dubai,Dubai Duty Free Tennis Championships,2025-02-17,WTA1000,Outdoor,Hard,1st Round,3,Azarenka V.,Kalinina A.,34.0,51.0,1557.0,1110.0,2.0,6.0,7.0,6.0,6.0,4.0,2.0,1.0,Completed,1.62,2.3,1.68,2.32,1.69,2.4,1.62,2.26,,,20250217
11,Dubai,Dubai Duty Free Tennis Championships,2025-02-17,WTA1000,Outdoor,Hard,1st Round,3,Uchijima M.,Ostapenko J.,62.0,26.0,997.0,1952.0,6.0,3.0,6.0,3.0,,,2.0,0.0,Completed,4.5,1.2,4.4,1.25,4.7,1.25,4.29,1.21,,,20250217
11,Dubai,Dubai Duty Free Tennis Championships,2025-02-17,WTA1000,Outdoor,Hard,1st Round,3,Kessler M.,Anisimova A.,53.0,18.0,1063.0,2316.0,6.0,2.0,6.0,3.0,,,2.0,0.0,Completed,3.2,1.36,3.25,1.39,3.3,1.39,3.15,1.35,,,20250217
11,Dubai,Dubai Duty Free Tennis Championships,2025-02-17,WTA1000,Outdoor,Hard,1st Round,3,Kudermetova V.,Alexandrova E.,50.0,22.0,1131.0,2158.0,3.0,6.0,6.0,4.0,6.0,3.0,2.0,1.0,Completed,2.5,1.53,2.55,1.57,2.6,1.57,2.48,1.53,,,20250217
11,Dubai,Dubai Duty Free Tennis Championships,2025-02-17,WTA1000,Outdoor,Hard,1st Round,3,Stearns P.,Jabeur O.,46.0,32.0,1236.0,1659.0,7.0,6.0,6.0,4.0,,,2.0,0.0,Completed,3.0,1.4,3.11,1.41,3.15,1.41,2.99,1.38,,,20250217
11,Dubai,Dubai Duty Free Tennis Championships,2025-02-17,WTA1000,Outdoor,Hard,1st Round,3,Andreeva M.,Avanesyan E.,14.0,44.0,2730.0,1245.0,6.0,2.0,6.0,1.0,,,2.0,0.0,Completed,1.33,3.4,1.32,3.7,1.36,3.7,1.32,3.32,,,20250217
11,Dubai,Dubai Duty Free Tennis Championships,2025-02-18,WTA1000,Outdoor,Hard,2nd Round,3,Paolini J.,Lys E.,4.0,87.0,5398.0,807.0,6.0,2.0,7.0,5.0,,,2.0,0.0,Completed,1.29,3.75,1.3,3.88,1.33,3.94,1.28,3.6,,,20250218
11,Dubai,Dubai Duty Free Tennis Championships,2025-02-18,WTA1000,Outdoor,Hard,2nd Round,3,Badosa P.,Mertens E.,10.0,31.0,3588.0,1721.0,6.0,2.0,6.0,1.0,,,2.0,0.0,Completed,1.73,2.1,1.74,2.21,1.77,2.25,1.72,2.11,,,20250218
11,Dubai,Dubai Duty Free Tennis Championships,2025-02-18,WTA1000,Outdoor,Hard,2nd Round,3,Rybakina E.,Uchijima M.,7.0,62.0,4153.0,997.0,6.0,3.0,6.0,2.0,,,2.0,0.0,Completed,1.08,8.0,1.09,9.42,1.1,9.48,1.08,7.87,,,20250218
11,Dubai,Dubai Duty Free Tennis Championships,2025-02-18,WTA1000,Outdoor,Hard,2nd Round,3,Noskova L.,Shnaider D.,35.0,13.0,1528.0,2853.0,7.0,6.0,4.0,6.0,6.0,3.0,2.0,1.0,Completed,1.5,2.63,1.57,2.55,1.57,2.66,1.51,2.52,,,20250218
11,Dubai,Dubai Duty Free Tennis Championships,2025-02-18,WTA1000,Outdoor,Hard,2nd Round,3,Kenin S.,Kostyuk M.,56.0,21.0,1013.0,2214.0,5.0,7.0,7.0,6.0,7.0,6.0,2.0,1.0,Completed,2.5,1.53,2.59,1.56,2.6,1.56,2.51,1.52,,,20250218
11,Dubai,Dubai Duty Free Tennis Championships,2025-02-18,WTA1000,Outdoor,Hard,2nd Round,3,Pegula J.,Samsonova L.,5.0,25.0,5076.0,2000.0,6.0,0.0,6.0,4.0,,,2.0,0.0,Completed,1.44,2.75,1.51,2.72,1.53,2.75,1.47,2.64,,,20250218
11,Dubai,Dubai Duty Free Tennis Championships,2025-02-18,WTA1000,Outdoor,Hard,2nd Round,3,Swiatek I.,Azarenka V.,2.0,34.0,8160.0,1557.0,6.0,0.0,6.0,2.0,,,2.0,0.0,Completed,1.05,11.0,1.06,12.22,1.07,12.22,1.05,10.15,,,20250218
11,Dubai,Dubai Duty Free Tennis Championships,2025-02-18,WTA1000,Outdoor,Hard,2nd Round,3,Yastremska D.,Potapova A.,48.0,33.0,1169.0,1619.0,6.0,2.0,6.0,3.0,,,2.0,0.0,Completed,2.5,1.53,2.61,1.55,2.61,1.57,2.45,1.53,,,20250218
11,Dubai,Dubai Duty Free Tennis Championships,2025-02-18,WTA1000,Outdoor,Hard,2nd Round,3,Kessler M.,Gauff C.,53.0,3.0,1063.0,6538.0,6.0,4.0,7.0,5.0,,,2.0,0.0,Completed,4.5,1.2,3.78,1.24,4.6,1.25,4.12,1.22,,,20250218
11,Dubai,Dubai Duty Free Tennis Championships,2025-02-18,WTA1000,Outdoor,Hard,2nd Round,3,Sabalenka A.,Kudermetova V.,1.0,50.0,8966.0,1131.0,6.0,3.0,6.0,4.0,,,2.0,0.0,Completed,1.14,5.5,1.13,6.92,1.15,6.92,1.13,5.97,,,20250218
11,Dubai,Dubai Duty Free Tennis Championships,2025-02-18,WTA1000,Outdoor,Hard,2nd Round,3,Muchova K.,Raducanu E.,17.0,61.0,2344.0,997.0,7.0,6.0,6.0,4.0,,,2.0,0.0,Completed,1.36,3.2,1.39,3.44,1.39,3.44,1.36,3.08,,,20250218
11,Dubai,Dubai Duty Free Tennis Championships,2025-02-18,WTA1000,Outdoor,Hard,2nd Round,3,Tauson C.,Svitolina E.,38.0,24.0,1421.0,2035.0,7.0,6.0,3.0,6.0,7.0,6.0,2.0,1.0,Completed,2.38,1.57,2.35,1.66,2.4,1.66,2.32,1.6,,,20250218
11,Dubai,Dubai Duty Free Tennis Championships,2025-02-19,WTA1000,Outdoor,Hard,2nd Round,3,Navarro E.,Bencic B.,9.0,66.0,3649.0,963.0,7.0,6.0,2.0,6.0,6.0,3.0,2.0,1.0,Completed,3.2,1.36,3.29,1.38,3.35,1.39,3.13,1.35,,,20250219
11,Dubai,Dubai Duty Free Tennis Championships,2025-02-19,WTA1000,Outdoor,Hard,2nd Round,3,Cirstea S.,Parks A.,89.0,74.0,801.0,902.0,3.0,6.0,6.0,4.0,6.0,1.0,2.0,1.0,Completed,2.0,1.8,2.03,1.87,2.1,1.92,1.97,1.8,,,20250219
11,Dubai,Dubai Duty Free Tennis Championships,2025-02-19,WTA1000,Outdoor,Hard,2nd Round,3,Andreeva M.,Vondrousova M.,14.0,39.0,2730.0,1391.0,7.0,5.0,6.0,0.0,,,2.0,0.0,Completed,1.67,2.2,1.69,2.28,1.69,2.28,1.66,2.19,,,20250219
11,Dubai,Dubai Duty Free Tennis Championships,2025-02-19,WTA1000,Outdoor,Hard,2nd Round,3,Stearns P.,Zheng Q.,46.0,8.0,1236.0,3985.0,3.0,6.0,6.0,4.0,6.0,4.0,2.0,1.0,Completed,3.0,1.4,2.97,1.44,3.0,1.44,2.84,1.41,,,20250219
11,Dubai,Dubai Duty Free Tennis Championships,2025-02-19,WTA1000,Outdoor,Hard,3rd Round,3,Kenin S.,Paolini J.,56.0,4.0,1013.0,5398.0,6.0,4.0,6.0,0.0,,,2.0,0.0,Completed,2.75,1.44,2.78,1.5,2.78,1.51,2.67,1.46,,,20250219
11,Dubai,Dubai Duty Free Tennis Championships,2025-02-19,WTA1000,Outdoor,Hard,3rd Round,3,Noskova L.,Pegula J.,35.0,5.0,1528.0,5076.0,6.0,3.0,7.0,6.0,,,2.0,0.0,Completed,2.1,1.73,2.17,1.78,2.17,1.78,2.08,1.72,,,20250219
11,Dubai,Dubai Duty Free Tennis Championships,2025-02-19,WTA1000,Outdoor,Hard,3rd Round,3,Rybakina E.,Badosa P.,7.0,10.0,4153.0,3588.0,4.0,6.0,7.0,6.0,7.0,6.0,2.0,1.0,Completed,1.57,2.38,1.64,2.41,1.68,2.53,1.58,2.34,,,20250219
11,Dubai,Dubai Duty Free Tennis Championships,2025-02-19,WTA1000,Outdoor,Hard,3rd Round,3,Swiatek I.,Yastremska D.,2.0,48.0,8160.0,1169.0,7.0,5.0,6.0,0.0,,,2.0,0.0,Completed,1.11,6.5,1.14,5.24,1.17,7.0,1.12,5.92,,,20250219
11,Dubai,Dubai Duty Free Tennis Championships,2025-02-19,WTA1000,Outdoor,Hard,3rd Round,3,Andreeva M.,Stearns P.,14.0,46.0,2730.0,1236.0,6.0,1.0,6.0,1.0,,,2.0,0.0,Completed,1.33,3.4,1.26,4.22,1.34,4.34,1.28,3.59,,,20250219
11,Dubai,Dubai Duty Free Tennis Championships,2025-02-19,WTA1000,Outdoor,Hard,3rd Round,3,Muchova K.,Kessler M.,17.0,53.0,2344.0,1063.0,6.0,3.0,1.0,6.0,7.0,6.0,2.0,1.0,Completed,1.4,3.0,1.4,2.81,1.44,3.05,1.4,2.84,,,20250219
11,Dubai,Dubai Duty Free Tennis Championships,2025-02-19,WTA1000,Outdoor,Hard,3rd Round,3,Tauson C.,Sabalenka A.,38.0,1.0,1421.0,8966.0,6.0,3.0,6.0,2.0,,,2.0,0.0,Completed,5.0,1.17,5.81,1.14,5.81,1.18,4.92,1.17,,,20250219
11,Dubai,Dubai Duty Free Tennis Championships,2025-02-19,WTA1000,Outdoor,Hard,3rd Round,3,Cirstea S.,Navarro E.,89.0,9.0,801.0,3649.0,7.0,6.0,3.0,6.0,7.0,5.0,2.0,1.0,Completed,3.2,1.36,3.16,1.4,3.2,1.43,2.96,1.38,,,20250219
11,Dubai,Dubai Duty Free Tennis Championships,2025-02-20,WTA1000,Outdoor,Hard,Quarterfinals,3,Andreeva M.,Swiatek I.,14.0,2.0,2730.0,8160.0,6.0,3.0,6.0,3.0,,,2.0,0.0,Completed,3.0,1.4,3.08,1.38,3.08,1.43,2.83,1.41,,,20250220
11,Dubai,Dubai Duty Free Tennis Championships,2025-02-20,WTA1000,Outdoor,Hard,Quarterfinals,3,Tauson C.,Noskova L.,38.0,35.0,1421.0,1528.0,7.0,6.0,6.0,4.0,,,2.0,0.0,Completed,2.3,1.62,2.2,1.63,2.57,1.74,2.29,1.6,,,20250220
11,Dubai,Dubai Duty Free Tennis Championships,2025-02-20,WTA1000,Outdoor,Hard,Quarterfinals,3,Rybakina E.,Kenin S.,7.0,56.0,4153.0,1013.0,6.0,2.0,7.0,6.0,,,2.0,0.0,Completed,1.4,3.0,1.42,2.72,1.44,3.25,1.39,2.93,,,20250220
11,Dubai,Dubai Duty Free Tennis Championships,2025-02-20,WTA1000,Outdoor,Hard,Quarterfinals,3,Muchova K.,Cirstea S.,17.0,89.0,2344.0,801.0,6.0,2.0,7.0,5.0,,,2.0,0.0,Completed,1.3,3.5,1.31,3.24,1.35,3.65,1.3,3.36,,,20250220
11,Dubai,Dubai Duty Free Tennis Championships,2025-02-21,WTA1000,Outdoor,Hard,Semifinals,3,Andreeva M.,Rybakina E.,14.0,7.0,2730.0,4153.0,6.0,4.0,4.0,6.0,6.0,3.0,2.0,1.0,Completed,2.0,1.8,1.95,1.95,2.05,1.95,2.0,1.8,,,20250221
11,Dubai,Dubai Duty Free Tennis Championships,2025-02-21,WTA1000,Outdoor,Hard,Semifinals,3,Tauson C.,Muchova K.,38.0,17.0,1421.0,2344.0,6.0,4.0,6.0,7.0,6.0,3.0,2.0,1.0,Completed,2.2,1.67,2.32,1.68,2.32,1.74,2.2,1.66,,,20250221
11,Dubai,Dubai Duty Free Tennis Championships,2025-02-22,WTA1000,Outdoor,Hard,The Final,3,Andreeva M.,Tauson C.,14.0,38.0,2730.0,1421.0,7.0,6.0,6.0,1.0,,,2.0,0.0,Completed,1.62,2.3,1.64,2.32,1.69,2.45,1.61,2.3,,,20250222
12,Austin,ATX Open,2025-02-24,WTA250,Outdoor,Hard,1st Round,3,Tomljanovic A.,Volynets K.,111.0,63.0,667.0,988.0,7.0,6.0,7.0,5.0,,,2.0,0.0,Completed,2.38,1.57,2.39,1.59,2.4,1.65,2.34,1.58,,,20250224
12,Austin,ATX Open,2025-02-24,WTA250,Outdoor,Hard,1st Round,3,Parrizas Diaz N.,Rapolu M.,107.0,542.0,691.0,85.0,6.0,2.0,6.0,4.0,,,2.0,0.0,Completed,1.3,3.5,1.38,2.88,1.38,3.97,1.3,3.39,,,20250224
12,Austin,ATX Open,2025-02-25,WTA250,Outdoor,Hard,1st Round,3,Birrell K.,Yuan Y.,76.0,51.0,892.0,1146.0,7.0,6.0,7.0,6.0,,,2.0,0.0,Completed,2.0,1.8,1.88,1.99,2.02,1.99,1.89,1.88,,,20250225
12,Austin,ATX Open,2025-02-25,WTA250,Outdoor,Hard,1st Round,3,Blinkova A.,Uchijima M.,74.0,54.0,916.0,1081.0,4.0,6.0,6.0,4.0,6.0,0.0,2.0,1.0,Completed,1.8,2.0,1.85,2.03,1.85,2.14,1.78,2.02,,,20250225
12,Austin,ATX Open,2025-02-25,WTA250,Outdoor,Hard,1st Round,3,Maria T.,Bondar A.,79.0,95.0,861.0,744.0,6.0,4.0,4.0,6.0,6.0,1.0,2.0,1.0,Completed,1.73,2.1,1.73,2.2,1.87,2.2,1.77,2.02,,,20250225
12,Austin,ATX Open,2025-02-25,WTA250,Outdoor,Hard,1st Round,3,Burrage J.,Kvitova P.,189.0,,366.0,,3.0,6.0,6.0,4.0,6.0,4.0,2.0,1.0,Completed,1.8,2.0,1.81,2.07,1.82,2.08,1.78,2.0,,,20250225
12,Austin,ATX Open,2025-02-25,WTA250,Outdoor,Hard,1st Round,3,Shibahara E.,Juvan K.,148.0,1106.0,490.0,12.0,2.0,6.0,6.0,3.0,6.0,2.0,2.0,1.0,Completed,2.0,1.8,2.06,1.83,2.07,1.91,1.99,1.79,,,20250225
12,Austin,ATX Open,2025-02-25,WTA250,Outdoor,Hard,1st Round,3,Bucsa C.,Pera B.,99.0,78.0,724.0,867.0,6.0,3.0,6.0,4.0,,,2.0,0.0,Completed,1.8,2.0,1.88,2.0,1.96,2.02,1.82,1.96,,,20250225
12,Austin,ATX Open,2025-02-25,WTA250,Outdoor,Hard,1st Round,3,Pegula J.,Rus A.,4.0,90.0,5196.0,779.0,6.0,3.0,3.0,2.0,,,1.0,0.0,Retired,1.06,10.0,1.05,13.64,1.06,13.64,1.04,10.14,,,20250225
12,Austin,ATX Open,2025-02-25,WTA250,Outdoor,Hard,1st Round,3,Dolehide C.,Zakharova A.,80.0,132.0,855.0,559.0,6.0,2.0,5.0,7.0,6.0,4.0,2.0,1.0,Completed,1.73,2.1,1.84,2.04,1.84,2.15,1.75,2.05,,,20250225
12,Austin,ATX Open,2025-02-25,WTA250,Outdoor,Hard,1st Round,3,Gracheva V.,Stearns P.,72.0,43.0,935.0,1291.0,6.0,2.0,6.0,3.0,,,2.0,0.0,Completed,3.0,1.4,3.1,1.4,3.1,1.44,2.91,1.39,,,20250225
12,Austin,ATX Open,2025-02-25,WTA250,Outdoor,Hard,1st Round,3,Minnen G.,Wei S.,92.0,119.0,758.0,629.0,5.0,7.0,6.0,3.0,6.0,2.0,2.0,1.0,Completed,1.8,2.0,1.88,2.0,1.88,2.0,1.81,1.97,,,20250225
12,Austin,ATX Open,2025-02-26,WTA250,Outdoor,Hard,1st Round,3,Shnaider D.,Prozorova T.,13.0,175.0,2908.0,398.0,0.0,6.0,6.0,2.0,7.0,5.0,2.0,1.0,Completed,1.44,2.75,1.47,2.76,1.5,2.8,1.47,2.63,,,20250226
12,Austin,ATX Open,2025-02-26,WTA250,Outdoor,Hard,1st Round,3,Cirstea S.,Siegemund L.,120.0,83.0,626.0,846.0,6.0,3.0,0.0,6.0,6.0,1.0,2.0,1.0,Completed,1.5,2.63,1.6,2.45,1.6,2.63,1.53,2.43,,,20250226
12,Austin,ATX Open,2025-02-26,WTA250,Outdoor,Hard,1st Round,3,Lamens S.,Rakhimova K.,67.0,73.0,963.0,922.0,1.0,6.0,6.0,3.0,6.0,4.0,2.0,1.0,Completed,1.62,2.3,1.56,2.56,1.62,2.56,1.57,2.37,,,20250226
12,Austin,ATX Open,2025-02-26,WTA250,Outdoor,Hard,1st Round,3,Kessler M.,Golubic V.,56.0,104.0,1060.0,719.0,6.0,2.0,7.0,5.0,,,2.0,0.0,Completed,1.3,3.5,1.35,3.33,1.35,3.65,1.32,3.33,,,20250226
12,Austin,ATX Open,2025-02-26,WTA250,Outdoor,Hard,2nd Round,3,Blinkova A.,Maria T.,74.0,79.0,916.0,861.0,6.0,2.0,6.0,2.0,,,2.0,0.0,Completed,1.44,2.75,1.44,2.94,1.49,3.01,1.43,2.74,,,20250226
12,Austin,ATX Open,2025-02-26,WTA250,Outdoor,Hard,2nd Round,3,Pegula J.,Parrizas Diaz N.,4.0,107.0,5196.0,691.0,6.0,1.0,6.0,3.0,,,2.0,0.0,Completed,1.05,11.0,1.05,14.43,1.05,14.43,1.04,10.86,,,20250226
12,Austin,ATX Open,2025-02-26,WTA250,Outdoor,Hard,2nd Round,3,Tomljanovic A.,Burrage J.,111.0,189.0,667.0,366.0,4.0,6.0,6.0,3.0,6.0,0.0,2.0,1.0,Completed,1.44,2.75,1.45,2.92,1.49,2.92,1.43,2.76,,,20250226
12,Austin,ATX Open,2025-02-27,WTA250,Outdoor,Hard,2nd Round,3,Shibahara E.,Birrell K.,148.0,76.0,490.0,892.0,6.0,3.0,4.0,6.0,6.0,4.0,2.0,1.0,Completed,2.63,1.5,2.55,1.56,2.63,1.57,2.51,1.52,,,20250227
12,Austin,ATX Open,2025-02-27,WTA250,Outdoor,Hard,2nd Round,3,Cirstea S.,Shnaider D.,120.0,13.0,626.0,2908.0,6.0,3.0,2.0,6.0,6.0,4.0,2.0,1.0,Completed,2.63,1.5,2.73,1.5,2.75,1.5,2.61,1.48,,,20250227
12,Austin,ATX Open,2025-02-27,WTA250,Outdoor,Hard,2nd Round,3,Kessler M.,Bucsa C.,56.0,99.0,1060.0,724.0,5.0,7.0,6.0,3.0,7.0,6.0,2.0,1.0,Completed,1.36,3.2,1.41,3.08,1.56,3.25,1.38,2.97,,,20250227
12,Austin,ATX Open,2025-02-27,WTA250,Outdoor,Hard,2nd Round,3,Minnen G.,Lamens S.,92.0,67.0,758.0,963.0,6.0,1.0,6.0,0.0,,,2.0,0.0,Completed,1.91,1.91,1.98,1.89,2.0,1.91,1.93,1.86,,,20250227
12,Austin,ATX Open,2025-02-28,WTA250,Outdoor,Hard,2nd Round,3,Dolehide C.,Gracheva V.,80.0,72.0,855.0,935.0,5.0,7.0,6.0,2.0,6.0,2.0,2.0,1.0,Completed,1.91,1.91,1.99,1.88,2.0,2.0,1.9,1.87,,,20250228
12,Austin,ATX Open,2025-02-28,WTA250,Outdoor,Hard,Quarterfinals,3,Tomljanovic A.,Shibahara E.,111.0,148.0,667.0,490.0,7.0,5.0,3.0,6.0,7.0,6.0,2.0,1.0,Completed,1.53,2.5,1.5,2.8,1.56,2.8,1.5,2.54,,,20250228
12,Austin,ATX Open,2025-02-28,WTA250,Outdoor,Hard,Quarterfinals,3,Pegula J.,Blinkova A.,4.0,74.0,5196.0,916.0,6.0,2.0,6.0,2.0,,,2.0,0.0,Completed,1.17,5.0,1.21,5.06,1.21,5.06,1.18,4.75,,,20250228
12,Austin,ATX Open,2025-03-01,WTA250,Outdoor,Hard,Quarterfinals,3,Kessler M.,Cirstea S.,56.0,120.0,1060.0,626.0,5.0,7.0,6.0,4.0,6.0,1.0,2.0,1.0,Completed,1.67,2.2,1.7,2.29,1.74,2.29,1.66,2.19,,,20250301
12,Austin,ATX Open,2025-03-01,WTA250,Outdoor,Hard,Quarterfinals,3,Minnen G.,Dolehide C.,92.0,80.0,758.0,855.0,6.0,3.0,7.0,5.0,,,2.0,0.0,Completed,1.91,1.91,1.89,2.01,1.91,2.1,1.83,1.96,,,20250301
12,Austin,ATX Open,2025-03-01,WTA250,Outdoor,Hard,Semifinals,3,Pegula J.,Tomljanovic A.,4.0,111.0,5196.0,667.0,6.0,1.0,4.0,6.0,6.0,3.0,2.0,1.0,Completed,1.13,6.0,1.14,6.68,1.14,6.9,1.12,6.09,,,20250301
12,Austin,ATX Open,2025-03-01,WTA250,Outdoor,Hard,Semifinals,3,Kessler M.,Minnen G.,56.0,92.0,1060.0,758.0,7.0,5.0,6.0,4.0,,,2.0,0.0,Completed,1.53,2.5,1.52,2.73,1.53,2.73,1.5,2.56,,,20250301
12,Austin,ATX Open,2025-03-02,WTA250,Outdoor,Hard,The Final,3,Pegula J.,Kessler M.,4.0,56.0,5196.0,1060.0,7.0,5.0,6.0,2.0,,,2.0,0.0,Completed,1.33,3.4,1.36,3.48,1.37,3.5,1.33,3.27,,,20250302
13,Merida,Merida Open,2025-02-24,WTA500,Outdoor,Hard,1st Round,3,Kalinina A.,Jeanjean L.,52.0,129.0,1110.0,564.0,6.0,4.0,1.0,6.0,6.0,1.0,2.0,1.0,Completed,1.44,2.75,1.53,2.62,1.53,2.78,1.48,2.63,,,20250224
13,Merida,Merida Open,2025-02-24,WTA500,Outdoor,Hard,1st Round,3,Joint M.,Grabher J.,103.0,387.0,720.0,153.0,6.0,3.0,6.0,2.0,,,2.0,0.0,Completed,1.06,10.0,1.08,9.35,1.08,10.0,1.06,8.6,,,20250224
13,Merida,Merida Open,2025-02-24,WTA500,Outdoor,Hard,1st Round,3,Avanesyan E.,Frech M.,45.0,31.0,1245.0,1712.0,4.0,6.0,6.0,3.0,6.0,3.0,2.0,1.0,Completed,1.8,2.0,1.8,2.09,1.8,2.1,1.76,2.03,,,20250224
13,Merida,Merida Open,2025-02-25,WTA500,Outdoor,Hard,1st Round,3,Bouzas Maneiro J.,Jamrichova R.,66.0,310.0,980.0,209.0,7.0,5.0,5.0,7.0,7.0,5.0,2.0,1.0,Completed,1.4,3.0,1.41,2.81,1.49,4.0,1.39,2.94,,,20250225
13,Merida,Merida Open,2025-02-25,WTA500,Outdoor,Hard,1st Round,3,Arango E.,Carle M.,133.0,100.0,554.0,724.0,6.0,2.0,6.0,3.0,,,2.0,0.0,Completed,1.73,2.1,1.61,2.39,1.73,2.41,1.65,2.23,,,20250225
13,Merida,Merida Open,2025-02-25,WTA500,Outdoor,Hard,1st Round,3,Jones F.,Sherif M.,136.0,68.0,526.0,956.0,6.0,4.0,3.0,0.0,,,1.0,0.0,Retired,1.37,3.0,1.43,2.99,1.43,3.0,1.4,2.88,,,20250225
13,Merida,Merida Open,2025-02-25,WTA500,Outdoor,Hard,1st Round,3,Saville D.,Kostyuk M.,121.0,19.0,599.0,2279.0,6.0,4.0,7.0,6.0,,,2.0,0.0,Completed,3.75,1.29,4.07,1.27,4.09,1.29,3.76,1.26,,,20250225
13,Merida,Merida Open,2025-02-25,WTA500,Outdoor,Hard,1st Round,3,Sramkova R.,Sun L.,40.0,48.0,1355.0,1187.0,6.0,3.0,6.0,1.0,,,2.0,0.0,Completed,1.4,3.0,1.43,2.98,1.44,3.0,1.4,2.88,,,20250225
13,Merida,Merida Open,2025-02-25,WTA500,Outdoor,Hard,1st Round,3,Martic P.,Stephens S.,124.0,115.0,580.0,658.0,6.0,2.0,6.0,3.0,,,2.0,0.0,Completed,1.57,2.38,1.56,2.56,1.65,2.78,1.57,2.38,,,20250225
13,Merida,Merida Open,2025-02-25,WTA500,Outdoor,Hard,1st Round,3,Linette M.,Cocciaretto E.,37.0,71.0,1479.0,937.0,6.0,4.0,6.0,0.0,,,2.0,0.0,Completed,1.73,2.1,1.76,2.15,1.76,2.15,1.71,2.11,,,20250225
13,Merida,Merida Open,2025-02-26,WTA500,Outdoor,Hard,1st Round,3,Sonmez Z.,Sakkari M.,88.0,30.0,789.0,1719.0,7.0,5.0,6.0,2.0,,,2.0,0.0,Completed,3.2,1.36,3.18,1.39,3.2,1.4,3.07,1.36,,,20250226
13,Merida,Merida Open,2025-02-26,WTA500,Outdoor,Hard,1st Round,3,Cristian J.,Starodubtseva Y.,85.0,109.0,831.0,680.0,6.0,4.0,4.0,1.0,,,1.0,0.0,Retired,1.57,2.38,,,1.57,2.4,1.56,2.34,,,20250226
13,Merida,Merida Open,2025-02-26,WTA500,Outdoor,Hard,2nd Round,3,Saville D.,Kalinina A.,121.0,52.0,599.0,1110.0,4.0,6.0,6.0,2.0,6.0,2.0,2.0,1.0,Completed,1.91,1.91,2.24,1.7,2.24,1.91,2.08,1.73,,,20250226
13,Merida,Merida Open,2025-02-26,WTA500,Outdoor,Hard,2nd Round,3,Avanesyan E.,Bouzas Maneiro J.,45.0,66.0,1245.0,980.0,6.0,1.0,6.0,4.0,,,2.0,0.0,Completed,1.4,3.0,1.45,2.92,1.46,3.0,1.42,2.82,,,20250226
13,Merida,Merida Open,2025-02-27,WTA500,Outdoor,Hard,2nd Round,3,Joint M.,Vekic D.,103.0,20.0,720.0,2163.0,6.0,1.0,6.0,2.0,,,2.0,0.0,Completed,2.1,1.73,2.15,1.76,2.15,1.8,2.09,1.72,,,20250227
13,Merida,Merida Open,2025-02-27,WTA500,Outdoor,Hard,2nd Round,3,Badosa P.,Cristian J.,11.0,85.0,3698.0,831.0,6.0,2.0,6.0,1.0,,,2.0,0.0,Completed,1.13,6.0,1.16,5.92,1.17,6.0,1.14,5.44,,,20250227
13,Merida,Merida Open,2025-02-27,WTA500,Outdoor,Hard,2nd Round,3,Arango E.,Jones F.,133.0,136.0,554.0,526.0,3.0,6.0,6.0,3.0,3.0,4.0,1.0,1.0,Retired,2.2,1.67,2.22,1.71,2.22,1.83,2.15,1.69,,,20250227
13,Merida,Merida Open,2025-02-27,WTA500,Outdoor,Hard,2nd Round,3,Sramkova R.,Haddad Maia B.,40.0,17.0,1355.0,2369.0,7.0,6.0,6.0,3.0,,,2.0,0.0,Completed,1.8,2.0,1.89,1.98,1.89,2.02,1.82,1.96,,,20250227
13,Merida,Merida Open,2025-02-28,WTA500,Outdoor,Hard,2nd Round,3,Sonmez Z.,Linette M.,88.0,37.0,789.0,1479.0,6.0,3.0,3.0,1.0,,,1.0,0.0,Retired,2.3,1.62,2.31,1.67,2.38,1.7,2.25,1.63,,,20250228
13,Merida,Merida Open,2025-02-28,WTA500,Outdoor,Hard,2nd Round,3,Navarro E.,Martic P.,10.0,124.0,3704.0,580.0,6.0,1.0,6.0,2.0,,,2.0,0.0,Completed,1.25,4.0,1.31,3.68,1.32,4.0,1.28,3.61,,,20250228
13,Merida,Merida Open,2025-02-28,WTA500,Outdoor,Hard,Quarterfinals,3,Avanesyan E.,Joint M.,45.0,103.0,1245.0,720.0,4.0,6.0,6.0,2.0,6.0,0.0,2.0,1.0,Completed,2.1,1.73,2.1,1.83,2.12,1.83,2.06,1.75,,,20250228
13,Merida,Merida Open,2025-02-28,WTA500,Outdoor,Hard,Quarterfinals,3,Arango E.,Sramkova R.,133.0,40.0,554.0,1355.0,5.0,7.0,6.0,3.0,6.0,0.0,2.0,1.0,Completed,3.75,1.29,3.74,1.32,4.42,1.32,3.59,1.29,,,20250228
13,Merida,Merida Open,2025-03-01,WTA500,Outdoor,Hard,Quarterfinals,3,Navarro E.,Sonmez Z.,10.0,88.0,3704.0,789.0,6.0,4.0,6.0,2.0,,,2.0,0.0,Completed,1.25,4.0,1.32,3.77,1.32,4.15,1.26,3.8,,,20250301
13,Merida,Merida Open,2025-03-01,WTA500,Outdoor,Hard,Quarterfinals,3,Saville D.,Badosa P.,121.0,11.0,599.0,3698.0,1.0,6.0,5.0,3.0,,,0.0,1.0,Retired,5.5,1.14,6.2,1.16,6.2,1.17,5.42,1.14,,,20250301
13,Merida,Merida Open,2025-03-02,WTA500,Outdoor,Hard,Semifinals,3,Navarro E.,Avanesyan E.,10.0,45.0,3704.0,1245.0,6.0,3.0,6.0,3.0,,,2.0,0.0,Completed,1.44,2.75,1.43,3.07,1.5,3.07,1.43,2.78,,,20250302
13,Merida,Merida Open,2025-03-02,WTA500,Outdoor,Hard,Semifinals,3,Arango E.,Saville D.,133.0,121.0,554.0,599.0,6.0,3.0,4.0,6.0,6.0,2.0,2.0,1.0,Completed,2.2,1.67,2.17,1.78,2.2,1.82,2.14,1.69,,,20250302
13,Merida,Merida Open,2025-03-02,WTA500,Outdoor,Hard,The Final,3,Navarro E.,Arango E.,10.0,133.0,3704.0,554.0,6.0,0.0,6.0,0.0,,,2.0,0.0,Completed,1.17,5.0,1.18,4.65,1.2,5.1,1.18,4.77,,,20250302
14,Indian Wells,BNP Paribas Open,2025-03-05,WTA1000,Outdoor,Hard,1st Round,3,Sun L.,Sramkova R.,49.0,37.0,1187.0,1450.0,6.0,3.0,1.0,6.0,7.0,6.0,2.0,1.0,Completed,3.4,1.33,3.62,1.33,3.65,1.34,3.4,1.32,,,20250305
14,Indian Wells,BNP Paribas Open,2025-03-05,WTA1000,Outdoor,Hard,1st Round,3,Gracheva V.,Kvitova P.,70.0,1448.0,945.0,1.0,4.0,6.0,6.0,3.0,6.0,4.0,2.0,1.0,Completed,1.87,1.87,2.02,1.88,2.02,1.97,1.91,1.88,,,20250305
14,Indian Wells,BNP Paribas Open,2025-03-05,WTA1000,Outdoor,Hard,1st Round,3,Garcia C.,Pera B.,71.0,81.0,939.0,867.0,6.0,3.0,6.0,4.0,,,2.0,0.0,Completed,1.8,2.0,1.93,1.95,1.93,2.14,1.83,1.97,,,20250305
14,Indian Wells,BNP Paribas Open,2025-03-05,WTA1000,Outdoor,Hard,1st Round,3,Cocciaretto E.,Zarazua R.,72.0,69.0,937.0,949.0,6.0,4.0,1.0,0.0,,,1.0,0.0,Retired,1.62,2.3,1.72,2.23,1.72,2.35,1.63,2.28,,,20250305
14,Indian Wells,BNP Paribas Open,2025-03-05,WTA1000,Outdoor,Hard,1st Round,3,Begu I.,Li A.,74.0,66.0,907.0,972.0,7.0,5.0,3.0,6.0,6.0,1.0,2.0,1.0,Completed,2.3,1.62,2.27,1.7,2.3,1.7,2.24,1.65,,,20250305
14,Indian Wells,BNP Paribas Open,2025-03-05,WTA1000,Outdoor,Hard,1st Round,3,Baptiste H.,Osuigwe W.,100.0,228.0,736.0,308.0,6.0,1.0,6.0,2.0,,,2.0,0.0,Completed,1.53,2.5,1.58,2.52,1.59,2.55,1.55,2.45,,,20250305
14,Indian Wells,BNP Paribas Open,2025-03-05,WTA1000,Outdoor,Hard,1st Round,3,Lamens S.,Bouzkova M.,64.0,50.0,980.0,1167.0,3.0,6.0,6.0,3.0,6.0,3.0,2.0,1.0,Completed,2.38,1.57,2.45,1.61,2.5,1.62,2.35,1.58,,,20250305
14,Indian Wells,BNP Paribas Open,2025-03-05,WTA1000,Outdoor,Hard,1st Round,3,Linette M.,Stearns P.,36.0,44.0,1479.0,1291.0,6.0,4.0,4.0,6.0,6.0,3.0,2.0,1.0,Completed,2.5,1.53,2.46,1.61,2.5,1.61,2.43,1.56,,,20250305
14,Indian Wells,BNP Paribas Open,2025-03-05,WTA1000,Outdoor,Hard,1st Round,3,Dolehide C.,Rakhimova K.,73.0,75.0,908.0,907.0,6.0,2.0,7.0,6.0,,,2.0,0.0,Completed,1.57,2.38,1.53,2.65,1.57,2.65,1.53,2.5,,,20250305
14,Indian Wells,BNP Paribas Open,2025-03-05,WTA1000,Outdoor,Hard,1st Round,3,Wang Xin.,Sherif M.,42.0,67.0,1323.0,956.0,6.0,4.0,7.0,5.0,,,2.0,0.0,Completed,1.17,5.0,1.23,4.59,1.23,5.1,1.2,4.63,,,20250305
14,Indian Wells,BNP Paribas Open,2025-03-06,WTA1000,Outdoor,Hard,1st Round,3,Siniakova K.,Carle M.,59.0,103.0,1010.0,724.0,6.0,2.0,6.0,1.0,,,2.0,0.0,Completed,1.44,2.75,1.53,2.68,1.53,2.75,1.47,2.68,,,20250306
14,Indian Wells,BNP Paribas Open,2025-03-06,WTA1000,Outdoor,Hard,1st Round,3,Azarenka V.,Ngounoue C.,35.0,259.0,1557.0,268.0,6.0,4.0,7.0,6.0,,,2.0,0.0,Completed,1.44,2.75,1.53,2.67,1.53,2.9,1.45,2.71,,,20250306
14,Indian Wells,BNP Paribas Open,2025-03-06,WTA1000,Outdoor,Hard,1st Round,3,Osorio M.,Osaka N.,53.0,56.0,1073.0,1049.0,6.0,4.0,6.0,4.0,,,2.0,0.0,Completed,4.33,1.22,4.31,1.25,4.34,1.26,4.11,1.23,,,20250306
14,Indian Wells,BNP Paribas Open,2025-03-06,WTA1000,Outdoor,Hard,1st Round,3,Montgomery R.,Niemeier J.,107.0,120.0,696.0,619.0,3.0,6.0,7.0,5.0,6.0,2.0,2.0,1.0,Completed,2.1,1.73,2.18,1.76,2.18,1.8,2.1,1.73,,,20250306
14,Indian Wells,BNP Paribas Open,2025-03-06,WTA1000,Outdoor,Hard,1st Round,3,Krueger A.,Volynets K.,41.0,65.0,1326.0,973.0,0.0,6.0,6.0,2.0,6.0,2.0,2.0,1.0,Completed,1.67,2.2,1.58,2.52,1.74,2.52,1.63,2.27,,,20250306
14,Indian Wells,BNP Paribas Open,2025-03-06,WTA1000,Outdoor,Hard,1st Round,3,Yastremska D.,Yuan Y.,46.0,68.0,1229.0,950.0,6.0,2.0,6.0,4.0,,,2.0,0.0,Completed,1.5,2.63,1.52,2.68,1.52,2.68,1.5,2.58,,,20250306
14,Indian Wells,BNP Paribas Open,2025-03-06,WTA1000,Outdoor,Hard,1st Round,3,Kenin S.,Inglis M.,47.0,136.0,1213.0,547.0,6.0,2.0,6.0,1.0,,,2.0,0.0,Completed,1.2,4.5,1.22,4.83,1.22,4.83,1.2,4.48,,,20250306
14,Indian Wells,BNP Paribas Open,2025-03-06,WTA1000,Outdoor,Hard,1st Round,3,Kudermetova P.,Liu C.,60.0,284.0,1004.0,240.0,6.0,4.0,6.0,2.0,,,2.0,0.0,Completed,1.91,1.91,1.81,2.1,1.98,2.1,1.88,1.91,,,20250306
14,Indian Wells,BNP Paribas Open,2025-03-06,WTA1000,Outdoor,Hard,1st Round,3,Bronzetti L.,Kalinina A.,62.0,54.0,993.0,1072.0,6.0,4.0,7.0,5.0,,,2.0,0.0,Completed,1.8,2.0,1.8,2.11,1.85,2.11,1.8,1.98,,,20250306
14,Indian Wells,BNP Paribas Open,2025-03-06,WTA1000,Outdoor,Hard,1st Round,3,Tomova V.,Danilovic O.,63.0,43.0,981.0,1304.0,6.0,2.0,6.0,3.0,,,2.0,0.0,Completed,3.0,1.4,2.93,1.45,3.0,1.45,2.88,1.41,,,20250306
14,Indian Wells,BNP Paribas Open,2025-03-06,WTA1000,Outdoor,Hard,1st Round,3,McNally C.,Tomljanovic A.,491.0,94.0,104.0,764.0,6.0,4.0,,,,,1.0,0.0,Retired,2.5,1.53,2.57,1.56,2.7,1.57,2.5,1.53,,,20250306
14,Indian Wells,BNP Paribas Open,2025-03-06,WTA1000,Outdoor,Hard,1st Round,3,Uchijima M.,Raducanu E.,52.0,55.0,1081.0,1062.0,6.0,3.0,6.0,2.0,,,2.0,0.0,Completed,3.2,1.36,2.91,1.46,3.2,1.46,2.95,1.4,,,20250306
14,Indian Wells,BNP Paribas Open,2025-03-06,WTA1000,Outdoor,Hard,1st Round,3,Cirstea S.,Joint M.,111.0,85.0,680.0,839.0,6.0,2.0,7.0,5.0,,,2.0,0.0,Completed,1.73,2.1,1.83,2.07,1.86,2.12,1.8,2.0,,,20250306
14,Indian Wells,BNP Paribas Open,2025-03-06,WTA1000,Outdoor,Hard,1st Round,3,Kartal S.,Lepchenko V.,83.0,124.0,853.0,585.0,7.0,6.0,6.0,2.0,,,2.0,0.0,Completed,1.36,3.2,1.38,3.27,1.39,3.27,1.36,3.14,,,20250306
14,Indian Wells,BNP Paribas Open,2025-03-06,WTA1000,Outdoor,Hard,1st Round,3,Bencic B.,Maria T.,58.0,87.0,1028.0,831.0,6.0,1.0,6.0,1.0,,,2.0,0.0,Completed,1.06,10.0,1.07,10.98,1.07,10.98,1.06,9.28,,,20250306
14,Indian Wells,BNP Paribas Open,2025-03-06,WTA1000,Outdoor,Hard,1st Round,3,Cristian J.,Kudermetova V.,79.0,51.0,876.0,1161.0,6.0,2.0,6.0,3.0,,,2.0,0.0,Completed,3.5,1.3,3.52,1.34,3.55,1.35,3.43,1.31,,,20250306
14,Indian Wells,BNP Paribas Open,2025-03-07,WTA1000,Outdoor,Hard,1st Round,3,Birrell K.,Golubic V.,76.0,101.0,907.0,730.0,6.0,4.0,6.0,4.0,,,2.0,0.0,Completed,2.0,1.8,2.07,1.83,2.07,1.83,2.01,1.8,,,20250307
14,Indian Wells,BNP Paribas Open,2025-03-07,WTA1000,Outdoor,Hard,1st Round,3,Potapova A.,Bouzas Maneiro J.,34.0,57.0,1564.0,1038.0,6.0,7.0,6.0,4.0,7.0,5.0,2.0,1.0,Completed,1.3,3.5,1.33,3.63,1.33,3.63,1.3,3.46,,,20250307
14,Indian Wells,BNP Paribas Open,2025-03-07,WTA1000,Outdoor,Hard,1st Round,3,Kessler M.,Blinkova A.,48.0,82.0,1210.0,862.0,6.0,1.0,6.0,2.0,,,2.0,0.0,Completed,1.44,2.75,1.44,2.98,1.5,3.0,1.42,2.82,,,20250307
14,Indian Wells,BNP Paribas Open,2025-03-07,WTA1000,Outdoor,Hard,1st Round,3,Jovic I.,Grabher J.,157.0,388.0,466.0,153.0,2.0,6.0,7.0,5.0,6.0,0.0,2.0,1.0,Completed,1.14,5.5,1.16,6.05,1.16,6.05,1.14,5.75,,,20250307
14,Indian Wells,BNP Paribas Open,2025-03-07,WTA1000,Outdoor,Hard,1st Round,3,Avanesyan E.,Davis L.,39.0,232.0,1410.0,302.0,6.0,4.0,6.0,2.0,,,2.0,0.0,Completed,1.2,4.5,1.25,4.33,1.25,4.6,1.22,4.34,,,20250307
14,Indian Wells,BNP Paribas Open,2025-03-07,WTA1000,Outdoor,Hard,1st Round,3,Parks A.,Kalinskaya A.,61.0,33.0,995.0,1634.0,6.0,4.0,6.0,3.0,,,2.0,0.0,Completed,2.3,1.62,2.29,1.69,2.36,1.69,2.25,1.63,,,20250307
14,Indian Wells,BNP Paribas Open,2025-03-07,WTA1000,Outdoor,Hard,2nd Round,3,Boulter K.,Begu I.,38.0,74.0,1421.0,907.0,6.0,7.0,6.0,3.0,6.0,0.0,2.0,1.0,Completed,1.57,2.38,1.63,2.4,1.63,2.4,1.58,2.35,,,20250307
14,Indian Wells,BNP Paribas Open,2025-03-07,WTA1000,Outdoor,Hard,2nd Round,3,Kostyuk M.,Montgomery R.,24.0,107.0,1955.0,696.0,6.0,1.0,6.0,3.0,,,2.0,0.0,Completed,1.29,3.75,1.28,4.05,1.29,4.05,1.27,3.77,,,20250307
14,Indian Wells,BNP Paribas Open,2025-03-07,WTA1000,Outdoor,Hard,2nd Round,3,Muchova K.,Cocciaretto E.,15.0,72.0,2734.0,937.0,6.0,4.0,6.0,3.0,,,2.0,0.0,Completed,1.11,6.5,1.12,7.43,1.14,7.43,1.12,6.32,,,20250307
14,Indian Wells,BNP Paribas Open,2025-03-07,WTA1000,Outdoor,Hard,2nd Round,3,Rybakina E.,Lamens S.,7.0,64.0,4328.0,980.0,6.0,3.0,6.0,3.0,,,2.0,0.0,Completed,1.07,9.0,1.08,10.41,1.09,10.41,1.07,9.11,,,20250307
14,Indian Wells,BNP Paribas Open,2025-03-07,WTA1000,Outdoor,Hard,2nd Round,3,Siniakova K.,Putintseva Y.,59.0,20.0,1010.0,2138.0,6.0,2.0,6.0,2.0,,,2.0,0.0,Completed,2.2,1.67,2.22,1.73,2.22,1.74,2.18,1.68,,,20250307
14,Indian Wells,BNP Paribas Open,2025-03-07,WTA1000,Outdoor,Hard,2nd Round,3,Yastremska D.,Jabeur O.,46.0,32.0,1229.0,1669.0,6.0,3.0,6.0,1.0,,,2.0,0.0,Completed,2.38,1.57,2.39,1.64,2.4,1.64,2.36,1.59,,,20250307
14,Indian Wells,BNP Paribas Open,2025-03-07,WTA1000,Outdoor,Hard,2nd Round,3,Tauson C.,Osorio M.,21.0,53.0,2069.0,1073.0,7.0,6.0,7.0,5.0,,,2.0,0.0,Completed,1.44,2.75,1.45,2.95,1.45,3.2,1.4,2.92,,,20250307
14,Indian Wells,BNP Paribas Open,2025-03-07,WTA1000,Outdoor,Hard,2nd Round,3,Sun L.,Noskova L.,49.0,31.0,1187.0,1683.0,6.0,1.0,6.0,4.0,,,2.0,0.0,Completed,7.0,1.1,7.07,1.13,7.07,1.13,6.57,1.11,,,20250307
14,Indian Wells,BNP Paribas Open,2025-03-07,WTA1000,Outdoor,Hard,2nd Round,3,Dolehide C.,Lys E.,73.0,78.0,908.0,882.0,7.0,6.0,6.0,4.0,,,2.0,0.0,Completed,1.91,1.91,1.88,2.01,1.91,2.02,1.87,1.93,,,20250307
14,Indian Wells,BNP Paribas Open,2025-03-08,WTA1000,Outdoor,Hard,2nd Round,3,Swiatek I.,Garcia C.,2.0,71.0,7985.0,939.0,6.0,2.0,6.0,0.0,,,2.0,0.0,Completed,1.05,11.0,1.07,11.8,1.07,11.8,1.05,10.47,,,20250308
14,Indian Wells,BNP Paribas Open,2025-03-08,WTA1000,Outdoor,Hard,2nd Round,3,Wang Xin.,Ostapenko J.,42.0,26.0,1323.0,1842.0,6.0,4.0,6.0,4.0,,,2.0,0.0,Completed,3.0,1.4,2.75,1.5,3.0,1.5,2.73,1.45,,,20250308
14,Indian Wells,BNP Paribas Open,2025-03-08,WTA1000,Outdoor,Hard,2nd Round,3,Pegula J.,Linette M.,4.0,36.0,5251.0,1479.0,6.0,4.0,6.0,2.0,,,2.0,0.0,Completed,1.14,5.5,1.16,6.07,1.16,6.07,1.14,5.74,,,20250308
14,Indian Wells,BNP Paribas Open,2025-03-08,WTA1000,Outdoor,Hard,2nd Round,3,Svitolina E.,Krueger A.,23.0,41.0,1980.0,1326.0,6.0,1.0,6.0,7.0,6.0,3.0,2.0,1.0,Completed,1.57,2.38,1.63,2.41,1.64,2.42,1.6,2.33,,,20250308
14,Indian Wells,BNP Paribas Open,2025-03-08,WTA1000,Outdoor,Hard,2nd Round,3,Andreeva M.,Gracheva V.,11.0,70.0,3720.0,945.0,7.0,5.0,6.0,4.0,,,2.0,0.0,Completed,1.13,6.0,1.13,6.96,1.13,6.96,1.12,6.42,,,20250308
14,Indian Wells,BNP Paribas Open,2025-03-08,WTA1000,Outdoor,Hard,2nd Round,3,Collins D.,Baptiste H.,14.0,100.0,2823.0,736.0,5.0,7.0,6.0,2.0,6.0,4.0,2.0,1.0,Completed,1.62,2.3,1.65,2.36,1.65,2.36,1.62,2.29,,,20250308
14,Indian Wells,BNP Paribas Open,2025-03-08,WTA1000,Outdoor,Hard,2nd Round,3,Zheng Q.,Azarenka V.,9.0,35.0,3780.0,1557.0,6.0,3.0,6.0,4.0,,,2.0,0.0,Completed,1.44,2.75,1.52,2.69,1.53,2.85,1.46,2.74,,,20250308
14,Indian Wells,BNP Paribas Open,2025-03-08,WTA1000,Outdoor,Hard,2nd Round,3,Sakkari M.,Tomova V.,29.0,63.0,1719.0,981.0,6.0,0.0,6.0,3.0,,,2.0,0.0,Completed,1.44,2.75,1.51,2.72,1.57,2.9,1.45,2.74,,,20250308
14,Indian Wells,BNP Paribas Open,2025-03-08,WTA1000,Outdoor,Hard,2nd Round,3,Keys M.,Potapova A.,5.0,34.0,4679.0,1564.0,6.0,3.0,6.0,0.0,,,2.0,0.0,Completed,1.4,3.0,1.43,3.01,1.43,3.1,1.4,2.94,,,20250308
14,Indian Wells,BNP Paribas Open,2025-03-08,WTA1000,Outdoor,Hard,2nd Round,3,Kudermetova P.,Alexandrova E.,60.0,19.0,1004.0,2158.0,7.0,5.0,6.0,2.0,,,2.0,0.0,Completed,3.2,1.36,3.37,1.37,3.37,1.38,3.23,1.35,,,20250308
14,Indian Wells,BNP Paribas Open,2025-03-08,WTA1000,Outdoor,Hard,2nd Round,3,Bronzetti L.,Frech M.,62.0,30.0,993.0,1712.0,6.0,3.0,7.0,5.0,,,2.0,0.0,Completed,1.91,1.91,2.03,1.86,2.03,2.01,1.93,1.87,,,20250308
14,Indian Wells,BNP Paribas Open,2025-03-08,WTA1000,Outdoor,Hard,2nd Round,3,Paolini J.,Jovic I.,6.0,157.0,4518.0,466.0,7.0,6.0,1.0,6.0,6.0,3.0,2.0,1.0,Completed,1.2,4.5,1.24,4.48,1.24,4.5,1.22,4.31,,,20250308
14,Indian Wells,BNP Paribas Open,2025-03-08,WTA1000,Outdoor,Hard,2nd Round,3,Vekic D.,Avanesyan E.,22.0,39.0,2056.0,1410.0,6.0,3.0,6.0,3.0,,,2.0,0.0,Completed,2.2,1.67,2.41,1.63,2.56,1.67,2.34,1.6,,,20250308
14,Indian Wells,BNP Paribas Open,2025-03-08,WTA1000,Outdoor,Hard,2nd Round,3,Gauff C.,Uchijima M.,3.0,52.0,6333.0,1081.0,6.0,4.0,3.0,6.0,7.0,6.0,2.0,1.0,Completed,1.1,7.0,1.1,8.66,1.1,8.66,1.09,7.48,,,20250308
14,Indian Wells,BNP Paribas Open,2025-03-08,WTA1000,Outdoor,Hard,2nd Round,3,Kartal S.,Haddad Maia B.,83.0,17.0,853.0,2369.0,6.0,2.0,6.0,1.0,,,2.0,0.0,Completed,2.1,1.73,2.09,1.81,2.1,1.82,2.05,1.77,,,20250308
14,Indian Wells,BNP Paribas Open,2025-03-08,WTA1000,Outdoor,Hard,2nd Round,3,Mertens E.,Birrell K.,28.0,76.0,1756.0,907.0,6.0,4.0,7.0,5.0,,,2.0,0.0,Completed,1.33,3.4,1.36,3.43,1.39,3.43,1.34,3.24,,,20250308
14,Indian Wells,BNP Paribas Open,2025-03-08,WTA1000,Outdoor,Hard,2nd Round,3,Kasatkina D.,Kenin S.,12.0,47.0,3116.0,1213.0,3.0,6.0,7.0,5.0,6.0,4.0,2.0,1.0,Completed,2.0,1.8,1.95,1.93,2.02,1.93,1.96,1.85,,,20250308
14,Indian Wells,BNP Paribas Open,2025-03-09,WTA1000,Outdoor,Hard,2nd Round,3,Bencic B.,Anisimova A.,58.0,18.0,1028.0,2326.0,6.0,4.0,6.0,7.0,6.0,1.0,2.0,1.0,Completed,1.57,2.38,1.6,2.47,1.6,2.49,1.57,2.41,,,20250309
14,Indian Wells,BNP Paribas Open,2025-03-09,WTA1000,Outdoor,Hard,2nd Round,3,Cristian J.,Fernandez L.A.,79.0,27.0,876.0,1763.0,5.0,7.0,7.0,6.0,6.0,3.0,2.0,1.0,Completed,3.5,1.3,3.76,1.31,3.76,1.31,3.55,1.29,,,20250309
14,Indian Wells,BNP Paribas Open,2025-03-09,WTA1000,Outdoor,Hard,2nd Round,3,Samsonova L.,McNally C.,25.0,491.0,1945.0,104.0,7.0,6.0,6.0,4.0,,,2.0,0.0,Completed,1.3,3.4,1.4,3.18,1.4,3.4,1.34,3.23,,,20250309
14,Indian Wells,BNP Paribas Open,2025-03-09,WTA1000,Outdoor,Hard,2nd Round,3,Sabalenka A.,Kessler M.,1.0,48.0,9076.0,1210.0,7.0,6.0,6.0,3.0,,,2.0,0.0,Completed,1.25,4.0,1.36,3.39,1.37,4.5,1.25,4.04,,,20250309
14,Indian Wells,BNP Paribas Open,2025-03-09,WTA1000,Outdoor,Hard,2nd Round,3,Shnaider D.,Parks A.,13.0,61.0,2908.0,995.0,6.0,1.0,6.0,1.0,,,2.0,0.0,Completed,1.44,2.75,1.51,2.73,1.51,2.9,1.46,2.71,,,20250309
14,Indian Wells,BNP Paribas Open,2025-03-09,WTA1000,Outdoor,Hard,2nd Round,3,Navarro E.,Cirstea S.,8.0,111.0,4009.0,680.0,3.0,6.0,6.0,1.0,7.0,6.0,2.0,1.0,Completed,1.4,3.0,1.45,2.95,1.45,3.15,1.41,2.94,,,20250309
14,Indian Wells,BNP Paribas Open,2025-03-09,WTA1000,Outdoor,Hard,3rd Round,3,Swiatek I.,Yastremska D.,2.0,46.0,7985.0,1229.0,6.0,0.0,6.0,2.0,,,2.0,0.0,Completed,1.08,8.0,1.11,8.13,1.11,8.13,1.09,7.36,,,20250309
14,Indian Wells,BNP Paribas Open,2025-03-09,WTA1000,Outdoor,Hard,3rd Round,3,Kostyuk M.,Dolehide C.,24.0,73.0,1955.0,908.0,6.0,3.0,6.0,3.0,,,2.0,0.0,Completed,1.33,3.4,1.35,3.54,1.35,3.54,1.32,3.34,,,20250309
14,Indian Wells,BNP Paribas Open,2025-03-09,WTA1000,Outdoor,Hard,3rd Round,3,Rybakina E.,Boulter K.,7.0,38.0,4328.0,1421.0,6.0,0.0,7.0,5.0,,,2.0,0.0,Completed,1.2,4.5,1.2,5.3,1.21,5.36,1.19,4.83,,,20250309
14,Indian Wells,BNP Paribas Open,2025-03-09,WTA1000,Outdoor,Hard,3rd Round,3,Muchova K.,Siniakova K.,15.0,59.0,2734.0,1010.0,7.0,5.0,6.0,1.0,,,2.0,0.0,Completed,1.36,3.2,1.34,3.58,1.38,3.58,1.36,3.17,,,20250309
14,Indian Wells,BNP Paribas Open,2025-03-09,WTA1000,Outdoor,Hard,3rd Round,3,Pegula J.,Wang Xin.,4.0,42.0,5251.0,1323.0,6.0,2.0,6.0,1.0,,,2.0,0.0,Completed,1.2,4.5,1.19,5.41,1.2,5.41,1.18,4.82,,,20250309
14,Indian Wells,BNP Paribas Open,2025-03-09,WTA1000,Outdoor,Hard,3rd Round,3,Svitolina E.,Collins D.,23.0,14.0,1980.0,2823.0,6.0,2.0,6.0,4.0,,,2.0,0.0,Completed,1.53,2.5,1.54,2.67,1.54,2.67,1.52,2.54,,,20250309
14,Indian Wells,BNP Paribas Open,2025-03-10,WTA1000,Outdoor,Hard,3rd Round,3,Andreeva M.,Tauson C.,11.0,21.0,3720.0,2069.0,6.0,3.0,6.0,0.0,,,2.0,0.0,Completed,1.44,2.75,1.53,2.68,1.53,2.75,1.49,2.61,,,20250310
14,Indian Wells,BNP Paribas Open,2025-03-10,WTA1000,Outdoor,Hard,3rd Round,3,Zheng Q.,Sun L.,9.0,49.0,3780.0,1187.0,6.0,4.0,7.0,5.0,,,2.0,0.0,Completed,1.17,5.0,1.18,5.7,1.21,5.7,1.17,4.98,,,20250310
14,Indian Wells,BNP Paribas Open,2025-03-10,WTA1000,Outdoor,Hard,3rd Round,3,Keys M.,Mertens E.,5.0,28.0,4679.0,1756.0,6.0,2.0,6.0,7.0,6.0,4.0,2.0,1.0,Completed,1.4,3.0,1.39,3.27,1.42,3.27,1.38,3.01,,,20250310
14,Indian Wells,BNP Paribas Open,2025-03-10,WTA1000,Outdoor,Hard,3rd Round,3,Kartal S.,Kudermetova P.,83.0,60.0,853.0,1004.0,7.0,5.0,6.0,3.0,,,2.0,0.0,Completed,1.8,2.0,1.79,2.14,1.82,2.14,1.77,2.03,,,20250310
14,Indian Wells,BNP Paribas Open,2025-03-10,WTA1000,Outdoor,Hard,3rd Round,3,Gauff C.,Sakkari M.,3.0,29.0,6333.0,1719.0,7.0,6.0,6.0,2.0,,,2.0,0.0,Completed,1.25,4.0,1.28,3.88,1.29,4.1,1.25,3.92,,,20250310
14,Indian Wells,BNP Paribas Open,2025-03-10,WTA1000,Outdoor,Hard,3rd Round,3,Bencic B.,Shnaider D.,58.0,13.0,1028.0,2908.0,6.0,4.0,6.0,4.0,,,2.0,0.0,Completed,1.5,2.63,1.55,2.64,1.55,3.04,1.48,2.64,,,20250310
14,Indian Wells,BNP Paribas Open,2025-03-10,WTA1000,Outdoor,Hard,3rd Round,3,Sabalenka A.,Bronzetti L.,1.0,62.0,9076.0,993.0,6.0,1.0,6.0,2.0,,,2.0,0.0,Completed,1.07,9.0,1.08,10.39,1.09,10.39,1.07,8.66,,,20250310
14,Indian Wells,BNP Paribas Open,2025-03-10,WTA1000,Outdoor,Hard,3rd Round,3,Samsonova L.,Kasatkina D.,25.0,12.0,1945.0,3116.0,2.0,6.0,6.0,3.0,6.0,2.0,2.0,1.0,Completed,2.2,1.67,2.36,1.67,2.36,1.67,2.25,1.64,,,20250310
14,Indian Wells,BNP Paribas Open,2025-03-11,WTA1000,Outdoor,Hard,3rd Round,3,Vekic D.,Navarro E.,22.0,8.0,2056.0,4009.0,7.0,6.0,6.0,1.0,,,2.0,0.0,Completed,3.0,1.4,3.11,1.42,3.11,1.44,2.92,1.4,,,20250311
14,Indian Wells,BNP Paribas Open,2025-03-11,WTA1000,Outdoor,Hard,3rd Round,3,Paolini J.,Cristian J.,6.0,79.0,4518.0,876.0,6.0,4.0,3.0,6.0,6.0,4.0,2.0,1.0,Completed,1.3,3.5,1.29,3.97,1.33,3.97,1.29,3.59,,,20250311
14,Indian Wells,BNP Paribas Open,2025-03-11,WTA1000,Outdoor,Hard,4th Round,3,Swiatek I.,Muchova K.,2.0,15.0,7985.0,2734.0,6.0,1.0,6.0,1.0,,,2.0,0.0,Completed,1.29,3.75,1.36,3.09,1.38,4.0,1.31,3.42,,,20250311
14,Indian Wells,BNP Paribas Open,2025-03-11,WTA1000,Outdoor,Hard,4th Round,3,Svitolina E.,Pegula J.,23.0,4.0,1980.0,5251.0,5.0,7.0,6.0,1.0,6.0,2.0,2.0,1.0,Completed,2.75,1.44,2.8,1.5,2.82,1.5,2.68,1.46,,,20250311
14,Indian Wells,BNP Paribas Open,2025-03-12,WTA1000,Outdoor,Hard,4th Round,3,Andreeva M.,Rybakina E.,11.0,7.0,3720.0,4328.0,6.0,1.0,6.0,2.0,,,2.0,0.0,Completed,1.91,1.91,1.99,1.92,2.11,1.92,1.93,1.86,,,20250312
14,Indian Wells,BNP Paribas Open,2025-03-12,WTA1000,Outdoor,Hard,4th Round,3,Zheng Q.,Kostyuk M.,9.0,24.0,3780.0,1955.0,6.0,3.0,6.0,2.0,,,2.0,0.0,Completed,1.62,2.3,1.76,2.08,1.76,2.44,1.66,2.21,,,20250312
14,Indian Wells,BNP Paribas Open,2025-03-12,WTA1000,Outdoor,Hard,4th Round,3,Bencic B.,Gauff C.,58.0,3.0,1028.0,6333.0,3.0,6.0,6.0,3.0,6.0,4.0,2.0,1.0,Completed,2.0,1.8,1.96,1.88,2.05,1.88,1.97,1.82,,,20250312
14,Indian Wells,BNP Paribas Open,2025-03-12,WTA1000,Outdoor,Hard,4th Round,3,Keys M.,Vekic D.,5.0,22.0,4679.0,2056.0,4.0,6.0,7.0,6.0,6.0,3.0,2.0,1.0,Completed,1.29,3.75,1.4,3.01,1.41,3.82,1.32,3.37,,,20250312
14,Indian Wells,BNP Paribas Open,2025-03-12,WTA1000,Outdoor,Hard,4th Round,3,Sabalenka A.,Kartal S.,1.0,83.0,9076.0,853.0,6.0,1.0,6.0,2.0,,,2.0,0.0,Completed,1.06,10.0,1.07,10.34,1.08,10.34,1.06,8.99,,,20250312
14,Indian Wells,BNP Paribas Open,2025-03-12,WTA1000,Outdoor,Hard,4th Round,3,Samsonova L.,Paolini J.,25.0,6.0,1945.0,4518.0,6.0,0.0,6.0,4.0,,,2.0,0.0,Completed,1.91,1.91,1.96,1.94,1.96,1.98,1.89,1.91,,,20250312
14,Indian Wells,BNP Paribas Open,2025-03-13,WTA1000,Outdoor,Hard,Quarterfinals,3,Swiatek I.,Zheng Q.,2.0,9.0,7985.0,3780.0,6.0,3.0,6.0,3.0,,,2.0,0.0,Completed,1.17,5.0,1.22,4.35,1.24,5.0,1.2,4.51,,,20250313
14,Indian Wells,BNP Paribas Open,2025-03-13,WTA1000,Outdoor,Hard,Quarterfinals,3,Andreeva M.,Svitolina E.,11.0,23.0,3720.0,1980.0,7.0,5.0,6.0,3.0,,,2.0,0.0,Completed,1.4,3.0,1.4,3.23,1.43,3.23,1.39,2.99,,,20250313
14,Indian Wells,BNP Paribas Open,2025-03-13,WTA1000,Outdoor,Hard,Quarterfinals,3,Keys M.,Bencic B.,5.0,58.0,4679.0,1028.0,6.0,1.0,6.0,1.0,,,2.0,0.0,Completed,1.73,2.1,1.77,2.18,1.8,2.18,1.75,2.08,,,20250313
14,Indian Wells,BNP Paribas Open,2025-03-14,WTA1000,Outdoor,Hard,Quarterfinals,3,Sabalenka A.,Samsonova L.,1.0,25.0,9076.0,1945.0,6.0,2.0,6.0,3.0,,,2.0,0.0,Completed,1.17,5.0,1.21,5.01,1.21,5.1,1.18,4.82,,,20250314
14,Indian Wells,BNP Paribas Open,2025-03-14,WTA1000,Outdoor,Hard,Semifinals,3,Andreeva M.,Swiatek I.,11.0,2.0,3720.0,7985.0,7.0,6.0,1.0,6.0,6.0,3.0,2.0,1.0,Completed,2.63,1.5,2.6,1.56,2.63,1.6,2.52,1.52,,,20250314
14,Indian Wells,BNP Paribas Open,2025-03-15,WTA1000,Outdoor,Hard,Semifinals,3,Sabalenka A.,Keys M.,1.0,5.0,9076.0,4679.0,6.0,0.0,6.0,1.0,,,2.0,0.0,Completed,1.53,2.5,1.59,2.54,1.59,2.54,1.54,2.45,,,20250315
14,Indian Wells,BNP Paribas Open,2025-03-16,WTA1000,Outdoor,Hard,The Final,3,Andreeva M.,Sabalenka A.,11.0,1.0,3720.0,9076.0,2.0,6.0,6.0,4.0,6.0,3.0,2.0,1.0,Completed,2.5,1.53,2.77,1.51,2.77,1.63,2.54,1.51,,,20250316
15,Miami,Miami Open,2025-03-18,WTA1000,Outdoor,Hard,1st Round,3,Siniakova K.,Yuan Y.,57.0,93.0,1040.0,745.0,6.0,2.0,2.0,6.0,7.0,6.0,2.0,1.0,Completed,1.3,3.5,1.4,3.16,1.4,3.53,1.34,3.26,,,20250318
15,Miami,Miami Open,2025-03-18,WTA1000,Outdoor,Hard,1st Round,3,Tomova V.,McNally C.,64.0,414.0,981.0,139.0,6.0,3.0,2.0,6.0,6.0,3.0,2.0,1.0,Completed,2.3,1.62,2.24,1.72,2.33,1.72,2.25,1.64,,,20250318
15,Miami,Miami Open,2025-03-18,WTA1000,Outdoor,Hard,1st Round,3,Linette M.,Pavlyuchenkova A.,34.0,47.0,1504.0,1228.0,7.0,6.0,6.0,2.0,,,2.0,0.0,Completed,2.38,1.57,2.27,1.7,2.51,1.7,2.31,1.61,,,20250318
15,Miami,Miami Open,2025-03-18,WTA1000,Outdoor,Hard,1st Round,3,Parks A.,Gracheva V.,59.0,65.0,1028.0,970.0,3.0,6.0,7.0,6.0,6.0,3.0,2.0,1.0,Completed,1.8,2.0,1.88,2.01,1.88,2.06,1.81,1.99,,,20250318
15,Miami,Miami Open,2025-03-18,WTA1000,Outdoor,Hard,1st Round,3,Bronzetti L.,Bouzas Maneiro J.,62.0,58.0,993.0,1033.0,6.0,4.0,6.0,3.0,,,2.0,0.0,Completed,1.62,2.3,1.65,2.37,1.74,2.37,1.63,2.27,,,20250318
15,Miami,Miami Open,2025-03-18,WTA1000,Outdoor,Hard,1st Round,3,Cirstea S.,Cocciaretto E.,101.0,82.0,705.0,838.0,6.0,3.0,7.0,6.0,,,2.0,0.0,Completed,1.44,2.75,1.41,3.1,1.47,3.1,1.39,2.97,,,20250318
15,Miami,Miami Open,2025-03-18,WTA1000,Outdoor,Hard,1st Round,3,Osaka N.,Starodubtseva Y.,61.0,108.0,994.0,682.0,3.0,6.0,6.0,4.0,6.0,3.0,2.0,1.0,Completed,1.17,5.0,1.2,5.18,1.25,5.4,1.18,4.77,,,20250318
15,Miami,Miami Open,2025-03-18,WTA1000,Outdoor,Hard,1st Round,3,Sramkova R.,Stefanini L.,37.0,146.0,1395.0,498.0,3.0,6.0,6.0,1.0,6.0,3.0,2.0,1.0,Completed,1.4,3.0,1.4,3.2,1.48,3.2,1.4,2.9,,,20250318
15,Miami,Miami Open,2025-03-18,WTA1000,Outdoor,Hard,1st Round,3,Fruhvirtova L.,Liu C.,215.0,282.0,331.0,250.0,7.0,5.0,4.0,6.0,6.0,3.0,2.0,1.0,Completed,2.1,1.73,2.27,1.7,2.27,1.74,2.11,1.7,,,20250318
15,Miami,Miami Open,2025-03-18,WTA1000,Outdoor,Hard,1st Round,3,Davis L.,Ito A.,229.0,106.0,311.0,689.0,6.0,4.0,3.0,6.0,6.0,4.0,2.0,1.0,Completed,2.75,1.44,2.64,1.54,2.75,1.55,2.56,1.49,,,20250318
15,Miami,Miami Open,2025-03-18,WTA1000,Outdoor,Hard,1st Round,3,Ruse E.G.,Kudermetova P.,102.0,56.0,705.0,1054.0,6.0,1.0,6.0,7.0,6.0,2.0,2.0,1.0,Completed,1.8,2.0,1.95,1.93,1.95,2.0,1.87,1.91,,,20250318
15,Miami,Miami Open,2025-03-18,WTA1000,Outdoor,Hard,1st Round,3,Kenin S.,Kvitova P.,46.0,1126.0,1238.0,11.0,6.0,4.0,7.0,5.0,,,2.0,0.0,Completed,1.36,3.2,1.35,3.5,1.38,3.5,1.35,3.19,,,20250318
15,Miami,Miami Open,2025-03-18,WTA1000,Outdoor,Hard,1st Round,3,Masarova R.,Minnen G.,168.0,83.0,420.0,822.0,6.0,7.0,6.0,4.0,7.0,5.0,2.0,1.0,Completed,3.0,1.4,3.11,1.41,3.14,1.41,2.93,1.39,,,20250318
15,Miami,Miami Open,2025-03-18,WTA1000,Outdoor,Hard,1st Round,3,Baptiste H.,Danilovic O.,98.0,41.0,736.0,1313.0,6.0,3.0,6.0,7.0,6.0,1.0,2.0,1.0,Completed,2.0,1.8,2.01,1.88,2.04,1.88,1.97,1.81,,,20250318
15,Miami,Miami Open,2025-03-18,WTA1000,Outdoor,Hard,1st Round,3,Krueger A.,Zarazua R.,40.0,71.0,1351.0,932.0,6.0,3.0,6.0,2.0,,,2.0,0.0,Completed,1.2,4.5,1.23,4.66,1.25,4.66,1.22,4.27,,,20250318
15,Miami,Miami Open,2025-03-18,WTA1000,Outdoor,Hard,1st Round,3,Townsend T.,Li A.,90.0,66.0,772.0,970.0,3.0,6.0,6.0,4.0,6.0,2.0,2.0,1.0,Completed,1.8,2.0,1.91,1.98,1.91,2.01,1.82,1.96,,,20250318
15,Miami,Miami Open,2025-03-19,WTA1000,Outdoor,Hard,1st Round,3,Mboko V.,Osorio M.,162.0,54.0,444.0,1088.0,7.0,5.0,5.0,7.0,6.0,3.0,2.0,1.0,Completed,2.0,1.8,1.96,1.93,2.14,1.93,1.98,1.8,,,20250319
15,Miami,Miami Open,2025-03-19,WTA1000,Outdoor,Hard,1st Round,3,Blinkova A.,Rakhimova K.,85.0,77.0,807.0,902.0,4.0,6.0,6.0,3.0,6.0,2.0,2.0,1.0,Completed,1.53,2.5,1.61,2.46,1.61,2.51,1.55,2.43,,,20250319
15,Miami,Miami Open,2025-03-19,WTA1000,Outdoor,Hard,1st Round,3,Birrell K.,Potapova A.,68.0,38.0,952.0,1384.0,3.0,6.0,6.0,3.0,7.0,6.0,2.0,1.0,Completed,2.5,1.53,2.42,1.63,2.55,1.63,2.36,1.58,,,20250319
15,Miami,Miami Open,2025-03-19,WTA1000,Outdoor,Hard,1st Round,3,Kudermetova V.,Wang Xin.,52.0,39.0,1106.0,1353.0,6.0,2.0,7.0,6.0,,,2.0,0.0,Completed,1.91,1.91,1.93,1.96,1.95,2.1,1.87,1.91,,,20250319
15,Miami,Miami Open,2025-03-19,WTA1000,Outdoor,Hard,1st Round,3,Raducanu E.,Ishii S.,60.0,188.0,1007.0,371.0,6.0,2.0,6.0,1.0,,,2.0,0.0,Completed,1.22,4.33,1.25,4.4,1.25,4.4,1.23,4.08,,,20250319
15,Miami,Miami Open,2025-03-19,WTA1000,Outdoor,Hard,1st Round,3,Kessler M.,Bouzkova M.,48.0,50.0,1215.0,1142.0,6.0,4.0,2.0,6.0,6.0,4.0,2.0,1.0,Completed,1.4,3.0,1.4,3.18,1.44,3.2,1.39,2.95,,,20250319
15,Miami,Miami Open,2025-03-19,WTA1000,Outdoor,Hard,1st Round,3,Pera B.,Tomljanovic A.,84.0,88.0,812.0,793.0,6.0,3.0,6.0,2.0,,,2.0,0.0,Completed,2.0,1.8,1.85,2.05,2.08,2.05,1.92,1.86,,,20250319
15,Miami,Miami Open,2025-03-19,WTA1000,Outdoor,Hard,1st Round,3,Avanesyan E.,Andreeva E.,36.0,95.0,1435.0,742.0,6.0,1.0,6.0,7.0,6.0,4.0,2.0,1.0,Completed,1.36,3.2,1.34,3.56,1.36,3.61,1.33,3.27,,,20250319
15,Miami,Miami Open,2025-03-19,WTA1000,Outdoor,Hard,1st Round,3,Garcia C.,Bondar A.,74.0,94.0,909.0,744.0,6.0,0.0,7.0,6.0,,,2.0,0.0,Completed,1.5,2.63,1.56,2.59,1.56,2.75,1.49,2.57,,,20250319
15,Miami,Miami Open,2025-03-19,WTA1000,Outdoor,Hard,1st Round,3,Eala A.,Volynets K.,140.0,73.0,524.0,918.0,6.0,3.0,7.0,6.0,,,2.0,0.0,Completed,3.75,1.29,3.69,1.32,3.75,1.33,3.51,1.3,,,20250319
15,Miami,Miami Open,2025-03-19,WTA1000,Outdoor,Hard,1st Round,3,Grabher J.,Grant T.C.,373.0,419.0,162.0,137.0,6.0,4.0,6.0,4.0,,,2.0,0.0,Completed,3.75,1.29,3.92,1.29,3.92,1.33,3.61,1.28,,,20250319
15,Miami,Miami Open,2025-03-19,WTA1000,Outdoor,Hard,1st Round,3,Stearns P.,Boulter K.,43.0,35.0,1266.0,1476.0,6.0,4.0,6.0,2.0,,,2.0,0.0,Completed,1.73,2.1,1.87,2.02,1.87,2.1,1.76,2.04,,,20250319
15,Miami,Miami Open,2025-03-19,WTA1000,Outdoor,Hard,1st Round,3,Uchijima M.,Lamens S.,53.0,70.0,1103.0,937.0,6.0,4.0,6.0,3.0,,,2.0,0.0,Completed,1.67,2.2,1.65,2.36,1.67,2.36,1.64,2.22,,,20250319
15,Miami,Miami Open,2025-03-19,WTA1000,Outdoor,Hard,1st Round,3,Bencic B.,Yastremska D.,45.0,42.0,1243.0,1284.0,6.0,4.0,1.0,6.0,7.0,5.0,2.0,1.0,Completed,1.29,3.75,1.33,3.71,1.33,3.75,1.29,3.5,,,20250319
15,Miami,Miami Open,2025-03-19,WTA1000,Outdoor,Hard,1st Round,3,Azarenka V.,Kalinina A.,32.0,55.0,1582.0,1072.0,6.0,3.0,6.0,1.0,,,2.0,0.0,Completed,1.44,2.75,1.51,2.72,1.52,2.78,1.47,2.66,,,20250319
15,Miami,Miami Open,2025-03-20,WTA1000,Outdoor,Hard,1st Round,3,Sherif M.,Sun L.,67.0,44.0,956.0,1243.0,7.0,5.0,1.0,6.0,6.0,4.0,2.0,1.0,Completed,3.2,1.36,3.08,1.42,3.2,1.42,3.0,1.38,,,20250320
15,Miami,Miami Open,2025-03-20,WTA1000,Outdoor,Hard,2nd Round,3,Paolini J.,Sramkova R.,7.0,37.0,4518.0,1395.0,6.0,4.0,6.0,4.0,,,2.0,0.0,Completed,1.53,2.5,1.55,2.61,1.59,2.71,1.52,2.5,,,20250320
15,Miami,Miami Open,2025-03-20,WTA1000,Outdoor,Hard,2nd Round,3,Ruse E.G.,Frech M.,102.0,27.0,705.0,1712.0,6.0,4.0,6.0,4.0,,,2.0,0.0,Completed,1.87,1.87,1.93,1.96,1.93,2.03,1.86,1.92,,,20250320
15,Miami,Miami Open,2025-03-20,WTA1000,Outdoor,Hard,2nd Round,3,Zheng Q.,Davis L.,9.0,229.0,3985.0,311.0,6.0,1.0,7.0,5.0,,,2.0,0.0,Completed,1.07,9.0,1.08,10.44,1.08,10.44,1.06,8.71,,,20250320
15,Miami,Miami Open,2025-03-20,WTA1000,Outdoor,Hard,2nd Round,3,Fernandez L.A.,Parks A.,26.0,59.0,1763.0,1028.0,7.0,6.0,6.0,3.0,,,2.0,0.0,Completed,1.53,2.5,1.62,2.42,1.62,2.51,1.56,2.4,,,20250320
15,Miami,Miami Open,2025-03-20,WTA1000,Outdoor,Hard,2nd Round,3,Krueger A.,Rybakina E.,40.0,8.0,1351.0,4448.0,6.0,4.0,2.0,6.0,6.0,4.0,2.0,1.0,Completed,3.75,1.29,3.95,1.29,4.0,1.29,3.68,1.27,,,20250320
15,Miami,Miami Open,2025-03-20,WTA1000,Outdoor,Hard,2nd Round,3,Gauff C.,Kenin S.,3.0,46.0,6063.0,1238.0,6.0,0.0,6.0,0.0,,,2.0,0.0,Completed,1.4,3.0,1.39,3.22,1.44,3.22,1.39,2.91,,,20250320
15,Miami,Miami Open,2025-03-20,WTA1000,Outdoor,Hard,2nd Round,3,Linette M.,Alexandrova E.,34.0,20.0,1504.0,2158.0,7.0,6.0,6.0,2.0,,,2.0,0.0,Completed,2.5,1.5,2.47,1.6,2.75,1.62,2.43,1.55,,,20250320
15,Miami,Miami Open,2025-03-20,WTA1000,Outdoor,Hard,2nd Round,3,Sabalenka A.,Tomova V.,1.0,64.0,9606.0,981.0,6.0,3.0,6.0,0.0,,,2.0,0.0,Completed,1.03,17.0,1.02,19.65,1.03,19.65,1.02,14.0,,,20250320
15,Miami,Miami Open,2025-03-20,WTA1000,Outdoor,Hard,2nd Round,3,Townsend T.,Putintseva Y.,90.0,24.0,772.0,2028.0,7.0,6.0,1.0,6.0,6.0,1.0,2.0,1.0,Completed,2.38,1.57,2.66,1.53,2.66,1.6,2.44,1.54,,,20250320
15,Miami,Miami Open,2025-03-20,WTA1000,Outdoor,Hard,2nd Round,3,Jabeur O.,Siniakova K.,30.0,57.0,1669.0,1040.0,6.0,4.0,7.0,6.0,,,2.0,0.0,Completed,1.67,2.2,1.83,2.07,1.83,2.34,1.71,2.12,,,20250320
15,Miami,Miami Open,2025-03-20,WTA1000,Outdoor,Hard,2nd Round,3,Sakkari M.,Bronzetti L.,51.0,62.0,1134.0,993.0,6.0,3.0,5.0,7.0,6.0,4.0,2.0,1.0,Completed,1.67,2.2,1.71,2.25,1.74,2.34,1.66,2.2,,,20250320
15,Miami,Miami Open,2025-03-20,WTA1000,Outdoor,Hard,2nd Round,3,Baptiste H.,Kasatkina D.,98.0,12.0,736.0,3061.0,3.0,6.0,6.0,4.0,7.0,5.0,2.0,1.0,Completed,3.0,1.4,3.26,1.38,3.26,1.42,2.97,1.39,,,20250320
15,Miami,Miami Open,2025-03-20,WTA1000,Outdoor,Hard,2nd Round,3,Masarova R.,Vekic D.,168.0,19.0,420.0,2166.0,6.0,1.0,6.0,3.0,,,2.0,0.0,Completed,3.5,1.3,4.1,1.27,4.1,1.33,3.57,1.29,,,20250320
15,Miami,Miami Open,2025-03-20,WTA1000,Outdoor,Hard,2nd Round,3,Fruhvirtova L.,Haddad Maia B.,215.0,18.0,331.0,2314.0,6.0,0.0,6.0,2.0,,,2.0,0.0,Completed,2.0,1.8,2.3,1.68,2.45,1.8,2.1,1.72,,,20250320
15,Miami,Miami Open,2025-03-21,WTA1000,Outdoor,Hard,2nd Round,3,Osaka N.,Samsonova L.,61.0,21.0,994.0,2150.0,6.0,2.0,6.0,4.0,,,2.0,0.0,Completed,1.8,2.0,2.02,1.88,2.02,2.0,1.87,1.91,,,20250321
15,Miami,Miami Open,2025-03-21,WTA1000,Outdoor,Hard,2nd Round,3,Collins D.,Cirstea S.,15.0,101.0,2853.0,705.0,6.0,4.0,7.0,6.0,,,2.0,0.0,Completed,1.62,2.3,1.69,2.29,1.69,2.31,1.64,2.24,,,20250321
15,Miami,Miami Open,2025-03-21,WTA1000,Outdoor,Hard,2nd Round,3,Blinkova A.,Shnaider D.,85.0,13.0,807.0,2938.0,6.0,4.0,7.0,6.0,,,2.0,0.0,Completed,3.5,1.3,3.53,1.34,3.53,1.35,3.41,1.31,,,20250321
15,Miami,Miami Open,2025-03-21,WTA1000,Outdoor,Hard,2nd Round,3,Kalinskaya A.,Uchijima M.,33.0,53.0,1579.0,1103.0,6.0,1.0,6.0,3.0,,,2.0,0.0,Completed,1.91,1.91,1.87,2.02,1.91,2.02,1.84,1.95,,,20250321
15,Miami,Miami Open,2025-03-21,WTA1000,Outdoor,Hard,2nd Round,3,Swiatek I.,Garcia C.,2.0,74.0,7375.0,909.0,6.0,2.0,7.0,5.0,,,2.0,0.0,Completed,1.05,11.0,1.05,14.99,1.06,14.99,1.04,11.11,,,20250321
15,Miami,Miami Open,2025-03-21,WTA1000,Outdoor,Hard,2nd Round,3,Eala A.,Ostapenko J.,140.0,25.0,524.0,1842.0,7.0,6.0,7.0,5.0,,,2.0,0.0,Completed,4.0,1.25,4.84,1.22,4.84,1.25,4.26,1.22,,,20250321
15,Miami,Miami Open,2025-03-21,WTA1000,Outdoor,Hard,2nd Round,3,Mertens E.,Stearns P.,28.0,43.0,1701.0,1266.0,6.0,4.0,6.0,1.0,,,2.0,0.0,Completed,1.67,2.2,1.7,2.26,1.73,2.26,1.67,2.19,,,20250321
15,Miami,Miami Open,2025-03-21,WTA1000,Outdoor,Hard,2nd Round,3,Badosa P.,Mboko V.,11.0,162.0,3736.0,444.0,7.0,5.0,1.0,6.0,7.0,6.0,2.0,1.0,Completed,1.44,2.75,1.55,2.62,1.55,2.9,1.46,2.71,,,20250321
15,Miami,Miami Open,2025-03-21,WTA1000,Outdoor,Hard,2nd Round,3,Raducanu E.,Navarro E.,60.0,10.0,1007.0,3859.0,7.0,6.0,2.0,6.0,7.0,6.0,2.0,1.0,Completed,2.63,1.5,2.8,1.49,2.83,1.5,2.7,1.47,,,20250321
15,Miami,Miami Open,2025-03-21,WTA1000,Outdoor,Hard,2nd Round,3,Tauson C.,Grabher J.,23.0,373.0,2114.0,162.0,6.0,4.0,7.0,5.0,,,2.0,0.0,Completed,1.06,10.0,1.04,15.79,1.06,15.79,1.04,10.76,,,20250321
15,Miami,Miami Open,2025-03-21,WTA1000,Outdoor,Hard,2nd Round,3,Kessler M.,Noskova L.,48.0,31.0,1215.0,1628.0,2.0,6.0,7.0,5.0,7.0,6.0,2.0,1.0,Completed,2.1,1.73,2.18,1.76,2.45,1.76,2.12,1.71,,,20250321
15,Miami,Miami Open,2025-03-21,WTA1000,Outdoor,Hard,2nd Round,3,Kostyuk M.,Birrell K.,29.0,68.0,1685.0,952.0,7.0,5.0,4.0,6.0,6.0,3.0,2.0,1.0,Completed,1.4,3.0,1.43,3.03,1.43,3.2,1.38,3.01,,,20250321
15,Miami,Miami Open,2025-03-21,WTA1000,Outdoor,Hard,2nd Round,3,Pegula J.,Pera B.,4.0,84.0,5361.0,812.0,6.0,4.0,6.0,4.0,,,2.0,0.0,Completed,1.13,6.0,1.15,6.21,1.15,6.21,1.13,5.81,,,20250321
15,Miami,Miami Open,2025-03-21,WTA1000,Outdoor,Hard,2nd Round,3,Muchova K.,Azarenka V.,14.0,32.0,2854.0,1582.0,6.0,0.0,0.0,0.0,,,1.0,0.0,Retired,1.4,3.0,1.37,3.33,1.4,3.33,1.38,3.01,,,20250321
15,Miami,Miami Open,2025-03-21,WTA1000,Outdoor,Hard,2nd Round,3,Svitolina E.,Bencic B.,22.0,45.0,2130.0,1243.0,6.0,1.0,6.0,2.0,,,2.0,0.0,Completed,2.38,1.57,2.4,1.63,2.4,1.67,2.29,1.61,,,20250321
15,Miami,Miami Open,2025-03-21,WTA1000,Outdoor,Hard,2nd Round,3,Anisimova A.,Sherif M.,17.0,67.0,2335.0,956.0,6.0,2.0,6.0,2.0,,,2.0,0.0,Completed,1.1,7.0,1.12,7.3,1.13,8.04,1.1,6.9,,,20250321
15,Miami,Miami Open,2025-03-21,WTA1000,Outdoor,Hard,2nd Round,3,Andreeva M.,Kudermetova V.,6.0,52.0,4710.0,1106.0,6.0,0.0,6.0,2.0,,,2.0,0.0,Completed,1.13,5.0,1.15,6.35,1.18,6.6,1.15,5.43,,,20250321
15,Miami,Miami Open,2025-03-21,WTA1000,Outdoor,Hard,2nd Round,3,Keys M.,Avanesyan E.,5.0,36.0,5004.0,1435.0,6.0,3.0,6.0,3.0,,,2.0,0.0,Completed,1.25,4.0,1.28,4.08,1.29,5.0,1.25,3.9,,,20250321
15,Miami,Miami Open,2025-03-22,WTA1000,Outdoor,Hard,3rd Round,3,Paolini J.,Jabeur O.,7.0,30.0,4518.0,1669.0,4.0,3.0,,,,,0.0,0.0,Retired,2.2,1.67,2.17,1.78,2.28,1.78,2.18,1.69,,,20250322
15,Miami,Miami Open,2025-03-22,WTA1000,Outdoor,Hard,3rd Round,3,Krueger A.,Fernandez L.A.,40.0,26.0,1351.0,1763.0,6.0,1.0,7.0,5.0,,,2.0,0.0,Completed,1.73,2.1,1.85,2.07,1.85,2.23,1.75,2.08,,,20250322
15,Miami,Miami Open,2025-03-22,WTA1000,Outdoor,Hard,3rd Round,3,Osaka N.,Baptiste H.,61.0,98.0,994.0,736.0,7.0,6.0,3.0,6.0,6.0,4.0,2.0,1.0,Completed,1.3,3.5,1.33,3.64,1.34,3.64,1.31,3.42,,,20250322
15,Miami,Miami Open,2025-03-22,WTA1000,Outdoor,Hard,3rd Round,3,Sabalenka A.,Ruse E.G.,1.0,102.0,9606.0,705.0,6.0,1.0,0.0,0.0,,,1.0,0.0,Retired,1.04,13.0,1.04,16.01,1.04,17.59,1.03,12.94,,,20250322
15,Miami,Miami Open,2025-03-22,WTA1000,Outdoor,Hard,3rd Round,3,Gauff C.,Sakkari M.,3.0,51.0,6063.0,1134.0,6.0,2.0,6.0,4.0,,,2.0,0.0,Completed,1.22,4.33,1.22,4.97,1.24,5.0,1.2,4.53,,,20250322
15,Miami,Miami Open,2025-03-22,WTA1000,Outdoor,Hard,3rd Round,3,Linette M.,Fruhvirtova L.,34.0,215.0,1504.0,331.0,7.0,5.0,6.0,4.0,,,2.0,0.0,Completed,1.53,2.5,1.56,2.61,1.6,2.61,1.54,2.48,,,20250322
15,Miami,Miami Open,2025-03-22,WTA1000,Outdoor,Hard,3rd Round,3,Collins D.,Masarova R.,15.0,168.0,2853.0,420.0,6.0,4.0,3.0,6.0,6.0,3.0,2.0,1.0,Completed,1.25,4.0,1.31,3.86,1.31,4.0,1.27,3.7,,,20250322
15,Miami,Miami Open,2025-03-23,WTA1000,Outdoor,Hard,3rd Round,3,Zheng Q.,Townsend T.,9.0,90.0,3985.0,772.0,6.0,1.0,7.0,6.0,,,2.0,0.0,Completed,1.2,4.5,1.23,4.6,1.25,5.0,1.22,4.23,,,20250323
15,Miami,Miami Open,2025-03-23,WTA1000,Outdoor,Hard,3rd Round,3,Badosa P.,Tauson C.,11.0,23.0,3736.0,2114.0,6.0,3.0,7.0,6.0,,,2.0,0.0,Completed,1.73,2.1,1.72,2.25,1.75,2.25,1.72,2.12,,,20250323
15,Miami,Miami Open,2025-03-23,WTA1000,Outdoor,Hard,3rd Round,3,Svitolina E.,Muchova K.,22.0,14.0,2130.0,2854.0,6.0,2.0,3.0,6.0,6.0,2.0,2.0,1.0,Completed,1.91,1.91,1.9,2.0,2.08,2.0,1.89,1.91,,,20250323
15,Miami,Miami Open,2025-03-23,WTA1000,Outdoor,Hard,3rd Round,3,Swiatek I.,Mertens E.,2.0,28.0,7375.0,1701.0,7.0,6.0,6.0,1.0,,,2.0,0.0,Completed,1.1,7.0,1.12,7.72,1.12,8.4,1.1,6.93,,,20250323
15,Miami,Miami Open,2025-03-23,WTA1000,Outdoor,Hard,3rd Round,3,Kostyuk M.,Blinkova A.,29.0,85.0,1685.0,807.0,6.0,2.0,6.0,1.0,,,2.0,0.0,Completed,1.36,3.2,1.41,3.16,1.46,3.2,1.37,3.08,,,20250323
15,Miami,Miami Open,2025-03-23,WTA1000,Outdoor,Hard,3rd Round,3,Eala A.,Keys M.,140.0,5.0,524.0,5004.0,6.0,4.0,6.0,2.0,,,2.0,0.0,Completed,9.0,1.07,10.62,1.08,10.62,1.09,8.77,1.06,,,20250323
15,Miami,Miami Open,2025-03-23,WTA1000,Outdoor,Hard,3rd Round,3,Pegula J.,Kalinskaya A.,4.0,33.0,5361.0,1579.0,6.0,7.0,6.0,2.0,7.0,6.0,2.0,1.0,Completed,1.3,3.5,1.29,3.97,1.31,3.97,1.28,3.65,,,20250323
15,Miami,Miami Open,2025-03-23,WTA1000,Outdoor,Hard,3rd Round,3,Raducanu E.,Kessler M.,60.0,48.0,1007.0,1215.0,6.0,1.0,3.0,0.0,,,1.0,0.0,Retired,1.91,1.91,1.96,1.94,1.96,2.15,1.85,1.94,,,20250323
15,Miami,Miami Open,2025-03-23,WTA1000,Outdoor,Hard,3rd Round,3,Anisimova A.,Andreeva M.,17.0,6.0,2335.0,4710.0,7.0,6.0,2.0,6.0,6.0,3.0,2.0,1.0,Completed,3.75,1.29,3.7,1.33,3.75,1.35,3.5,1.3,,,20250323
15,Miami,Miami Open,2025-03-24,WTA1000,Outdoor,Hard,4th Round,3,Paolini J.,Osaka N.,7.0,61.0,4518.0,994.0,3.0,6.0,6.0,4.0,6.0,4.0,2.0,1.0,Completed,2.3,1.62,2.38,1.65,2.38,1.65,2.3,1.61,,,20250324
15,Miami,Miami Open,2025-03-24,WTA1000,Outdoor,Hard,4th Round,3,Zheng Q.,Krueger A.,9.0,40.0,3985.0,1351.0,6.0,2.0,7.0,6.0,,,2.0,0.0,Completed,1.53,2.5,1.51,2.76,1.54,2.76,1.51,2.56,,,20250324
15,Miami,Miami Open,2025-03-24,WTA1000,Outdoor,Hard,4th Round,3,Sabalenka A.,Collins D.,1.0,15.0,9606.0,2853.0,6.0,4.0,6.0,4.0,,,2.0,0.0,Completed,1.17,5.0,1.19,5.49,1.2,5.49,1.19,4.68,,,20250324
15,Miami,Miami Open,2025-03-24,WTA1000,Outdoor,Hard,4th Round,3,Raducanu E.,Anisimova A.,60.0,17.0,1007.0,2335.0,6.0,1.0,6.0,3.0,,,2.0,0.0,Completed,2.3,1.62,2.36,1.67,2.45,1.72,2.26,1.62,,,20250324
15,Miami,Miami Open,2025-03-24,WTA1000,Outdoor,Hard,4th Round,3,Linette M.,Gauff C.,34.0,3.0,1504.0,6063.0,6.0,4.0,6.0,4.0,,,2.0,0.0,Completed,7.0,1.1,6.42,1.15,7.0,1.15,6.07,1.12,,,20250324
15,Miami,Miami Open,2025-03-24,WTA1000,Outdoor,Hard,4th Round,3,Pegula J.,Kostyuk M.,4.0,29.0,5361.0,1685.0,6.0,2.0,6.0,3.0,,,2.0,0.0,Completed,1.5,2.63,1.59,2.53,1.62,2.75,1.52,2.52,,,20250324
15,Miami,Miami Open,2025-03-25,WTA1000,Outdoor,Hard,4th Round,3,Eala A.,Badosa P.,140.0,11.0,524.0,3736.0,,,,,,,,,Walkover,3.0,1.4,2.75,1.51,3.2,1.51,2.87,1.42,,,20250325
15,Miami,Miami Open,2025-03-25,WTA1000,Outdoor,Hard,4th Round,3,Swiatek I.,Svitolina E.,2.0,22.0,7375.0,2130.0,7.0,6.0,6.0,3.0,,,2.0,0.0,Completed,1.25,4.0,1.3,3.89,1.3,4.0,1.27,3.71,,,20250325
15,Miami,Miami Open,2025-03-25,WTA1000,Outdoor,Hard,Quarterfinals,3,Paolini J.,Linette M.,7.0,34.0,4518.0,1504.0,6.0,3.0,6.0,2.0,,,2.0,0.0,Completed,1.57,2.38,1.58,2.54,1.61,2.54,1.58,2.38,,,20250325
15,Miami,Miami Open,2025-03-26,WTA1000,Outdoor,Hard,Quarterfinals,3,Sabalenka A.,Zheng Q.,1.0,9.0,9606.0,3985.0,6.0,2.0,7.0,5.0,,,2.0,0.0,Completed,1.29,3.75,1.26,4.29,1.31,4.29,1.27,3.75,,,20250326
15,Miami,Miami Open,2025-03-26,WTA1000,Outdoor,Hard,Quarterfinals,3,Eala A.,Swiatek I.,140.0,2.0,524.0,7375.0,6.0,2.0,7.0,5.0,,,2.0,0.0,Completed,10.0,1.06,9.38,1.08,10.0,1.12,8.47,1.07,,,20250326
15,Miami,Miami Open,2025-03-27,WTA1000,Outdoor,Hard,Quarterfinals,3,Pegula J.,Raducanu E.,4.0,60.0,5361.0,1007.0,6.0,4.0,6.0,7.0,6.0,2.0,2.0,1.0,Completed,1.44,2.75,1.49,2.84,1.5,2.84,1.46,2.72,,,20250327
15,Miami,Miami Open,2025-03-27,WTA1000,Outdoor,Hard,Semifinals,3,Sabalenka A.,Paolini J.,1.0,7.0,9606.0,4518.0,6.0,2.0,6.0,2.0,,,2.0,0.0,Completed,1.17,5.0,1.21,4.86,1.21,5.0,1.18,4.76,,,20250327
15,Miami,Miami Open,2025-03-28,WTA1000,Outdoor,Hard,Semifinals,3,Pegula J.,Eala A.,4.0,140.0,5361.0,524.0,7.0,6.0,5.0,7.0,6.0,3.0,2.0,1.0,Completed,1.25,4.0,1.27,4.09,1.3,4.19,1.26,3.8,,,20250328
15,Miami,Miami Open,2025-03-29,WTA1000,Outdoor,Hard,The Final,3,Sabalenka A.,Pegula J.,1.0,4.0,9606.0,5361.0,7.0,5.0,6.0,2.0,,,2.0,0.0,Completed,1.25,4.0,1.26,4.28,1.28,4.28,1.25,3.94,,,20250329
16,Bogota,Copa Colsanitas,2025-04-01,WTA250,Outdoor,Clay,1st Round,3,Chang H.,Lepchenko V.,194.0,122.0,373.0,599.0,4.0,6.0,6.0,1.0,6.0,2.0,2.0,1.0,Completed,3.5,1.3,3.65,1.32,3.65,1.34,3.47,1.3,,,20250401
16,Bogota,Copa Colsanitas,2025-04-01,WTA250,Outdoor,Clay,1st Round,3,Maria T.,Paquet C.,82.0,120.0,825.0,615.0,6.0,7.0,7.0,5.0,6.0,4.0,2.0,1.0,Completed,1.67,2.2,1.74,2.19,1.74,2.34,1.68,2.17,,,20250401
16,Bogota,Copa Colsanitas,2025-04-01,WTA250,Outdoor,Clay,1st Round,3,Janicijevic S.,Sorribes Tormo S.,178.0,86.0,395.0,804.0,6.0,1.0,6.0,2.0,,,2.0,0.0,Completed,5.0,1.17,5.48,1.18,5.5,1.2,5.12,1.16,,,20250401
16,Bogota,Copa Colsanitas,2025-04-01,WTA250,Outdoor,Clay,1st Round,3,Osorio M.,Higuita Barraza M.,54.0,1080.0,1078.0,13.0,6.0,0.0,6.0,1.0,,,2.0,0.0,Completed,1.0,51.0,1.0,69.69,1.01,69.69,1.0,27.02,,,20250401
16,Bogota,Copa Colsanitas,2025-04-01,WTA250,Outdoor,Clay,1st Round,3,Kawa K.,Mediorreal A.V.,223.0,800.0,325.0,35.0,6.0,1.0,6.0,1.0,,,2.0,0.0,Completed,1.05,11.0,1.04,16.13,1.05,16.13,1.03,11.47,,,20250401
16,Bogota,Copa Colsanitas,2025-04-01,WTA250,Outdoor,Clay,1st Round,3,Tig P.M.,Arango E.,243.0,84.0,297.0,811.0,6.0,3.0,6.0,3.0,,,2.0,0.0,Completed,2.75,1.44,,,2.77,1.45,2.72,1.42,,,20250401
16,Bogota,Copa Colsanitas,2025-04-01,WTA250,Outdoor,Clay,1st Round,3,Pigossi L.,Siegemund L.,180.0,88.0,393.0,801.0,4.0,6.0,6.0,1.0,6.0,1.0,2.0,1.0,Completed,4.0,1.25,4.16,1.26,4.35,1.26,4.02,1.23,,,20250401
16,Bogota,Copa Colsanitas,2025-04-01,WTA250,Outdoor,Clay,1st Round,3,Serban R.,Parrizas Diaz N.,204.0,111.0,354.0,656.0,2.0,6.0,6.0,4.0,6.0,1.0,2.0,1.0,Completed,2.1,1.73,2.0,1.88,2.24,1.88,2.11,1.71,,,20250401
16,Bogota,Copa Colsanitas,2025-04-01,WTA250,Outdoor,Clay,1st Round,3,Bouzkova M.,Krunic A.,51.0,290.0,1142.0,235.0,6.0,0.0,3.0,6.0,6.0,3.0,2.0,1.0,Completed,1.36,3.2,1.35,3.43,1.36,3.55,1.33,3.25,,,20250401
16,Bogota,Copa Colsanitas,2025-04-01,WTA250,Outdoor,Clay,1st Round,3,Jovic I.,Parks A.,150.0,55.0,499.0,1061.0,6.0,1.0,6.0,4.0,,,2.0,0.0,Completed,1.8,2.0,1.95,1.92,1.95,2.05,1.86,1.91,,,20250401
16,Bogota,Copa Colsanitas,2025-04-01,WTA250,Outdoor,Clay,1st Round,3,Boskovic L.,Bara I.,225.0,242.0,319.0,298.0,6.0,4.0,6.0,4.0,,,2.0,0.0,Completed,2.1,1.73,2.11,1.78,2.15,1.8,2.07,1.74,,,20250401
16,Bogota,Copa Colsanitas,2025-04-01,WTA250,Outdoor,Clay,1st Round,3,Pareja J.,Sanchez Uribe M.J.,550.0,1259.0,83.0,7.0,6.0,1.0,6.0,1.0,,,2.0,0.0,Completed,1.03,17.0,1.01,32.96,1.03,32.96,1.01,17.08,,,20250401
16,Bogota,Copa Colsanitas,2025-04-01,WTA250,Outdoor,Clay,1st Round,3,Bektas E.,Torres Murcia M.C.,186.0,866.0,382.0,28.0,6.0,0.0,6.0,3.0,,,2.0,0.0,Completed,1.08,8.0,1.05,13.34,1.09,13.34,1.05,9.97,,,20250401
16,Bogota,Copa Colsanitas,2025-04-02,WTA250,Outdoor,Clay,1st Round,3,Jeanjean L.,Von Deichmann K.,116.0,158.0,632.0,467.0,6.0,4.0,7.0,5.0,,,2.0,0.0,Completed,1.4,3.0,1.43,3.01,1.43,3.2,1.39,2.96,,,20250402
16,Bogota,Copa Colsanitas,2025-04-02,WTA250,Outdoor,Clay,1st Round,3,Bucsa C.,Kung L.,93.0,206.0,772.0,353.0,6.0,1.0,6.0,7.0,6.0,1.0,2.0,1.0,Completed,1.2,4.5,1.26,4.17,1.26,5.0,1.2,4.35,,,20250402
16,Bogota,Copa Colsanitas,2025-04-02,WTA250,Outdoor,Clay,1st Round,3,Riera J.,Jones F.,157.0,129.0,469.0,582.0,6.0,2.0,5.0,7.0,5.0,3.0,1.0,1.0,Retired,3.0,1.4,3.08,1.41,3.2,1.41,2.94,1.39,,,20250402
16,Bogota,Copa Colsanitas,2025-04-02,WTA250,Outdoor,Clay,2nd Round,3,Kawa K.,Pigossi L.,223.0,180.0,325.0,393.0,1.0,6.0,7.0,6.0,6.0,3.0,2.0,1.0,Completed,1.91,1.91,1.91,1.96,1.91,2.0,1.86,1.93,,,20250402
16,Bogota,Copa Colsanitas,2025-04-02,WTA250,Outdoor,Clay,2nd Round,3,Bouzkova M.,Serban R.,51.0,204.0,1142.0,354.0,6.0,1.0,6.0,3.0,,,2.0,0.0,Completed,1.2,4.5,1.23,4.46,1.23,4.51,1.21,4.34,,,20250402
16,Bogota,Copa Colsanitas,2025-04-02,WTA250,Outdoor,Clay,2nd Round,3,Pareja J.,Tig P.M.,550.0,243.0,83.0,297.0,6.0,3.0,7.0,6.0,,,2.0,0.0,Completed,,,2.0,1.85,2.15,1.85,2.06,1.75,,,20250402
16,Bogota,Copa Colsanitas,2025-04-03,WTA250,Outdoor,Clay,2nd Round,3,Jeanjean L.,Janicijevic S.,116.0,178.0,632.0,395.0,6.0,4.0,6.0,3.0,,,2.0,0.0,Completed,1.29,3.75,1.31,3.7,1.33,4.25,1.28,3.61,,,20250403
16,Bogota,Copa Colsanitas,2025-04-03,WTA250,Outdoor,Clay,2nd Round,3,Osorio M.,Bektas E.,54.0,186.0,1078.0,382.0,1.0,6.0,7.0,6.0,6.0,2.0,2.0,1.0,Completed,1.1,7.0,1.07,10.78,1.1,10.78,1.09,7.64,,,20250403
16,Bogota,Copa Colsanitas,2025-04-03,WTA250,Outdoor,Clay,2nd Round,3,Maria T.,Chang H.,82.0,194.0,825.0,373.0,6.0,0.0,7.0,6.0,,,2.0,0.0,Completed,1.36,3.2,1.44,2.96,1.44,3.2,1.4,2.97,,,20250403
16,Bogota,Copa Colsanitas,2025-04-03,WTA250,Outdoor,Clay,2nd Round,3,Boskovic L.,Bucsa C.,225.0,93.0,319.0,772.0,6.0,1.0,6.0,4.0,,,2.0,0.0,Completed,3.75,1.29,3.78,1.3,3.78,1.3,3.61,1.29,,,20250403
16,Bogota,Copa Colsanitas,2025-04-04,WTA250,Outdoor,Clay,2nd Round,3,Riera J.,Jovic I.,157.0,150.0,469.0,499.0,6.0,4.0,6.0,2.0,,,2.0,0.0,Completed,2.75,1.44,2.57,1.55,2.75,1.59,2.59,1.49,,,20250404
16,Bogota,Copa Colsanitas,2025-04-04,WTA250,Outdoor,Clay,Quarterfinals,3,Osorio M.,Maria T.,54.0,82.0,1078.0,825.0,6.0,1.0,6.0,3.0,,,2.0,0.0,Completed,1.4,3.0,1.38,3.23,1.4,3.23,1.37,3.06,,,20250404
16,Bogota,Copa Colsanitas,2025-04-04,WTA250,Outdoor,Clay,Quarterfinals,3,Riera J.,Boskovic L.,157.0,225.0,469.0,319.0,6.0,3.0,2.0,6.0,6.0,1.0,2.0,1.0,Completed,1.5,2.63,1.54,2.61,1.54,2.63,1.5,2.58,,,20250404
16,Bogota,Copa Colsanitas,2025-04-04,WTA250,Outdoor,Clay,Quarterfinals,3,Kawa K.,Bouzkova M.,223.0,51.0,325.0,1142.0,5.0,7.0,6.0,1.0,7.0,5.0,2.0,1.0,Completed,4.33,1.22,3.31,1.3,5.0,1.3,4.32,1.21,,,20250404
16,Bogota,Copa Colsanitas,2025-04-05,WTA250,Outdoor,Clay,Quarterfinals,3,Pareja J.,Jeanjean L.,550.0,116.0,83.0,632.0,7.0,6.0,6.0,3.0,,,2.0,0.0,Completed,2.3,1.62,2.37,1.66,2.45,1.67,2.28,1.64,,,20250405
16,Bogota,Copa Colsanitas,2025-04-05,WTA250,Outdoor,Clay,Semifinals,3,Osorio M.,Riera J.,54.0,157.0,1078.0,469.0,6.0,4.0,7.0,5.0,,,2.0,0.0,Completed,1.36,3.2,1.4,2.89,1.4,3.3,1.35,3.16,,,20250405
16,Bogota,Copa Colsanitas,2025-04-06,WTA250,Outdoor,Clay,Semifinals,3,Kawa K.,Pareja J.,223.0,550.0,325.0,83.0,7.0,5.0,6.0,2.0,,,2.0,0.0,Completed,2.0,1.8,1.91,1.88,2.1,1.88,2.01,1.79,,,20250406
16,Bogota,Copa Colsanitas,2025-04-06,WTA250,Outdoor,Clay,The Final,3,Osorio M.,Kawa K.,54.0,223.0,1078.0,325.0,6.0,3.0,6.0,3.0,,,2.0,0.0,Completed,1.22,4.33,1.24,4.48,1.25,4.87,1.22,4.29,,,20250406
17,Charleston,Charleston Open,2025-03-31,WTA500,Outdoor,Clay,1st Round,3,Montgomery R.,Tomova V.,105.0,65.0,694.0,981.0,6.0,1.0,6.0,3.0,,,2.0,0.0,Completed,2.2,1.67,2.26,1.69,2.26,1.7,2.18,1.66,,,20250331
17,Charleston,Charleston Open,2025-03-31,WTA500,Outdoor,Clay,1st Round,3,Gracheva V.,Dart H.,66.0,109.0,970.0,669.0,6.0,1.0,3.0,6.0,6.0,1.0,2.0,1.0,Completed,1.33,3.4,1.32,3.6,1.33,3.6,1.31,3.42,,,20250331
17,Charleston,Charleston Open,2025-03-31,WTA500,Outdoor,Clay,1st Round,3,Dolehide C.,Cocciaretto E.,73.0,85.0,900.0,804.0,6.0,4.0,6.0,1.0,,,2.0,0.0,Completed,1.8,2.0,1.81,2.08,1.84,2.08,1.8,1.99,,,20250331
17,Charleston,Charleston Open,2025-03-31,WTA500,Outdoor,Clay,1st Round,3,McNally C.,Kalinina A.,397.0,68.0,149.0,962.0,4.0,6.0,6.0,1.0,6.0,4.0,2.0,1.0,Completed,1.73,2.1,1.7,2.24,1.8,2.24,1.73,2.1,,,20250331
17,Charleston,Charleston Open,2025-03-31,WTA500,Outdoor,Clay,1st Round,3,Volynets K.,Sebov K.,78.0,332.0,863.0,198.0,6.0,0.0,6.0,0.0,,,2.0,0.0,Completed,1.2,4.5,1.24,4.46,1.24,5.0,1.2,4.46,,,20250331
17,Charleston,Charleston Open,2025-03-31,WTA500,Outdoor,Clay,1st Round,3,Kudermetova P.,Begu I.,59.0,76.0,1037.0,880.0,6.0,3.0,6.0,4.0,,,2.0,0.0,Completed,3.0,1.4,3.01,1.43,3.2,1.45,3.0,1.38,,,20250331
17,Charleston,Charleston Open,2025-03-31,WTA500,Outdoor,Clay,1st Round,3,Kudermetova V.,Mateas M.,52.0,230.0,1131.0,309.0,6.0,0.0,6.0,2.0,,,2.0,0.0,Completed,1.11,6.5,1.1,8.46,1.12,8.46,1.1,6.82,,,20250331
17,Charleston,Charleston Open,2025-03-31,WTA500,Outdoor,Clay,1st Round,3,Tomljanovic A.,Okamura K.,87.0,183.0,802.0,388.0,3.0,6.0,6.0,1.0,6.0,2.0,2.0,1.0,Completed,1.22,4.33,1.21,4.85,1.23,4.85,1.21,4.38,,,20250331
17,Charleston,Charleston Open,2025-04-01,WTA500,Outdoor,Clay,1st Round,3,Sakkari M.,Stakusic M.,64.0,126.0,984.0,588.0,6.0,3.0,6.0,2.0,,,2.0,0.0,Completed,1.17,5.0,1.2,5.02,1.21,5.02,1.18,4.77,,,20250401
17,Charleston,Charleston Open,2025-04-01,WTA500,Outdoor,Clay,1st Round,3,Shymanovich I.,Watson H.,215.0,182.0,340.0,388.0,7.0,6.0,6.0,4.0,,,2.0,0.0,Completed,1.73,2.1,1.71,2.22,1.75,2.27,1.7,2.14,,,20250401
17,Charleston,Charleston Open,2025-04-01,WTA500,Outdoor,Clay,1st Round,3,Davis L.,Loeb J.,211.0,542.0,345.0,86.0,3.0,6.0,6.0,1.0,6.0,3.0,2.0,1.0,Completed,1.22,4.33,1.23,4.5,1.23,4.6,1.21,4.3,,,20250401
17,Charleston,Charleston Open,2025-04-01,WTA500,Outdoor,Clay,1st Round,3,Kenin S.,Pera B.,44.0,80.0,1263.0,857.0,6.0,3.0,6.0,4.0,,,2.0,0.0,Completed,1.53,2.5,1.67,2.31,1.67,2.5,1.6,2.31,,,20250401
17,Charleston,Charleston Open,2025-04-01,WTA500,Outdoor,Clay,1st Round,3,Li A.,Blinkova A.,67.0,79.0,967.0,862.0,6.0,4.0,6.0,3.0,,,2.0,0.0,Completed,1.8,2.0,1.74,2.18,1.8,2.18,1.73,2.08,,,20250401
17,Charleston,Charleston Open,2025-04-01,WTA500,Outdoor,Clay,1st Round,3,Chirico L.,Andreeva E.,167.0,98.0,435.0,742.0,6.0,4.0,3.0,6.0,6.0,4.0,2.0,1.0,Completed,2.38,1.57,2.37,1.63,2.45,1.63,2.36,1.57,,,20250401
17,Charleston,Charleston Open,2025-04-01,WTA500,Outdoor,Clay,1st Round,3,Baptiste H.,Gadecki O.,90.0,100.0,778.0,733.0,6.0,2.0,6.0,4.0,,,2.0,0.0,Completed,1.29,3.75,1.28,3.94,1.3,3.94,1.28,3.65,,,20250401
17,Charleston,Charleston Open,2025-04-01,WTA500,Outdoor,Clay,1st Round,3,Zhang S.,Bronzetti L.,176.0,60.0,401.0,1018.0,7.0,5.0,5.0,7.0,6.0,4.0,2.0,1.0,Completed,3.5,1.3,3.63,1.32,3.63,1.32,3.47,1.3,,,20250401
17,Charleston,Charleston Open,2025-04-01,WTA500,Outdoor,Clay,2nd Round,3,Keys M.,Dolehide C.,5.0,73.0,4949.0,900.0,6.0,3.0,7.0,6.0,,,2.0,0.0,Completed,1.17,5.0,1.21,4.9,1.21,5.4,1.18,4.79,,,20250401
17,Charleston,Charleston Open,2025-04-01,WTA500,Outdoor,Clay,2nd Round,3,Collins D.,Montgomery R.,22.0,105.0,1973.0,694.0,6.0,3.0,6.0,1.0,,,2.0,0.0,Completed,1.25,4.0,1.27,4.06,1.3,4.09,1.25,3.9,,,20250401
17,Charleston,Charleston Open,2025-04-02,WTA500,Outdoor,Clay,2nd Round,3,Anisimova A.,Kudermetova V.,16.0,52.0,2454.0,1131.0,6.0,2.0,6.0,2.0,,,2.0,0.0,Completed,1.5,2.63,1.5,2.76,1.5,2.8,1.47,2.65,,,20250402
17,Charleston,Charleston Open,2025-04-02,WTA500,Outdoor,Clay,2nd Round,3,Shnaider D.,Kudermetova P.,14.0,59.0,2913.0,1037.0,6.0,3.0,6.0,2.0,,,2.0,0.0,Completed,1.4,3.0,1.4,2.9,1.4,3.32,1.35,3.16,,,20250402
17,Charleston,Charleston Open,2025-04-02,WTA500,Outdoor,Clay,2nd Round,3,Kalinskaya A.,McNally C.,33.0,397.0,1524.0,149.0,6.0,1.0,6.0,4.0,,,2.0,0.0,Completed,1.8,2.0,1.88,1.98,1.89,2.0,1.83,1.96,,,20250402
17,Charleston,Charleston Open,2025-04-02,WTA500,Outdoor,Clay,2nd Round,3,Kasatkina D.,Davis L.,12.0,211.0,3006.0,345.0,6.0,1.0,6.0,1.0,,,2.0,0.0,Completed,1.17,5.0,1.17,5.65,1.17,5.65,1.16,5.19,,,20250402
17,Charleston,Charleston Open,2025-04-02,WTA500,Outdoor,Clay,2nd Round,3,Ostapenko J.,Chirico L.,25.0,167.0,1787.0,435.0,7.0,5.0,6.0,2.0,,,2.0,0.0,Completed,1.17,5.0,1.17,5.54,1.18,5.54,1.16,5.13,,,20250402
17,Charleston,Charleston Open,2025-04-02,WTA500,Outdoor,Clay,2nd Round,3,Navarro E.,Baptiste H.,11.0,90.0,3749.0,778.0,6.0,4.0,6.0,3.0,,,2.0,0.0,Completed,1.3,3.5,1.32,3.63,1.33,3.75,1.3,3.46,,,20250402
17,Charleston,Charleston Open,2025-04-02,WTA500,Outdoor,Clay,2nd Round,3,Alexandrova E.,Li A.,26.0,67.0,1778.0,967.0,6.0,3.0,6.0,0.0,,,2.0,0.0,Completed,1.73,2.1,1.78,2.12,1.78,2.24,1.73,2.1,,,20250402
17,Charleston,Charleston Open,2025-04-02,WTA500,Outdoor,Clay,2nd Round,3,Putintseva Y.,Zhang S.,23.0,176.0,1823.0,401.0,7.0,6.0,6.0,1.0,,,2.0,0.0,Completed,1.14,5.5,1.15,6.22,1.16,6.9,1.14,5.67,,,20250402
17,Charleston,Charleston Open,2025-04-02,WTA500,Outdoor,Clay,2nd Round,3,Kenin S.,Bencic B.,44.0,41.0,1263.0,1278.0,6.0,0.0,6.0,3.0,,,2.0,0.0,Completed,2.63,1.5,2.91,1.48,2.91,1.5,2.7,1.46,,,20250402
17,Charleston,Charleston Open,2025-04-02,WTA500,Outdoor,Clay,2nd Round,3,Pegula J.,Shymanovich I.,4.0,215.0,5796.0,340.0,6.0,0.0,6.0,3.0,,,2.0,0.0,Completed,1.06,10.0,1.06,12.47,1.07,12.47,1.05,9.94,,,20250402
17,Charleston,Charleston Open,2025-04-02,WTA500,Outdoor,Clay,2nd Round,3,Tomljanovic A.,Stearns P.,87.0,43.0,802.0,1266.0,6.0,1.0,6.0,4.0,,,2.0,0.0,Completed,2.75,1.44,2.67,1.52,2.75,1.53,2.65,1.48,,,20250402
17,Charleston,Charleston Open,2025-04-02,WTA500,Outdoor,Clay,2nd Round,3,Krueger A.,Volynets K.,34.0,78.0,1461.0,863.0,6.0,3.0,7.0,6.0,,,2.0,0.0,Completed,1.73,2.1,1.83,2.05,1.85,2.1,1.78,2.02,,,20250402
17,Charleston,Charleston Open,2025-04-02,WTA500,Outdoor,Clay,2nd Round,3,Zheng Q.,Sakkari M.,8.0,64.0,4135.0,984.0,6.0,4.0,6.0,1.0,,,2.0,0.0,Completed,1.29,3.75,1.29,3.85,1.35,3.9,1.27,3.69,,,20250402
17,Charleston,Charleston Open,2025-04-03,WTA500,Outdoor,Clay,2nd Round,3,Mertens E.,Gracheva V.,28.0,66.0,1756.0,970.0,6.0,3.0,7.0,5.0,,,2.0,0.0,Completed,1.44,2.75,1.48,2.8,1.53,3.2,1.47,2.67,,,20250403
17,Charleston,Charleston Open,2025-04-03,WTA500,Outdoor,Clay,3rd Round,3,Anisimova A.,Putintseva Y.,16.0,23.0,2454.0,1823.0,6.0,4.0,6.0,4.0,,,2.0,0.0,Completed,1.44,2.75,1.46,2.87,1.46,2.95,1.42,2.82,,,20250403
17,Charleston,Charleston Open,2025-04-03,WTA500,Outdoor,Clay,3rd Round,3,Alexandrova E.,Shnaider D.,26.0,14.0,1778.0,2913.0,6.0,2.0,6.0,1.0,,,2.0,0.0,Completed,2.1,1.73,2.21,1.72,2.25,1.74,2.16,1.69,,,20250403
17,Charleston,Charleston Open,2025-04-03,WTA500,Outdoor,Clay,3rd Round,3,Navarro E.,Krueger A.,11.0,34.0,3749.0,1461.0,4.0,6.0,6.0,4.0,6.0,2.0,2.0,1.0,Completed,1.44,2.75,1.45,2.89,1.55,2.89,1.43,2.77,,,20250403
17,Charleston,Charleston Open,2025-04-03,WTA500,Outdoor,Clay,3rd Round,3,Collins D.,Ostapenko J.,22.0,25.0,1973.0,1787.0,7.0,5.0,6.0,3.0,,,2.0,0.0,Completed,1.62,2.3,1.56,2.56,1.64,2.56,1.58,2.39,,,20250403
17,Charleston,Charleston Open,2025-04-03,WTA500,Outdoor,Clay,3rd Round,3,Pegula J.,Tomljanovic A.,4.0,87.0,5796.0,802.0,6.0,3.0,6.0,2.0,,,2.0,0.0,Completed,1.13,6.0,1.16,5.78,1.17,6.0,1.15,5.38,,,20250403
17,Charleston,Charleston Open,2025-04-03,WTA500,Outdoor,Clay,3rd Round,3,Zheng Q.,Mertens E.,8.0,28.0,4135.0,1756.0,6.0,3.0,3.0,6.0,6.0,3.0,2.0,1.0,Completed,1.3,3.5,1.33,3.57,1.33,3.57,1.31,3.46,,,20250403
17,Charleston,Charleston Open,2025-04-03,WTA500,Outdoor,Clay,3rd Round,3,Kalinskaya A.,Keys M.,33.0,5.0,1524.0,4949.0,6.0,2.0,6.0,4.0,,,2.0,0.0,Completed,3.75,1.29,3.76,1.3,3.8,1.4,3.51,1.3,,,20250403
17,Charleston,Charleston Open,2025-04-04,WTA500,Outdoor,Clay,3rd Round,3,Kenin S.,Kasatkina D.,44.0,12.0,1263.0,3006.0,6.0,3.0,7.0,6.0,,,2.0,0.0,Completed,2.1,1.73,2.17,1.75,2.17,1.8,2.1,1.73,,,20250404
17,Charleston,Charleston Open,2025-04-04,WTA500,Outdoor,Clay,Quarterfinals,3,Pegula J.,Collins D.,4.0,22.0,5796.0,1973.0,1.0,6.0,6.0,3.0,6.0,0.0,2.0,1.0,Completed,1.5,2.63,1.54,2.67,1.54,2.95,1.5,2.59,,,20250404
17,Charleston,Charleston Open,2025-04-04,WTA500,Outdoor,Clay,Quarterfinals,3,Alexandrova E.,Zheng Q.,26.0,8.0,1778.0,4135.0,6.0,1.0,6.0,4.0,,,2.0,0.0,Completed,2.75,1.44,2.7,1.43,3.2,1.46,2.84,1.42,,,20250404
17,Charleston,Charleston Open,2025-04-04,WTA500,Outdoor,Clay,Quarterfinals,3,Kenin S.,Kalinskaya A.,44.0,33.0,1263.0,1524.0,6.0,4.0,6.0,3.0,,,2.0,0.0,Completed,1.73,2.1,1.72,2.25,1.75,2.25,1.71,2.13,,,20250404
17,Charleston,Charleston Open,2025-04-04,WTA500,Outdoor,Clay,Quarterfinals,3,Anisimova A.,Navarro E.,16.0,11.0,2454.0,3749.0,7.0,5.0,7.0,6.0,,,2.0,0.0,Completed,1.8,2.0,1.93,1.97,1.93,2.15,1.83,1.98,,,20250404
17,Charleston,Charleston Open,2025-04-05,WTA500,Outdoor,Clay,Semifinals,3,Pegula J.,Alexandrova E.,4.0,26.0,5796.0,1778.0,6.0,2.0,2.0,6.0,7.0,5.0,2.0,1.0,Completed,1.53,2.5,1.61,2.49,1.61,2.55,1.54,2.49,,,20250405
17,Charleston,Charleston Open,2025-04-05,WTA500,Outdoor,Clay,Semifinals,3,Kenin S.,Anisimova A.,44.0,16.0,1263.0,2454.0,5.0,2.0,,,,,0.0,0.0,Retired,2.38,1.57,2.05,1.77,2.48,1.77,2.31,1.62,,,20250405
17,Charleston,Charleston Open,2025-04-06,WTA500,Outdoor,Clay,The Final,3,Pegula J.,Kenin S.,4.0,44.0,5796.0,1263.0,6.0,3.0,7.0,5.0,,,2.0,0.0,Completed,1.57,2.38,1.57,2.57,1.63,2.57,1.56,2.43,,,20250406
18,Rouen,Open de Rouen,2025-04-14,WTA250,Indoor,Clay,1st Round,3,Rakotomanga Rajaonah T.,Bronzetti L.,291.0,58.0,236.0,1018.0,6.0,2.0,6.0,3.0,,,2.0,0.0,Completed,3.0,1.4,3.16,1.39,3.5,1.4,3.09,1.37,,,20250414
18,Rouen,Open de Rouen,2025-04-14,WTA250,Indoor,Clay,1st Round,3,Kalinina A.,Hibino N.,65.0,214.0,956.0,341.0,6.0,0.0,6.0,4.0,,,2.0,0.0,Completed,1.25,4.0,1.28,3.97,1.29,4.2,1.25,3.94,,,20250414
18,Rouen,Open de Rouen,2025-04-14,WTA250,Indoor,Clay,1st Round,3,Ruse E.G.,Jacquemot E.,90.0,143.0,771.0,522.0,1.0,6.0,6.0,1.0,6.0,4.0,2.0,1.0,Completed,1.57,2.38,1.64,2.36,1.67,2.46,1.58,2.36,,,20250414
18,Rouen,Open de Rouen,2025-04-14,WTA250,Indoor,Clay,1st Round,3,Ferro F.,Kessler M.,376.0,43.0,164.0,1267.0,6.0,7.0,6.0,2.0,7.0,5.0,2.0,1.0,Completed,2.38,1.57,2.49,1.58,2.56,1.63,2.45,1.54,,,20250414
18,Rouen,Open de Rouen,2025-04-15,WTA250,Indoor,Clay,1st Round,3,Ponchet J.,Rouvroy M.,146.0,253.0,503.0,274.0,6.0,2.0,6.0,4.0,,,2.0,0.0,Completed,1.91,1.91,1.98,1.88,2.07,1.98,1.91,1.88,,,20250415
18,Rouen,Open de Rouen,2025-04-15,WTA250,Indoor,Clay,1st Round,3,Danilovic O.,Krunic A.,39.0,275.0,1372.0,253.0,5.0,7.0,6.0,0.0,6.0,3.0,2.0,1.0,Completed,1.14,5.5,1.2,5.0,1.2,5.9,1.16,5.27,,,20250415
18,Rouen,Open de Rouen,2025-04-15,WTA250,Indoor,Clay,1st Round,3,Boisson L.,Dart H.,303.0,110.0,220.0,669.0,6.0,0.0,6.0,3.0,,,2.0,0.0,Completed,1.33,3.4,1.29,3.83,1.36,3.83,1.32,3.45,,,20250415
18,Rouen,Open de Rouen,2025-04-15,WTA250,Indoor,Clay,1st Round,3,Fruhvirtova L.,Blinkova A.,159.0,75.0,471.0,862.0,6.0,7.0,6.0,4.0,7.0,5.0,2.0,1.0,Completed,2.2,1.67,2.29,1.68,2.36,1.71,2.24,1.65,,,20250415
18,Rouen,Open de Rouen,2025-04-15,WTA250,Indoor,Clay,1st Round,3,Cristian J.,Parry D.,66.0,115.0,948.0,638.0,6.0,4.0,6.0,3.0,,,2.0,0.0,Completed,1.4,3.0,1.41,3.06,1.45,3.1,1.4,2.98,,,20250415
18,Rouen,Open de Rouen,2025-04-15,WTA250,Indoor,Clay,1st Round,3,Rosatello C.,Parks A.,288.0,53.0,242.0,1061.0,6.0,2.0,6.0,3.0,,,2.0,0.0,Completed,2.75,1.44,2.79,1.48,2.92,1.5,2.72,1.45,,,20250415
18,Rouen,Open de Rouen,2025-04-15,WTA250,Indoor,Clay,1st Round,3,Bouzas Maneiro J.,Sakkari M.,73.0,82.0,880.0,821.0,6.0,0.0,3.0,6.0,6.0,3.0,2.0,1.0,Completed,2.63,1.5,2.5,1.58,2.7,1.59,2.56,1.51,,,20250415
18,Rouen,Open de Rouen,2025-04-15,WTA250,Indoor,Clay,1st Round,3,Gracheva V.,Kartal S.,67.0,59.0,945.0,1012.0,6.0,3.0,6.0,2.0,,,2.0,0.0,Completed,1.8,2.0,1.83,2.05,1.92,2.1,1.8,2.0,,,20250415
18,Rouen,Open de Rouen,2025-04-16,WTA250,Indoor,Clay,1st Round,3,Noskova L.,Pera B.,33.0,76.0,1573.0,857.0,4.0,6.0,7.0,6.0,6.0,4.0,2.0,1.0,Completed,1.44,2.75,1.47,2.82,1.49,3.0,1.43,2.81,,,20250416
18,Rouen,Open de Rouen,2025-04-16,WTA250,Indoor,Clay,1st Round,3,Uchijima M.,Brancaccio N.,60.0,206.0,1002.0,355.0,3.0,6.0,6.0,2.0,6.0,1.0,2.0,1.0,Completed,1.33,3.4,1.29,3.81,1.33,4.2,1.31,3.38,,,20250416
18,Rouen,Open de Rouen,2025-04-16,WTA250,Indoor,Clay,1st Round,3,Lamens S.,Andreescu B.,69.0,130.0,920.0,563.0,6.0,1.0,4.0,6.0,7.0,6.0,2.0,1.0,Completed,1.62,2.3,1.64,2.37,1.7,2.42,1.62,2.28,,,20250416
18,Rouen,Open de Rouen,2025-04-16,WTA250,Indoor,Clay,1st Round,3,Svitolina E.,Teichmann J.,18.0,96.0,2180.0,744.0,6.0,4.0,6.0,2.0,,,2.0,0.0,Completed,1.22,4.33,1.24,4.41,1.27,4.5,1.23,4.12,,,20250416
18,Rouen,Open de Rouen,2025-04-16,WTA250,Indoor,Clay,2nd Round,3,Ruse E.G.,Rosatello C.,90.0,288.0,771.0,242.0,6.0,0.0,6.0,4.0,,,2.0,0.0,Completed,1.29,3.75,1.28,3.92,1.31,4.1,1.28,3.71,,,20250416
18,Rouen,Open de Rouen,2025-04-16,WTA250,Indoor,Clay,2nd Round,3,Ponchet J.,Ferro F.,146.0,376.0,503.0,164.0,7.0,6.0,6.0,4.0,,,2.0,0.0,Completed,2.3,1.62,2.24,1.72,2.34,1.72,2.23,1.65,,,20250416
18,Rouen,Open de Rouen,2025-04-16,WTA250,Indoor,Clay,2nd Round,3,Rakotomanga Rajaonah T.,Cristian J.,291.0,66.0,236.0,948.0,6.0,2.0,6.0,3.0,,,2.0,0.0,Completed,3.4,1.33,3.87,1.3,3.95,1.33,3.55,1.3,,,20250416
18,Rouen,Open de Rouen,2025-04-17,WTA250,Indoor,Clay,2nd Round,3,Lamens S.,Noskova L.,69.0,33.0,920.0,1573.0,6.0,4.0,6.0,1.0,,,2.0,0.0,Completed,3.0,1.4,3.2,1.39,3.4,1.43,3.0,1.39,,,20250417
18,Rouen,Open de Rouen,2025-04-17,WTA250,Indoor,Clay,2nd Round,3,Uchijima M.,Boisson L.,60.0,303.0,1002.0,220.0,1.0,6.0,7.0,6.0,6.0,4.0,2.0,1.0,Completed,1.73,2.1,1.8,2.11,1.85,2.16,1.76,2.08,,,20250417
18,Rouen,Open de Rouen,2025-04-17,WTA250,Indoor,Clay,2nd Round,3,Danilovic O.,Fruhvirtova L.,39.0,159.0,1372.0,471.0,6.0,2.0,3.0,6.0,6.0,4.0,2.0,1.0,Completed,1.25,4.0,1.27,4.11,1.35,4.7,1.27,3.75,,,20250417
18,Rouen,Open de Rouen,2025-04-17,WTA250,Indoor,Clay,2nd Round,3,Svitolina E.,Kalinina A.,18.0,65.0,2180.0,956.0,6.0,4.0,6.0,0.0,,,2.0,0.0,Completed,1.2,4.5,1.21,4.78,1.27,5.1,1.21,4.36,,,20250417
18,Rouen,Open de Rouen,2025-04-17,WTA250,Indoor,Clay,2nd Round,3,Bouzas Maneiro J.,Gracheva V.,73.0,67.0,880.0,945.0,6.0,3.0,6.0,3.0,,,2.0,0.0,Completed,1.73,2.1,1.89,1.98,1.9,2.1,1.83,1.96,,,20250417
18,Rouen,Open de Rouen,2025-04-18,WTA250,Indoor,Clay,Quarterfinals,3,Danilovic O.,Uchijima M.,39.0,60.0,1372.0,1002.0,7.0,6.0,4.0,6.0,6.0,1.0,2.0,1.0,Completed,1.4,3.0,1.46,2.96,1.46,3.25,1.38,3.0,,,20250418
18,Rouen,Open de Rouen,2025-04-18,WTA250,Indoor,Clay,Quarterfinals,3,Ruse E.G.,Ponchet J.,90.0,146.0,771.0,503.0,6.0,2.0,6.0,2.0,,,2.0,0.0,Completed,1.4,3.0,1.4,3.25,1.41,3.3,1.38,3.06,,,20250418
18,Rouen,Open de Rouen,2025-04-18,WTA250,Indoor,Clay,Quarterfinals,3,Lamens S.,Rakotomanga Rajaonah T.,69.0,291.0,920.0,236.0,6.0,3.0,6.0,3.0,,,2.0,0.0,Completed,1.53,2.5,1.55,2.63,1.57,2.7,1.52,2.54,,,20250418
18,Rouen,Open de Rouen,2025-04-18,WTA250,Indoor,Clay,Quarterfinals,3,Svitolina E.,Bouzas Maneiro J.,18.0,73.0,2180.0,880.0,6.0,3.0,6.0,2.0,,,2.0,0.0,Completed,1.22,4.33,1.21,5.11,1.24,5.11,1.21,4.44,,,20250418
18,Rouen,Open de Rouen,2025-04-19,WTA250,Indoor,Clay,Semifinals,3,Danilovic O.,Lamens S.,39.0,69.0,1372.0,920.0,6.0,4.0,6.0,4.0,,,2.0,0.0,Completed,1.67,2.2,1.66,2.38,1.73,2.4,1.66,2.25,,,20250419
18,Rouen,Open de Rouen,2025-04-19,WTA250,Indoor,Clay,Semifinals,3,Svitolina E.,Ruse E.G.,18.0,90.0,2180.0,771.0,6.0,0.0,6.0,2.0,,,2.0,0.0,Completed,1.17,5.0,1.2,5.33,1.2,5.7,1.18,4.95,,,20250419
18,Rouen,Open de Rouen,2025-04-20,WTA250,Indoor,Clay,The Final,3,Svitolina E.,Danilovic O.,18.0,39.0,2180.0,1372.0,6.0,4.0,7.0,6.0,,,2.0,0.0,Completed,1.33,3.4,1.35,3.5,1.37,3.6,1.32,3.35,,,20250420
19,Stuttgart,Porsche Tennis Grand Prix,2025-04-14,WTA500,Indoor,Clay,1st Round,3,Mertens E.,Sasnovich A.,29.0,111.0,1708.0,660.0,7.0,6.0,6.0,2.0,,,2.0,0.0,Completed,1.33,3.4,1.33,3.51,1.35,3.8,1.33,3.35,,,20250414
19,Stuttgart,Porsche Tennis Grand Prix,2025-04-14,WTA500,Indoor,Clay,1st Round,3,Potapova A.,Tauson C.,38.0,21.0,1384.0,2114.0,2.0,6.0,7.0,6.0,6.0,3.0,2.0,1.0,Completed,2.2,1.67,2.3,1.67,2.34,1.74,2.22,1.66,,,20250414
19,Stuttgart,Porsche Tennis Grand Prix,2025-04-14,WTA500,Indoor,Clay,1st Round,3,Shnaider D.,Kudermetova V.,13.0,51.0,2913.0,1083.0,5.0,7.0,6.0,2.0,6.0,3.0,2.0,1.0,Completed,1.62,2.3,1.65,2.34,1.73,2.34,1.65,2.25,,,20250414
19,Stuttgart,Porsche Tennis Grand Prix,2025-04-15,WTA500,Indoor,Clay,1st Round,3,Ostapenko J.,Yastremska D.,24.0,46.0,1846.0,1229.0,6.0,3.0,3.0,0.0,,,1.0,0.0,Retired,2.2,1.67,2.18,1.74,2.26,1.76,2.17,1.69,,,20250415
19,Stuttgart,Porsche Tennis Grand Prix,2025-04-15,WTA500,Indoor,Clay,1st Round,3,Fett J.,Vekic D.,153.0,20.0,489.0,2141.0,7.0,6.0,6.0,4.0,,,2.0,0.0,Completed,3.75,1.29,3.8,1.3,4.2,1.3,3.8,1.27,,,20250415
19,Stuttgart,Porsche Tennis Grand Prix,2025-04-15,WTA500,Indoor,Clay,1st Round,3,Alexandrova E.,Samsonova L.,22.0,19.0,1913.0,2150.0,6.0,3.0,6.0,3.0,,,2.0,0.0,Completed,1.62,2.3,1.65,2.35,1.71,2.52,1.62,2.29,,,20250415
19,Stuttgart,Porsche Tennis Grand Prix,2025-04-15,WTA500,Indoor,Clay,1st Round,3,Niemeier J.,Siegemund L.,121.0,95.0,601.0,748.0,4.0,6.0,6.0,3.0,6.0,4.0,2.0,1.0,Completed,2.0,1.8,2.03,1.85,2.12,1.89,2.02,1.79,,,20250415
19,Stuttgart,Porsche Tennis Grand Prix,2025-04-15,WTA500,Indoor,Clay,1st Round,3,Paolini J.,Lys E.,6.0,68.0,4843.0,934.0,6.0,2.0,6.0,1.0,,,2.0,0.0,Completed,1.3,3.5,1.28,3.93,1.33,4.0,1.3,3.6,,,20250415
19,Stuttgart,Porsche Tennis Grand Prix,2025-04-15,WTA500,Indoor,Clay,1st Round,3,Navarro E.,Haddad Maia B.,11.0,17.0,3797.0,2209.0,6.0,3.0,6.0,0.0,,,2.0,0.0,Completed,1.29,3.75,1.26,4.12,1.29,4.5,1.24,4.05,,,20250415
19,Stuttgart,Porsche Tennis Grand Prix,2025-04-16,WTA500,Indoor,Clay,1st Round,3,Andreeva M.,Andreeva E.,7.0,97.0,4775.0,742.0,6.0,2.0,1.0,0.0,,,1.0,0.0,Retired,1.11,6.5,1.12,7.1,1.14,7.2,1.12,6.19,,,20250416
19,Stuttgart,Porsche Tennis Grand Prix,2025-04-16,WTA500,Indoor,Clay,1st Round,3,Frech M.,Errani S.,28.0,152.0,1712.0,492.0,7.0,5.0,4.0,6.0,7.0,6.0,2.0,1.0,Completed,1.36,3.2,1.38,3.25,1.39,3.5,1.35,3.2,,,20250416
19,Stuttgart,Porsche Tennis Grand Prix,2025-04-16,WTA500,Indoor,Clay,1st Round,3,Seidel E.,Maria T.,124.0,81.0,595.0,825.0,3.0,6.0,7.0,6.0,6.0,4.0,2.0,1.0,Completed,1.73,2.1,1.82,2.07,1.91,2.2,1.76,2.08,,,20250416
19,Stuttgart,Porsche Tennis Grand Prix,2025-04-16,WTA500,Indoor,Clay,2nd Round,3,Swiatek I.,Fett J.,2.0,153.0,7470.0,489.0,6.0,2.0,6.0,2.0,,,2.0,0.0,Completed,1.02,21.0,1.02,29.21,1.02,38.0,1.01,17.88,,,20250416
19,Stuttgart,Porsche Tennis Grand Prix,2025-04-16,WTA500,Indoor,Clay,2nd Round,3,Mertens E.,Shnaider D.,29.0,13.0,1708.0,2913.0,6.0,2.0,7.0,6.0,,,2.0,0.0,Completed,1.8,2.0,1.84,2.06,1.9,2.08,1.8,2.01,,,20250416
19,Stuttgart,Porsche Tennis Grand Prix,2025-04-17,WTA500,Indoor,Clay,2nd Round,3,Sabalenka A.,Potapova A.,1.0,38.0,10541.0,1384.0,,,,,,,,,Walkover,1.13,6.0,1.14,6.53,1.15,6.8,1.12,6.2,,,20250417
19,Stuttgart,Porsche Tennis Grand Prix,2025-04-17,WTA500,Indoor,Clay,2nd Round,3,Alexandrova E.,Andreeva M.,22.0,7.0,1913.0,4775.0,6.0,3.0,6.0,2.0,,,2.0,0.0,Completed,3.5,1.27,3.75,1.3,4.2,1.35,3.51,1.3,,,20250417
19,Stuttgart,Porsche Tennis Grand Prix,2025-04-17,WTA500,Indoor,Clay,2nd Round,3,Paolini J.,Niemeier J.,6.0,121.0,4843.0,601.0,6.0,1.0,7.0,5.0,,,2.0,0.0,Completed,1.14,5.5,1.16,5.89,1.17,6.4,1.14,5.75,,,20250417
19,Stuttgart,Porsche Tennis Grand Prix,2025-04-17,WTA500,Indoor,Clay,2nd Round,3,Pegula J.,Frech M.,3.0,28.0,6101.0,1712.0,6.0,1.0,6.0,1.0,,,2.0,0.0,Completed,1.14,5.5,1.12,7.01,1.15,8.0,1.13,5.98,,,20250417
19,Stuttgart,Porsche Tennis Grand Prix,2025-04-17,WTA500,Indoor,Clay,2nd Round,3,Gauff C.,Seidel E.,4.0,124.0,6063.0,595.0,6.0,1.0,6.0,1.0,,,2.0,0.0,Completed,1.1,7.0,1.1,8.34,1.12,9.6,1.1,7.23,,,20250417
19,Stuttgart,Porsche Tennis Grand Prix,2025-04-17,WTA500,Indoor,Clay,2nd Round,3,Ostapenko J.,Navarro E.,24.0,11.0,1846.0,3797.0,7.0,5.0,3.0,6.0,6.0,2.0,2.0,1.0,Completed,2.5,1.53,2.54,1.57,2.56,1.62,2.47,1.55,,,20250417
19,Stuttgart,Porsche Tennis Grand Prix,2025-04-19,WTA500,Indoor,Clay,Quarterfinals,3,Alexandrova E.,Pegula J.,22.0,3.0,1913.0,6101.0,6.0,0.0,6.0,4.0,,,2.0,0.0,Completed,2.3,1.62,2.53,1.59,2.53,1.69,2.34,1.6,,,20250419
19,Stuttgart,Porsche Tennis Grand Prix,2025-04-19,WTA500,Indoor,Clay,Quarterfinals,3,Ostapenko J.,Swiatek I.,24.0,2.0,1846.0,7470.0,6.0,3.0,3.0,6.0,6.0,2.0,2.0,1.0,Completed,3.5,1.3,3.81,1.31,3.81,1.36,3.48,1.31,,,20250419
19,Stuttgart,Porsche Tennis Grand Prix,2025-04-19,WTA500,Indoor,Clay,Quarterfinals,3,Sabalenka A.,Mertens E.,1.0,29.0,10541.0,1708.0,6.0,4.0,6.0,1.0,,,2.0,0.0,Completed,1.17,5.0,1.19,5.17,1.21,5.6,1.17,5.14,,,20250419
19,Stuttgart,Porsche Tennis Grand Prix,2025-04-19,WTA500,Indoor,Clay,Quarterfinals,3,Paolini J.,Gauff C.,6.0,4.0,4843.0,6063.0,6.0,4.0,6.0,3.0,,,2.0,0.0,Completed,2.75,1.44,2.8,1.5,2.92,1.5,2.75,1.45,,,20250419
19,Stuttgart,Porsche Tennis Grand Prix,2025-04-20,WTA500,Indoor,Clay,Semifinals,3,Ostapenko J.,Alexandrova E.,24.0,22.0,1846.0,1913.0,6.0,4.0,6.0,4.0,,,2.0,0.0,Completed,2.2,1.67,2.31,1.69,2.34,1.75,2.2,1.68,,,20250420
19,Stuttgart,Porsche Tennis Grand Prix,2025-04-20,WTA500,Indoor,Clay,Semifinals,3,Sabalenka A.,Paolini J.,1.0,6.0,10541.0,4843.0,7.0,5.0,6.0,4.0,,,2.0,0.0,Completed,1.2,4.5,1.24,4.59,1.25,4.9,1.22,4.36,,,20250420
19,Stuttgart,Porsche Tennis Grand Prix,2025-04-21,WTA500,Indoor,Clay,The Final,3,Ostapenko J.,Sabalenka A.,24.0,1.0,1913.0,10541.0,6.0,4.0,6.0,1.0,,,2.0,0.0,Completed,4.0,1.25,4.26,1.27,4.33,1.3,3.88,1.26,,,20250421
20,Madrid,Mutua Madrid Open,2025-04-22,WTA1000,Outdoor,Clay,1st Round,3,Eala A.,Tomova V.,72.0,64.0,897.0,981.0,6.0,3.0,6.0,2.0,,,2.0,0.0,Completed,1.67,2.2,1.71,2.26,1.73,2.34,1.67,2.21,,,20250422
20,Madrid,Mutua Madrid Open,2025-04-22,WTA1000,Outdoor,Clay,1st Round,3,Dolehide C.,Avanesyan E.,71.0,37.0,900.0,1405.0,6.0,4.0,6.0,4.0,,,2.0,0.0,Completed,2.38,1.57,2.46,1.61,2.52,1.64,2.39,1.58,,,20250422
20,Madrid,Mutua Madrid Open,2025-04-22,WTA1000,Outdoor,Clay,1st Round,3,Bronzetti L.,Osaka N.,59.0,55.0,1018.0,1048.0,6.0,4.0,2.0,6.0,6.0,4.0,2.0,1.0,Completed,3.0,1.4,3.34,1.37,3.4,1.4,3.15,1.37,,,20250422
20,Madrid,Mutua Madrid Open,2025-04-22,WTA1000,Outdoor,Clay,1st Round,3,Bouzkova M.,Zarazua R.,58.0,67.0,1033.0,945.0,6.0,2.0,4.0,6.0,6.0,1.0,2.0,1.0,Completed,1.8,2.0,1.78,2.14,1.85,2.14,1.78,2.05,,,20250422
20,Madrid,Mutua Madrid Open,2025-04-22,WTA1000,Outdoor,Clay,1st Round,3,Bouzas Maneiro J.,Sherif M.,69.0,50.0,913.0,1090.0,6.0,3.0,6.0,1.0,,,2.0,0.0,Completed,2.1,1.73,2.11,1.8,2.12,1.87,2.06,1.77,,,20250422
20,Madrid,Mutua Madrid Open,2025-04-22,WTA1000,Outdoor,Clay,1st Round,3,Baptiste H.,Cirstea S.,88.0,122.0,780.0,619.0,6.0,2.0,5.0,7.0,7.0,6.0,2.0,1.0,Completed,1.8,2.0,1.88,2.01,1.95,2.04,1.85,1.96,,,20250422
20,Madrid,Mutua Madrid Open,2025-04-22,WTA1000,Outdoor,Clay,1st Round,3,Boulter K.,Siniakova K.,40.0,57.0,1366.0,1040.0,4.0,6.0,6.0,2.0,6.0,1.0,2.0,1.0,Completed,2.2,1.67,2.44,1.61,2.46,1.69,2.29,1.63,,,20250422
20,Madrid,Mutua Madrid Open,2025-04-22,WTA1000,Outdoor,Clay,1st Round,3,Sun L.,Gracheva V.,45.0,66.0,1252.0,945.0,3.0,6.0,6.0,1.0,6.0,4.0,2.0,1.0,Completed,2.63,1.5,2.74,1.51,2.8,1.51,2.67,1.47,,,20250422
20,Madrid,Mutua Madrid Open,2025-04-22,WTA1000,Outdoor,Clay,1st Round,3,Osorio M.,Arango E.,51.0,84.0,1078.0,811.0,6.0,3.0,6.0,3.0,,,2.0,0.0,Completed,1.33,3.4,1.37,3.29,1.41,3.4,1.36,3.2,,,20250422
20,Madrid,Mutua Madrid Open,2025-04-22,WTA1000,Outdoor,Clay,1st Round,3,Stearns P.,Birrell K.,44.0,61.0,1266.0,997.0,5.0,7.0,6.0,3.0,6.0,4.0,2.0,1.0,Completed,1.44,2.75,1.43,3.05,1.46,3.25,1.42,2.91,,,20250422
20,Madrid,Mutua Madrid Open,2025-04-23,WTA1000,Outdoor,Clay,1st Round,3,Li A.,Sasnovich A.,62.0,110.0,984.0,660.0,6.0,3.0,6.0,2.0,,,2.0,0.0,Completed,2.1,1.73,1.94,1.94,2.12,1.98,1.98,1.83,,,20250423
20,Madrid,Mutua Madrid Open,2025-04-23,WTA1000,Outdoor,Clay,1st Round,3,Volynets K.,Kvitova P.,70.0,946.0,904.0,21.0,6.0,4.0,6.0,0.0,,,2.0,0.0,Completed,1.4,3.0,1.37,3.31,1.43,3.35,1.37,3.07,,,20250423
20,Madrid,Mutua Madrid Open,2025-04-23,WTA1000,Outdoor,Clay,1st Round,3,Parry D.,Begu I.,116.0,75.0,638.0,880.0,6.0,3.0,6.0,4.0,,,2.0,0.0,Completed,2.2,1.67,2.13,1.79,2.22,1.82,2.16,1.7,,,20250423
20,Madrid,Mutua Madrid Open,2025-04-23,WTA1000,Outdoor,Clay,1st Round,3,Sevastova A.,Pavlyuchenkova A.,,47.0,,1143.0,6.0,4.0,7.0,5.0,,,2.0,0.0,Completed,3.4,1.33,3.31,1.37,3.55,1.38,3.33,1.33,,,20250423
20,Madrid,Mutua Madrid Open,2025-04-23,WTA1000,Outdoor,Clay,1st Round,3,Joint M.,Martinez Cirez C.,78.0,244.0,849.0,298.0,6.0,2.0,2.0,6.0,6.0,4.0,2.0,1.0,Completed,1.1,7.0,1.1,8.02,1.12,8.6,1.09,7.65,,,20250423
20,Madrid,Mutua Madrid Open,2025-04-23,WTA1000,Outdoor,Clay,1st Round,3,Pera B.,Fett J.,81.0,129.0,823.0,573.0,6.0,4.0,6.0,3.0,,,2.0,0.0,Completed,1.57,2.38,1.52,2.69,1.59,2.78,1.52,2.57,,,20250423
20,Madrid,Mutua Madrid Open,2025-04-23,WTA1000,Outdoor,Clay,1st Round,3,Parks A.,Jimenez Kasintseva V.,53.0,128.0,1061.0,584.0,6.0,3.0,6.0,3.0,,,2.0,0.0,Completed,2.5,1.53,2.37,1.65,2.5,1.72,2.38,1.59,,,20250423
20,Madrid,Mutua Madrid Open,2025-04-23,WTA1000,Outdoor,Clay,1st Round,3,Bencic B.,Sonmez Z.,42.0,77.0,1279.0,853.0,6.0,0.0,6.0,2.0,,,2.0,0.0,Completed,1.33,3.4,1.32,3.71,1.4,3.85,1.34,3.34,,,20250423
20,Madrid,Mutua Madrid Open,2025-04-23,WTA1000,Outdoor,Clay,1st Round,3,Carle M.,Sramkova R.,119.0,38.0,627.0,1393.0,6.0,3.0,6.0,2.0,,,2.0,0.0,Completed,2.3,1.62,2.11,1.8,2.32,1.8,2.21,1.68,,,20250423
20,Madrid,Mutua Madrid Open,2025-04-23,WTA1000,Outdoor,Clay,1st Round,3,Sakkari M.,Wang Xin.,82.0,41.0,821.0,1298.0,6.0,4.0,7.0,6.0,,,2.0,0.0,Completed,1.53,2.5,1.48,2.83,1.54,3.05,1.49,2.66,,,20250423
20,Madrid,Mutua Madrid Open,2025-04-23,WTA1000,Outdoor,Clay,1st Round,3,Raducanu E.,Lamens S.,49.0,73.0,1114.0,893.0,7.0,6.0,6.0,4.0,,,2.0,0.0,Completed,1.67,2.2,1.84,2.06,1.84,2.22,1.74,2.12,,,20250423
20,Madrid,Mutua Madrid Open,2025-04-23,WTA1000,Outdoor,Clay,1st Round,3,Masarova R.,Tomljanovic A.,153.0,79.0,482.0,847.0,6.0,3.0,1.0,6.0,7.0,5.0,2.0,1.0,Completed,1.62,2.3,1.55,2.61,1.62,2.61,1.58,2.41,,,20250423
20,Madrid,Mutua Madrid Open,2025-04-23,WTA1000,Outdoor,Clay,1st Round,3,Blinkova A.,Udvardy P.,76.0,136.0,862.0,557.0,6.0,4.0,6.0,2.0,,,2.0,0.0,Completed,1.91,1.91,1.98,1.91,2.02,1.95,1.92,1.89,,,20250423
20,Madrid,Mutua Madrid Open,2025-04-23,WTA1000,Outdoor,Clay,1st Round,3,Starodubtseva Y.,Fruhvirtova L.,99.0,145.0,711.0,511.0,6.0,2.0,6.0,2.0,,,2.0,0.0,Completed,2.3,1.62,2.18,1.74,2.51,1.74,2.27,1.63,,,20250423
20,Madrid,Mutua Madrid Open,2025-04-23,WTA1000,Outdoor,Clay,1st Round,3,Potapova A.,Krueger A.,39.0,35.0,1384.0,1489.0,6.0,7.0,6.0,4.0,6.0,2.0,2.0,1.0,Completed,1.91,1.91,1.98,1.9,2.02,1.94,1.92,1.88,,,20250423
20,Madrid,Mutua Madrid Open,2025-04-23,WTA1000,Outdoor,Clay,1st Round,3,Kudermetova V.,Kudermetova P.,52.0,54.0,1077.0,1051.0,6.0,2.0,6.0,2.0,,,2.0,0.0,Completed,1.4,3.0,1.39,3.22,1.4,3.3,1.38,3.09,,,20250423
20,Madrid,Mutua Madrid Open,2025-04-23,WTA1000,Outdoor,Clay,1st Round,3,Uchijima M.,Montgomery R.,56.0,100.0,1043.0,708.0,1.0,6.0,6.0,4.0,6.0,3.0,2.0,1.0,Completed,1.62,2.3,1.59,2.44,1.62,2.62,1.59,2.36,,,20250423
20,Madrid,Mutua Madrid Open,2025-04-23,WTA1000,Outdoor,Clay,1st Round,3,Yastremska D.,Jones F.,46.0,138.0,1244.0,553.0,7.0,6.0,4.0,6.0,6.0,3.0,2.0,1.0,Completed,1.57,2.38,1.62,2.44,1.65,2.48,1.59,2.37,,,20250423
20,Madrid,Mutua Madrid Open,2025-04-23,WTA1000,Outdoor,Clay,1st Round,3,Lys E.,Kostovic T.,68.0,625.0,934.0,62.0,6.0,2.0,6.0,2.0,,,2.0,0.0,Completed,1.5,2.63,1.52,2.68,1.55,2.72,1.5,2.6,,,20250423
20,Madrid,Mutua Madrid Open,2025-04-23,WTA1000,Outdoor,Clay,1st Round,3,Danilovic O.,Azarenka V.,34.0,48.0,1534.0,1119.0,6.0,4.0,6.0,2.0,,,2.0,0.0,Completed,1.44,2.75,1.4,3.17,1.49,3.17,1.43,2.86,,,20250423
20,Madrid,Mutua Madrid Open,2025-04-23,WTA1000,Outdoor,Clay,1st Round,3,Andreescu B.,Kessler M.,132.0,43.0,564.0,1267.0,6.0,2.0,6.0,4.0,,,2.0,0.0,Completed,1.91,1.91,1.91,1.98,1.96,2.02,1.87,1.93,,,20250423
20,Madrid,Mutua Madrid Open,2025-04-23,WTA1000,Outdoor,Clay,1st Round,3,Kartal S.,Cristian J.,60.0,65.0,1007.0,963.0,6.0,2.0,7.0,5.0,,,2.0,0.0,Completed,2.63,1.5,2.68,1.52,2.68,1.6,2.45,1.56,,,20250423
20,Madrid,Mutua Madrid Open,2025-04-24,WTA1000,Outdoor,Clay,2nd Round,3,Frech M.,Bouzas Maneiro J.,27.0,69.0,1745.0,913.0,5.0,7.0,7.0,6.0,6.0,4.0,2.0,1.0,Completed,3.2,1.36,3.07,1.42,3.25,1.43,3.03,1.38,,,20250424
20,Madrid,Mutua Madrid Open,2025-04-24,WTA1000,Outdoor,Clay,2nd Round,3,Vekic D.,Baptiste H.,21.0,88.0,2141.0,780.0,6.0,4.0,6.0,3.0,,,2.0,0.0,Completed,1.91,1.91,1.99,1.9,2.02,2.0,1.93,1.89,,,20250424
20,Madrid,Mutua Madrid Open,2025-04-24,WTA1000,Outdoor,Clay,2nd Round,3,Samsonova L.,Dolehide C.,20.0,71.0,2150.0,900.0,6.0,4.0,6.0,4.0,,,2.0,0.0,Completed,1.53,2.5,1.56,2.55,1.59,2.8,1.49,2.62,,,20250424
20,Madrid,Mutua Madrid Open,2025-04-24,WTA1000,Outdoor,Clay,2nd Round,3,Bencic B.,Tauson C.,42.0,23.0,1279.0,2035.0,7.0,5.0,7.0,5.0,,,2.0,0.0,Completed,1.57,2.38,1.58,2.49,1.61,2.58,1.57,2.42,,,20250424
20,Madrid,Mutua Madrid Open,2025-04-24,WTA1000,Outdoor,Clay,2nd Round,3,Kalinskaya A.,Parry D.,29.0,116.0,1619.0,638.0,7.0,6.0,6.0,4.0,,,2.0,0.0,Completed,1.62,2.3,1.62,2.42,1.66,2.48,1.62,2.32,,,20250424
20,Madrid,Mutua Madrid Open,2025-04-24,WTA1000,Outdoor,Clay,2nd Round,3,Haddad Maia B.,Pera B.,19.0,81.0,2209.0,823.0,2.0,6.0,6.0,3.0,6.0,1.0,2.0,1.0,Completed,2.3,1.62,2.38,1.63,2.48,1.66,2.32,1.61,,,20250424
20,Madrid,Mutua Madrid Open,2025-04-24,WTA1000,Outdoor,Clay,2nd Round,3,Andreeva M.,Bouzkova M.,7.0,58.0,4781.0,1033.0,6.0,3.0,6.0,4.0,,,2.0,0.0,Completed,1.14,5.5,1.15,6.23,1.15,7.0,1.14,5.82,,,20250424
20,Madrid,Mutua Madrid Open,2025-04-24,WTA1000,Outdoor,Clay,2nd Round,3,Navarro E.,Joint M.,10.0,78.0,3797.0,849.0,7.0,5.0,7.0,5.0,,,2.0,0.0,Completed,1.2,4.5,1.21,4.82,1.26,4.82,1.21,4.47,,,20250424
20,Madrid,Mutua Madrid Open,2025-04-24,WTA1000,Outdoor,Clay,2nd Round,3,Shnaider D.,Volynets K.,13.0,70.0,2913.0,904.0,6.0,1.0,6.0,2.0,,,2.0,0.0,Completed,1.57,2.38,1.67,2.33,1.67,2.46,1.61,2.35,,,20250424
20,Madrid,Mutua Madrid Open,2025-04-24,WTA1000,Outdoor,Clay,2nd Round,3,Noskova L.,Carle M.,31.0,119.0,1573.0,627.0,7.0,5.0,6.0,1.0,,,2.0,0.0,Completed,1.44,2.75,1.52,2.7,1.57,2.78,1.49,2.68,,,20250424
20,Madrid,Mutua Madrid Open,2025-04-24,WTA1000,Outdoor,Clay,2nd Round,3,Swiatek I.,Eala A.,2.0,72.0,7383.0,897.0,4.0,6.0,6.0,4.0,6.0,2.0,2.0,1.0,Completed,1.13,6.0,1.15,4.97,1.18,8.0,1.14,5.78,,,20250424
20,Madrid,Mutua Madrid Open,2025-04-24,WTA1000,Outdoor,Clay,2nd Round,3,Sevastova A.,Ostapenko J.,,18.0,,2345.0,7.0,6.0,6.0,2.0,,,2.0,0.0,Completed,4.0,1.25,4.11,1.26,4.3,1.33,3.87,1.27,,,20250424
20,Madrid,Mutua Madrid Open,2025-04-24,WTA1000,Outdoor,Clay,2nd Round,3,Starodubtseva Y.,Cocciaretto E.,99.0,87.0,711.0,787.0,7.0,6.0,6.0,4.0,,,2.0,0.0,Completed,2.38,1.57,2.36,1.64,2.48,1.64,2.37,1.59,,,20250424
20,Madrid,Mutua Madrid Open,2025-04-24,WTA1000,Outdoor,Clay,2nd Round,3,Li A.,Fernandez L.A.,62.0,25.0,984.0,1763.0,6.0,4.0,3.0,6.0,6.0,4.0,2.0,1.0,Completed,2.2,1.67,2.15,1.78,2.28,1.8,2.15,1.72,,,20250424
20,Madrid,Mutua Madrid Open,2025-04-24,WTA1000,Outdoor,Clay,2nd Round,3,Keys M.,Bronzetti L.,5.0,59.0,4999.0,1018.0,6.0,4.0,6.0,3.0,,,2.0,0.0,Completed,1.25,4.0,1.26,4.15,1.26,4.6,1.24,4.13,,,20250424
20,Madrid,Mutua Madrid Open,2025-04-24,WTA1000,Outdoor,Clay,2nd Round,3,Gauff C.,Yastremska D.,4.0,46.0,6073.0,1244.0,0.0,6.0,6.0,2.0,7.0,5.0,2.0,1.0,Completed,1.29,3.75,1.26,4.13,1.33,4.4,1.27,3.81,,,20250424
20,Madrid,Mutua Madrid Open,2025-04-25,WTA1000,Outdoor,Clay,2nd Round,3,Kasatkina D.,Parks A.,14.0,53.0,2741.0,1061.0,6.0,2.0,7.0,5.0,,,2.0,0.0,Completed,1.25,4.0,1.24,4.43,1.3,4.5,1.24,4.03,,,20250425
20,Madrid,Mutua Madrid Open,2025-04-25,WTA1000,Outdoor,Clay,2nd Round,3,Paolini J.,Boulter K.,6.0,40.0,4930.0,1366.0,6.0,1.0,6.0,2.0,,,2.0,0.0,Completed,1.2,4.5,1.22,4.63,1.22,5.3,1.2,4.6,,,20250425
20,Madrid,Mutua Madrid Open,2025-04-25,WTA1000,Outdoor,Clay,2nd Round,3,Sakkari M.,Linette M.,82.0,33.0,821.0,1556.0,7.0,6.0,6.0,3.0,,,2.0,0.0,Completed,1.67,2.2,1.8,2.11,1.84,2.2,1.73,2.09,,,20250425
20,Madrid,Mutua Madrid Open,2025-04-25,WTA1000,Outdoor,Clay,2nd Round,3,Kudermetova V.,Bucsa C.,52.0,94.0,1077.0,748.0,4.0,6.0,7.0,6.0,7.0,5.0,2.0,1.0,Completed,1.3,3.5,1.34,3.51,1.42,3.51,1.35,3.27,,,20250425
20,Madrid,Mutua Madrid Open,2025-04-25,WTA1000,Outdoor,Clay,2nd Round,3,Sabalenka A.,Blinkova A.,1.0,76.0,10768.0,862.0,6.0,3.0,6.0,4.0,,,2.0,0.0,Completed,1.07,9.0,1.07,7.78,1.12,10.5,1.07,8.3,,,20250425
20,Madrid,Mutua Madrid Open,2025-04-25,WTA1000,Outdoor,Clay,2nd Round,3,Uchijima M.,Jabeur O.,56.0,28.0,1043.0,1663.0,4.0,6.0,6.0,3.0,6.0,4.0,2.0,1.0,Completed,2.3,1.62,2.42,1.62,2.54,1.63,2.38,1.58,,,20250425
20,Madrid,Mutua Madrid Open,2025-04-25,WTA1000,Outdoor,Clay,2nd Round,3,Alexandrova E.,Danilovic O.,22.0,34.0,2048.0,1534.0,6.0,3.0,6.0,4.0,,,2.0,0.0,Completed,1.62,2.3,1.67,2.33,1.7,2.45,1.63,2.29,,,20250425
20,Madrid,Mutua Madrid Open,2025-04-25,WTA1000,Outdoor,Clay,2nd Round,3,Stearns P.,Anisimova A.,44.0,16.0,1266.0,2617.0,6.0,2.0,2.0,6.0,7.0,5.0,2.0,1.0,Completed,3.2,1.36,3.37,1.36,3.41,1.41,3.21,1.36,,,20250425
20,Madrid,Mutua Madrid Open,2025-04-25,WTA1000,Outdoor,Clay,2nd Round,3,Mertens E.,Osorio M.,26.0,51.0,1756.0,1078.0,6.0,3.0,6.0,3.0,,,2.0,0.0,Completed,1.44,2.75,1.47,2.89,1.51,2.89,1.46,2.75,,,20250425
20,Madrid,Mutua Madrid Open,2025-04-25,WTA1000,Outdoor,Clay,2nd Round,3,Kenin S.,Sun L.,32.0,45.0,1563.0,1252.0,6.0,3.0,6.0,2.0,,,2.0,0.0,Completed,1.36,3.2,1.33,3.54,1.38,3.54,1.34,3.31,,,20250425
20,Madrid,Mutua Madrid Open,2025-04-25,WTA1000,Outdoor,Clay,2nd Round,3,Potapova A.,Zheng Q.,39.0,8.0,1384.0,4193.0,6.0,4.0,6.0,4.0,,,2.0,0.0,Completed,3.2,1.36,3.35,1.37,3.4,1.41,3.21,1.35,,,20250425
20,Madrid,Mutua Madrid Open,2025-04-25,WTA1000,Outdoor,Clay,2nd Round,3,Svitolina E.,Kartal S.,17.0,60.0,2430.0,1007.0,6.0,3.0,6.0,1.0,,,2.0,0.0,Completed,1.2,4.5,1.17,5.55,1.2,5.9,1.18,4.97,,,20250425
20,Madrid,Mutua Madrid Open,2025-04-25,WTA1000,Outdoor,Clay,2nd Round,3,Kostyuk M.,Raducanu E.,36.0,49.0,1481.0,1114.0,6.0,4.0,2.0,6.0,6.0,2.0,2.0,1.0,Completed,2.0,1.8,2.07,1.83,2.07,1.94,1.98,1.84,,,20250425
20,Madrid,Mutua Madrid Open,2025-04-25,WTA1000,Outdoor,Clay,2nd Round,3,Masarova R.,Putintseva Y.,153.0,24.0,482.0,1873.0,6.0,3.0,6.0,3.0,,,2.0,0.0,Completed,2.1,1.73,2.3,1.68,2.34,1.75,2.18,1.7,,,20250425
20,Madrid,Mutua Madrid Open,2025-04-25,WTA1000,Outdoor,Clay,2nd Round,3,Pegula J.,Lys E.,3.0,68.0,6208.0,934.0,6.0,2.0,6.0,2.0,,,2.0,0.0,Completed,1.14,5.5,1.13,6.75,1.16,6.8,1.14,5.87,,,20250425
20,Madrid,Mutua Madrid Open,2025-04-25,WTA1000,Outdoor,Clay,2nd Round,3,Rybakina E.,Andreescu B.,11.0,132.0,3308.0,564.0,6.0,3.0,6.0,2.0,,,2.0,0.0,Completed,1.29,3.75,1.26,4.16,1.33,4.4,1.28,3.7,,,20250425
20,Madrid,Mutua Madrid Open,2025-04-26,WTA1000,Outdoor,Clay,3rd Round,3,Shnaider D.,Sevastova A.,13.0,,2913.0,,6.0,0.0,6.0,0.0,,,2.0,0.0,Completed,1.36,3.2,1.37,3.37,1.4,3.55,1.36,3.2,,,20250426
20,Madrid,Mutua Madrid Open,2025-04-26,WTA1000,Outdoor,Clay,3rd Round,3,Andreeva M.,Frech M.,7.0,27.0,4781.0,1745.0,7.0,5.0,6.0,3.0,,,2.0,0.0,Completed,1.07,9.0,1.08,9.71,1.1,11.5,1.07,8.84,,,20250426
20,Madrid,Mutua Madrid Open,2025-04-26,WTA1000,Outdoor,Clay,3rd Round,3,Starodubtseva Y.,Samsonova L.,99.0,20.0,711.0,2150.0,2.0,6.0,7.0,6.0,6.0,0.0,2.0,1.0,Completed,3.75,1.29,3.69,1.31,3.9,1.33,3.61,1.29,,,20250426
20,Madrid,Mutua Madrid Open,2025-04-26,WTA1000,Outdoor,Clay,3rd Round,3,Keys M.,Kalinskaya A.,5.0,29.0,4999.0,1619.0,7.0,5.0,7.0,6.0,,,2.0,0.0,Completed,1.44,2.75,1.46,2.94,1.48,3.1,1.43,2.83,,,20250426
20,Madrid,Mutua Madrid Open,2025-04-26,WTA1000,Outdoor,Clay,3rd Round,3,Bencic B.,Haddad Maia B.,42.0,19.0,1279.0,2209.0,6.0,3.0,4.0,6.0,7.0,6.0,2.0,1.0,Completed,1.25,4.0,1.29,3.9,1.3,4.58,1.26,3.93,,,20250426
20,Madrid,Mutua Madrid Open,2025-04-26,WTA1000,Outdoor,Clay,3rd Round,3,Gauff C.,Li A.,4.0,62.0,6073.0,984.0,6.0,2.0,6.0,3.0,,,2.0,0.0,Completed,1.22,4.33,1.2,5.01,1.23,5.75,1.21,4.56,,,20250426
20,Madrid,Mutua Madrid Open,2025-04-26,WTA1000,Outdoor,Clay,3rd Round,3,Swiatek I.,Noskova L.,2.0,31.0,7383.0,1573.0,6.0,4.0,6.0,2.0,,,2.0,0.0,Completed,1.2,4.5,1.18,5.34,1.24,5.7,1.19,4.72,,,20250426
20,Madrid,Mutua Madrid Open,2025-04-26,WTA1000,Outdoor,Clay,3rd Round,3,Vekic D.,Navarro E.,21.0,10.0,2141.0,3797.0,4.0,6.0,6.0,3.0,6.0,2.0,2.0,1.0,Completed,3.2,1.36,3.06,1.43,3.2,1.45,3.01,1.39,,,20250426
20,Madrid,Mutua Madrid Open,2025-04-27,WTA1000,Outdoor,Clay,3rd Round,3,Kostyuk M.,Kudermetova V.,36.0,52.0,1481.0,1077.0,6.0,0.0,4.0,6.0,6.0,4.0,2.0,1.0,Completed,1.8,2.0,1.88,2.04,1.92,2.06,1.81,2.02,,,20250427
20,Madrid,Mutua Madrid Open,2025-04-27,WTA1000,Outdoor,Clay,3rd Round,3,Sabalenka A.,Mertens E.,1.0,26.0,10768.0,1756.0,3.0,6.0,6.0,2.0,6.0,1.0,2.0,1.0,Completed,1.13,6.0,1.15,6.06,1.17,6.6,1.14,5.83,,,20250427
20,Madrid,Mutua Madrid Open,2025-04-27,WTA1000,Outdoor,Clay,3rd Round,3,Sakkari M.,Paolini J.,82.0,6.0,821.0,4930.0,6.0,2.0,6.0,1.0,,,2.0,0.0,Completed,3.4,1.33,3.66,1.34,3.7,1.38,3.34,1.34,,,20250427
20,Madrid,Mutua Madrid Open,2025-04-27,WTA1000,Outdoor,Clay,3rd Round,3,Potapova A.,Kenin S.,39.0,32.0,1384.0,1563.0,3.0,6.0,6.0,4.0,7.0,6.0,2.0,1.0,Completed,1.91,1.91,2.03,1.88,2.03,1.95,1.92,1.9,,,20250427
20,Madrid,Mutua Madrid Open,2025-04-27,WTA1000,Outdoor,Clay,3rd Round,3,Uchijima M.,Pegula J.,56.0,3.0,1043.0,6208.0,6.0,3.0,6.0,2.0,,,2.0,0.0,Completed,5.5,1.14,5.9,1.16,6.6,1.17,5.53,1.15,,,20250427
20,Madrid,Mutua Madrid Open,2025-04-27,WTA1000,Outdoor,Clay,3rd Round,3,Stearns P.,Masarova R.,44.0,153.0,1266.0,482.0,6.0,2.0,6.0,0.0,,,2.0,0.0,Completed,1.8,2.0,1.89,2.02,1.92,2.06,1.83,1.99,,,20250427
20,Madrid,Mutua Madrid Open,2025-04-27,WTA1000,Outdoor,Clay,3rd Round,3,Svitolina E.,Rybakina E.,17.0,11.0,2430.0,3308.0,6.0,3.0,6.0,4.0,,,2.0,0.0,Completed,2.1,1.73,2.15,1.79,2.26,1.84,2.1,1.73,,,20250427
20,Madrid,Mutua Madrid Open,2025-04-27,WTA1000,Outdoor,Clay,3rd Round,3,Alexandrova E.,Kasatkina D.,22.0,14.0,2048.0,2741.0,6.0,3.0,7.0,6.0,,,2.0,0.0,Completed,1.53,2.5,1.65,2.39,1.68,2.5,1.59,2.36,,,20250427
20,Madrid,Mutua Madrid Open,2025-04-28,WTA1000,Outdoor,Clay,4th Round,3,Andreeva M.,Starodubtseva Y.,7.0,99.0,4781.0,711.0,6.0,1.0,6.0,4.0,,,2.0,0.0,Completed,1.08,8.0,1.09,6.95,1.11,14.0,1.08,7.97,,,20250428
20,Madrid,Mutua Madrid Open,2025-04-28,WTA1000,Outdoor,Clay,4th Round,3,Gauff C.,Bencic B.,4.0,42.0,6073.0,1279.0,6.0,4.0,6.0,2.0,,,2.0,0.0,Completed,1.44,2.75,1.47,2.91,1.51,3.0,1.45,2.77,,,20250428
20,Madrid,Mutua Madrid Open,2025-04-29,WTA1000,Outdoor,Clay,4th Round,3,Swiatek I.,Shnaider D.,2.0,13.0,7383.0,2913.0,6.0,0.0,6.0,7.0,6.0,4.0,2.0,1.0,Completed,1.2,4.5,1.22,4.75,1.25,4.8,1.21,4.44,,,20250429
20,Madrid,Mutua Madrid Open,2025-04-29,WTA1000,Outdoor,Clay,4th Round,3,Keys M.,Vekic D.,5.0,21.0,4999.0,2141.0,6.0,2.0,6.0,3.0,,,2.0,0.0,Completed,1.36,3.2,1.42,3.13,1.42,3.35,1.37,3.09,,,20250429
20,Madrid,Mutua Madrid Open,2025-04-29,WTA1000,Outdoor,Clay,4th Round,3,Svitolina E.,Sakkari M.,17.0,82.0,2430.0,821.0,6.0,3.0,6.0,4.0,,,2.0,0.0,Completed,1.44,2.75,1.47,2.92,1.47,3.1,1.45,2.79,,,20250429
20,Madrid,Mutua Madrid Open,2025-04-29,WTA1000,Outdoor,Clay,4th Round,3,Uchijima M.,Alexandrova E.,56.0,22.0,1043.0,2048.0,6.0,4.0,7.0,6.0,,,2.0,0.0,Completed,3.0,1.4,3.14,1.4,3.35,1.42,3.04,1.39,,,20250429
20,Madrid,Mutua Madrid Open,2025-04-29,WTA1000,Outdoor,Clay,4th Round,3,Sabalenka A.,Stearns P.,1.0,44.0,10768.0,1266.0,6.0,2.0,6.0,4.0,,,2.0,0.0,Completed,1.17,5.0,1.2,4.7,1.22,6.0,1.18,4.85,,,20250429
20,Madrid,Mutua Madrid Open,2025-04-29,WTA1000,Outdoor,Clay,4th Round,3,Kostyuk M.,Potapova A.,36.0,39.0,1481.0,1384.0,6.0,3.0,6.0,2.0,,,2.0,0.0,Completed,2.0,1.8,2.05,1.86,2.14,1.86,2.02,1.81,,,20250429
20,Madrid,Mutua Madrid Open,2025-04-30,WTA1000,Outdoor,Clay,Quarterfinals,3,Swiatek I.,Keys M.,2.0,5.0,7383.0,4999.0,0.0,6.0,6.0,3.0,6.0,2.0,2.0,1.0,Completed,1.33,3.4,1.35,3.52,1.38,3.75,1.34,3.3,,,20250430
20,Madrid,Mutua Madrid Open,2025-04-30,WTA1000,Outdoor,Clay,Quarterfinals,3,Gauff C.,Andreeva M.,4.0,7.0,6073.0,4781.0,7.0,5.0,6.0,1.0,,,2.0,0.0,Completed,2.0,1.8,2.01,1.89,2.12,1.89,2.01,1.81,,,20250430
20,Madrid,Mutua Madrid Open,2025-04-30,WTA1000,Outdoor,Clay,Quarterfinals,3,Svitolina E.,Uchijima M.,17.0,56.0,2430.0,1043.0,6.0,2.0,6.0,1.0,,,2.0,0.0,Completed,1.22,4.33,1.22,4.92,1.25,5.0,1.22,4.37,,,20250430
20,Madrid,Mutua Madrid Open,2025-04-30,WTA1000,Outdoor,Clay,Quarterfinals,3,Sabalenka A.,Kostyuk M.,1.0,36.0,10768.0,1481.0,7.0,6.0,7.0,6.0,,,2.0,0.0,Completed,1.2,4.5,1.25,4.47,1.25,5.0,1.21,4.43,,,20250430
20,Madrid,Mutua Madrid Open,2025-05-01,WTA1000,Outdoor,Clay,Semifinals,3,Gauff C.,Swiatek I.,4.0,2.0,6073.0,7383.0,6.0,1.0,6.0,1.0,,,2.0,0.0,Completed,2.5,1.53,2.56,1.58,2.66,1.59,2.49,1.55,,,20250501
20,Madrid,Mutua Madrid Open,2025-05-01,WTA1000,Outdoor,Clay,Semifinals,3,Sabalenka A.,Svitolina E.,1.0,17.0,10768.0,2430.0,6.0,3.0,7.0,5.0,,,2.0,0.0,Completed,1.5,2.63,1.51,2.77,1.55,2.8,1.5,2.63,,,20250501
20,Madrid,Mutua Madrid Open,2025-05-03,WTA1000,Outdoor,Clay,The Final,3,Sabalenka A.,Gauff C.,1.0,4.0,10768.0,6073.0,6.0,3.0,7.0,6.0,,,2.0,0.0,Completed,1.73,2.1,1.83,2.09,1.86,2.28,1.75,2.09,,,20250503
21,Rome,Internazionali BNL d'Italia,2025-05-06,WTA1000,Outdoor,Clay,1st Round,3,Bouzas Maneiro J.,Li A.,72.0,59.0,883.0,1010.0,6.0,3.0,5.0,7.0,7.0,6.0,2.0,1.0,Completed,1.62,2.3,1.74,2.21,1.77,2.3,1.67,2.22,,,20250506
21,Rome,Internazionali BNL d'Italia,2025-05-06,WTA1000,Outdoor,Clay,1st Round,3,Sun L.,Pedone G.,46.0,229.0,1173.0,315.0,3.0,6.0,6.0,1.0,6.0,3.0,2.0,1.0,Completed,1.3,3.5,1.37,3.35,1.37,3.6,1.33,3.33,,,20250506
21,Rome,Internazionali BNL d'Italia,2025-05-06,WTA1000,Outdoor,Clay,1st Round,3,Kvitova P.,Begu I.,830.0,83.0,31.0,817.0,7.0,5.0,6.0,1.0,,,2.0,0.0,Completed,2.63,1.5,2.8,1.49,2.96,1.55,2.63,1.5,,,20250506
21,Rome,Internazionali BNL d'Italia,2025-05-06,WTA1000,Outdoor,Clay,1st Round,3,Cristian J.,Parks A.,74.0,51.0,878.0,1094.0,6.0,2.0,6.0,0.0,,,2.0,0.0,Completed,1.3,3.5,1.36,3.39,1.39,3.5,1.34,3.3,,,20250506
21,Rome,Internazionali BNL d'Italia,2025-05-06,WTA1000,Outdoor,Clay,1st Round,3,Lamens S.,Zarazua R.,71.0,69.0,888.0,913.0,6.0,1.0,1.0,6.0,6.0,1.0,2.0,1.0,Completed,1.67,2.2,1.64,2.38,1.69,2.46,1.64,2.28,,,20250506
21,Rome,Internazionali BNL d'Italia,2025-05-06,WTA1000,Outdoor,Clay,1st Round,3,Bronzetti L.,Sevastova A.,58.0,580.0,1018.0,74.0,6.0,3.0,6.0,4.0,,,2.0,0.0,Completed,1.67,2.2,1.7,2.26,1.73,2.32,1.68,2.2,,,20250506
21,Rome,Internazionali BNL d'Italia,2025-05-06,WTA1000,Outdoor,Clay,1st Round,3,Sramkova R.,Kessler M.,41.0,44.0,1383.0,1264.0,6.0,3.0,6.0,3.0,,,2.0,0.0,Completed,1.57,2.38,1.58,2.52,1.63,2.56,1.56,2.43,,,20250506
21,Rome,Internazionali BNL d'Italia,2025-05-06,WTA1000,Outdoor,Clay,1st Round,3,Stearns P.,Brancaccio N.,42.0,183.0,1376.0,394.0,6.0,3.0,6.0,2.0,,,2.0,0.0,Completed,1.2,4.5,1.22,4.8,1.23,5.2,1.2,4.6,,,20250506
21,Rome,Internazionali BNL d'Italia,2025-05-06,WTA1000,Outdoor,Clay,1st Round,3,Kartal S.,Birrell K.,56.0,60.0,1041.0,986.0,4.0,6.0,6.0,3.0,6.0,4.0,2.0,1.0,Completed,1.44,2.75,1.53,2.68,1.57,2.75,1.49,2.64,,,20250506
21,Rome,Internazionali BNL d'Italia,2025-05-06,WTA1000,Outdoor,Clay,1st Round,3,Bouzkova M.,Sherif M.,53.0,64.0,1068.0,966.0,6.0,2.0,7.0,5.0,,,2.0,0.0,Completed,1.91,1.91,1.93,1.96,1.95,2.02,1.88,1.93,,,20250506
21,Rome,Internazionali BNL d'Italia,2025-05-07,WTA1000,Outdoor,Clay,1st Round,3,Osaka N.,Errani S.,48.0,177.0,1148.0,417.0,6.0,2.0,6.0,3.0,,,2.0,0.0,Completed,1.08,8.0,1.09,9.0,1.11,10.5,1.09,7.96,,,20250507
21,Rome,Internazionali BNL d'Italia,2025-05-07,WTA1000,Outdoor,Clay,1st Round,3,Rakhimova K.,Wang Xin.,85.0,43.0,814.0,1273.0,6.0,3.0,6.0,2.0,,,2.0,0.0,Completed,,,,,2.0,1.8,2.0,1.8,,,20250507
21,Rome,Internazionali BNL d'Italia,2025-05-07,WTA1000,Outdoor,Clay,1st Round,3,Azarenka V.,Osorio M.,54.0,55.0,1064.0,1064.0,6.0,2.0,6.0,3.0,,,2.0,0.0,Completed,2.2,1.67,2.3,1.68,2.4,1.69,2.25,1.65,,,20250507
21,Rome,Internazionali BNL d'Italia,2025-05-07,WTA1000,Outdoor,Clay,1st Round,3,Dolehide C.,Gadecki O.,73.0,92.0,883.0,774.0,7.0,6.0,5.0,7.0,6.0,2.0,2.0,1.0,Completed,,,,,1.8,1.95,1.8,1.95,,,20250507
21,Rome,Internazionali BNL d'Italia,2025-05-07,WTA1000,Outdoor,Clay,1st Round,3,Gracheva V.,Tomljanovic A.,65.0,79.0,925.0,832.0,6.0,3.0,6.0,4.0,,,2.0,0.0,Completed,1.91,1.91,1.9,1.98,2.0,1.98,1.89,1.9,,,20250507
21,Rome,Internazionali BNL d'Italia,2025-05-07,WTA1000,Outdoor,Clay,1st Round,3,Ruse E.G.,Kudermetova P.,88.0,57.0,798.0,1022.0,6.0,7.0,6.0,4.0,6.0,2.0,2.0,1.0,Completed,1.33,3.4,1.33,3.66,1.4,3.75,1.33,3.37,,,20250507
21,Rome,Internazionali BNL d'Italia,2025-05-07,WTA1000,Outdoor,Clay,1st Round,3,Mboko V.,Zucchini A.,156.0,620.0,477.0,64.0,6.0,2.0,6.0,3.0,,,2.0,0.0,Completed,1.03,17.0,1.03,19.84,1.04,26.0,1.02,15.19,,,20250507
21,Rome,Internazionali BNL d'Italia,2025-05-07,WTA1000,Outdoor,Clay,1st Round,3,Cocciaretto E.,Avanesyan E.,82.0,38.0,821.0,1405.0,6.0,2.0,4.0,6.0,6.0,1.0,2.0,1.0,Completed,2.63,1.5,2.7,1.52,2.73,1.58,2.51,1.54,,,20250507
21,Rome,Internazionali BNL d'Italia,2025-05-07,WTA1000,Outdoor,Clay,1st Round,3,Krueger A.,Bondar A.,37.0,89.0,1434.0,788.0,4.0,6.0,6.0,2.0,6.0,1.0,2.0,1.0,Completed,1.67,2.2,1.65,2.33,1.73,2.33,1.67,2.24,,,20250507
21,Rome,Internazionali BNL d'Italia,2025-05-07,WTA1000,Outdoor,Clay,1st Round,3,Baptiste H.,Blinkova A.,90.0,67.0,785.0,917.0,7.0,6.0,6.0,4.0,,,2.0,0.0,Completed,1.62,2.3,1.65,2.38,1.67,2.48,1.62,2.31,,,20250507
21,Rome,Internazionali BNL d'Italia,2025-05-07,WTA1000,Outdoor,Clay,1st Round,3,Andreescu B.,Urgesi F.,121.0,455.0,600.0,116.0,6.0,0.0,6.0,3.0,,,2.0,0.0,Completed,1.08,8.0,1.09,8.86,1.11,9.2,1.08,7.95,,,20250507
21,Rome,Internazionali BNL d'Italia,2025-05-07,WTA1000,Outdoor,Clay,1st Round,3,Kudermetova V.,Stefanini L.,50.0,148.0,1132.0,508.0,7.0,5.0,6.0,2.0,,,2.0,0.0,Completed,1.22,4.33,1.23,4.62,1.23,4.62,1.22,4.35,,,20250507
21,Rome,Internazionali BNL d'Italia,2025-05-07,WTA1000,Outdoor,Clay,1st Round,3,Lys E.,Uchijima M.,63.0,47.0,968.0,1150.0,6.0,1.0,6.0,0.0,,,2.0,0.0,Completed,2.63,1.5,2.75,1.5,2.75,1.6,2.62,1.5,,,20250507
21,Rome,Internazionali BNL d'Italia,2025-05-07,WTA1000,Outdoor,Clay,1st Round,3,Pavlyuchenkova A.,Boulter K.,52.0,40.0,1088.0,1391.0,6.0,3.0,6.0,3.0,,,2.0,0.0,Completed,1.73,2.1,1.74,2.21,1.8,2.24,1.73,2.12,,,20250507
21,Rome,Internazionali BNL d'Italia,2025-05-07,WTA1000,Outdoor,Clay,1st Round,3,Sakkari M.,Bencic B.,81.0,39.0,821.0,1399.0,6.0,2.0,,,,,1.0,0.0,Retired,2.38,1.57,2.44,1.61,2.5,1.64,2.42,1.58,,,20250507
21,Rome,Internazionali BNL d'Italia,2025-05-07,WTA1000,Outdoor,Clay,1st Round,3,Arango E.,Tomova V.,97.0,61.0,742.0,981.0,7.0,6.0,5.0,7.0,6.0,4.0,2.0,1.0,Completed,1.8,2.0,1.84,2.06,1.84,2.06,1.8,2.01,,,20250507
21,Rome,Internazionali BNL d'Italia,2025-05-07,WTA1000,Outdoor,Clay,1st Round,3,Ruzic A.,Grant T.C.,117.0,335.0,635.0,193.0,3.0,6.0,6.0,3.0,7.0,5.0,2.0,1.0,Completed,1.57,2.38,1.59,2.49,1.64,2.54,1.58,2.4,,,20250507
21,Rome,Internazionali BNL d'Italia,2025-05-07,WTA1000,Outdoor,Clay,1st Round,3,Danilovic O.,Siniakova K.,33.0,62.0,1504.0,975.0,3.0,6.0,6.0,4.0,6.0,4.0,2.0,1.0,Completed,1.4,3.0,1.39,3.24,1.46,3.24,1.4,2.97,,,20250507
21,Rome,Internazionali BNL d'Italia,2025-05-07,WTA1000,Outdoor,Clay,1st Round,3,Raducanu E.,Joint M.,49.0,78.0,1139.0,836.0,7.0,5.0,6.0,7.0,6.0,3.0,2.0,1.0,Completed,1.53,2.5,1.55,2.6,1.56,2.76,1.53,2.54,,,20250507
21,Rome,Internazionali BNL d'Italia,2025-05-07,WTA1000,Outdoor,Clay,1st Round,3,Potapova A.,Yastremska D.,34.0,45.0,1469.0,1214.0,2.0,6.0,7.0,6.0,6.0,3.0,2.0,1.0,Completed,1.73,2.1,1.78,2.14,1.87,2.14,1.77,2.08,,,20250507
21,Rome,Internazionali BNL d'Italia,2025-05-07,WTA1000,Outdoor,Clay,1st Round,3,Kostyuk M.,Eala A.,27.0,70.0,1686.0,897.0,6.0,0.0,6.0,1.0,,,2.0,0.0,Completed,1.36,3.2,1.36,3.38,1.42,3.41,1.36,3.17,,,20250507
21,Rome,Internazionali BNL d'Italia,2025-05-07,WTA1000,Outdoor,Clay,1st Round,3,Volynets K.,Rus A.,66.0,103.0,919.0,710.0,6.0,3.0,6.0,3.0,,,2.0,0.0,Completed,1.36,3.2,1.4,3.15,1.45,3.26,1.38,3.11,,,20250507
21,Rome,Internazionali BNL d'Italia,2025-05-08,WTA1000,Outdoor,Clay,2nd Round,3,Osaka N.,Golubic V.,48.0,87.0,1148.0,807.0,2.0,6.0,7.0,5.0,6.0,1.0,2.0,1.0,Completed,,,,,1.15,5.3,1.15,5.3,,,20250508
21,Rome,Internazionali BNL d'Italia,2025-05-08,WTA1000,Outdoor,Clay,2nd Round,3,Cristian J.,Putintseva Y.,74.0,29.0,878.0,1668.0,7.0,6.0,7.0,5.0,,,2.0,0.0,Completed,2.38,1.57,2.25,1.71,2.46,1.71,2.31,1.61,,,20250508
21,Rome,Internazionali BNL d'Italia,2025-05-08,WTA1000,Outdoor,Clay,2nd Round,3,Jabeur O.,Kvitova P.,36.0,830.0,1458.0,31.0,,,,,,,,,Walkover,1.36,3.2,1.35,3.43,1.52,3.43,1.37,3.14,,,20250508
21,Rome,Internazionali BNL d'Italia,2025-05-08,WTA1000,Outdoor,Clay,2nd Round,3,Shnaider D.,Dolehide C.,11.0,73.0,3023.0,883.0,6.0,0.0,6.0,0.0,,,2.0,0.0,Completed,1.2,4.5,1.24,4.45,1.24,4.8,1.21,4.47,,,20250508
21,Rome,Internazionali BNL d'Italia,2025-05-08,WTA1000,Outdoor,Clay,2nd Round,3,Ostapenko J.,Sramkova R.,18.0,41.0,2235.0,1383.0,1.0,6.0,6.0,4.0,6.0,3.0,2.0,1.0,Completed,1.36,3.2,1.42,3.06,1.42,3.4,1.38,3.08,,,20250508
21,Rome,Internazionali BNL d'Italia,2025-05-08,WTA1000,Outdoor,Clay,2nd Round,3,Mertens E.,Lamens S.,24.0,71.0,1811.0,888.0,3.0,6.0,6.0,2.0,6.0,3.0,2.0,1.0,Completed,1.4,3.0,1.49,2.8,1.49,3.15,1.4,2.99,,,20250508
21,Rome,Internazionali BNL d'Italia,2025-05-08,WTA1000,Outdoor,Clay,2nd Round,3,Stearns P.,Kalinskaya A.,42.0,28.0,1376.0,1674.0,6.0,2.0,6.0,3.0,,,2.0,0.0,Completed,1.91,1.91,1.87,2.03,2.0,2.06,1.86,1.95,,,20250508
21,Rome,Internazionali BNL d'Italia,2025-05-08,WTA1000,Outdoor,Clay,2nd Round,3,Swiatek I.,Cocciaretto E.,2.0,82.0,6773.0,821.0,6.0,1.0,6.0,0.0,,,2.0,0.0,Completed,1.03,15.0,1.03,17.8,1.03,17.8,1.02,14.69,,,20250508
21,Rome,Internazionali BNL d'Italia,2025-05-08,WTA1000,Outdoor,Clay,2nd Round,3,Paolini J.,Sun L.,5.0,46.0,4875.0,1173.0,6.0,4.0,6.0,3.0,,,2.0,0.0,Completed,1.08,8.0,1.07,10.76,1.11,10.76,1.08,8.43,,,20250508
21,Rome,Internazionali BNL d'Italia,2025-05-08,WTA1000,Outdoor,Clay,2nd Round,3,Collins D.,Ruse E.G.,35.0,88.0,1461.0,798.0,6.0,3.0,6.0,3.0,,,2.0,0.0,Completed,1.5,2.63,1.51,2.74,1.51,2.74,1.49,2.64,,,20250508
21,Rome,Internazionali BNL d'Italia,2025-05-08,WTA1000,Outdoor,Clay,2nd Round,3,Baptiste H.,Samsonova L.,90.0,21.0,785.0,2150.0,6.0,3.0,2.0,6.0,6.0,4.0,2.0,1.0,Completed,2.3,1.62,2.2,1.74,2.3,1.74,2.22,1.66,,,20250508
21,Rome,Internazionali BNL d'Italia,2025-05-08,WTA1000,Outdoor,Clay,2nd Round,3,Pegula J.,Krueger A.,4.0,37.0,6243.0,1434.0,6.0,4.0,6.0,2.0,,,2.0,0.0,Completed,1.36,3.2,1.38,3.26,1.38,3.28,1.35,3.18,,,20250508
21,Rome,Internazionali BNL d'Italia,2025-05-08,WTA1000,Outdoor,Clay,2nd Round,3,Svitolina E.,Bouzas Maneiro J.,14.0,72.0,2810.0,883.0,6.0,4.0,7.0,6.0,,,2.0,0.0,Completed,1.13,6.0,1.12,7.02,1.14,7.02,1.12,6.19,,,20250508
21,Rome,Internazionali BNL d'Italia,2025-05-08,WTA1000,Outdoor,Clay,2nd Round,3,Keys M.,Gracheva V.,6.0,65.0,4824.0,925.0,7.0,6.0,6.0,1.0,,,2.0,0.0,Completed,1.17,5.0,1.17,5.65,1.21,5.65,1.17,5.17,,,20250508
21,Rome,Internazionali BNL d'Italia,2025-05-08,WTA1000,Outdoor,Clay,2nd Round,3,Bouzkova M.,Haddad Maia B.,53.0,22.0,1068.0,2059.0,6.0,0.0,6.0,3.0,,,2.0,0.0,Completed,1.8,2.0,1.89,1.99,1.89,2.18,1.82,2.0,,,20250508
21,Rome,Internazionali BNL d'Italia,2025-05-08,WTA1000,Outdoor,Clay,2nd Round,3,Siegemund L.,Bronzetti L.,101.0,58.0,720.0,1018.0,6.0,2.0,6.0,2.0,,,2.0,0.0,Completed,2.63,1.5,2.49,1.5,2.72,1.53,2.56,1.5,,,20250508
21,Rome,Internazionali BNL d'Italia,2025-05-09,WTA1000,Outdoor,Clay,2nd Round,3,Kenin S.,Pavlyuchenkova A.,31.0,52.0,1618.0,1088.0,6.0,3.0,6.0,0.0,,,2.0,0.0,Completed,1.57,2.38,1.57,2.54,1.59,2.54,1.54,2.44,,,20250509
21,Rome,Internazionali BNL d'Italia,2025-05-09,WTA1000,Outdoor,Clay,2nd Round,3,Linette M.,Sakkari M.,32.0,81.0,1551.0,821.0,1.0,6.0,6.0,4.0,6.0,1.0,2.0,1.0,Completed,2.63,1.5,2.71,1.45,2.75,1.5,2.64,1.47,,,20250509
21,Rome,Internazionali BNL d'Italia,2025-05-09,WTA1000,Outdoor,Clay,2nd Round,3,Sabalenka A.,Potapova A.,1.0,34.0,11118.0,1469.0,6.0,2.0,6.0,2.0,,,2.0,0.0,Completed,1.13,6.0,1.14,6.44,1.14,7.0,1.12,6.19,,,20250509
21,Rome,Internazionali BNL d'Italia,2025-05-09,WTA1000,Outdoor,Clay,2nd Round,3,Tauson C.,Volynets K.,23.0,66.0,2043.0,919.0,7.0,5.0,4.0,1.0,,,1.0,0.0,Retired,1.67,2.2,1.63,2.4,1.68,2.5,1.63,2.3,,,20250509
21,Rome,Internazionali BNL d'Italia,2025-05-09,WTA1000,Outdoor,Clay,2nd Round,3,Frech M.,Azarenka V.,25.0,54.0,1800.0,1064.0,7.0,5.0,6.0,4.0,,,2.0,0.0,Completed,2.75,1.44,2.74,1.51,2.85,1.51,2.65,1.42,,,20250509
21,Rome,Internazionali BNL d'Italia,2025-05-09,WTA1000,Outdoor,Clay,2nd Round,3,Zheng Q.,Danilovic O.,8.0,33.0,4193.0,1504.0,6.0,1.0,6.0,4.0,,,2.0,0.0,Completed,1.44,2.75,1.51,2.74,1.52,2.82,1.47,2.7,,,20250509
21,Rome,Internazionali BNL d'Italia,2025-05-09,WTA1000,Outdoor,Clay,2nd Round,3,Noskova L.,Kartal S.,30.0,56.0,1628.0,1041.0,6.0,4.0,6.0,2.0,,,2.0,0.0,Completed,1.5,2.63,1.46,2.92,1.5,3.0,1.45,2.76,,,20250509
21,Rome,Internazionali BNL d'Italia,2025-05-09,WTA1000,Outdoor,Clay,2nd Round,3,Kudermetova V.,Anisimova A.,50.0,17.0,1132.0,2617.0,7.0,6.0,7.0,5.0,,,2.0,0.0,Completed,2.63,1.5,2.51,1.59,2.64,1.59,2.51,1.53,,,20250509
21,Rome,Internazionali BNL d'Italia,2025-05-09,WTA1000,Outdoor,Clay,2nd Round,3,Andreeva M.,Arango E.,7.0,97.0,4781.0,742.0,6.0,2.0,6.0,4.0,,,2.0,0.0,Completed,1.05,11.0,1.05,14.51,1.06,17.5,1.04,11.94,,,20250509
21,Rome,Internazionali BNL d'Italia,2025-05-09,WTA1000,Outdoor,Clay,2nd Round,3,Raducanu E.,Teichmann J.,49.0,94.0,1139.0,750.0,6.0,2.0,6.0,2.0,,,2.0,0.0,Completed,1.36,3.2,1.35,3.4,1.4,3.4,1.35,3.27,,,20250509
21,Rome,Internazionali BNL d'Italia,2025-05-09,WTA1000,Outdoor,Clay,2nd Round,3,Kostyuk M.,Kasatkina D.,27.0,15.0,1686.0,2686.0,6.0,4.0,6.0,2.0,,,2.0,0.0,Completed,1.53,2.5,1.57,2.5,1.59,2.66,1.54,2.51,,,20250509
21,Rome,Internazionali BNL d'Italia,2025-05-09,WTA1000,Outdoor,Clay,2nd Round,3,Navarro E.,Rakhimova K.,9.0,85.0,3797.0,814.0,6.0,1.0,6.0,3.0,,,2.0,0.0,Completed,1.13,6.0,1.12,7.19,1.15,7.2,1.12,6.48,,,20250509
21,Rome,Internazionali BNL d'Italia,2025-05-09,WTA1000,Outdoor,Clay,2nd Round,3,Fernandez L.A.,Ruzic A.,26.0,117.0,1708.0,635.0,6.0,4.0,6.0,0.0,,,2.0,0.0,Completed,1.4,3.0,1.5,2.5,1.5,3.15,1.42,2.87,,,20250509
21,Rome,Internazionali BNL d'Italia,2025-05-09,WTA1000,Outdoor,Clay,2nd Round,3,Gauff C.,Mboko V.,3.0,156.0,6603.0,477.0,3.0,6.0,6.0,2.0,6.0,1.0,2.0,1.0,Completed,1.11,6.5,1.18,4.47,1.18,10.0,1.11,6.79,,,20250509
21,Rome,Internazionali BNL d'Italia,2025-05-09,WTA1000,Outdoor,Clay,2nd Round,3,Rybakina E.,Lys E.,12.0,63.0,2983.0,968.0,7.0,6.0,6.0,2.0,,,2.0,0.0,Completed,1.14,5.5,1.14,6.34,1.18,6.4,1.14,5.77,,,20250509
21,Rome,Internazionali BNL d'Italia,2025-05-09,WTA1000,Outdoor,Clay,2nd Round,3,Andreescu B.,Vekic D.,121.0,19.0,600.0,2226.0,6.0,1.0,3.0,6.0,6.0,2.0,2.0,1.0,Completed,2.2,1.67,2.2,1.74,2.4,1.74,2.23,1.67,,,20250509
21,Rome,Internazionali BNL d'Italia,2025-05-10,WTA1000,Outdoor,Clay,3rd Round,3,Stearns P.,Keys M.,42.0,6.0,1376.0,4824.0,2.0,6.0,6.0,2.0,7.0,6.0,2.0,1.0,Completed,3.0,1.4,2.8,1.49,3.0,1.5,2.76,1.46,,,20250510
21,Rome,Internazionali BNL d'Italia,2025-05-10,WTA1000,Outdoor,Clay,3rd Round,3,Shnaider D.,Cristian J.,11.0,74.0,3023.0,878.0,6.0,3.0,6.0,3.0,,,2.0,0.0,Completed,1.29,3.75,1.31,3.8,1.34,3.9,1.29,3.63,,,20250510
21,Rome,Internazionali BNL d'Italia,2025-05-10,WTA1000,Outdoor,Clay,3rd Round,3,Collins D.,Swiatek I.,35.0,2.0,1461.0,6773.0,6.0,1.0,7.0,5.0,,,2.0,0.0,Completed,7.0,1.1,7.41,1.12,8.2,1.13,6.97,1.11,,,20250510
21,Rome,Internazionali BNL d'Italia,2025-05-10,WTA1000,Outdoor,Clay,3rd Round,3,Svitolina E.,Baptiste H.,14.0,90.0,2810.0,785.0,6.0,4.0,3.0,6.0,6.0,4.0,2.0,1.0,Completed,1.2,4.5,1.21,4.05,1.23,5.3,1.21,4.41,,,20250510
21,Rome,Internazionali BNL d'Italia,2025-05-10,WTA1000,Outdoor,Clay,3rd Round,3,Paolini J.,Jabeur O.,5.0,36.0,4875.0,1458.0,6.0,4.0,6.0,3.0,,,2.0,0.0,Completed,1.44,2.75,1.48,2.86,1.53,2.92,1.44,2.78,,,20250510
21,Rome,Internazionali BNL d'Italia,2025-05-10,WTA1000,Outdoor,Clay,3rd Round,3,Osaka N.,Bouzkova M.,48.0,53.0,1148.0,1068.0,4.0,6.0,6.0,3.0,6.0,3.0,2.0,1.0,Completed,1.5,2.5,1.6,2.5,1.62,2.56,1.55,2.48,,,20250510
21,Rome,Internazionali BNL d'Italia,2025-05-10,WTA1000,Outdoor,Clay,3rd Round,3,Ostapenko J.,Siegemund L.,18.0,101.0,2235.0,720.0,,,,,,,,,Walkover,1.25,4.0,1.26,4.2,1.3,4.2,1.25,4.0,,,20250510
21,Rome,Internazionali BNL d'Italia,2025-05-10,WTA1000,Outdoor,Clay,3rd Round,3,Mertens E.,Pegula J.,24.0,4.0,1811.0,6243.0,7.0,5.0,6.0,1.0,,,2.0,0.0,Completed,2.75,1.44,2.58,1.57,2.75,1.57,2.61,1.51,,,20250510
21,Rome,Internazionali BNL d'Italia,2025-05-11,WTA1000,Outdoor,Clay,3rd Round,3,Kostyuk M.,Fernandez L.A.,27.0,26.0,1686.0,1708.0,6.0,4.0,6.0,2.0,,,2.0,0.0,Completed,1.33,3.4,1.36,3.48,1.36,3.65,1.33,3.33,,,20250511
21,Rome,Internazionali BNL d'Italia,2025-05-11,WTA1000,Outdoor,Clay,3rd Round,3,Sabalenka A.,Kenin S.,1.0,31.0,11118.0,1618.0,3.0,6.0,6.0,3.0,6.0,3.0,2.0,1.0,Completed,1.11,6.5,1.13,6.89,1.14,7.8,1.12,6.41,,,20250511
21,Rome,Internazionali BNL d'Italia,2025-05-11,WTA1000,Outdoor,Clay,3rd Round,3,Raducanu E.,Kudermetova V.,49.0,50.0,1139.0,1132.0,5.0,7.0,6.0,0.0,6.0,1.0,2.0,1.0,Completed,1.73,2.1,1.76,2.2,1.78,2.2,1.72,2.12,,,20250511
21,Rome,Internazionali BNL d'Italia,2025-05-11,WTA1000,Outdoor,Clay,3rd Round,3,Gauff C.,Linette M.,3.0,32.0,6603.0,1551.0,7.0,5.0,6.0,3.0,,,2.0,0.0,Completed,1.14,5.5,1.17,5.7,1.18,6.4,1.15,5.64,,,20250511
21,Rome,Internazionali BNL d'Italia,2025-05-11,WTA1000,Outdoor,Clay,3rd Round,3,Andreescu B.,Rybakina E.,121.0,12.0,600.0,2983.0,6.0,2.0,6.0,4.0,,,2.0,0.0,Completed,4.5,1.2,4.61,1.22,4.7,1.26,4.42,1.22,,,20250511
21,Rome,Internazionali BNL d'Italia,2025-05-11,WTA1000,Outdoor,Clay,3rd Round,3,Tauson C.,Navarro E.,23.0,9.0,2043.0,3797.0,3.0,6.0,6.0,0.0,6.0,4.0,2.0,1.0,Completed,2.38,1.57,2.44,1.63,2.48,1.66,2.34,1.59,,,20250511
21,Rome,Internazionali BNL d'Italia,2025-05-11,WTA1000,Outdoor,Clay,3rd Round,3,Zheng Q.,Frech M.,8.0,25.0,4193.0,1800.0,6.0,3.0,6.0,2.0,,,2.0,0.0,Completed,1.14,5.5,1.14,6.18,1.17,7.2,1.14,5.73,,,20250511
21,Rome,Internazionali BNL d'Italia,2025-05-11,WTA1000,Outdoor,Clay,3rd Round,3,Andreeva M.,Noskova L.,7.0,30.0,4781.0,1628.0,6.0,1.0,7.0,5.0,,,2.0,0.0,Completed,1.29,3.75,1.31,3.86,1.34,3.86,1.3,3.54,,,20250511
21,Rome,Internazionali BNL d'Italia,2025-05-12,WTA1000,Outdoor,Clay,4th Round,3,Stearns P.,Osaka N.,42.0,48.0,1376.0,1148.0,6.0,4.0,3.0,6.0,7.0,6.0,2.0,1.0,Completed,2.0,1.8,2.02,1.89,2.08,1.91,2.0,1.83,,,20250512
21,Rome,Internazionali BNL d'Italia,2025-05-12,WTA1000,Outdoor,Clay,4th Round,3,Shnaider D.,Mertens E.,11.0,24.0,3023.0,1811.0,6.0,2.0,6.0,3.0,,,2.0,0.0,Completed,1.8,2.0,1.77,2.18,1.82,2.24,1.77,2.08,,,20250512
21,Rome,Internazionali BNL d'Italia,2025-05-12,WTA1000,Outdoor,Clay,4th Round,3,Paolini J.,Ostapenko J.,5.0,18.0,4875.0,2235.0,7.0,5.0,6.0,2.0,,,2.0,0.0,Completed,1.67,2.2,1.65,2.36,1.7,2.48,1.66,2.21,,,20250512
21,Rome,Internazionali BNL d'Italia,2025-05-12,WTA1000,Outdoor,Clay,4th Round,3,Gauff C.,Raducanu E.,3.0,49.0,6603.0,1139.0,6.0,1.0,6.0,2.0,,,2.0,0.0,Completed,1.3,3.5,1.28,3.99,1.3,4.2,1.27,3.78,,,20250512
21,Rome,Internazionali BNL d'Italia,2025-05-12,WTA1000,Outdoor,Clay,4th Round,3,Svitolina E.,Collins D.,14.0,35.0,2810.0,1461.0,6.0,4.0,6.0,2.0,,,2.0,0.0,Completed,1.73,2.1,1.79,2.14,1.85,2.24,1.76,2.09,,,20250512
21,Rome,Internazionali BNL d'Italia,2025-05-12,WTA1000,Outdoor,Clay,4th Round,3,Andreeva M.,Tauson C.,7.0,23.0,4781.0,2043.0,5.0,7.0,6.0,3.0,6.0,2.0,2.0,1.0,Completed,1.29,3.75,1.33,3.64,1.34,3.8,1.31,3.58,,,20250512
21,Rome,Internazionali BNL d'Italia,2025-05-12,WTA1000,Outdoor,Clay,4th Round,3,Zheng Q.,Andreescu B.,8.0,121.0,4193.0,600.0,7.0,5.0,6.0,1.0,,,2.0,0.0,Completed,1.29,3.75,1.28,4.1,1.31,4.3,1.27,3.84,,,20250512
21,Rome,Internazionali BNL d'Italia,2025-05-12,WTA1000,Outdoor,Clay,4th Round,3,Sabalenka A.,Kostyuk M.,1.0,27.0,11118.0,1686.0,6.0,1.0,7.0,6.0,,,2.0,0.0,Completed,1.3,3.5,1.31,3.73,1.36,3.77,1.3,3.54,,,20250512
21,Rome,Internazionali BNL d'Italia,2025-05-13,WTA1000,Outdoor,Clay,Quarterfinals,3,Paolini J.,Shnaider D.,5.0,11.0,4875.0,3023.0,6.0,7.0,6.0,4.0,6.0,2.0,2.0,1.0,Completed,1.67,2.2,1.69,2.3,1.73,2.38,1.66,2.26,,,20250513
21,Rome,Internazionali BNL d'Italia,2025-05-13,WTA1000,Outdoor,Clay,Quarterfinals,3,Stearns P.,Svitolina E.,42.0,14.0,1376.0,2810.0,6.0,2.0,4.0,6.0,7.0,6.0,2.0,1.0,Completed,3.4,1.33,3.71,1.3,3.75,1.35,3.47,1.32,,,20250513
21,Rome,Internazionali BNL d'Italia,2025-05-14,WTA1000,Outdoor,Clay,Quarterfinals,3,Gauff C.,Andreeva M.,3.0,7.0,6603.0,4781.0,6.0,4.0,7.0,6.0,,,2.0,0.0,Completed,1.73,2.1,1.8,2.13,1.82,2.24,1.76,2.07,,,20250514
21,Rome,Internazionali BNL d'Italia,2025-05-14,WTA1000,Outdoor,Clay,Quarterfinals,3,Zheng Q.,Sabalenka A.,8.0,1.0,4193.0,11118.0,6.0,4.0,6.0,3.0,,,2.0,0.0,Completed,3.5,1.3,3.75,1.32,3.85,1.34,3.55,1.3,,,20250514
21,Rome,Internazionali BNL d'Italia,2025-05-15,WTA1000,Outdoor,Clay,Semifinals,3,Paolini J.,Stearns P.,5.0,42.0,4875.0,1376.0,7.0,5.0,6.0,1.0,,,2.0,0.0,Completed,1.4,3.0,1.38,3.31,1.44,3.35,1.4,3.0,,,20250515
21,Rome,Internazionali BNL d'Italia,2025-05-15,WTA1000,Outdoor,Clay,Semifinals,3,Gauff C.,Zheng Q.,3.0,8.0,6603.0,4193.0,7.0,6.0,4.0,6.0,7.0,6.0,2.0,1.0,Completed,1.53,2.5,1.56,2.6,1.59,2.68,1.54,2.49,,,20250515
21,Rome,Internazionali BNL d'Italia,2025-05-17,WTA1000,Outdoor,Clay,The Final,3,Paolini J.,Gauff C.,5.0,3.0,4875.0,6603.0,6.0,4.0,6.0,2.0,,,2.0,0.0,Completed,2.75,1.44,3.01,1.44,3.01,1.5,2.8,1.45,,,20250517
22,Rabat,Morocco Open,2025-05-19,WTA250,Outdoor,Clay,1st Round,3,Li A.,Timofeeva M.,57.0,259.0,1004.0,277.0,7.0,6.0,6.0,2.0,,,2.0,0.0,Completed,1.3,3.5,1.33,3.57,1.35,3.7,1.32,3.36,,,20250519
22,Rabat,Morocco Open,2025-05-19,WTA250,Outdoor,Clay,1st Round,3,Tomljanovic A.,Tomova V.,79.0,60.0,836.0,981.0,7.0,5.0,4.0,6.0,6.0,3.0,2.0,1.0,Completed,1.53,2.5,1.55,2.56,1.57,2.58,1.53,2.48,,,20250519
22,Rabat,Morocco Open,2025-05-19,WTA250,Outdoor,Clay,1st Round,3,Volynets K.,Alves C.,64.0,288.0,919.0,244.0,6.0,3.0,6.0,0.0,,,2.0,0.0,Completed,1.07,9.0,1.06,11.81,1.07,16.5,1.06,9.55,,,20250519
22,Rabat,Morocco Open,2025-05-19,WTA250,Outdoor,Clay,1st Round,3,Baptiste H.,Rosatello C.,70.0,245.0,891.0,292.0,7.0,6.0,3.0,6.0,6.0,2.0,2.0,1.0,Completed,1.17,5.0,1.21,4.89,1.22,5.25,1.18,4.9,,,20250519
22,Rabat,Morocco Open,2025-05-19,WTA250,Outdoor,Clay,1st Round,3,Cristian J.,Kotliar Y.,74.0,585.0,858.0,73.0,6.0,3.0,6.0,1.0,,,2.0,0.0,Completed,1.08,8.0,1.08,9.39,1.09,11.0,1.07,8.41,,,20250519
22,Rabat,Morocco Open,2025-05-19,WTA250,Outdoor,Clay,1st Round,3,Sonmez Z.,Bronzetti L.,76.0,54.0,853.0,1043.0,6.0,2.0,6.0,1.0,,,2.0,0.0,Completed,2.0,1.8,2.07,1.81,2.18,1.81,2.05,1.76,,,20250519
22,Rabat,Morocco Open,2025-05-19,WTA250,Outdoor,Clay,1st Round,3,Bouzas Maneiro J.,Grabher J.,71.0,160.0,891.0,462.0,6.0,3.0,1.0,6.0,6.0,4.0,2.0,1.0,Completed,1.57,2.38,1.7,2.23,1.75,2.4,1.63,2.29,,,20250519
22,Rabat,Morocco Open,2025-05-19,WTA250,Outdoor,Clay,1st Round,3,Pieri T.,Martinez Cirez C.,377.0,222.0,163.0,321.0,6.0,3.0,6.0,0.0,,,2.0,0.0,Completed,2.0,1.8,2.08,1.81,2.12,1.87,2.02,1.79,,,20250519
22,Rabat,Morocco Open,2025-05-19,WTA250,Outdoor,Clay,1st Round,3,Osorio M.,Cocciaretto E.,55.0,81.0,1039.0,821.0,2.0,6.0,6.0,3.0,6.0,2.0,2.0,1.0,Completed,1.67,2.2,1.68,2.27,1.75,2.3,1.68,2.18,,,20250519
22,Rabat,Morocco Open,2025-05-20,WTA250,Outdoor,Clay,1st Round,3,Mateas M.,Mandlik E.,243.0,271.0,297.0,262.0,6.0,3.0,6.0,4.0,,,2.0,0.0,Completed,3.2,1.36,3.34,1.36,3.6,1.38,3.23,1.34,,,20250520
22,Rabat,Morocco Open,2025-05-20,WTA250,Outdoor,Clay,1st Round,3,Rakhimova K.,Teichmann J.,75.0,98.0,854.0,731.0,6.0,4.0,6.0,1.0,,,2.0,0.0,Completed,2.0,1.8,2.0,1.88,2.02,1.92,1.96,1.82,,,20250520
22,Rabat,Morocco Open,2025-05-20,WTA250,Outdoor,Clay,1st Round,3,Sevastova A.,Kabbaj Y.,543.0,810.0,84.0,33.0,5.0,7.0,6.0,4.0,7.0,5.0,2.0,1.0,Completed,1.05,11.0,1.08,10.04,1.08,13.5,1.05,9.65,,,20250520
22,Rabat,Morocco Open,2025-05-20,WTA250,Outdoor,Clay,1st Round,3,Joint M.,Konjuh A.,78.0,508.0,850.0,96.0,7.0,5.0,6.0,2.0,,,2.0,0.0,Completed,1.14,5.5,1.16,5.9,1.17,6.4,1.14,5.59,,,20250520
22,Rabat,Morocco Open,2025-05-20,WTA250,Outdoor,Clay,1st Round,3,Rus A.,Fossa Huergo N.,99.0,273.0,730.0,261.0,6.0,3.0,6.0,7.0,6.0,1.0,2.0,1.0,Completed,1.14,5.5,,,1.17,7.6,1.15,5.57,,,20250520
22,Rabat,Morocco Open,2025-05-20,WTA250,Outdoor,Clay,1st Round,3,Nahimana S.,El Aouni A.,267.0,835.0,269.0,31.0,6.0,3.0,6.0,2.0,,,2.0,0.0,Completed,1.22,4.33,1.23,4.57,1.24,5.0,1.22,4.37,,,20250520
22,Rabat,Morocco Open,2025-05-20,WTA250,Outdoor,Clay,1st Round,3,Bolsova Zadoinov A.,Siniakova K.,340.0,62.0,187.0,950.0,3.0,6.0,6.0,1.0,6.0,2.0,2.0,1.0,Completed,4.0,1.25,3.99,1.28,4.01,1.31,3.9,1.25,,,20250520
22,Rabat,Morocco Open,2025-05-21,WTA250,Outdoor,Clay,2nd Round,3,Joint M.,Volynets K.,78.0,64.0,850.0,919.0,6.0,0.0,6.0,3.0,,,2.0,0.0,Completed,2.38,1.57,2.51,1.59,2.52,1.64,2.42,1.57,,,20250521
22,Rabat,Morocco Open,2025-05-21,WTA250,Outdoor,Clay,2nd Round,3,Bouzas Maneiro J.,Nahimana S.,71.0,267.0,891.0,269.0,6.0,4.0,4.0,6.0,6.0,1.0,2.0,1.0,Completed,1.17,5.0,1.2,5.11,1.23,5.3,1.18,4.89,,,20250521
22,Rabat,Morocco Open,2025-05-21,WTA250,Outdoor,Clay,2nd Round,3,Li A.,Baptiste H.,57.0,70.0,1004.0,891.0,6.0,4.0,6.0,7.0,7.0,5.0,2.0,1.0,Completed,2.0,1.8,1.93,1.95,2.0,1.96,1.92,1.87,,,20250521
22,Rabat,Morocco Open,2025-05-21,WTA250,Outdoor,Clay,2nd Round,3,Mateas M.,Rus A.,243.0,99.0,297.0,730.0,6.0,4.0,6.0,2.0,,,2.0,0.0,Completed,4.5,1.2,4.75,1.22,4.9,1.24,4.53,1.2,,,20250521
22,Rabat,Morocco Open,2025-05-21,WTA250,Outdoor,Clay,2nd Round,3,Cristian J.,Bolsova Zadoinov A.,74.0,340.0,858.0,187.0,7.0,6.0,7.0,6.0,,,2.0,0.0,Completed,1.3,3.5,1.33,3.58,1.33,3.85,1.3,3.5,,,20250521
22,Rabat,Morocco Open,2025-05-21,WTA250,Outdoor,Clay,2nd Round,3,Tomljanovic A.,Pieri T.,79.0,377.0,836.0,163.0,4.0,6.0,6.0,2.0,6.0,4.0,2.0,1.0,Completed,1.2,4.5,1.23,4.7,1.23,5.1,1.2,4.61,,,20250521
22,Rabat,Morocco Open,2025-05-21,WTA250,Outdoor,Clay,2nd Round,3,Osorio M.,Rakhimova K.,55.0,75.0,1039.0,854.0,4.0,6.0,6.0,2.0,6.0,3.0,2.0,1.0,Completed,1.57,2.38,1.63,2.41,1.65,2.5,1.57,2.39,,,20250521
22,Rabat,Morocco Open,2025-05-21,WTA250,Outdoor,Clay,2nd Round,3,Sevastova A.,Sonmez Z.,543.0,76.0,84.0,853.0,6.0,3.0,6.0,4.0,,,2.0,0.0,Completed,2.5,1.53,2.47,1.6,2.52,1.64,2.41,1.56,,,20250521
22,Rabat,Morocco Open,2025-05-22,WTA250,Outdoor,Clay,Quarterfinals,3,Tomljanovic A.,Bouzas Maneiro J.,79.0,71.0,836.0,891.0,6.0,1.0,6.0,3.0,,,2.0,0.0,Completed,2.3,1.62,2.52,1.59,2.52,1.65,2.34,1.6,,,20250522
22,Rabat,Morocco Open,2025-05-22,WTA250,Outdoor,Clay,Quarterfinals,3,Joint M.,Li A.,78.0,57.0,850.0,1004.0,6.0,2.0,6.0,1.0,,,2.0,0.0,Completed,1.73,2.1,1.83,2.1,1.83,2.24,1.73,2.1,,,20250522
22,Rabat,Morocco Open,2025-05-22,WTA250,Outdoor,Clay,Quarterfinals,3,Osorio M.,Mateas M.,55.0,243.0,1039.0,297.0,6.0,3.0,6.0,1.0,,,2.0,0.0,Completed,1.08,8.0,1.13,7.1,1.13,8.0,1.1,7.04,,,20250522
22,Rabat,Morocco Open,2025-05-22,WTA250,Outdoor,Clay,Quarterfinals,3,Cristian J.,Sevastova A.,74.0,543.0,858.0,84.0,6.0,3.0,6.0,4.0,,,2.0,0.0,Completed,1.62,2.3,1.58,2.55,1.63,2.6,1.59,2.38,,,20250522
22,Rabat,Morocco Open,2025-05-23,WTA250,Outdoor,Clay,Semifinals,3,Joint M.,Tomljanovic A.,78.0,79.0,850.0,836.0,6.0,4.0,,,,,1.0,0.0,Retired,1.53,2.5,1.63,2.42,1.63,2.6,1.53,2.49,,,20250523
22,Rabat,Morocco Open,2025-05-23,WTA250,Outdoor,Clay,Semifinals,3,Cristian J.,Osorio M.,74.0,55.0,858.0,1039.0,6.0,7.0,6.0,4.0,6.0,4.0,2.0,1.0,Completed,1.8,2.0,1.76,2.19,2.01,2.19,1.86,1.94,,,20250523
22,Rabat,Morocco Open,2025-05-24,WTA250,Outdoor,Clay,The Final,3,Joint M.,Cristian J.,78.0,74.0,850.0,858.0,6.0,3.0,6.0,2.0,,,2.0,0.0,Completed,1.67,2.2,1.82,2.1,1.82,2.24,1.7,2.17,,,20250524
23,Strasbourg,Internationaux de Strasbourg,2025-05-18,WTA500,Outdoor,Clay,1st Round,3,Samsonova L.,Noskova L.,19.0,29.0,2150.0,1628.0,6.0,1.0,7.0,5.0,,,2.0,0.0,Completed,2.2,1.67,2.28,1.69,2.38,1.7,2.23,1.66,,,20250518
23,Strasbourg,Internationaux de Strasbourg,2025-05-18,WTA500,Outdoor,Clay,1st Round,3,Sramkova R.,Putintseva Y.,41.0,32.0,1268.0,1615.0,6.0,0.0,6.0,4.0,,,2.0,0.0,Completed,2.5,1.53,2.5,1.59,2.54,1.63,2.48,1.54,,,20250518
23,Strasbourg,Internationaux de Strasbourg,2025-05-18,WTA500,Outdoor,Clay,1st Round,3,Linette M.,Krejcikova B.,33.0,15.0,1581.0,2664.0,6.0,3.0,6.0,3.0,,,2.0,0.0,Completed,1.5,2.63,1.57,2.56,1.58,2.68,1.51,2.57,,,20250518
23,Strasbourg,Internationaux de Strasbourg,2025-05-18,WTA500,Outdoor,Clay,1st Round,3,Parry D.,Fernandez L.A.,105.0,27.0,694.0,1763.0,7.0,5.0,7.0,6.0,,,2.0,0.0,Completed,2.2,1.67,2.27,1.7,2.4,1.7,2.23,1.66,,,20250518
23,Strasbourg,Internationaux de Strasbourg,2025-05-19,WTA500,Outdoor,Clay,1st Round,3,Bouzkova M.,Cornet A.,50.0,747.0,1133.0,40.0,6.0,2.0,6.0,1.0,,,2.0,0.0,Completed,1.13,6.0,1.16,5.75,1.17,6.4,1.15,5.67,,,20250519
23,Strasbourg,Internationaux de Strasbourg,2025-05-19,WTA500,Outdoor,Clay,1st Round,3,Krueger A.,Kessler M.,37.0,44.0,1459.0,1249.0,6.0,4.0,7.0,5.0,,,2.0,0.0,Completed,1.44,2.75,1.45,2.91,1.5,2.92,1.45,2.77,,,20250519
23,Strasbourg,Internationaux de Strasbourg,2025-05-19,WTA500,Outdoor,Clay,1st Round,3,Haddad Maia B.,Tauson C.,23.0,22.0,2004.0,2098.0,3.0,6.0,6.0,4.0,7.0,5.0,2.0,1.0,Completed,3.5,1.3,3.49,1.34,3.6,1.37,3.42,1.32,,,20250519
23,Strasbourg,Internationaux de Strasbourg,2025-05-19,WTA500,Outdoor,Clay,1st Round,3,Wang Xin.,Lys E.,42.0,59.0,1265.0,991.0,6.0,4.0,7.0,5.0,,,2.0,0.0,Completed,2.75,1.44,2.78,1.48,2.84,1.53,2.68,1.47,,,20250519
23,Strasbourg,Internationaux de Strasbourg,2025-05-19,WTA500,Outdoor,Clay,1st Round,3,Kalinskaya A.,Dolehide C.,30.0,66.0,1619.0,908.0,6.0,2.0,4.0,6.0,6.0,3.0,2.0,1.0,Completed,1.73,2.1,1.73,2.19,1.81,2.19,1.73,2.12,,,20250519
23,Strasbourg,Internationaux de Strasbourg,2025-05-19,WTA500,Outdoor,Clay,1st Round,3,Collins D.,Kenin S.,46.0,31.0,1191.0,1618.0,6.0,1.0,1.0,6.0,6.0,2.0,2.0,1.0,Completed,1.73,2.1,1.78,2.12,1.84,2.16,1.73,2.11,,,20250519
23,Strasbourg,Internationaux de Strasbourg,2025-05-19,WTA500,Outdoor,Clay,1st Round,3,Blinkova A.,Frech M.,65.0,25.0,912.0,1830.0,6.0,3.0,7.0,5.0,,,2.0,0.0,Completed,1.91,1.91,2.05,1.83,2.05,1.93,1.95,1.85,,,20250519
23,Strasbourg,Internationaux de Strasbourg,2025-05-19,WTA500,Outdoor,Clay,1st Round,3,Raducanu E.,Kasatkina D.,43.0,17.0,1259.0,2631.0,6.0,1.0,6.0,3.0,,,2.0,0.0,Completed,1.91,1.91,1.96,1.91,2.02,1.95,1.92,1.88,,,20250519
23,Strasbourg,Internationaux de Strasbourg,2025-05-20,WTA500,Outdoor,Clay,2nd Round,3,Linette M.,Sramkova R.,33.0,41.0,1581.0,1268.0,6.0,4.0,6.0,3.0,,,2.0,0.0,Completed,1.8,2.0,1.84,2.06,1.96,2.06,1.83,1.98,,,20250520
23,Strasbourg,Internationaux de Strasbourg,2025-05-20,WTA500,Outdoor,Clay,2nd Round,3,Badosa P.,Bouzkova M.,10.0,50.0,3641.0,1133.0,3.0,3.0,,,,,0.0,0.0,Retired,1.57,2.38,1.62,2.4,1.64,2.52,1.58,2.37,,,20250520
23,Strasbourg,Internationaux de Strasbourg,2025-05-20,WTA500,Outdoor,Clay,2nd Round,3,Rybakina E.,Wang Xin.,12.0,42.0,3048.0,1265.0,6.0,1.0,6.0,3.0,,,2.0,0.0,Completed,1.17,5.0,1.2,5.14,1.2,5.7,1.19,4.85,,,20250520
23,Strasbourg,Internationaux de Strasbourg,2025-05-20,WTA500,Outdoor,Clay,2nd Round,3,Samsonova L.,Parry D.,19.0,105.0,2150.0,694.0,6.0,4.0,6.0,4.0,,,2.0,0.0,Completed,1.62,2.3,1.65,2.37,1.65,2.48,1.61,2.31,,,20250520
23,Strasbourg,Internationaux de Strasbourg,2025-05-21,WTA500,Outdoor,Clay,2nd Round,3,Haddad Maia B.,Krueger A.,23.0,37.0,2004.0,1459.0,7.0,6.0,6.0,3.0,,,2.0,0.0,Completed,2.3,1.62,2.2,1.74,2.32,1.74,2.24,1.66,,,20250521
23,Strasbourg,Internationaux de Strasbourg,2025-05-21,WTA500,Outdoor,Clay,2nd Round,3,Navarro E.,Blinkova A.,9.0,65.0,3831.0,912.0,6.0,4.0,6.0,1.0,,,2.0,0.0,Completed,1.25,4.0,1.3,3.82,1.32,4.1,1.28,3.75,,,20250521
23,Strasbourg,Internationaux de Strasbourg,2025-05-21,WTA500,Outdoor,Clay,2nd Round,3,Collins D.,Raducanu E.,46.0,43.0,1191.0,1259.0,4.0,6.0,6.0,1.0,6.0,3.0,2.0,1.0,Completed,1.73,2.1,1.69,2.29,1.77,2.29,1.72,2.13,,,20250521
23,Strasbourg,Internationaux de Strasbourg,2025-05-21,WTA500,Outdoor,Clay,2nd Round,3,Kalinskaya A.,Pegula J.,30.0,3.0,1619.0,6243.0,4.0,6.0,6.0,4.0,6.0,2.0,2.0,1.0,Completed,3.0,1.4,2.78,1.49,3.0,1.49,2.92,1.41,,,20250521
23,Strasbourg,Internationaux de Strasbourg,2025-05-22,WTA500,Outdoor,Clay,Quarterfinals,3,Rybakina E.,Linette M.,12.0,33.0,3048.0,1581.0,7.0,5.0,6.0,3.0,,,2.0,0.0,Completed,1.2,4.5,1.31,3.81,1.33,4.5,1.25,4.06,,,20250522
23,Strasbourg,Internationaux de Strasbourg,2025-05-22,WTA500,Outdoor,Clay,Quarterfinals,3,Haddad Maia B.,Navarro E.,23.0,9.0,2004.0,3831.0,3.0,6.0,7.0,6.0,6.0,2.0,2.0,1.0,Completed,3.4,1.33,3.41,1.37,3.65,1.37,3.31,1.34,,,20250522
23,Strasbourg,Internationaux de Strasbourg,2025-05-22,WTA500,Outdoor,Clay,Quarterfinals,3,Samsonova L.,Badosa P.,19.0,10.0,2150.0,3641.0,6.0,4.0,3.0,6.0,6.0,4.0,2.0,1.0,Completed,2.1,1.73,2.24,1.73,2.32,1.74,2.15,1.71,,,20250522
23,Strasbourg,Internationaux de Strasbourg,2025-05-22,WTA500,Outdoor,Clay,Quarterfinals,3,Collins D.,Kalinskaya A.,46.0,30.0,1191.0,1619.0,,,,,,,,,Walkover,1.5,2.63,1.54,2.67,1.56,2.74,1.52,2.57,,,20250522
23,Strasbourg,Internationaux de Strasbourg,2025-05-23,WTA500,Outdoor,Clay,Semifinals,3,Rybakina E.,Haddad Maia B.,12.0,23.0,3048.0,2004.0,7.0,6.0,1.0,6.0,6.0,2.0,2.0,1.0,Completed,1.25,4.0,1.28,4.13,1.29,4.3,1.26,3.89,,,20250523
23,Strasbourg,Internationaux de Strasbourg,2025-05-23,WTA500,Outdoor,Clay,Semifinals,3,Samsonova L.,Collins D.,19.0,46.0,2150.0,1191.0,6.0,4.0,6.0,2.0,,,2.0,0.0,Completed,2.5,1.53,2.7,1.53,2.82,1.54,2.56,1.52,,,20250523
23,Strasbourg,Internationaux de Strasbourg,2025-05-24,WTA500,Outdoor,Clay,The Final,3,Rybakina E.,Samsonova L.,12.0,19.0,3048.0,2150.0,6.0,1.0,6.0,7.0,6.0,1.0,2.0,1.0,Completed,1.44,2.75,1.49,2.85,1.52,2.88,1.47,2.72,,,20250524
24,Paris,French Open,2025-05-25,Grand Slam,Outdoor,Clay,1st Round,3,Mboko V.,Sun L.,120.0,45.0,594.0,1207.0,6.0,1.0,7.0,6.0,,,2.0,0.0,Completed,1.25,4.0,1.26,4.29,1.26,4.7,1.24,4.12,,,20250525
24,Paris,French Open,2025-05-25,Grand Slam,Outdoor,Clay,1st Round,3,Svitolina E.,Sonmez Z.,14.0,76.0,2845.0,871.0,6.0,1.0,6.0,1.0,,,2.0,0.0,Completed,1.06,10.0,1.07,10.78,1.07,13.5,1.06,9.85,,,20250525
24,Paris,French Open,2025-05-25,Grand Slam,Outdoor,Clay,1st Round,3,Golubic V.,Kvitova P.,78.0,607.0,817.0,66.0,3.0,6.0,6.0,0.0,6.0,4.0,2.0,1.0,Completed,2.2,1.67,2.08,1.82,2.22,1.84,2.07,1.76,,,20250525
24,Paris,French Open,2025-05-25,Grand Slam,Outdoor,Clay,1st Round,3,Bondar A.,Siegemund L.,82.0,107.0,804.0,687.0,7.0,6.0,6.0,3.0,,,2.0,0.0,Completed,1.62,2.3,1.64,2.39,1.72,2.44,1.62,2.31,,,20250525
24,Paris,French Open,2025-05-25,Grand Slam,Outdoor,Clay,1st Round,3,Lys E.,Stearns P.,59.0,33.0,1015.0,1536.0,6.0,0.0,6.0,3.0,,,2.0,0.0,Completed,3.2,1.36,3.34,1.37,3.45,1.4,3.15,1.37,,,20250525
24,Paris,French Open,2025-05-25,Grand Slam,Outdoor,Clay,1st Round,3,Sabalenka A.,Rakhimova K.,1.0,86.0,10683.0,786.0,6.0,1.0,6.0,0.0,,,2.0,0.0,Completed,1.02,19.0,1.02,32.48,1.02,38.0,1.01,19.24,,,20250525
24,Paris,French Open,2025-05-25,Grand Slam,Outdoor,Clay,1st Round,3,Arango E.,Eala A.,85.0,73.0,791.0,892.0,6.0,0.0,2.0,6.0,6.0,3.0,2.0,1.0,Completed,2.3,1.62,2.33,1.67,2.36,1.71,2.28,1.64,,,20250525
24,Paris,French Open,2025-05-25,Grand Slam,Outdoor,Clay,1st Round,3,Yastremska D.,Aiava D.,48.0,155.0,1159.0,473.0,7.0,5.0,6.0,1.0,,,2.0,0.0,Completed,1.11,6.5,1.12,7.48,1.14,7.6,1.12,6.66,,,20250525
24,Paris,French Open,2025-05-25,Grand Slam,Outdoor,Clay,1st Round,3,Zheng Q.,Pavlyuchenkova A.,7.0,50.0,4368.0,1112.0,6.0,4.0,6.0,3.0,,,2.0,0.0,Completed,1.13,6.0,1.16,6.09,1.17,6.8,1.14,5.88,,,20250525
24,Paris,French Open,2025-05-25,Grand Slam,Outdoor,Clay,1st Round,3,Teichmann J.,Stefanini L.,97.0,153.0,731.0,483.0,6.0,4.0,6.0,4.0,,,2.0,0.0,Completed,1.62,2.3,1.57,2.54,1.66,2.7,1.57,2.4,,,20250525
24,Paris,French Open,2025-05-25,Grand Slam,Outdoor,Clay,1st Round,3,Shnaider D.,Sobolieva A.,12.0,256.0,3108.0,283.0,7.0,6.0,6.0,2.0,,,2.0,0.0,Completed,1.06,10.0,1.06,12.48,1.06,14.0,1.06,10.62,,,20250525
24,Paris,French Open,2025-05-25,Grand Slam,Outdoor,Clay,1st Round,3,Romero Gormaz L.,Rakotomanga Rajaonah T.,150.0,244.0,491.0,302.0,7.0,6.0,6.0,2.0,,,2.0,0.0,Completed,1.53,2.5,1.57,2.55,1.57,2.65,1.53,2.52,,,20250525
24,Paris,French Open,2025-05-25,Grand Slam,Outdoor,Clay,1st Round,3,Vekic D.,Blinkova A.,19.0,62.0,2226.0,967.0,7.0,5.0,6.0,7.0,6.0,1.0,2.0,1.0,Completed,1.67,2.2,1.74,2.2,1.81,2.22,1.72,2.14,,,20250525
24,Paris,French Open,2025-05-25,Grand Slam,Outdoor,Clay,1st Round,3,Anisimova A.,Stojanovic N.,16.0,167.0,2634.0,423.0,6.0,3.0,4.0,1.0,,,1.0,0.0,Retired,1.13,6.0,1.16,6.09,1.21,6.2,1.15,5.71,,,20250525
24,Paris,French Open,2025-05-25,Grand Slam,Outdoor,Clay,1st Round,3,Jovic I.,Zarazua R.,129.0,74.0,566.0,886.0,6.0,3.0,5.0,7.0,6.0,4.0,2.0,1.0,Completed,1.8,2.0,1.88,2.01,1.92,2.06,1.83,1.97,,,20250525
24,Paris,French Open,2025-05-25,Grand Slam,Outdoor,Clay,1st Round,3,Danilovic O.,Fernandez L.A.,34.0,27.0,1508.0,1735.0,6.0,3.0,6.0,1.0,,,2.0,0.0,Completed,1.57,2.38,1.56,2.57,1.61,2.6,1.56,2.44,,,20250525
24,Paris,French Open,2025-05-25,Grand Slam,Outdoor,Clay,1st Round,3,Paolini J.,Yuan Y.,4.0,87.0,5865.0,786.0,6.0,1.0,4.0,6.0,6.0,3.0,2.0,1.0,Completed,1.04,13.0,1.04,17.28,1.05,17.5,1.03,13.16,,,20250525
24,Paris,French Open,2025-05-25,Grand Slam,Outdoor,Clay,1st Round,3,Potapova A.,Noskova L.,37.0,29.0,1469.0,1628.0,5.0,7.0,6.0,1.0,7.0,5.0,2.0,1.0,Completed,1.73,2.1,1.77,2.16,1.79,2.22,1.74,2.1,,,20250525
24,Paris,French Open,2025-05-25,Grand Slam,Outdoor,Clay,1st Round,3,Bejlek S.,Kostyuk M.,188.0,25.0,376.0,1796.0,6.0,3.0,6.0,1.0,,,2.0,0.0,Completed,5.0,1.17,5.72,1.17,5.8,1.19,5.25,1.17,,,20250525
24,Paris,French Open,2025-05-26,Grand Slam,Outdoor,Clay,1st Round,3,Bouzas Maneiro J.,Navarro E.,68.0,9.0,915.0,3879.0,6.0,0.0,6.0,1.0,,,2.0,0.0,Completed,4.5,1.2,4.59,1.23,5.1,1.24,4.43,1.22,,,20250526
24,Paris,French Open,2025-05-26,Grand Slam,Outdoor,Clay,1st Round,3,Starodubtseva Y.,Korpatsch T.,81.0,148.0,804.0,493.0,2.0,6.0,6.0,1.0,6.0,4.0,2.0,1.0,Completed,2.2,1.67,2.03,1.85,2.2,1.87,2.02,1.82,,,20250526
24,Paris,French Open,2025-05-26,Grand Slam,Outdoor,Clay,1st Round,3,Kudermetova V.,Tomova V.,46.0,64.0,1187.0,937.0,7.0,5.0,6.0,1.0,,,2.0,0.0,Completed,1.22,4.33,1.29,3.96,1.3,4.33,1.26,3.9,,,20250526
24,Paris,French Open,2025-05-26,Grand Slam,Outdoor,Clay,1st Round,3,Raducanu E.,Wang Xin.,41.0,43.0,1319.0,1265.0,7.0,5.0,4.0,6.0,6.0,3.0,2.0,1.0,Completed,1.3,3.5,1.37,3.35,1.37,3.6,1.36,3.22,,,20250526
24,Paris,French Open,2025-05-26,Grand Slam,Outdoor,Clay,1st Round,3,Rybakina E.,Riera J.,11.0,202.0,3548.0,352.0,6.0,1.0,4.0,6.0,6.0,4.0,2.0,1.0,Completed,1.05,11.0,1.05,14.4,1.07,14.4,1.04,11.64,,,20250526
24,Paris,French Open,2025-05-26,Grand Slam,Outdoor,Clay,1st Round,3,Swiatek I.,Sramkova R.,5.0,42.0,5838.0,1318.0,6.0,3.0,6.0,3.0,,,2.0,0.0,Completed,1.03,17.0,1.04,16.89,1.05,17.5,1.02,14.74,,,20250526
24,Paris,French Open,2025-05-26,Grand Slam,Outdoor,Clay,1st Round,3,Samsonova L.,Sherif M.,18.0,84.0,2280.0,793.0,7.0,6.0,6.0,2.0,,,2.0,0.0,Completed,1.5,2.63,1.41,3.12,1.51,3.25,1.46,2.77,,,20250526
24,Paris,French Open,2025-05-26,Grand Slam,Outdoor,Clay,1st Round,3,Montgomery R.,Parry D.,115.0,93.0,642.0,753.0,6.0,2.0,6.0,1.0,,,2.0,0.0,Completed,3.4,1.33,3.15,1.4,3.4,1.41,3.14,1.37,,,20250526
24,Paris,French Open,2025-05-26,Grand Slam,Outdoor,Clay,1st Round,3,Cristian J.,Birrell K.,60.0,66.0,1001.0,921.0,6.0,1.0,6.0,0.0,,,2.0,0.0,Completed,1.36,3.2,1.4,3.17,1.41,3.35,1.36,3.16,,,20250526
24,Paris,French Open,2025-05-26,Grand Slam,Outdoor,Clay,1st Round,3,Badosa P.,Osaka N.,10.0,49.0,3684.0,1148.0,6.0,7.0,6.0,1.0,6.0,4.0,2.0,1.0,Completed,2.1,1.73,2.05,1.85,2.11,1.9,2.08,1.77,,,20250526
24,Paris,French Open,2025-05-26,Grand Slam,Outdoor,Clay,1st Round,3,Collins D.,Burrage J.,54.0,165.0,1061.0,425.0,7.0,6.0,6.0,4.0,,,2.0,0.0,Completed,1.03,15.0,1.03,19.65,1.03,26.0,1.02,15.3,,,20250526
24,Paris,French Open,2025-05-26,Grand Slam,Outdoor,Clay,1st Round,3,Pera B.,Garcia C.,83.0,144.0,796.0,501.0,6.0,4.0,6.0,4.0,,,2.0,0.0,Completed,1.73,2.1,1.76,2.17,1.77,2.26,1.73,2.12,,,20250526
24,Paris,French Open,2025-05-26,Grand Slam,Outdoor,Clay,1st Round,3,Tomljanovic A.,Joint M.,71.0,53.0,904.0,1083.0,6.0,1.0,6.0,3.0,,,2.0,0.0,Completed,3.2,1.36,3.37,1.36,3.55,1.38,3.19,1.36,,,20250526
24,Paris,French Open,2025-05-26,Grand Slam,Outdoor,Clay,1st Round,3,Kasatkina D.,Siniakova K.,17.0,63.0,2631.0,950.0,6.0,1.0,3.0,6.0,6.0,2.0,2.0,1.0,Completed,1.4,3.0,1.45,2.93,1.46,3.05,1.42,2.87,,,20250526
24,Paris,French Open,2025-05-26,Grand Slam,Outdoor,Clay,1st Round,3,Boulter K.,Monnet C.,38.0,231.0,1456.0,314.0,6.0,7.0,6.0,1.0,6.0,1.0,2.0,1.0,Completed,1.4,3.0,1.48,2.85,1.48,3.05,1.41,2.92,,,20250526
24,Paris,French Open,2025-05-26,Grand Slam,Outdoor,Clay,1st Round,3,Ruse E.G.,Kessler M.,80.0,44.0,808.0,1249.0,7.0,5.0,7.0,6.0,,,2.0,0.0,Completed,1.62,2.3,1.58,2.52,1.62,2.6,1.58,2.4,,,20250526
24,Paris,French Open,2025-05-26,Grand Slam,Outdoor,Clay,1st Round,3,Ostapenko J.,Kudermetova P.,21.0,58.0,2140.0,1017.0,5.0,7.0,6.0,0.0,6.0,2.0,2.0,1.0,Completed,1.17,5.0,1.21,4.93,1.23,5.3,1.18,4.93,,,20250526
24,Paris,French Open,2025-05-26,Grand Slam,Outdoor,Clay,1st Round,3,Krejcikova B.,Maria T.,15.0,79.0,2664.0,809.0,7.0,6.0,6.0,3.0,,,2.0,0.0,Completed,1.2,4.5,1.17,5.74,1.21,6.0,1.19,4.91,,,20250526
24,Paris,French Open,2025-05-26,Grand Slam,Outdoor,Clay,1st Round,3,Alexandrova E.,Bronzetti L.,20.0,57.0,2148.0,1019.0,6.0,3.0,6.0,2.0,,,2.0,0.0,Completed,1.25,4.0,1.26,4.26,1.27,4.4,1.25,3.99,,,20250526
24,Paris,French Open,2025-05-26,Grand Slam,Outdoor,Clay,1st Round,3,Rus A.,Osorio M.,94.0,51.0,751.0,1107.0,4.0,6.0,6.0,2.0,6.0,4.0,2.0,1.0,Completed,3.0,1.4,3.07,1.42,3.2,1.43,2.93,1.41,,,20250526
24,Paris,French Open,2025-05-26,Grand Slam,Outdoor,Clay,1st Round,3,Keys M.,Saville D.,8.0,137.0,4184.0,542.0,6.0,2.0,6.0,1.0,,,2.0,0.0,Completed,1.06,10.0,1.07,10.81,1.1,11.32,1.07,9.44,,,20250526
24,Paris,French Open,2025-05-26,Grand Slam,Outdoor,Clay,1st Round,3,Tauson C.,Linette M.,22.0,32.0,2098.0,1581.0,6.0,4.0,4.0,6.0,6.0,1.0,2.0,1.0,Completed,1.62,2.3,1.62,2.43,1.64,2.52,1.61,2.35,,,20250526
24,Paris,French Open,2025-05-26,Grand Slam,Outdoor,Clay,1st Round,3,Jeanjean L.,Begu I.,100.0,92.0,712.0,755.0,0.0,6.0,7.0,5.0,3.0,0.0,1.0,1.0,Retired,2.5,1.53,2.31,1.68,2.51,1.71,2.33,1.61,,,20250526
24,Paris,French Open,2025-05-26,Grand Slam,Outdoor,Clay,1st Round,3,Dolehide C.,Minnen G.,67.0,77.0,918.0,823.0,3.0,6.0,6.0,3.0,6.0,4.0,2.0,1.0,Completed,1.57,2.38,1.54,2.63,1.59,2.66,1.55,2.48,,,20250526
24,Paris,French Open,2025-05-26,Grand Slam,Outdoor,Clay,1st Round,3,Cocciaretto E.,Townsend T.,89.0,104.0,768.0,692.0,6.0,3.0,6.0,2.0,,,2.0,0.0,Completed,2.0,1.8,1.91,1.98,2.02,1.98,1.96,1.86,,,20250526
24,Paris,French Open,2025-05-27,Grand Slam,Outdoor,Clay,1st Round,3,Andreeva M.,Bucsa C.,6.0,98.0,4986.0,720.0,6.0,4.0,6.0,3.0,,,2.0,0.0,Completed,1.05,11.0,1.06,12.06,1.06,15.5,1.05,10.83,,,20250527
24,Paris,French Open,2025-05-27,Grand Slam,Outdoor,Clay,1st Round,3,Baptiste H.,Haddad Maia B.,70.0,23.0,906.0,2091.0,4.0,6.0,6.0,3.0,6.0,1.0,2.0,1.0,Completed,2.1,1.73,2.22,1.73,2.24,1.8,2.16,1.71,,,20250527
24,Paris,French Open,2025-05-27,Grand Slam,Outdoor,Clay,1st Round,3,Hibino N.,Uchijima M.,196.0,61.0,366.0,1000.0,6.0,1.0,7.0,5.0,,,2.0,0.0,Completed,3.4,1.33,3.26,1.38,3.6,1.38,3.35,1.33,,,20250527
24,Paris,French Open,2025-05-27,Grand Slam,Outdoor,Clay,1st Round,3,Vondrousova M.,Selekhmeteva O.,96.0,147.0,743.0,494.0,6.0,4.0,6.0,4.0,,,2.0,0.0,Completed,1.4,3.0,1.51,2.72,1.51,3.0,1.45,2.81,,,20250527
24,Paris,French Open,2025-05-27,Grand Slam,Outdoor,Clay,1st Round,3,Azarenka V.,Wickmayer Y.,75.0,1140.0,884.0,11.0,6.0,0.0,6.0,0.0,,,2.0,0.0,Completed,1.04,13.0,1.04,14.31,1.05,16.0,1.04,12.45,,,20250527
24,Paris,French Open,2025-05-27,Grand Slam,Outdoor,Clay,1st Round,3,Kenin S.,Gracheva V.,30.0,72.0,1618.0,895.0,6.0,3.0,6.0,1.0,,,2.0,0.0,Completed,1.33,3.4,1.35,3.5,1.39,3.5,1.34,3.34,,,20250527
24,Paris,French Open,2025-05-27,Grand Slam,Outdoor,Clay,1st Round,3,Kalinina A.,Avanesyan E.,113.0,40.0,648.0,1380.0,6.0,1.0,6.0,2.0,,,2.0,0.0,Completed,3.0,1.4,3.03,1.43,3.1,1.47,2.97,1.41,,,20250527
24,Paris,French Open,2025-05-27,Grand Slam,Outdoor,Clay,1st Round,3,Gauff C.,Gadecki O.,2.0,91.0,6863.0,759.0,6.0,2.0,6.0,2.0,,,2.0,0.0,Completed,1.03,17.0,1.03,17.34,1.03,29.0,1.02,15.69,,,20250527
24,Paris,French Open,2025-05-27,Grand Slam,Outdoor,Clay,1st Round,3,Valentova T.,Paquet C.,172.0,119.0,403.0,610.0,4.0,6.0,6.0,3.0,7.0,5.0,2.0,1.0,Completed,1.36,3.2,1.34,3.57,1.41,3.75,1.35,3.25,,,20250527
24,Paris,French Open,2025-05-27,Grand Slam,Outdoor,Clay,1st Round,3,Krueger A.,Lamens S.,35.0,69.0,1489.0,908.0,6.0,3.0,6.0,4.0,,,2.0,0.0,Completed,1.53,2.5,1.61,2.44,1.62,2.6,1.56,2.47,,,20250527
24,Paris,French Open,2025-05-27,Grand Slam,Outdoor,Clay,1st Round,3,Jacquemot E.,Sakkari M.,138.0,90.0,537.0,766.0,6.0,3.0,7.0,6.0,,,2.0,0.0,Completed,4.5,1.2,4.64,1.23,4.8,1.25,4.48,1.21,,,20250527
24,Paris,French Open,2025-05-27,Grand Slam,Outdoor,Clay,1st Round,3,Pegula J.,Todoni A.,3.0,88.0,6243.0,770.0,6.0,2.0,6.0,4.0,,,2.0,0.0,Completed,1.17,5.0,1.21,5.01,1.21,6.0,1.16,5.37,,,20250527
24,Paris,French Open,2025-05-27,Grand Slam,Outdoor,Clay,1st Round,3,Frech M.,Jabeur O.,26.0,36.0,1755.0,1483.0,7.0,6.0,6.0,0.0,,,2.0,0.0,Completed,3.2,1.36,3.15,1.4,3.35,1.42,3.15,1.37,,,20250527
24,Paris,French Open,2025-05-27,Grand Slam,Outdoor,Clay,1st Round,3,Kartal S.,Andreeva E.,56.0,102.0,1021.0,702.0,6.0,0.0,6.0,2.0,,,2.0,0.0,Completed,1.73,2.1,1.68,2.29,1.77,2.3,1.71,2.16,,,20250527
24,Paris,French Open,2025-05-27,Grand Slam,Outdoor,Clay,1st Round,3,Boisson L.,Mertens E.,361.0,24.0,171.0,1866.0,6.0,4.0,4.0,6.0,6.0,3.0,2.0,1.0,Completed,4.33,1.22,4.61,1.23,4.8,1.25,4.37,1.22,,,20250527
24,Paris,French Open,2025-05-27,Grand Slam,Outdoor,Clay,1st Round,3,Li A.,Carle M.,55.0,127.0,1029.0,567.0,6.0,4.0,6.0,0.0,,,2.0,0.0,Completed,1.73,2.1,1.76,2.17,1.81,2.22,1.74,2.1,,,20250527
24,Paris,French Open,2025-05-27,Grand Slam,Outdoor,Clay,1st Round,3,Putintseva Y.,Sierra S.,31.0,110.0,1615.0,676.0,7.0,6.0,6.0,2.0,,,2.0,0.0,Completed,1.57,2.38,1.64,2.39,1.7,2.43,1.6,2.35,,,20250527
24,Paris,French Open,2025-05-27,Grand Slam,Outdoor,Clay,1st Round,3,Garland J.,Volynets K.,175.0,65.0,395.0,922.0,6.0,3.0,3.0,6.0,6.0,4.0,2.0,1.0,Completed,3.4,1.33,3.47,1.35,3.5,1.38,3.36,1.33,,,20250527
24,Paris,French Open,2025-05-27,Grand Slam,Outdoor,Clay,1st Round,3,Bouzkova M.,Kalinskaya A.,47.0,28.0,1176.0,1717.0,6.0,4.0,7.0,5.0,,,2.0,0.0,Completed,2.2,1.67,2.39,1.64,2.46,1.68,2.27,1.64,,,20250527
24,Paris,French Open,2025-05-27,Grand Slam,Outdoor,Clay,1st Round,3,Parks A.,Muchova K.,52.0,13.0,1102.0,2919.0,6.0,3.0,2.0,6.0,6.0,1.0,2.0,1.0,Completed,8.0,1.08,9.84,1.08,11.0,1.11,8.55,1.08,,,20250527
24,Paris,French Open,2025-05-28,Grand Slam,Outdoor,Clay,2nd Round,3,Zheng Q.,Arango E.,7.0,85.0,4368.0,791.0,6.0,2.0,6.0,3.0,,,2.0,0.0,Completed,1.03,15.0,1.05,16.58,1.05,17.5,1.03,13.67,,,20250528
24,Paris,French Open,2025-05-28,Grand Slam,Outdoor,Clay,2nd Round,3,Anisimova A.,Golubic V.,16.0,78.0,2634.0,817.0,6.0,0.0,6.0,2.0,,,2.0,0.0,Completed,1.14,5.5,1.12,7.6,1.15,7.8,1.13,6.15,,,20250528
24,Paris,French Open,2025-05-28,Grand Slam,Outdoor,Clay,2nd Round,3,Mboko V.,Lys E.,120.0,59.0,594.0,1015.0,6.0,4.0,6.0,4.0,,,2.0,0.0,Completed,1.53,2.5,1.57,2.5,1.71,2.62,1.55,2.47,,,20250528
24,Paris,French Open,2025-05-28,Grand Slam,Outdoor,Clay,2nd Round,3,Paolini J.,Tomljanovic A.,4.0,71.0,5865.0,904.0,6.0,3.0,6.0,3.0,,,2.0,0.0,Completed,1.08,8.0,1.11,8.45,1.11,9.4,1.09,7.81,,,20250528
24,Paris,French Open,2025-05-28,Grand Slam,Outdoor,Clay,2nd Round,3,Svitolina E.,Bondar A.,14.0,82.0,2845.0,804.0,7.0,6.0,7.0,5.0,,,2.0,0.0,Completed,1.11,6.5,1.11,8.44,1.12,8.6,1.11,7.19,,,20250528
24,Paris,French Open,2025-05-28,Grand Slam,Outdoor,Clay,2nd Round,3,Pera B.,Vekic D.,83.0,19.0,796.0,2226.0,6.0,2.0,4.0,6.0,7.0,6.0,2.0,1.0,Completed,2.3,1.62,2.5,1.6,2.52,1.67,2.34,1.62,,,20250528
24,Paris,French Open,2025-05-28,Grand Slam,Outdoor,Clay,2nd Round,3,Starodubtseva Y.,Potapova A.,81.0,37.0,804.0,1469.0,7.0,6.0,6.0,2.0,,,2.0,0.0,Completed,3.75,1.29,4.62,1.24,4.62,1.29,4.0,1.26,,,20250528
24,Paris,French Open,2025-05-28,Grand Slam,Outdoor,Clay,2nd Round,3,Tauson C.,Rus A.,22.0,94.0,2098.0,751.0,7.0,6.0,7.0,5.0,,,2.0,0.0,Completed,1.17,5.0,1.18,5.71,1.21,5.71,1.18,5.02,,,20250528
24,Paris,French Open,2025-05-28,Grand Slam,Outdoor,Clay,2nd Round,3,Swiatek I.,Raducanu E.,5.0,41.0,5838.0,1319.0,6.0,1.0,6.0,2.0,,,2.0,0.0,Completed,1.1,7.0,1.11,8.39,1.12,10.0,1.1,7.57,,,20250528
24,Paris,French Open,2025-05-28,Grand Slam,Outdoor,Clay,2nd Round,3,Danilovic O.,Collins D.,34.0,54.0,1508.0,1061.0,6.0,4.0,3.0,6.0,6.0,4.0,2.0,1.0,Completed,2.2,1.67,2.14,1.79,2.22,1.79,2.16,1.71,,,20250528
24,Paris,French Open,2025-05-28,Grand Slam,Outdoor,Clay,2nd Round,3,Cristian J.,Bejlek S.,60.0,188.0,1001.0,376.0,1.0,6.0,6.0,3.0,6.0,3.0,2.0,1.0,Completed,1.67,2.2,1.75,2.21,1.82,2.21,1.73,2.12,,,20250528
24,Paris,French Open,2025-05-28,Grand Slam,Outdoor,Clay,2nd Round,3,Samsonova L.,Romero Gormaz L.,18.0,150.0,2280.0,491.0,6.0,3.0,6.0,3.0,,,2.0,0.0,Completed,1.17,5.0,1.2,5.31,1.2,6.0,1.17,5.31,,,20250528
24,Paris,French Open,2025-05-28,Grand Slam,Outdoor,Clay,2nd Round,3,Ostapenko J.,Dolehide C.,21.0,67.0,2140.0,918.0,5.0,7.0,6.0,3.0,6.0,3.0,2.0,1.0,Completed,1.29,3.75,1.26,4.32,1.3,4.32,1.26,3.96,,,20250528
24,Paris,French Open,2025-05-28,Grand Slam,Outdoor,Clay,2nd Round,3,Sabalenka A.,Teichmann J.,1.0,97.0,10683.0,731.0,6.0,3.0,6.0,1.0,,,2.0,0.0,Completed,1.02,21.0,1.01,30.29,1.02,46.0,1.01,21.46,,,20250528
24,Paris,French Open,2025-05-28,Grand Slam,Outdoor,Clay,2nd Round,3,Yastremska D.,Shnaider D.,48.0,12.0,1159.0,3108.0,7.0,5.0,7.0,5.0,,,2.0,0.0,Completed,2.75,1.44,2.93,1.47,3.0,1.48,2.82,1.44,,,20250528
24,Paris,French Open,2025-05-28,Grand Slam,Outdoor,Clay,2nd Round,3,Rybakina E.,Jovic I.,11.0,129.0,3548.0,566.0,6.0,3.0,6.0,3.0,,,2.0,0.0,Completed,1.08,8.0,1.09,9.8,1.1,9.9,1.08,8.51,,,20250528
24,Paris,French Open,2025-05-29,Grand Slam,Outdoor,Clay,2nd Round,3,Andreeva M.,Krueger A.,6.0,35.0,4986.0,1489.0,6.0,3.0,6.0,4.0,,,2.0,0.0,Completed,1.11,6.5,1.14,6.78,1.17,6.88,1.13,6.23,,,20250529
24,Paris,French Open,2025-05-29,Grand Slam,Outdoor,Clay,2nd Round,3,Vondrousova M.,Frech M.,96.0,26.0,743.0,1755.0,6.0,0.0,4.0,6.0,6.0,3.0,2.0,1.0,Completed,1.44,2.75,1.46,2.95,1.48,2.95,1.46,2.78,,,20250529
24,Paris,French Open,2025-05-29,Grand Slam,Outdoor,Clay,2nd Round,3,Bouzkova M.,Kartal S.,47.0,56.0,1176.0,1021.0,6.0,1.0,6.0,4.0,,,2.0,0.0,Completed,1.44,2.75,1.52,2.71,1.52,2.92,1.47,2.75,,,20250529
24,Paris,French Open,2025-05-29,Grand Slam,Outdoor,Clay,2nd Round,3,Pegula J.,Li A.,3.0,55.0,6243.0,1029.0,6.0,3.0,7.0,6.0,,,2.0,0.0,Completed,1.22,4.33,1.24,4.55,1.27,4.7,1.22,4.32,,,20250529
24,Paris,French Open,2025-05-29,Grand Slam,Outdoor,Clay,2nd Round,3,Baptiste H.,Hibino N.,70.0,196.0,906.0,366.0,6.0,3.0,6.0,2.0,,,2.0,0.0,Completed,1.2,4.5,1.25,4.46,1.27,4.54,1.22,4.42,,,20250529
24,Paris,French Open,2025-05-29,Grand Slam,Outdoor,Clay,2nd Round,3,Alexandrova E.,Cocciaretto E.,20.0,89.0,2148.0,768.0,6.0,1.0,6.0,3.0,,,2.0,0.0,Completed,1.2,4.5,1.24,4.65,1.26,4.7,1.22,4.4,,,20250529
24,Paris,French Open,2025-05-29,Grand Slam,Outdoor,Clay,2nd Round,3,Bouzas Maneiro J.,Montgomery R.,68.0,115.0,915.0,642.0,6.0,4.0,4.0,6.0,7.0,5.0,2.0,1.0,Completed,1.4,3.0,1.48,2.87,1.52,3.0,1.43,2.87,,,20250529
24,Paris,French Open,2025-05-29,Grand Slam,Outdoor,Clay,2nd Round,3,Putintseva Y.,Garland J.,31.0,175.0,1615.0,395.0,7.0,6.0,6.0,3.0,,,2.0,0.0,Completed,1.36,3.2,1.36,3.43,1.37,3.6,1.35,3.27,,,20250529
24,Paris,French Open,2025-05-29,Grand Slam,Outdoor,Clay,2nd Round,3,Kudermetova V.,Krejcikova B.,46.0,15.0,1187.0,2664.0,6.0,0.0,6.0,3.0,,,2.0,0.0,Completed,1.5,2.63,1.58,2.54,1.58,2.63,1.53,2.54,,,20250529
24,Paris,French Open,2025-05-29,Grand Slam,Outdoor,Clay,2nd Round,3,Gauff C.,Valentova T.,2.0,172.0,6863.0,403.0,6.0,2.0,6.0,4.0,,,2.0,0.0,Completed,1.04,13.0,1.05,13.61,1.07,14.0,1.04,11.77,,,20250529
24,Paris,French Open,2025-05-29,Grand Slam,Outdoor,Clay,2nd Round,3,Badosa P.,Ruse E.G.,10.0,80.0,3684.0,808.0,3.0,6.0,6.0,4.0,6.0,4.0,2.0,1.0,Completed,1.25,4.0,1.29,4.06,1.32,4.3,1.27,3.87,,,20250529
24,Paris,French Open,2025-05-29,Grand Slam,Outdoor,Clay,2nd Round,3,Keys M.,Boulter K.,8.0,38.0,4184.0,1456.0,6.0,1.0,6.0,3.0,,,2.0,0.0,Completed,1.14,5.5,1.16,6.34,1.17,6.75,1.15,5.67,,,20250529
24,Paris,French Open,2025-05-29,Grand Slam,Outdoor,Clay,2nd Round,3,Boisson L.,Kalinina A.,361.0,113.0,171.0,648.0,6.0,1.0,6.0,2.0,,,2.0,0.0,Completed,1.8,2.0,1.81,2.12,1.84,2.14,1.79,2.04,,,20250529
24,Paris,French Open,2025-05-29,Grand Slam,Outdoor,Clay,2nd Round,3,Jacquemot E.,Parks A.,138.0,52.0,537.0,1102.0,6.0,2.0,6.0,7.0,6.0,1.0,2.0,1.0,Completed,1.53,2.5,1.53,2.69,1.6,2.69,1.55,2.48,,,20250529
24,Paris,French Open,2025-05-29,Grand Slam,Outdoor,Clay,2nd Round,3,Kenin S.,Azarenka V.,30.0,75.0,1618.0,884.0,7.0,6.0,6.0,4.0,,,2.0,0.0,Completed,1.44,2.75,1.5,2.81,1.54,2.81,1.48,2.72,,,20250529
24,Paris,French Open,2025-05-29,Grand Slam,Outdoor,Clay,2nd Round,3,Kasatkina D.,Jeanjean L.,17.0,100.0,2631.0,712.0,6.0,4.0,6.0,2.0,,,2.0,0.0,Completed,1.22,4.33,1.26,4.3,1.28,4.5,1.25,4.05,,,20250529
24,Paris,French Open,2025-05-30,Grand Slam,Outdoor,Clay,3rd Round,3,Zheng Q.,Mboko V.,7.0,120.0,4368.0,594.0,6.0,3.0,6.0,4.0,,,2.0,0.0,Completed,1.2,4.5,1.23,4.81,1.24,5.0,1.21,4.55,,,20250530
24,Paris,French Open,2025-05-30,Grand Slam,Outdoor,Clay,3rd Round,3,Anisimova A.,Tauson C.,16.0,22.0,2634.0,2098.0,7.0,6.0,6.0,4.0,,,2.0,0.0,Completed,1.57,2.38,1.65,2.4,1.69,2.53,1.6,2.36,,,20250530
24,Paris,French Open,2025-05-30,Grand Slam,Outdoor,Clay,3rd Round,3,Sabalenka A.,Danilovic O.,1.0,34.0,10683.0,1508.0,6.0,2.0,6.0,3.0,,,2.0,0.0,Completed,1.08,8.0,1.12,7.8,1.13,8.2,1.1,7.46,,,20250530
24,Paris,French Open,2025-05-30,Grand Slam,Outdoor,Clay,3rd Round,3,Samsonova L.,Yastremska D.,18.0,48.0,2280.0,1159.0,6.0,2.0,6.0,3.0,,,2.0,0.0,Completed,1.62,2.3,1.71,2.27,1.73,2.32,1.66,2.24,,,20250530
24,Paris,French Open,2025-05-30,Grand Slam,Outdoor,Clay,3rd Round,3,Swiatek I.,Cristian J.,5.0,60.0,5838.0,1001.0,6.0,2.0,7.0,5.0,,,2.0,0.0,Completed,1.03,17.0,1.04,17.49,1.05,19.5,1.02,15.2,,,20250530
24,Paris,French Open,2025-05-30,Grand Slam,Outdoor,Clay,3rd Round,3,Rybakina E.,Ostapenko J.,11.0,21.0,3548.0,2140.0,6.0,2.0,6.0,2.0,,,2.0,0.0,Completed,1.44,2.75,1.52,2.73,1.52,2.98,1.45,2.79,,,20250530
24,Paris,French Open,2025-05-30,Grand Slam,Outdoor,Clay,3rd Round,3,Paolini J.,Starodubtseva Y.,4.0,81.0,5865.0,804.0,6.0,4.0,6.0,1.0,,,2.0,0.0,Completed,1.07,9.0,1.09,8.99,1.1,10.5,1.08,8.71,,,20250530
24,Paris,French Open,2025-05-30,Grand Slam,Outdoor,Clay,3rd Round,3,Svitolina E.,Pera B.,14.0,83.0,2845.0,796.0,7.0,6.0,7.0,6.0,,,2.0,0.0,Completed,1.11,6.5,1.13,6.72,1.15,7.2,1.12,6.5,,,20250530
24,Paris,French Open,2025-05-31,Grand Slam,Outdoor,Clay,3rd Round,3,Andreeva M.,Putintseva Y.,6.0,31.0,4986.0,1615.0,6.0,3.0,6.0,1.0,,,2.0,0.0,Completed,1.13,6.0,1.15,6.42,1.15,7.8,1.14,6.02,,,20250531
24,Paris,French Open,2025-05-31,Grand Slam,Outdoor,Clay,3rd Round,3,Kasatkina D.,Badosa P.,17.0,10.0,2631.0,3684.0,6.0,1.0,7.0,5.0,,,2.0,0.0,Completed,2.63,1.5,2.69,1.53,2.82,1.54,2.59,1.51,,,20250531
24,Paris,French Open,2025-05-31,Grand Slam,Outdoor,Clay,3rd Round,3,Pegula J.,Vondrousova M.,3.0,96.0,6243.0,743.0,3.0,6.0,6.0,4.0,6.0,2.0,2.0,1.0,Completed,1.44,2.75,1.48,2.88,1.51,2.92,1.46,2.76,,,20250531
24,Paris,French Open,2025-05-31,Grand Slam,Outdoor,Clay,3rd Round,3,Boisson L.,Jacquemot E.,361.0,138.0,171.0,537.0,6.0,3.0,0.0,6.0,7.0,5.0,2.0,1.0,Completed,1.44,2.75,1.54,2.66,1.56,2.75,1.52,2.58,,,20250531
24,Paris,French Open,2025-05-31,Grand Slam,Outdoor,Clay,3rd Round,3,Alexandrova E.,Kudermetova V.,20.0,46.0,2148.0,1187.0,6.0,2.0,6.0,2.0,,,2.0,0.0,Completed,1.44,2.75,1.49,2.84,1.5,3.05,1.46,2.75,,,20250531
24,Paris,French Open,2025-05-31,Grand Slam,Outdoor,Clay,3rd Round,3,Baptiste H.,Bouzas Maneiro J.,70.0,68.0,906.0,915.0,7.0,6.0,6.0,1.0,,,2.0,0.0,Completed,1.91,1.91,1.93,1.98,1.94,2.04,1.87,1.95,,,20250531
24,Paris,French Open,2025-05-31,Grand Slam,Outdoor,Clay,3rd Round,3,Keys M.,Kenin S.,8.0,30.0,4184.0,1618.0,4.0,6.0,6.0,3.0,7.0,5.0,2.0,1.0,Completed,1.4,3.0,1.43,3.1,1.43,3.25,1.4,2.98,,,20250531
24,Paris,French Open,2025-05-31,Grand Slam,Outdoor,Clay,3rd Round,3,Gauff C.,Bouzkova M.,2.0,47.0,6863.0,1176.0,6.0,1.0,7.0,6.0,,,2.0,0.0,Completed,1.1,7.0,1.12,7.9,1.13,9.2,1.11,7.06,,,20250531
24,Paris,French Open,2025-06-01,Grand Slam,Outdoor,Clay,4th Round,3,Svitolina E.,Paolini J.,14.0,4.0,2845.0,5865.0,4.0,6.0,7.0,6.0,6.0,1.0,2.0,1.0,Completed,2.1,1.73,2.2,1.76,2.26,1.9,2.09,1.76,,,20250601
24,Paris,French Open,2025-06-01,Grand Slam,Outdoor,Clay,4th Round,3,Zheng Q.,Samsonova L.,7.0,18.0,4368.0,2280.0,7.0,6.0,1.0,6.0,6.0,3.0,2.0,1.0,Completed,1.3,3.5,1.32,3.76,1.35,3.8,1.31,3.49,,,20250601
24,Paris,French Open,2025-06-01,Grand Slam,Outdoor,Clay,4th Round,3,Swiatek I.,Rybakina E.,5.0,11.0,5838.0,3548.0,1.0,6.0,6.0,3.0,7.0,5.0,2.0,1.0,Completed,1.44,2.75,1.5,2.8,1.5,2.96,1.46,2.75,,,20250601
24,Paris,French Open,2025-06-01,Grand Slam,Outdoor,Clay,4th Round,3,Sabalenka A.,Anisimova A.,1.0,16.0,10683.0,2634.0,7.0,5.0,6.0,3.0,,,2.0,0.0,Completed,1.2,4.5,1.21,5.08,1.24,5.2,1.21,4.6,,,20250601
24,Paris,French Open,2025-06-02,Grand Slam,Outdoor,Clay,4th Round,3,Gauff C.,Alexandrova E.,2.0,20.0,6863.0,2148.0,6.0,0.0,7.0,5.0,,,2.0,0.0,Completed,1.3,3.5,1.32,3.75,1.36,3.85,1.33,3.4,,,20250602
24,Paris,French Open,2025-06-02,Grand Slam,Outdoor,Clay,4th Round,3,Andreeva M.,Kasatkina D.,6.0,17.0,4986.0,2631.0,6.0,3.0,7.0,5.0,,,2.0,0.0,Completed,1.2,4.5,1.23,4.71,1.25,4.8,1.23,4.35,,,20250602
24,Paris,French Open,2025-06-02,Grand Slam,Outdoor,Clay,4th Round,3,Boisson L.,Pegula J.,361.0,3.0,171.0,6243.0,3.0,6.0,6.0,4.0,6.0,4.0,2.0,1.0,Completed,5.0,1.17,5.4,1.19,5.9,1.21,5.09,1.18,,,20250602
24,Paris,French Open,2025-06-02,Grand Slam,Outdoor,Clay,4th Round,3,Keys M.,Baptiste H.,8.0,70.0,4184.0,906.0,6.0,3.0,7.0,5.0,,,2.0,0.0,Completed,1.22,4.33,1.24,4.86,1.25,4.86,1.24,4.21,,,20250602
24,Paris,French Open,2025-06-03,Grand Slam,Outdoor,Clay,Quarterfinals,3,Sabalenka A.,Zheng Q.,1.0,7.0,10683.0,4368.0,7.0,6.0,6.0,3.0,,,2.0,0.0,Completed,1.33,3.4,1.39,3.27,1.41,3.9,1.33,3.43,,,20250603
24,Paris,French Open,2025-06-03,Grand Slam,Outdoor,Clay,Quarterfinals,3,Swiatek I.,Svitolina E.,5.0,14.0,5838.0,2845.0,6.0,1.0,7.0,5.0,,,2.0,0.0,Completed,1.25,4.0,1.3,3.94,1.31,4.01,1.27,3.91,,,20250603
24,Paris,French Open,2025-06-04,Grand Slam,Outdoor,Clay,Quarterfinals,3,Gauff C.,Keys M.,2.0,8.0,6863.0,4184.0,6.0,7.0,6.0,4.0,6.0,1.0,2.0,1.0,Completed,1.44,2.75,1.42,3.11,1.5,3.11,1.45,2.82,,,20250604
24,Paris,French Open,2025-06-04,Grand Slam,Outdoor,Clay,Quarterfinals,3,Boisson L.,Andreeva M.,361.0,6.0,171.0,4986.0,7.0,6.0,6.0,3.0,,,2.0,0.0,Completed,6.5,1.11,7.41,1.13,8.0,1.15,6.48,1.13,,,20250604
24,Paris,French Open,2025-06-05,Grand Slam,Outdoor,Clay,Semifinals,3,Sabalenka A.,Swiatek I.,1.0,5.0,10683.0,5838.0,7.0,6.0,4.0,6.0,6.0,0.0,2.0,1.0,Completed,1.73,2.1,1.8,2.13,1.85,2.16,1.79,2.05,,,20250605
24,Paris,French Open,2025-06-05,Grand Slam,Outdoor,Clay,Semifinals,3,Gauff C.,Boisson L.,2.0,361.0,6863.0,171.0,6.0,1.0,6.0,2.0,,,2.0,0.0,Completed,1.17,5.0,1.19,5.49,1.22,5.49,1.19,4.87,,,20250605
24,Paris,French Open,2025-06-07,Grand Slam,Outdoor,Clay,The Final,3,Gauff C.,Sabalenka A.,2.0,1.0,2.0,10683.0,6.0,7.0,6.0,2.0,6.0,4.0,2.0,1.0,Completed,1.44,2.88,1.42,3.14,1.45,3.2,1.42,2.9,,,20250607
25,'s-Hertogenbosch,Rosmalen Grass Court Championships,2025-06-09,WTA250,Outdoor,Grass,1st Round,3,Cocciaretto E.,Hartono A.,123.0,177.0,598.0,393.0,7.0,6.0,7.0,5.0,,,2.0,0.0,Completed,1.2,4.75,1.2,5.06,1.21,5.3,1.19,4.64,,,20250609
25,'s-Hertogenbosch,Rosmalen Grass Court Championships,2025-06-09,WTA250,Outdoor,Grass,1st Round,3,Kudermetova V.,Kudermetova P.,39.0,62.0,1307.0,998.0,6.0,3.0,6.0,3.0,,,2.0,0.0,Completed,1.22,4.0,1.28,3.93,1.28,4.9,1.22,4.18,,,20250609
25,'s-Hertogenbosch,Rosmalen Grass Court Championships,2025-06-09,WTA250,Outdoor,Grass,1st Round,3,Mertens E.,Tomova V.,25.0,76.0,1746.0,877.0,6.0,4.0,6.0,0.0,,,2.0,0.0,Completed,1.17,5.0,1.17,5.5,1.2,5.7,1.17,4.92,,,20250609
25,'s-Hertogenbosch,Rosmalen Grass Court Championships,2025-06-09,WTA250,Outdoor,Grass,1st Round,3,Sun L.,Vrancken Peeters A.,43.0,493.0,1183.0,102.0,6.0,1.0,6.0,3.0,,,2.0,0.0,Completed,1.1,7.0,1.11,7.77,1.13,8.0,1.1,7.08,,,20250609
25,'s-Hertogenbosch,Rosmalen Grass Court Championships,2025-06-09,WTA250,Outdoor,Grass,1st Round,3,Yuan Y.,Sevastova A.,84.0,399.0,786.0,138.0,6.0,3.0,6.0,3.0,,,2.0,0.0,Completed,2.2,1.67,,,2.3,1.67,2.22,1.62,,,20250609
25,'s-Hertogenbosch,Rosmalen Grass Court Championships,2025-06-09,WTA250,Outdoor,Grass,1st Round,3,Blinkova A.,Siniakova K.,70.0,73.0,907.0,890.0,6.0,3.0,6.0,1.0,,,2.0,0.0,Completed,2.4,1.57,2.55,1.56,2.55,1.64,2.4,1.56,,,20250609
25,'s-Hertogenbosch,Rosmalen Grass Court Championships,2025-06-10,WTA250,Outdoor,Grass,1st Round,3,Lamens S.,Wickmayer Y.,72.0,955.0,898.0,21.0,6.0,3.0,0.0,6.0,6.0,3.0,2.0,1.0,Completed,1.73,2.1,1.71,2.21,1.83,2.28,1.7,2.12,,,20250610
25,'s-Hertogenbosch,Rosmalen Grass Court Championships,2025-06-10,WTA250,Outdoor,Grass,1st Round,3,Birrell K.,Wang Xin.,69.0,48.0,911.0,1145.0,7.0,5.0,6.0,7.0,6.0,1.0,2.0,1.0,Completed,2.0,1.75,2.06,1.83,2.15,1.89,2.02,1.77,,,20250610
25,'s-Hertogenbosch,Rosmalen Grass Court Championships,2025-06-10,WTA250,Outdoor,Grass,1st Round,3,Pera B.,Linette M.,79.0,31.0,856.0,1581.0,6.0,2.0,6.0,7.0,7.0,5.0,2.0,1.0,Completed,2.4,1.57,2.68,1.52,2.76,1.7,2.43,1.55,,,20250610
25,'s-Hertogenbosch,Rosmalen Grass Court Championships,2025-06-10,WTA250,Outdoor,Grass,1st Round,3,Andreescu B.,Garland J.,118.0,147.0,610.0,502.0,6.0,1.0,6.0,3.0,,,2.0,0.0,Completed,1.5,2.63,1.55,2.57,1.56,2.76,1.48,2.65,,,20250610
25,'s-Hertogenbosch,Rosmalen Grass Court Championships,2025-06-10,WTA250,Outdoor,Grass,1st Round,3,Alexandrova E.,Bolkvadze M.,19.0,189.0,2378.0,369.0,6.0,3.0,6.0,4.0,,,2.0,0.0,Completed,1.08,8.0,1.09,8.96,1.1,10.0,1.08,7.6,,,20250610
25,'s-Hertogenbosch,Rosmalen Grass Court Championships,2025-06-10,WTA250,Outdoor,Grass,1st Round,3,Minnen G.,Collins D.,66.0,55.0,927.0,1061.0,4.0,6.0,6.0,1.0,6.0,2.0,2.0,1.0,Completed,2.5,1.53,2.49,1.58,2.65,1.6,2.52,1.52,,,20250610
25,'s-Hertogenbosch,Rosmalen Grass Court Championships,2025-06-10,WTA250,Outdoor,Grass,1st Round,3,Li A.,Potapova A.,53.0,40.0,1069.0,1299.0,7.0,5.0,6.0,2.0,,,2.0,0.0,Completed,3.0,1.4,3.26,1.37,3.7,1.41,3.15,1.36,,,20250610
25,'s-Hertogenbosch,Rosmalen Grass Court Championships,2025-06-11,WTA250,Outdoor,Grass,1st Round,3,Ruse E.G.,Van den Broek I.L.,80.0,704.0,848.0,46.0,6.0,2.0,6.0,1.0,,,2.0,0.0,Completed,1.05,10.0,1.06,11.92,1.08,13.0,1.05,10.39,,,20250611
25,'s-Hertogenbosch,Rosmalen Grass Court Championships,2025-06-11,WTA250,Outdoor,Grass,1st Round,3,Sakkari M.,Koevermans A.,85.0,190.0,766.0,368.0,6.0,3.0,6.0,4.0,,,2.0,0.0,Completed,1.07,7.5,1.09,8.25,1.11,9.2,1.07,8.25,,,20250611
25,'s-Hertogenbosch,Rosmalen Grass Court Championships,2025-06-11,WTA250,Outdoor,Grass,1st Round,3,Branstine C.,Samsonova L.,231.0,18.0,316.0,2390.0,6.0,4.0,5.0,7.0,6.0,1.0,2.0,1.0,Completed,7.0,1.1,7.03,1.12,7.5,1.15,7.11,1.1,,,20250611
25,'s-Hertogenbosch,Rosmalen Grass Court Championships,2025-06-11,WTA250,Outdoor,Grass,2nd Round,3,Cocciaretto E.,Pera B.,123.0,79.0,598.0,856.0,6.0,1.0,7.0,6.0,,,2.0,0.0,Completed,2.4,1.57,2.46,1.61,2.56,1.62,2.38,1.56,,,20250611
25,'s-Hertogenbosch,Rosmalen Grass Court Championships,2025-06-11,WTA250,Outdoor,Grass,2nd Round,3,Alexandrova E.,Blinkova A.,19.0,70.0,2378.0,907.0,6.0,0.0,7.0,5.0,,,2.0,0.0,Completed,1.29,3.5,1.3,3.86,1.33,4.0,1.28,3.61,,,20250611
25,'s-Hertogenbosch,Rosmalen Grass Court Championships,2025-06-11,WTA250,Outdoor,Grass,2nd Round,3,Kudermetova V.,Minnen G.,39.0,66.0,1307.0,927.0,6.0,4.0,6.0,1.0,,,2.0,0.0,Completed,1.6,2.38,1.61,2.46,1.7,2.46,1.6,2.32,,,20250611
25,'s-Hertogenbosch,Rosmalen Grass Court Championships,2025-06-12,WTA250,Outdoor,Grass,2nd Round,3,Ruse E.G.,Branstine C.,80.0,231.0,848.0,316.0,6.0,4.0,6.0,3.0,,,2.0,0.0,Completed,1.44,2.8,1.47,2.89,1.48,3.66,1.42,2.88,,,20250612
25,'s-Hertogenbosch,Rosmalen Grass Court Championships,2025-06-12,WTA250,Outdoor,Grass,2nd Round,3,Lamens S.,Li A.,72.0,53.0,898.0,1069.0,7.0,6.0,7.0,6.0,,,2.0,0.0,Completed,2.8,1.4,2.79,1.49,2.9,1.55,2.66,1.47,,,20250612
25,'s-Hertogenbosch,Rosmalen Grass Court Championships,2025-06-12,WTA250,Outdoor,Grass,2nd Round,3,Mertens E.,Sakkari M.,25.0,85.0,1746.0,766.0,6.0,3.0,6.0,0.0,,,2.0,0.0,Completed,1.62,2.3,1.63,2.4,1.75,2.55,1.59,2.34,,,20250612
25,'s-Hertogenbosch,Rosmalen Grass Court Championships,2025-06-12,WTA250,Outdoor,Grass,2nd Round,3,Andreescu B.,Sun L.,118.0,43.0,610.0,1183.0,6.0,0.0,6.0,4.0,,,2.0,0.0,Completed,1.5,2.6,1.53,2.65,1.55,2.92,1.5,2.58,,,20250612
25,'s-Hertogenbosch,Rosmalen Grass Court Championships,2025-06-12,WTA250,Outdoor,Grass,2nd Round,3,Yuan Y.,Birrell K.,84.0,69.0,786.0,911.0,6.0,4.0,6.0,3.0,,,2.0,0.0,Completed,2.4,1.53,2.48,1.6,2.52,1.64,2.31,1.6,,,20250612
25,'s-Hertogenbosch,Rosmalen Grass Court Championships,2025-06-13,WTA250,Outdoor,Grass,Quarterfinals,3,Alexandrova E.,Kudermetova V.,19.0,39.0,2378.0,1307.0,5.0,7.0,6.0,4.0,6.0,2.0,2.0,1.0,Completed,1.45,2.6,1.54,2.67,1.59,2.75,1.5,2.59,,,20250613
25,'s-Hertogenbosch,Rosmalen Grass Court Championships,2025-06-13,WTA250,Outdoor,Grass,Quarterfinals,3,Mertens E.,Yuan Y.,25.0,84.0,1746.0,786.0,6.0,0.0,6.0,4.0,,,2.0,0.0,Completed,1.18,4.75,1.2,5.3,1.22,5.3,1.19,4.72,,,20250613
25,'s-Hertogenbosch,Rosmalen Grass Court Championships,2025-06-13,WTA250,Outdoor,Grass,Quarterfinals,3,Cocciaretto E.,Lamens S.,123.0,72.0,598.0,898.0,6.0,2.0,7.0,6.0,,,2.0,0.0,Completed,1.6,2.38,1.65,2.4,1.65,2.5,1.59,2.33,,,20250613
25,'s-Hertogenbosch,Rosmalen Grass Court Championships,2025-06-13,WTA250,Outdoor,Grass,Quarterfinals,3,Ruse E.G.,Andreescu B.,80.0,118.0,848.0,610.0,6.0,2.0,6.0,4.0,,,2.0,0.0,Completed,2.5,1.53,2.59,1.57,2.6,1.61,2.45,1.55,,,20250613
25,'s-Hertogenbosch,Rosmalen Grass Court Championships,2025-06-14,WTA250,Outdoor,Grass,Semifinals,3,Mertens E.,Alexandrova E.,25.0,19.0,1746.0,2378.0,2.0,6.0,7.0,6.0,6.0,4.0,2.0,1.0,Completed,2.2,1.67,2.23,1.74,2.28,1.76,2.19,1.67,,,20250614
25,'s-Hertogenbosch,Rosmalen Grass Court Championships,2025-06-14,WTA250,Outdoor,Grass,Semifinals,3,Ruse E.G.,Cocciaretto E.,80.0,123.0,848.0,598.0,2.0,6.0,6.0,4.0,6.0,3.0,2.0,1.0,Completed,1.5,2.6,1.54,2.67,1.55,2.8,1.51,2.56,,,20250614
25,'s-Hertogenbosch,Rosmalen Grass Court Championships,2025-06-15,WTA250,Outdoor,Grass,The Final,3,Mertens E.,Ruse E.G.,25.0,80.0,1746.0,848.0,6.0,3.0,7.0,6.0,,,2.0,0.0,Completed,1.44,2.75,1.46,2.95,1.5,3.0,2.74,1.44,,,20250615
26,Queens Club,Queen's Club Championships,2025-06-09,WTA500,Outdoor,Grass,1st Round,3,Maria T.,Fernandez L.A.,86.0,30.0,764.0,1615.0,7.0,6.0,6.0,2.0,,,2.0,0.0,Completed,2.8,1.44,2.87,1.46,3.0,1.48,2.82,1.42,,,20250609
26,Queens Club,Queen's Club Championships,2025-06-09,WTA500,Outdoor,Grass,1st Round,3,Haddad Maia B.,Kvitova P.,22.0,574.0,2091.0,76.0,2.0,6.0,6.0,4.0,6.0,4.0,2.0,1.0,Completed,1.73,2.1,1.74,2.18,1.76,2.28,1.7,2.15,,,20250609
26,Queens Club,Queen's Club Championships,2025-06-09,WTA500,Outdoor,Grass,1st Round,3,Kartal S.,Kasatkina D.,50.0,16.0,1090.0,2801.0,6.0,1.0,3.0,6.0,6.0,3.0,2.0,1.0,Completed,2.9,1.36,3.09,1.41,3.1,1.47,2.89,1.4,,,20250609
26,Queens Club,Queen's Club Championships,2025-06-09,WTA500,Outdoor,Grass,1st Round,3,Zakharova A.,Vekic D.,111.0,21.0,663.0,2166.0,6.0,3.0,6.0,3.0,,,2.0,0.0,Completed,5.5,1.15,6.04,1.15,6.04,1.19,5.41,1.15,,,20250609
26,Queens Club,Queen's Club Championships,2025-06-09,WTA500,Outdoor,Grass,1st Round,3,Anisimova A.,Burrage J.,15.0,162.0,2804.0,448.0,4.0,6.0,6.0,3.0,6.0,4.0,2.0,1.0,Completed,1.12,6.5,1.12,7.43,1.15,7.43,1.11,6.51,,,20250609
26,Queens Club,Queen's Club Championships,2025-06-10,WTA500,Outdoor,Grass,1st Round,3,Watson H.,Putintseva Y.,164.0,27.0,447.0,1675.0,6.0,4.0,6.0,3.0,,,2.0,0.0,Completed,2.5,1.5,2.45,1.6,2.6,1.62,2.47,1.54,,,20250610
26,Queens Club,Queen's Club Championships,2025-06-10,WTA500,Outdoor,Grass,1st Round,3,Boulter K.,Tomljanovic A.,34.0,64.0,1516.0,964.0,7.0,6.0,1.0,6.0,6.0,4.0,2.0,1.0,Completed,1.53,2.5,1.53,2.64,1.65,2.68,1.53,2.48,,,20250610
26,Queens Club,Queen's Club Championships,2025-06-10,WTA500,Outdoor,Grass,1st Round,3,Muchova K.,Inglis M.,14.0,152.0,2929.0,484.0,7.0,6.0,3.0,6.0,6.0,4.0,2.0,1.0,Completed,1.29,3.75,1.26,4.19,1.3,4.19,1.26,3.8,,,20250610
26,Queens Club,Queen's Club Championships,2025-06-10,WTA500,Outdoor,Grass,1st Round,3,Kessler M.,Jones F.,42.0,117.0,1232.0,611.0,6.0,2.0,6.0,4.0,,,2.0,0.0,Completed,1.62,2.3,1.63,2.38,1.66,2.42,1.6,2.3,,,20250610
26,Queens Club,Queen's Club Championships,2025-06-10,WTA500,Outdoor,Grass,1st Round,3,Raducanu E.,Bucsa C.,37.0,112.0,1389.0,660.0,6.0,1.0,6.0,2.0,,,2.0,0.0,Completed,1.25,4.0,1.26,4.14,1.3,4.3,1.25,3.95,,,20250610
26,Queens Club,Queen's Club Championships,2025-06-10,WTA500,Outdoor,Grass,1st Round,3,Sramkova R.,Krejcikova B.,41.0,17.0,1288.0,2724.0,6.0,4.0,6.0,3.0,,,2.0,0.0,Completed,2.6,1.5,2.62,1.53,2.86,1.53,2.6,1.49,,,20250610
26,Queens Club,Queen's Club Championships,2025-06-10,WTA500,Outdoor,Grass,1st Round,3,Shnaider D.,Frech M.,12.0,24.0,3168.0,1815.0,6.0,4.0,6.0,1.0,,,2.0,0.0,Completed,1.36,3.2,1.38,3.23,1.41,3.3,1.37,3.06,,,20250610
26,Queens Club,Queen's Club Championships,2025-06-11,WTA500,Outdoor,Grass,2nd Round,3,Navarro E.,Haddad Maia B.,10.0,22.0,3649.0,2091.0,1.0,6.0,7.0,6.0,6.0,3.0,2.0,1.0,Completed,1.75,2.1,1.79,2.12,1.9,2.18,1.74,2.08,,,20250611
26,Queens Club,Queen's Club Championships,2025-06-11,WTA500,Outdoor,Grass,2nd Round,3,Maria T.,Muchova K.,86.0,14.0,764.0,2929.0,6.0,7.0,7.0,5.0,6.0,1.0,2.0,1.0,Completed,2.63,1.45,2.75,1.5,2.75,1.56,2.6,1.49,,,20250611
26,Queens Club,Queen's Club Championships,2025-06-11,WTA500,Outdoor,Grass,2nd Round,3,Anisimova A.,Kartal S.,15.0,50.0,2804.0,1090.0,6.0,1.0,6.0,3.0,,,2.0,0.0,Completed,1.5,2.5,1.48,2.84,1.55,2.94,1.48,2.62,,,20250611
26,Queens Club,Queen's Club Championships,2025-06-11,WTA500,Outdoor,Grass,2nd Round,3,Keys M.,Zakharova A.,8.0,111.0,4484.0,663.0,6.0,3.0,6.0,2.0,,,2.0,0.0,Completed,1.05,8.5,1.07,11.28,1.09,11.28,1.06,9.17,,,20250611
26,Queens Club,Queen's Club Championships,2025-06-12,WTA500,Outdoor,Grass,2nd Round,3,Shnaider D.,Boulter K.,12.0,34.0,3168.0,1516.0,2.0,6.0,6.0,3.0,6.0,2.0,2.0,1.0,Completed,1.57,2.4,1.58,2.53,1.61,2.6,1.57,2.38,,,20250612
26,Queens Club,Queen's Club Championships,2025-06-12,WTA500,Outdoor,Grass,2nd Round,3,Rybakina E.,Watson H.,11.0,164.0,3358.0,447.0,6.0,4.0,6.0,2.0,,,2.0,0.0,Completed,1.08,7.5,1.1,8.56,1.11,10.0,1.08,7.66,,,20250612
26,Queens Club,Queen's Club Championships,2025-06-12,WTA500,Outdoor,Grass,2nd Round,3,Raducanu E.,Sramkova R.,37.0,41.0,1389.0,1288.0,6.0,4.0,6.0,1.0,,,2.0,0.0,Completed,1.22,4.0,1.28,4.05,1.28,5.2,1.23,4.04,,,20250612
26,Queens Club,Queen's Club Championships,2025-06-12,WTA500,Outdoor,Grass,2nd Round,3,Zheng Q.,Kessler M.,5.0,42.0,4668.0,1232.0,6.0,3.0,4.0,6.0,7.0,5.0,2.0,1.0,Completed,1.4,2.8,1.48,2.85,1.5,2.96,1.43,2.81,,,20250612
26,Queens Club,Queen's Club Championships,2025-06-13,WTA500,Outdoor,Grass,Quarterfinals,3,Keys M.,Shnaider D.,8.0,12.0,4484.0,3168.0,2.0,6.0,6.0,3.0,6.0,4.0,2.0,1.0,Completed,1.4,3.0,1.39,3.27,1.45,3.5,1.39,3.01,,,20250613
26,Queens Club,Queen's Club Championships,2025-06-13,WTA500,Outdoor,Grass,Quarterfinals,3,Maria T.,Rybakina E.,86.0,11.0,764.0,3358.0,6.0,4.0,7.0,6.0,,,2.0,0.0,Completed,7.5,1.07,9.21,1.09,10.0,1.1,7.71,1.08,,,20250613
26,Queens Club,Queen's Club Championships,2025-06-13,WTA500,Outdoor,Grass,Quarterfinals,3,Zheng Q.,Raducanu E.,5.0,37.0,4668.0,1389.0,6.0,2.0,6.0,4.0,,,2.0,0.0,Completed,2.25,1.67,2.31,1.69,2.34,1.73,2.22,1.65,,,20250613
26,Queens Club,Queen's Club Championships,2025-06-13,WTA500,Outdoor,Grass,Quarterfinals,3,Anisimova A.,Navarro E.,15.0,10.0,2804.0,3649.0,6.0,3.0,6.0,3.0,,,2.0,0.0,Completed,1.45,2.7,1.5,2.81,1.5,3.0,1.45,2.71,,,20250613
26,Queens Club,Queen's Club Championships,2025-06-14,WTA500,Outdoor,Grass,Semifinals,3,Maria T.,Keys M.,86.0,8.0,764.0,4484.0,6.0,3.0,7.0,6.0,,,2.0,0.0,Completed,5.0,1.17,5.48,1.19,5.5,1.21,4.94,1.17,,,20250614
26,Queens Club,Queen's Club Championships,2025-06-14,WTA500,Outdoor,Grass,Semifinals,3,Anisimova A.,Zheng Q.,15.0,5.0,2804.0,4668.0,6.0,2.0,4.0,6.0,6.0,4.0,2.0,1.0,Completed,1.8,2.05,1.78,2.17,1.84,2.7,1.72,2.13,,,20250614
26,Queens Club,Queen's Club Championships,2025-06-15,WTA500,Outdoor,Grass,The Final,3,Maria T.,Anisimova A.,86.0,15.0,764.0,2804.0,6.0,3.0,6.0,4.0,,,2.0,0.0,Completed,3.2,1.36,3.08,1.43,3.5,1.43,3.15,1.35,,,20250615
27,Berlin,German Open,2025-06-16,WTA500,Outdoor,Grass,1st Round,3,Siniakova K.,Tomova V.,74.0,83.0,890.0,826.0,6.0,1.0,6.0,2.0,,,2.0,0.0,Completed,1.25,3.75,1.25,4.26,1.26,5.2,1.23,4.09,,,20250616
27,Berlin,German Open,2025-06-16,WTA500,Outdoor,Grass,1st Round,3,Navarro E.,Kostyuk M.,9.0,26.0,3697.0,1736.0,6.0,2.0,6.0,3.0,,,2.0,0.0,Completed,1.91,1.87,1.92,1.95,2.02,1.99,1.93,1.85,,,20250616
27,Berlin,German Open,2025-06-16,WTA500,Outdoor,Grass,1st Round,3,Jabeur O.,Dolehide C.,61.0,64.0,1009.0,978.0,7.0,6.0,6.0,1.0,,,2.0,0.0,Completed,1.36,3.1,1.38,3.21,1.41,3.35,1.38,3.01,,,20250616
27,Berlin,German Open,2025-06-16,WTA500,Outdoor,Grass,1st Round,3,Masarova R.,Kenin S.,112.0,29.0,656.0,1618.0,6.0,3.0,6.0,2.0,,,2.0,0.0,Completed,2.63,1.45,2.61,1.54,2.8,1.6,2.63,1.48,,,20250616
27,Berlin,German Open,2025-06-16,WTA500,Outdoor,Grass,1st Round,3,Frech M.,Andreeva M.,25.0,7.0,1771.0,4636.0,2.0,6.0,7.0,5.0,6.0,0.0,2.0,1.0,Completed,5.0,1.18,5.32,1.18,5.7,1.2,5.11,1.17,,,20250616
27,Berlin,German Open,2025-06-16,WTA500,Outdoor,Grass,1st Round,3,Badosa P.,Lys E.,10.0,62.0,3684.0,1008.0,6.0,1.0,6.0,3.0,,,2.0,0.0,Completed,1.3,3.6,1.32,3.6,1.35,3.7,1.29,3.48,,,20250616
27,Berlin,German Open,2025-06-17,WTA500,Outdoor,Grass,1st Round,3,Wang Xin.,Kasatkina D.,49.0,16.0,1145.0,2801.0,6.0,3.0,6.0,2.0,,,2.0,0.0,Completed,2.6,1.5,2.56,1.56,2.74,1.56,2.55,1.5,,,20250617
27,Berlin,German Open,2025-06-17,WTA500,Outdoor,Grass,1st Round,3,Samsonova L.,Osaka N.,20.0,57.0,2141.0,1034.0,3.0,6.0,7.0,6.0,6.0,4.0,2.0,1.0,Completed,1.8,1.95,1.91,1.96,1.95,2.04,1.85,1.93,,,20250617
27,Berlin,German Open,2025-06-17,WTA500,Outdoor,Grass,1st Round,3,Vondrousova M.,Keys M.,164.0,6.0,443.0,4669.0,7.0,5.0,7.0,6.0,,,2.0,0.0,Completed,3.2,1.36,3.46,1.34,3.46,1.36,3.2,1.34,,,20250617
27,Berlin,German Open,2025-06-17,WTA500,Outdoor,Grass,1st Round,3,Anisimova A.,Andreescu B.,13.0,148.0,3119.0,501.0,6.0,4.0,6.0,3.0,,,2.0,0.0,Completed,1.45,2.6,1.54,2.59,1.6,2.66,1.5,2.56,,,20250617
27,Berlin,German Open,2025-06-17,WTA500,Outdoor,Grass,1st Round,3,Shnaider D.,Vekic D.,12.0,22.0,3216.0,2137.0,6.0,2.0,6.0,4.0,,,2.0,0.0,Completed,1.53,2.4,1.53,2.63,1.62,2.63,1.54,2.44,,,20250617
27,Berlin,German Open,2025-06-17,WTA500,Outdoor,Grass,1st Round,3,Rybakina E.,Krueger A.,11.0,33.0,3456.0,1549.0,6.0,3.0,7.0,6.0,,,2.0,0.0,Completed,1.25,4.0,1.2,4.84,1.27,4.84,1.23,4.19,,,20250617
27,Berlin,German Open,2025-06-18,WTA500,Outdoor,Grass,2nd Round,3,Badosa P.,Navarro E.,10.0,9.0,3684.0,3697.0,7.0,6.0,6.0,3.0,,,2.0,0.0,Completed,1.67,2.2,1.57,2.54,1.67,2.54,1.62,2.27,,,20250618
27,Berlin,German Open,2025-06-18,WTA500,Outdoor,Grass,2nd Round,3,Jabeur O.,Paolini J.,61.0,5.0,1009.0,4805.0,6.0,1.0,6.0,3.0,,,2.0,0.0,Completed,2.4,1.57,2.58,1.56,2.66,1.58,2.47,1.54,,,20250618
27,Berlin,German Open,2025-06-18,WTA500,Outdoor,Grass,2nd Round,3,Samsonova L.,Pegula J.,20.0,3.0,2141.0,6483.0,6.0,7.0,7.0,5.0,7.0,6.0,2.0,1.0,Completed,2.25,1.67,2.26,1.71,2.36,1.71,2.24,1.64,,,20250618
27,Berlin,German Open,2025-06-19,WTA500,Outdoor,Grass,2nd Round,3,Vondrousova M.,Shnaider D.,164.0,12.0,443.0,3216.0,6.0,3.0,6.0,7.0,6.0,3.0,2.0,1.0,Completed,2.2,1.7,2.21,1.74,2.4,1.74,2.14,1.7,,,20250619
27,Berlin,German Open,2025-06-19,WTA500,Outdoor,Grass,2nd Round,3,Sabalenka A.,Masarova R.,1.0,112.0,11553.0,656.0,6.0,2.0,7.0,6.0,,,2.0,0.0,Completed,1.15,5.5,1.16,5.92,1.17,6.6,1.15,5.59,,,20250619
27,Berlin,German Open,2025-06-19,WTA500,Outdoor,Grass,2nd Round,3,Rybakina E.,Siniakova K.,11.0,74.0,3456.0,890.0,6.0,4.0,7.0,6.0,,,2.0,0.0,Completed,1.29,3.75,1.33,3.58,1.33,3.85,1.3,3.52,,,20250619
27,Berlin,German Open,2025-06-19,WTA500,Outdoor,Grass,2nd Round,3,Wang Xin.,Gauff C.,49.0,2.0,1145.0,8083.0,6.0,3.0,6.0,3.0,,,2.0,0.0,Completed,4.75,1.17,5.1,1.2,5.4,1.22,4.73,1.19,,,20250619
27,Berlin,German Open,2025-06-19,WTA500,Outdoor,Grass,2nd Round,3,Anisimova A.,Frech M.,13.0,25.0,3119.0,1771.0,6.0,2.0,4.0,6.0,6.0,3.0,2.0,1.0,Completed,1.25,4.0,1.29,3.95,1.31,4.0,1.27,3.75,,,20250619
27,Berlin,German Open,2025-06-20,WTA500,Outdoor,Grass,Quarterfinals,3,Vondrousova M.,Jabeur O.,164.0,61.0,443.0,1009.0,6.0,4.0,6.0,1.0,,,2.0,0.0,Completed,1.9,1.91,1.88,2.04,1.92,2.06,1.87,1.92,,,20250620
27,Berlin,German Open,2025-06-20,WTA500,Outdoor,Grass,Quarterfinals,3,Wang Xin.,Badosa P.,49.0,10.0,1145.0,3684.0,6.0,1.0,0.0,0.0,,,1.0,0.0,Retired,2.88,1.44,2.97,1.45,2.97,1.5,2.85,1.42,,,20250620
27,Berlin,German Open,2025-06-20,WTA500,Outdoor,Grass,Quarterfinals,3,Sabalenka A.,Rybakina E.,1.0,11.0,11553.0,3456.0,7.0,6.0,3.0,6.0,7.0,6.0,2.0,1.0,Completed,1.62,2.3,1.65,2.39,1.67,2.46,1.61,2.3,,,20250620
27,Berlin,German Open,2025-06-20,WTA500,Outdoor,Grass,Quarterfinals,3,Samsonova L.,Anisimova A.,20.0,13.0,2141.0,3119.0,6.0,1.0,6.0,1.0,,,2.0,0.0,Completed,1.7,2.1,1.79,2.16,1.82,2.18,1.72,2.09,,,20250620
27,Berlin,German Open,2025-06-21,WTA500,Outdoor,Grass,Semifinals,3,Vondrousova M.,Sabalenka A.,164.0,1.0,443.0,11553.0,6.0,2.0,6.0,4.0,,,2.0,0.0,Completed,3.0,1.36,3.17,1.41,3.17,1.45,2.97,1.38,,,20250621
27,Berlin,German Open,2025-06-21,WTA500,Outdoor,Grass,Semifinals,3,Wang Xin.,Samsonova L.,49.0,20.0,1145.0,2141.0,6.0,4.0,6.0,1.0,,,2.0,0.0,Completed,2.6,1.45,2.61,1.56,2.72,1.58,2.5,1.53,,,20250621
27,Berlin,German Open,2025-06-22,WTA500,Outdoor,Grass,The Final,3,Vondrousova M.,Wang Xin.,164.0,49.0,443.0,1145.0,7.0,6.0,4.0,6.0,6.0,2.0,2.0,1.0,Completed,1.44,2.8,1.48,2.87,1.52,2.88,1.46,2.72,,,20250622
28,Nottingham,Nottingham Open,2025-06-16,WTA250,Outdoor,Grass,1st Round,3,Yastremska D.,Danilovic O.,46.0,37.0,1159.0,1358.0,6.0,4.0,7.0,6.0,,,2.0,0.0,Completed,1.75,2.1,1.79,2.1,1.8,2.23,1.71,2.12,,,20250616
28,Nottingham,Nottingham Open,2025-06-16,WTA250,Outdoor,Grass,1st Round,3,Fernandez L.A.,Lamens S.,30.0,70.0,1615.0,922.0,6.0,3.0,4.0,6.0,7.0,5.0,2.0,1.0,Completed,1.33,3.4,1.36,3.37,1.39,3.5,1.34,3.24,,,20250616
28,Nottingham,Nottingham Open,2025-06-16,WTA250,Outdoor,Grass,1st Round,3,Putintseva Y.,Klugman H.,27.0,577.0,1675.0,76.0,6.0,2.0,6.0,2.0,,,2.0,0.0,Completed,1.13,6.0,1.13,6.72,1.15,7.5,1.11,6.47,,,20250616
28,Nottingham,Nottingham Open,2025-06-16,WTA250,Outdoor,Grass,1st Round,3,Tauson C.,Birrell K.,23.0,79.0,1988.0,869.0,7.0,5.0,6.0,2.0,,,2.0,0.0,Completed,1.57,2.38,1.68,2.28,1.68,2.38,1.61,2.28,,,20250616
28,Nottingham,Nottingham Open,2025-06-16,WTA250,Outdoor,Grass,1st Round,3,Noskova L.,Todoni A.,32.0,90.0,1568.0,760.0,6.0,4.0,3.0,6.0,7.0,6.0,2.0,1.0,Completed,1.5,2.5,1.54,2.6,1.6,2.63,1.52,2.51,,,20250616
28,Nottingham,Nottingham Open,2025-06-16,WTA250,Outdoor,Grass,1st Round,3,Ruzic A.,Bronzetti L.,98.0,59.0,717.0,1019.0,6.0,0.0,6.0,4.0,,,2.0,0.0,Completed,2.1,1.67,2.21,1.72,2.21,1.76,2.1,1.72,,,20250616
28,Nottingham,Nottingham Open,2025-06-16,WTA250,Outdoor,Grass,1st Round,3,Blinkova A.,Rakhimova K.,71.0,87.0,907.0,786.0,6.0,2.0,6.0,3.0,,,2.0,0.0,Completed,1.45,2.8,1.48,2.79,1.52,2.86,1.44,2.75,,,20250616
28,Nottingham,Nottingham Open,2025-06-16,WTA250,Outdoor,Grass,1st Round,3,Zhu L.,Sasnovich A.,309.0,108.0,221.0,683.0,6.0,4.0,6.0,1.0,,,2.0,0.0,Completed,3.6,1.3,3.6,1.32,4.0,1.32,3.55,1.29,,,20250616
28,Nottingham,Nottingham Open,2025-06-17,WTA250,Outdoor,Grass,1st Round,3,Linette M.,Eala A.,31.0,77.0,1581.0,884.0,6.0,4.0,6.0,3.0,,,2.0,0.0,Completed,1.8,2.0,1.83,2.05,1.85,2.12,1.79,1.98,,,20250617
28,Nottingham,Nottingham Open,2025-06-17,WTA250,Outdoor,Grass,1st Round,3,Jones F.,Dart H.,132.0,118.0,558.0,622.0,7.0,5.0,6.0,4.0,,,2.0,0.0,Completed,2.0,1.83,2.03,1.85,2.08,1.87,2.0,1.79,,,20250617
28,Nottingham,Nottingham Open,2025-06-17,WTA250,Outdoor,Grass,1st Round,3,Kartal S.,Jeanjean L.,50.0,94.0,1138.0,730.0,6.0,3.0,6.0,4.0,,,2.0,0.0,Completed,1.36,3.2,1.37,3.28,1.41,3.3,1.35,3.16,,,20250617
28,Nottingham,Nottingham Open,2025-06-17,WTA250,Outdoor,Grass,1st Round,3,Sramkova R.,Siegemund L.,38.0,106.0,1333.0,687.0,7.0,6.0,4.0,6.0,7.0,6.0,2.0,1.0,Completed,1.67,2.2,1.64,2.36,1.67,2.48,1.62,2.26,,,20250617
28,Nottingham,Nottingham Open,2025-06-17,WTA250,Outdoor,Grass,1st Round,3,Xu M.,Volynets K.,350.0,96.0,178.0,724.0,6.0,3.0,6.0,3.0,,,2.0,0.0,Completed,3.1,1.33,3.25,1.38,3.6,1.38,3.2,1.34,,,20250617
28,Nottingham,Nottingham Open,2025-06-17,WTA250,Outdoor,Grass,1st Round,3,Boulter K.,Sun L.,39.0,44.0,1326.0,1201.0,6.0,2.0,6.0,2.0,,,2.0,0.0,Completed,1.33,3.4,1.37,3.29,1.37,3.7,1.32,3.37,,,20250617
28,Nottingham,Nottingham Open,2025-06-17,WTA250,Outdoor,Grass,1st Round,3,Bucsa C.,Starodubtseva Y.,107.0,68.0,683.0,924.0,6.0,3.0,6.0,3.0,,,2.0,0.0,Completed,1.9,1.91,1.92,1.95,1.95,2.02,1.89,1.89,,,20250617
28,Nottingham,Nottingham Open,2025-06-17,WTA250,Outdoor,Grass,1st Round,3,Kessler M.,Haddad Maia B.,42.0,21.0,1265.0,2141.0,7.0,5.0,6.0,7.0,7.0,5.0,2.0,1.0,Completed,2.0,1.83,2.05,1.83,2.2,1.83,2.04,1.77,,,20250617
28,Nottingham,Nottingham Open,2025-06-18,WTA250,Outdoor,Grass,2nd Round,3,Yastremska D.,Ruzic A.,46.0,98.0,1159.0,717.0,6.0,2.0,2.0,6.0,6.0,4.0,2.0,1.0,Completed,1.4,2.9,1.46,2.9,1.47,3.0,1.41,2.87,,,20250618
28,Nottingham,Nottingham Open,2025-06-18,WTA250,Outdoor,Grass,2nd Round,3,Sramkova R.,Putintseva Y.,38.0,27.0,1333.0,1675.0,6.0,1.0,4.0,6.0,6.0,4.0,2.0,1.0,Completed,2.4,1.53,2.44,1.62,2.75,1.62,2.51,1.52,,,20250618
28,Nottingham,Nottingham Open,2025-06-18,WTA250,Outdoor,Grass,2nd Round,3,Noskova L.,Jones F.,32.0,132.0,1568.0,558.0,6.0,1.0,6.0,3.0,,,2.0,0.0,Completed,1.36,3.2,1.36,3.38,1.38,3.5,1.34,3.23,,,20250618
28,Nottingham,Nottingham Open,2025-06-18,WTA250,Outdoor,Grass,2nd Round,3,Fernandez L.A.,Bucsa C.,30.0,107.0,1615.0,683.0,6.0,3.0,6.0,4.0,,,2.0,0.0,Completed,1.44,2.7,1.49,2.8,1.53,3.0,1.45,2.73,,,20250618
28,Nottingham,Nottingham Open,2025-06-19,WTA250,Outdoor,Grass,2nd Round,3,Kessler M.,Zhu L.,42.0,309.0,1265.0,221.0,6.0,1.0,6.0,4.0,,,2.0,0.0,Completed,1.33,3.4,1.35,3.49,1.36,3.7,1.32,3.35,,,20250619
28,Nottingham,Nottingham Open,2025-06-19,WTA250,Outdoor,Grass,2nd Round,3,Linette M.,Xu M.,31.0,350.0,1581.0,178.0,7.0,5.0,6.0,1.0,,,2.0,0.0,Completed,1.25,3.75,1.28,4.05,1.3,4.2,1.26,3.86,,,20250619
28,Nottingham,Nottingham Open,2025-06-19,WTA250,Outdoor,Grass,2nd Round,3,Boulter K.,Kartal S.,39.0,50.0,1326.0,1138.0,6.0,4.0,1.0,6.0,7.0,5.0,2.0,1.0,Completed,1.6,2.38,1.61,2.46,1.65,2.5,1.59,2.35,,,20250619
28,Nottingham,Nottingham Open,2025-06-19,WTA250,Outdoor,Grass,2nd Round,3,Tauson C.,Blinkova A.,23.0,71.0,1988.0,907.0,6.0,4.0,6.0,4.0,,,2.0,0.0,Completed,1.5,2.6,1.56,2.59,1.58,2.68,1.53,2.5,,,20250619
28,Nottingham,Nottingham Open,2025-06-20,WTA250,Outdoor,Grass,Quarterfinals,3,Yastremska D.,Fernandez L.A.,46.0,30.0,1159.0,1615.0,6.0,3.0,7.0,6.0,,,2.0,0.0,Completed,2.2,1.67,2.31,1.69,2.38,1.71,2.21,1.66,,,20250620
28,Nottingham,Nottingham Open,2025-06-20,WTA250,Outdoor,Grass,Quarterfinals,3,Linette M.,Tauson C.,31.0,23.0,1581.0,1988.0,6.0,2.0,7.0,5.0,,,2.0,0.0,Completed,2.5,1.53,2.7,1.54,2.74,1.56,2.49,1.53,,,20250620
28,Nottingham,Nottingham Open,2025-06-20,WTA250,Outdoor,Grass,Quarterfinals,3,Kessler M.,Boulter K.,42.0,39.0,1265.0,1326.0,6.0,3.0,3.0,6.0,6.0,4.0,2.0,1.0,Completed,1.95,1.8,2.06,1.85,2.12,1.88,1.98,1.82,,,20250620
28,Nottingham,Nottingham Open,2025-06-20,WTA250,Outdoor,Grass,Quarterfinals,3,Sramkova R.,Noskova L.,38.0,32.0,1333.0,1568.0,3.0,6.0,6.0,4.0,6.0,4.0,2.0,1.0,Completed,2.9,1.36,3.15,1.41,3.15,1.45,2.94,1.4,,,20250620
28,Nottingham,Nottingham Open,2025-06-21,WTA250,Outdoor,Grass,Semifinals,3,Yastremska D.,Linette M.,46.0,31.0,1159.0,1581.0,6.0,4.0,6.0,4.0,,,2.0,0.0,Completed,1.6,2.38,1.69,2.3,1.71,2.38,1.61,2.29,,,20250621
28,Nottingham,Nottingham Open,2025-06-21,WTA250,Outdoor,Grass,Semifinals,3,Kessler M.,Sramkova R.,42.0,38.0,1265.0,1333.0,6.0,4.0,6.0,2.0,,,2.0,0.0,Completed,1.67,2.2,1.69,2.31,1.7,2.36,1.65,2.2,,,20250621
28,Nottingham,Nottingham Open,2025-06-22,WTA250,Outdoor,Grass,The Final,3,Kessler M.,Yastremska D.,42.0,46.0,1265.0,1159.0,6.0,4.0,7.0,5.0,,,2.0,0.0,Completed,1.8,1.95,1.88,2.03,1.93,2.06,1.86,1.93,,,20250622
29,Bad Homburg,Bad Homburg Open,2025-06-22,WTA250,Outdoor,Grass,1st Round,3,Sakkari M.,Putintseva Y.,85.0,34.0,795.0,1455.0,7.0,5.0,7.0,6.0,,,2.0,0.0,Completed,2.1,1.7,2.06,1.83,2.1,1.9,2.05,1.76,,,20250622
29,Bad Homburg,Bad Homburg Open,2025-06-22,WTA250,Outdoor,Grass,1st Round,3,Navarro E.,Kostyuk M.,10.0,26.0,3697.0,1736.0,6.0,2.0,7.0,5.0,,,2.0,0.0,Completed,1.8,2.05,1.79,2.11,1.84,2.14,1.76,2.05,,,20250622
29,Bad Homburg,Bad Homburg Open,2025-06-22,WTA250,Outdoor,Grass,1st Round,3,Fernandez L.A.,Maria T.,29.0,45.0,1615.0,1259.0,6.0,0.0,7.0,6.0,,,2.0,0.0,Completed,1.87,1.87,2.01,1.86,2.02,2.0,1.91,1.88,,,20250622
29,Bad Homburg,Bad Homburg Open,2025-06-22,WTA250,Outdoor,Grass,1st Round,3,Svitolina E.,Mertens E.,14.0,24.0,3035.0,1966.0,7.0,5.0,6.0,4.0,,,2.0,0.0,Completed,1.91,1.9,1.94,1.93,2.0,2.0,1.91,1.87,,,20250622
29,Bad Homburg,Bad Homburg Open,2025-06-23,WTA250,Outdoor,Grass,1st Round,3,Noskova L.,Tomljanovic A.,30.0,80.0,1562.0,831.0,6.0,3.0,6.0,2.0,,,2.0,0.0,Completed,1.67,2.2,1.72,2.2,1.76,2.26,1.68,2.16,,,20250623
29,Bad Homburg,Bad Homburg Open,2025-06-23,WTA250,Outdoor,Grass,1st Round,3,Tauson C.,Frech M.,23.0,25.0,2032.0,1821.0,6.0,7.0,6.0,3.0,6.0,3.0,2.0,1.0,Completed,1.67,2.25,1.63,2.38,1.68,2.44,1.64,2.23,,,20250623
29,Bad Homburg,Bad Homburg Open,2025-06-23,WTA250,Outdoor,Grass,1st Round,3,Alexandrova E.,Bencic B.,18.0,37.0,2378.0,1409.0,6.0,1.0,6.0,2.0,,,2.0,0.0,Completed,1.4,2.8,1.49,2.76,1.49,3.2,1.39,2.95,,,20250623
29,Bad Homburg,Bad Homburg Open,2025-06-23,WTA250,Outdoor,Grass,1st Round,3,Vekic D.,Shnaider D.,22.0,12.0,2078.0,3216.0,6.0,3.0,6.0,3.0,,,2.0,0.0,Completed,3.0,1.4,3.04,1.42,3.2,1.43,2.93,1.4,,,20250623
29,Bad Homburg,Bad Homburg Open,2025-06-23,WTA250,Outdoor,Grass,1st Round,3,Siniakova K.,Kudermetova V.,78.0,43.0,842.0,1276.0,7.0,6.0,7.0,5.0,,,2.0,0.0,Completed,1.67,2.1,,,1.83,2.2,1.71,2.12,,,20250623
29,Bad Homburg,Bad Homburg Open,2025-06-23,WTA250,Outdoor,Grass,1st Round,3,Osaka N.,Danilovic O.,56.0,39.0,1034.0,1358.0,7.0,6.0,7.0,6.0,,,2.0,0.0,Completed,1.44,2.8,1.48,2.8,1.49,3.0,1.43,2.78,,,20250623
29,Bad Homburg,Bad Homburg Open,2025-06-23,WTA250,Outdoor,Grass,1st Round,3,Azarenka V.,Siegemund L.,105.0,103.0,689.0,704.0,6.0,2.0,6.0,2.0,,,2.0,0.0,Completed,1.29,3.75,1.29,3.85,1.31,4.1,1.28,3.64,,,20250623
29,Bad Homburg,Bad Homburg Open,2025-06-24,WTA250,Outdoor,Grass,1st Round,3,Haddad Maia B.,Krueger A.,21.0,31.0,2141.0,1549.0,6.0,1.0,6.0,4.0,,,2.0,0.0,Completed,1.8,2.05,1.83,2.05,1.88,2.1,1.78,2.02,,,20250624
29,Bad Homburg,Bad Homburg Open,2025-06-24,WTA250,Outdoor,Grass,2nd Round,3,Paolini J.,Fernandez L.A.,4.0,29.0,4806.0,1615.0,7.0,6.0,7.0,6.0,,,2.0,0.0,Completed,1.67,2.25,1.74,2.2,1.74,2.34,1.67,2.19,,,20250624
29,Bad Homburg,Bad Homburg Open,2025-06-24,WTA250,Outdoor,Grass,2nd Round,3,Pegula J.,Siniakova K.,3.0,78.0,6048.0,842.0,6.0,2.0,6.0,3.0,,,2.0,0.0,Completed,1.62,2.3,1.65,2.38,1.69,2.42,1.62,2.28,,,20250624
29,Bad Homburg,Bad Homburg Open,2025-06-24,WTA250,Outdoor,Grass,2nd Round,3,Swiatek I.,Azarenka V.,8.0,105.0,4618.0,689.0,6.0,4.0,6.0,4.0,,,2.0,0.0,Completed,1.36,3.2,1.37,3.35,1.41,3.4,1.36,3.15,,,20250624
29,Bad Homburg,Bad Homburg Open,2025-06-24,WTA250,Outdoor,Grass,2nd Round,3,Navarro E.,Osaka N.,10.0,56.0,3697.0,1034.0,6.0,4.0,6.0,4.0,,,2.0,0.0,Completed,1.95,1.85,2.02,1.87,2.08,1.89,1.95,1.84,,,20250624
29,Bad Homburg,Bad Homburg Open,2025-06-25,WTA250,Outdoor,Grass,2nd Round,3,Alexandrova E.,Sakkari M.,18.0,85.0,2378.0,795.0,6.0,3.0,6.0,7.0,6.0,3.0,2.0,1.0,Completed,1.3,3.6,1.29,3.89,1.32,4.0,1.29,3.6,,,20250625
29,Bad Homburg,Bad Homburg Open,2025-06-25,WTA250,Outdoor,Grass,2nd Round,3,Haddad Maia B.,Svitolina E.,21.0,14.0,2141.0,3035.0,3.0,6.0,6.0,4.0,7.0,6.0,2.0,1.0,Completed,3.4,1.33,3.64,1.33,3.85,1.37,3.36,1.32,,,20250625
29,Bad Homburg,Bad Homburg Open,2025-06-25,WTA250,Outdoor,Grass,2nd Round,3,Noskova L.,Vekic D.,30.0,22.0,1562.0,2078.0,2.0,6.0,6.0,2.0,6.0,4.0,2.0,1.0,Completed,1.8,2.0,1.85,2.04,1.91,2.12,1.78,2.01,,,20250625
29,Bad Homburg,Bad Homburg Open,2025-06-25,WTA250,Outdoor,Grass,2nd Round,3,Andreeva M.,Tauson C.,7.0,23.0,4636.0,2032.0,3.0,6.0,6.0,3.0,6.0,1.0,2.0,1.0,Completed,1.45,2.8,1.5,2.77,1.51,2.92,1.46,2.7,,,20250625
29,Bad Homburg,Bad Homburg Open,2025-06-26,WTA250,Outdoor,Grass,Quarterfinals,3,Paolini J.,Haddad Maia B.,4.0,21.0,4806.0,2141.0,7.0,5.0,7.0,5.0,,,2.0,0.0,Completed,1.67,2.2,1.69,2.31,1.73,2.4,1.67,2.2,,,20250626
29,Bad Homburg,Bad Homburg Open,2025-06-26,WTA250,Outdoor,Grass,Quarterfinals,3,Swiatek I.,Alexandrova E.,8.0,18.0,4618.0,2378.0,6.0,4.0,7.0,6.0,,,2.0,0.0,Completed,1.67,2.2,1.74,2.22,1.74,2.3,1.65,2.21,,,20250626
29,Bad Homburg,Bad Homburg Open,2025-06-26,WTA250,Outdoor,Grass,Quarterfinals,3,Pegula J.,Navarro E.,3.0,10.0,6048.0,3697.0,6.0,4.0,1.0,6.0,6.0,3.0,2.0,1.0,Completed,1.57,2.4,1.58,2.52,1.63,2.58,1.55,2.43,,,20250626
29,Bad Homburg,Bad Homburg Open,2025-06-26,WTA250,Outdoor,Grass,Quarterfinals,3,Noskova L.,Andreeva M.,30.0,7.0,1562.0,4636.0,6.0,3.0,6.0,3.0,,,2.0,0.0,Completed,2.5,1.53,2.68,1.52,2.74,1.57,2.52,1.52,,,20250626
29,Bad Homburg,Bad Homburg Open,2025-06-27,WTA250,Outdoor,Grass,Semifinals,3,Swiatek I.,Paolini J.,8.0,4.0,4618.0,4806.0,6.0,1.0,6.0,3.0,,,2.0,0.0,Completed,1.36,3.2,1.41,3.19,1.41,3.5,1.34,3.24,,,20250627
29,Bad Homburg,Bad Homburg Open,2025-06-27,WTA250,Outdoor,Grass,Semifinals,3,Pegula J.,Noskova L.,3.0,30.0,6048.0,1562.0,6.0,7.0,7.0,5.0,6.0,1.0,2.0,1.0,Completed,1.62,2.25,1.71,2.28,1.74,2.32,1.64,2.24,,,20250627
29,Bad Homburg,Bad Homburg Open,2025-06-28,WTA250,Outdoor,Grass,The Final,3,Pegula J.,Swiatek I.,3.0,8.0,6048.0,4618.0,6.0,4.0,7.0,5.0,,,2.0,0.0,Completed,2.8,1.44,2.8,1.5,3.0,1.5,2.78,1.44,,,20250628
30,Eastbourne,Eastbourne Open,2025-06-23,WTA250,Outdoor,Grass,1st Round,3,Eala A.,Bronzetti L.,74.0,61.0,875.0,1014.0,6.0,0.0,6.0,1.0,,,2.0,0.0,Completed,1.3,3.4,1.33,3.58,1.36,3.7,1.31,3.42,,,20250623
30,Eastbourne,Eastbourne Open,2025-06-23,WTA250,Outdoor,Grass,1st Round,3,Pavlyuchenkova A.,Tomova V.,53.0,81.0,1052.0,826.0,6.0,1.0,6.0,7.0,7.0,6.0,2.0,1.0,Completed,1.62,2.3,1.64,2.37,1.64,2.4,1.58,2.33,,,20250623
30,Eastbourne,Eastbourne Open,2025-06-23,WTA250,Outdoor,Grass,1st Round,3,Blinkova A.,Bouzkova M.,69.0,47.0,907.0,1176.0,6.0,4.0,2.0,6.0,6.0,3.0,2.0,1.0,Completed,2.05,1.8,2.01,1.86,2.1,1.89,2.04,1.77,,,20250623
30,Eastbourne,Eastbourne Open,2025-06-23,WTA250,Outdoor,Grass,1st Round,3,Jones F.,Minnen G.,125.0,70.0,587.0,903.0,6.0,4.0,7.0,5.0,,,2.0,0.0,Completed,3.2,1.33,3.37,1.36,3.4,1.41,3.17,1.35,,,20250623
30,Eastbourne,Eastbourne Open,2025-06-23,WTA250,Outdoor,Grass,1st Round,3,Sun L.,Kasatkina D.,46.0,16.0,1201.0,2801.0,7.0,5.0,2.0,6.0,6.0,3.0,2.0,1.0,Completed,3.25,1.3,3.52,1.33,3.52,1.39,3.25,1.33,,,20250623
30,Eastbourne,Eastbourne Open,2025-06-23,WTA250,Outdoor,Grass,1st Round,3,Joint M.,Jabeur O.,51.0,59.0,1089.0,1022.0,7.0,5.0,6.0,2.0,,,2.0,0.0,Completed,3.1,1.36,2.91,1.45,3.2,1.45,3.03,1.38,,,20250623
30,Eastbourne,Eastbourne Open,2025-06-24,WTA250,Outdoor,Grass,1st Round,3,Birrell K.,Kenin S.,77.0,28.0,851.0,1618.0,6.0,4.0,6.0,4.0,,,2.0,0.0,Completed,2.63,1.5,2.66,1.52,2.88,1.52,2.65,1.47,,,20250624
30,Eastbourne,Eastbourne Open,2025-06-24,WTA250,Outdoor,Grass,1st Round,3,Krejcikova B.,Dart H.,17.0,124.0,2671.0,593.0,6.0,3.0,6.0,7.0,7.0,5.0,2.0,1.0,Completed,1.45,2.6,1.5,2.72,1.54,2.75,1.49,2.6,,,20250624
30,Eastbourne,Eastbourne Open,2025-06-24,WTA250,Outdoor,Grass,1st Round,3,Rakhimova K.,Cocciaretto E.,87.0,122.0,777.0,598.0,6.0,4.0,4.0,6.0,6.0,3.0,2.0,1.0,Completed,2.3,1.62,2.3,1.67,2.43,1.71,2.29,1.6,,,20250624
30,Eastbourne,Eastbourne Open,2025-06-24,WTA250,Outdoor,Grass,1st Round,3,Gracheva V.,Osorio M.,111.0,55.0,665.0,1042.0,6.0,4.0,4.0,6.0,7.0,5.0,2.0,1.0,Completed,1.7,2.2,1.66,2.31,1.75,2.31,1.68,2.17,,,20250624
30,Eastbourne,Eastbourne Open,2025-06-24,WTA250,Outdoor,Grass,1st Round,3,Burrage J.,Uchijima M.,164.0,72.0,448.0,884.0,6.0,3.0,6.0,2.0,,,2.0,0.0,Completed,1.57,2.4,1.61,2.42,1.61,2.62,1.55,2.38,,,20250624
30,Eastbourne,Eastbourne Open,2025-06-24,WTA250,Outdoor,Grass,1st Round,3,Sramkova R.,Cristian J.,36.0,50.0,1411.0,1121.0,6.0,3.0,6.0,2.0,,,2.0,0.0,Completed,1.45,2.6,1.52,2.61,1.57,2.7,1.5,2.54,,,20250624
30,Eastbourne,Eastbourne Open,2025-06-24,WTA250,Outdoor,Grass,1st Round,3,Yastremska D.,Linette M.,42.0,27.0,1312.0,1649.0,6.0,4.0,4.0,2.0,,,1.0,0.0,Retired,1.7,2.2,1.71,2.22,1.77,2.28,1.69,2.16,,,20250624
30,Eastbourne,Eastbourne Open,2025-06-24,WTA250,Outdoor,Grass,1st Round,3,Raducanu E.,Li A.,38.0,64.0,1399.0,974.0,6.0,7.0,6.0,3.0,6.0,1.0,2.0,1.0,Completed,1.22,4.33,1.25,4.3,1.26,4.7,1.24,4.05,,,20250624
30,Eastbourne,Eastbourne Open,2025-06-24,WTA250,Outdoor,Grass,1st Round,3,Ostapenko J.,Kartal S.,20.0,49.0,2200.0,1147.0,6.0,3.0,7.0,6.0,,,2.0,0.0,Completed,1.57,2.3,1.57,2.52,1.63,2.58,1.57,2.38,,,20250624
30,Eastbourne,Eastbourne Open,2025-06-24,WTA250,Outdoor,Grass,1st Round,3,Stearns P.,Xu M.,35.0,318.0,1416.0,207.0,6.0,3.0,6.0,4.0,,,2.0,0.0,Completed,1.4,3.0,1.42,3.02,1.47,3.05,1.41,2.91,,,20250624
30,Eastbourne,Eastbourne Open,2025-06-25,WTA250,Outdoor,Grass,2nd Round,3,Pavlyuchenkova A.,Birrell K.,53.0,77.0,1052.0,851.0,7.0,5.0,7.0,5.0,,,2.0,0.0,Completed,2.5,1.53,2.52,1.58,2.58,1.62,2.39,1.57,,,20250625
30,Eastbourne,Eastbourne Open,2025-06-25,WTA250,Outdoor,Grass,2nd Round,3,Krejcikova B.,Burrage J.,17.0,164.0,2671.0,448.0,6.0,4.0,4.0,6.0,7.0,6.0,2.0,1.0,Completed,1.44,2.63,1.52,2.71,1.55,2.84,1.51,2.55,,,20250625
30,Eastbourne,Eastbourne Open,2025-06-25,WTA250,Outdoor,Grass,2nd Round,3,Gracheva V.,Sramkova R.,111.0,36.0,665.0,1411.0,7.0,5.0,6.0,3.0,,,2.0,0.0,Completed,2.63,1.44,2.71,1.52,2.75,1.52,2.62,1.47,,,20250625
30,Eastbourne,Eastbourne Open,2025-06-25,WTA250,Outdoor,Grass,2nd Round,3,Blinkova A.,Sun L.,69.0,46.0,907.0,1201.0,6.0,3.0,6.0,3.0,,,2.0,0.0,Completed,1.73,2.1,1.69,2.28,1.75,2.3,1.67,2.19,,,20250625
30,Eastbourne,Eastbourne Open,2025-06-25,WTA250,Outdoor,Grass,2nd Round,3,Joint M.,Raducanu E.,51.0,38.0,1089.0,1399.0,4.0,6.0,6.0,1.0,7.0,6.0,2.0,1.0,Completed,3.1,1.33,3.26,1.38,3.45,1.4,3.1,1.36,,,20250625
30,Eastbourne,Eastbourne Open,2025-06-25,WTA250,Outdoor,Grass,2nd Round,3,Rakhimova K.,Stearns P.,87.0,35.0,777.0,1416.0,6.0,3.0,6.0,4.0,,,2.0,0.0,Completed,2.2,1.67,2.26,1.69,2.38,1.69,2.2,1.66,,,20250625
30,Eastbourne,Eastbourne Open,2025-06-25,WTA250,Outdoor,Grass,2nd Round,3,Eala A.,Ostapenko J.,74.0,20.0,875.0,2200.0,0.0,6.0,6.0,2.0,3.0,2.0,1.0,1.0,Retired,2.63,1.45,2.81,1.49,2.92,1.51,2.65,1.48,,,20250625
30,Eastbourne,Eastbourne Open,2025-06-25,WTA250,Outdoor,Grass,2nd Round,3,Yastremska D.,Jones F.,42.0,125.0,1312.0,587.0,6.0,2.0,6.0,1.0,,,2.0,0.0,Completed,1.44,2.8,1.46,2.92,1.48,3.0,1.44,2.78,,,20250625
30,Eastbourne,Eastbourne Open,2025-06-26,WTA250,Outdoor,Grass,Quarterfinals,3,Gracheva V.,Krejcikova B.,111.0,17.0,665.0,2671.0,,,,,,,,,Walkover,2.2,1.7,2.23,1.74,2.26,1.79,2.17,1.69,,,20250626
30,Eastbourne,Eastbourne Open,2025-06-26,WTA250,Outdoor,Grass,Quarterfinals,3,Joint M.,Blinkova A.,51.0,69.0,1089.0,907.0,6.0,4.0,7.0,5.0,,,2.0,0.0,Completed,1.73,2.05,1.81,2.12,1.86,2.14,1.77,2.04,,,20250626
30,Eastbourne,Eastbourne Open,2025-06-26,WTA250,Outdoor,Grass,Quarterfinals,3,Eala A.,Yastremska D.,74.0,42.0,875.0,1312.0,6.0,1.0,6.0,2.0,,,2.0,0.0,Completed,2.3,1.57,2.34,1.68,2.5,1.68,2.38,1.57,,,20250626
30,Eastbourne,Eastbourne Open,2025-06-26,WTA250,Outdoor,Grass,Quarterfinals,3,Pavlyuchenkova A.,Rakhimova K.,53.0,87.0,1052.0,777.0,6.0,2.0,2.0,6.0,6.0,0.0,2.0,1.0,Completed,1.62,2.3,1.66,2.37,1.68,2.44,1.63,2.27,,,20250626
30,Eastbourne,Eastbourne Open,2025-06-27,WTA250,Outdoor,Grass,Semifinals,3,Eala A.,Gracheva V.,74.0,111.0,875.0,665.0,7.0,5.0,2.0,6.0,6.0,3.0,2.0,1.0,Completed,1.45,2.8,1.49,2.83,1.49,2.83,1.45,2.71,,,20250627
30,Eastbourne,Eastbourne Open,2025-06-27,WTA250,Outdoor,Grass,Semifinals,3,Joint M.,Pavlyuchenkova A.,51.0,53.0,1089.0,1052.0,7.0,5.0,6.0,3.0,,,2.0,0.0,Completed,1.57,2.3,1.63,2.45,1.64,2.52,1.6,2.32,,,20250627
30,Eastbourne,Eastbourne Open,2025-06-28,WTA250,Outdoor,Grass,The Final,3,Joint M.,Eala A.,51.0,74.0,1089.0,875.0,6.0,4.0,1.0,6.0,7.0,6.0,2.0,1.0,Completed,1.62,2.2,1.69,2.31,1.72,2.38,1.64,2.24,,,20250628
31,London,Wimbledon,2025-06-30,Grand Slam,Outdoor,Grass,1st Round,3,Tomova V.,Jabeur O.,111.0,59.0,633.0,1023.0,7.0,6.0,2.0,0.0,,,1.0,0.0,Retired,4.5,1.2,4.29,1.25,5.25,1.25,4.62,1.19,,,20250630
31,London,Wimbledon,2025-06-30,Grand Slam,Outdoor,Grass,1st Round,3,Vekic D.,Birrell K.,25.0,74.0,1813.0,878.0,6.0,0.0,6.0,4.0,,,2.0,0.0,Completed,1.4,2.8,1.46,2.87,1.48,3.0,1.41,2.86,,,20250630
31,London,Wimbledon,2025-06-30,Grand Slam,Outdoor,Grass,1st Round,3,Svitolina E.,Bondar A.,13.0,75.0,3094.0,865.0,6.0,3.0,6.0,1.0,,,2.0,0.0,Completed,1.03,11.0,1.05,14.83,1.05,22.0,1.03,12.99,,,20250630
31,London,Wimbledon,2025-06-30,Grand Slam,Outdoor,Grass,1st Round,3,Parry D.,Martic P.,118.0,138.0,612.0,526.0,4.0,6.0,6.0,3.0,6.0,2.0,2.0,1.0,Completed,1.53,2.5,1.57,2.52,1.6,2.62,1.52,2.51,,,20250630
31,London,Wimbledon,2025-06-30,Grand Slam,Outdoor,Grass,1st Round,3,Lys E.,Yuan Y.,61.0,85.0,1020.0,792.0,6.0,4.0,5.0,7.0,6.0,2.0,2.0,1.0,Completed,2.0,1.8,1.98,1.88,2.0,2.0,1.96,1.83,,,20250630
31,London,Wimbledon,2025-06-30,Grand Slam,Outdoor,Grass,1st Round,3,Kartal S.,Ostapenko J.,51.0,21.0,1147.0,2170.0,7.0,5.0,2.0,6.0,6.0,2.0,2.0,1.0,Completed,2.4,1.53,2.53,1.56,2.54,1.64,2.36,1.58,,,20250630
31,London,Wimbledon,2025-06-30,Grand Slam,Outdoor,Grass,1st Round,3,Bucsa C.,Todoni A.,102.0,90.0,713.0,757.0,6.0,4.0,6.0,4.0,,,2.0,0.0,Completed,2.3,1.62,2.24,1.7,2.45,1.71,2.3,1.61,,,20250630
31,London,Wimbledon,2025-06-30,Grand Slam,Outdoor,Grass,1st Round,3,Noskova L.,Pera B.,27.0,84.0,1697.0,805.0,6.0,2.0,6.0,4.0,,,2.0,0.0,Completed,1.2,4.33,1.22,4.74,1.22,5.6,1.21,4.46,,,20250630
31,London,Wimbledon,2025-06-30,Grand Slam,Outdoor,Grass,1st Round,3,Sabalenka A.,Branstine C.,1.0,194.0,11640.0,363.0,6.0,1.0,7.0,5.0,,,2.0,0.0,Completed,1.04,11.0,1.04,15.08,1.05,22.0,1.03,12.76,,,20250630
31,London,Wimbledon,2025-06-30,Grand Slam,Outdoor,Grass,1st Round,3,Sierra S.,Gadecki O.,101.0,103.0,714.0,707.0,6.0,2.0,7.0,6.0,,,2.0,0.0,Completed,1.91,1.91,,,1.91,1.91,1.91,1.91,,,20250630
31,London,Wimbledon,2025-06-30,Grand Slam,Outdoor,Grass,1st Round,3,Haddad Maia B.,Sramkova R.,20.0,34.0,2189.0,1411.0,7.0,6.0,6.0,4.0,,,2.0,0.0,Completed,1.53,2.5,1.57,2.51,1.59,2.7,1.51,2.54,,,20250630
31,London,Wimbledon,2025-06-30,Grand Slam,Outdoor,Grass,1st Round,3,Sasnovich A.,Gracheva V.,107.0,92.0,688.0,751.0,6.0,4.0,6.0,7.0,7.0,6.0,2.0,1.0,Completed,1.85,1.95,1.85,2.03,1.93,2.04,1.82,1.97,,,20250630
31,London,Wimbledon,2025-06-30,Grand Slam,Outdoor,Grass,1st Round,3,Siegemund L.,Stearns P.,104.0,36.0,704.0,1386.0,6.0,4.0,6.0,2.0,,,2.0,0.0,Completed,2.5,1.53,2.49,1.58,2.66,1.6,2.5,1.53,,,20250630
31,London,Wimbledon,2025-06-30,Grand Slam,Outdoor,Grass,1st Round,3,Shnaider D.,Uchijima M.,15.0,72.0,2776.0,884.0,7.0,6.0,6.0,3.0,,,2.0,0.0,Completed,1.08,7.0,1.09,9.1,1.11,9.2,1.09,7.52,,,20250630
31,London,Wimbledon,2025-06-30,Grand Slam,Outdoor,Grass,1st Round,3,Keys M.,Ruse E.G.,8.0,58.0,4484.0,1028.0,6.0,7.0,7.0,5.0,7.0,5.0,2.0,1.0,Completed,1.22,4.33,1.25,4.29,1.25,4.9,1.22,4.29,,,20250630
31,London,Wimbledon,2025-06-30,Grand Slam,Outdoor,Grass,1st Round,3,Danilovic O.,Zhang S.,37.0,124.0,1382.0,581.0,6.0,2.0,6.0,4.0,,,2.0,0.0,Completed,1.75,2.1,1.78,2.12,1.83,2.18,1.73,2.09,,,20250630
31,London,Wimbledon,2025-06-30,Grand Slam,Outdoor,Grass,1st Round,3,Fernandez L.A.,Klugman H.,38.0,573.0,1350.0,77.0,6.0,1.0,6.0,3.0,,,2.0,0.0,Completed,1.08,8.0,1.09,8.7,1.11,10.0,1.09,7.48,,,20250630
31,London,Wimbledon,2025-06-30,Grand Slam,Outdoor,Grass,1st Round,3,Zarazua R.,Wickmayer Y.,71.0,764.0,886.0,39.0,6.0,0.0,6.0,3.0,,,2.0,0.0,Completed,1.67,2.2,1.72,2.2,1.77,2.25,1.69,2.15,,,20250630
31,London,Wimbledon,2025-06-30,Grand Slam,Outdoor,Grass,1st Round,3,Galfi D.,Dart H.,110.0,152.0,637.0,486.0,3.0,6.0,6.0,3.0,7.0,5.0,2.0,1.0,Completed,2.1,1.73,2.15,1.76,2.2,1.85,2.1,1.73,,,20250630
31,London,Wimbledon,2025-06-30,Grand Slam,Outdoor,Grass,1st Round,3,Vondrousova M.,Kessler M.,73.0,30.0,883.0,1485.0,6.0,1.0,7.0,6.0,,,2.0,0.0,Completed,1.45,2.75,1.51,2.7,1.51,2.88,1.47,2.67,,,20250630
31,London,Wimbledon,2025-06-30,Grand Slam,Outdoor,Grass,1st Round,3,Li A.,Golubic V.,65.0,82.0,974.0,819.0,6.0,3.0,4.0,6.0,6.0,1.0,2.0,1.0,Completed,2.25,1.67,2.32,1.66,2.36,1.72,2.2,1.67,,,20250630
31,London,Wimbledon,2025-06-30,Grand Slam,Outdoor,Grass,1st Round,3,Raducanu E.,Xu M.,40.0,318.0,1321.0,208.0,6.0,3.0,6.0,3.0,,,2.0,0.0,Completed,1.15,5.0,1.18,5.32,1.18,5.32,1.17,4.85,,,20250630
31,London,Wimbledon,2025-06-30,Grand Slam,Outdoor,Grass,1st Round,3,Rakhimova K.,Ito A.,80.0,108.0,831.0,683.0,5.0,7.0,6.0,3.0,6.0,2.0,2.0,1.0,Completed,1.33,3.4,1.36,3.32,1.41,3.5,1.34,3.25,,,20250630
31,London,Wimbledon,2025-06-30,Grand Slam,Outdoor,Grass,1st Round,3,Paolini J.,Sevastova A.,5.0,402.0,4806.0,139.0,2.0,6.0,6.0,3.0,6.0,2.0,2.0,1.0,Completed,1.07,8.5,1.07,10.63,1.1,10.63,1.06,9.26,,,20250630
31,London,Wimbledon,2025-06-30,Grand Slam,Outdoor,Grass,1st Round,3,Bouzkova M.,Sun L.,48.0,47.0,1176.0,1230.0,6.0,4.0,6.0,4.0,,,2.0,0.0,Completed,1.44,2.8,1.45,2.9,1.48,3.0,1.45,2.75,,,20250630
31,London,Wimbledon,2025-06-30,Grand Slam,Outdoor,Grass,1st Round,3,Anisimova A.,Putintseva Y.,12.0,33.0,3200.0,1455.0,6.0,0.0,6.0,0.0,,,2.0,0.0,Completed,1.36,3.2,1.4,3.13,1.42,3.3,1.36,3.14,,,20250630
31,London,Wimbledon,2025-06-30,Grand Slam,Outdoor,Grass,1st Round,3,Osaka N.,Gibson T.,53.0,126.0,1094.0,577.0,6.0,4.0,7.0,6.0,,,2.0,0.0,Completed,1.15,5.5,1.17,5.5,1.2,5.8,1.15,5.41,,,20250630
31,London,Wimbledon,2025-06-30,Grand Slam,Outdoor,Grass,1st Round,3,Pavlyuchenkova A.,Tomljanovic A.,50.0,79.0,1149.0,831.0,4.0,6.0,6.0,3.0,6.0,2.0,2.0,1.0,Completed,1.7,2.1,1.79,2.1,1.79,2.24,1.71,2.12,,,20250630
31,London,Wimbledon,2025-06-30,Grand Slam,Outdoor,Grass,1st Round,3,Boulter K.,Badosa P.,43.0,9.0,1278.0,3684.0,6.0,2.0,3.0,6.0,6.0,4.0,2.0,1.0,Completed,2.0,1.83,2.05,1.83,2.16,1.85,2.03,1.77,,,20250630
31,London,Wimbledon,2025-06-30,Grand Slam,Outdoor,Grass,1st Round,3,Krueger A.,Stojsavljevic M.,31.0,796.0,1484.0,36.0,6.0,3.0,6.0,2.0,,,2.0,0.0,Completed,1.13,6.0,1.12,7.08,1.15,7.5,1.12,6.52,,,20250630
31,London,Wimbledon,2025-06-30,Grand Slam,Outdoor,Grass,1st Round,3,Mertens E.,Fruhvirtova L.,23.0,148.0,1936.0,498.0,6.0,4.0,6.0,2.0,,,2.0,0.0,Completed,1.3,3.6,1.31,3.69,1.33,4.0,1.29,3.59,,,20250630
31,London,Wimbledon,2025-07-01,Grand Slam,Outdoor,Grass,1st Round,3,Alexandrova E.,Hon P.,17.0,134.0,2426.0,544.0,6.0,2.0,7.0,5.0,,,2.0,0.0,Completed,1.08,8.0,1.08,9.68,1.1,10.0,1.08,8.05,,,20250701
31,London,Wimbledon,2025-07-01,Grand Slam,Outdoor,Grass,1st Round,3,Tauson C.,Watson H.,22.0,143.0,2062.0,513.0,2.0,6.0,6.0,4.0,6.0,3.0,2.0,1.0,Completed,1.25,3.75,1.27,4.02,1.31,4.1,1.27,3.73,,,20250701
31,London,Wimbledon,2025-07-01,Grand Slam,Outdoor,Grass,1st Round,3,Erjavec V.,Kostyuk M.,171.0,26.0,423.0,1736.0,3.0,6.0,6.0,3.0,6.0,4.0,2.0,1.0,Completed,5.5,1.12,6.89,1.13,7.0,1.16,6.53,1.11,,,20250701
31,London,Wimbledon,2025-07-01,Grand Slam,Outdoor,Grass,1st Round,3,Volynets K.,Maria T.,98.0,45.0,724.0,1259.0,3.0,6.0,7.0,6.0,6.0,1.0,2.0,1.0,Completed,2.6,1.45,2.52,1.57,2.75,1.57,2.65,1.47,,,20250701
31,London,Wimbledon,2025-07-01,Grand Slam,Outdoor,Grass,1st Round,3,Cocciaretto E.,Pegula J.,116.0,3.0,615.0,6483.0,6.0,2.0,6.0,3.0,,,2.0,0.0,Completed,8.0,1.08,9.79,1.08,10.0,1.1,7.99,1.08,,,20250701
31,London,Wimbledon,2025-07-01,Grand Slam,Outdoor,Grass,1st Round,3,Lamens S.,Jovic I.,69.0,89.0,922.0,761.0,6.0,1.0,6.0,1.0,,,2.0,0.0,Completed,3.0,1.36,3.21,1.38,3.21,1.44,3.04,1.37,,,20250701
31,London,Wimbledon,2025-07-01,Grand Slam,Outdoor,Grass,1st Round,3,Kasatkina D.,Arango E.,18.0,76.0,2361.0,859.0,7.0,5.0,6.0,3.0,,,2.0,0.0,Completed,1.1,6.0,1.12,7.05,1.15,7.2,1.12,6.17,,,20250701
31,London,Wimbledon,2025-07-01,Grand Slam,Outdoor,Grass,1st Round,3,Begu I.,Juvan K.,115.0,240.0,621.0,305.0,7.0,6.0,1.0,6.0,6.0,3.0,2.0,1.0,Completed,4.0,1.25,4.07,1.27,4.3,1.27,3.92,1.25,,,20250701
31,London,Wimbledon,2025-07-01,Grand Slam,Outdoor,Grass,1st Round,3,Siniakova K.,Zheng Q.,81.0,6.0,819.0,4803.0,7.0,5.0,4.0,6.0,6.0,1.0,2.0,1.0,Completed,2.8,1.45,2.82,1.47,2.82,1.53,2.62,1.48,,,20250701
31,London,Wimbledon,2025-07-01,Grand Slam,Outdoor,Grass,1st Round,3,Kalinskaya A.,Stojanovic N.,39.0,172.0,1342.0,421.0,6.0,3.0,7.0,6.0,,,2.0,0.0,Completed,1.36,3.2,1.38,3.22,1.41,3.35,1.34,3.22,,,20250701
31,London,Wimbledon,2025-07-01,Grand Slam,Outdoor,Grass,1st Round,3,Sonmez Z.,Cristian J.,88.0,52.0,772.0,1116.0,7.0,6.0,6.0,3.0,,,2.0,0.0,Completed,1.85,1.95,2.0,1.88,2.0,2.0,1.87,1.91,,,20250701
31,London,Wimbledon,2025-07-01,Grand Slam,Outdoor,Grass,1st Round,3,Krejcikova B.,Eala A.,16.0,56.0,2724.0,1041.0,3.0,6.0,6.0,2.0,6.0,1.0,2.0,1.0,Completed,2.1,1.75,2.13,1.75,2.2,1.82,2.11,1.72,,,20250701
31,London,Wimbledon,2025-07-01,Grand Slam,Outdoor,Grass,1st Round,3,Samsonova L.,Joint M.,19.0,41.0,2276.0,1319.0,6.0,3.0,6.0,2.0,,,2.0,0.0,Completed,1.4,2.8,1.46,2.88,1.52,2.92,1.44,2.77,,,20250701
31,London,Wimbledon,2025-07-01,Grand Slam,Outdoor,Grass,1st Round,3,Wang Xin.,Muchova K.,32.0,14.0,1470.0,2881.0,7.0,5.0,6.0,2.0,,,2.0,0.0,Completed,1.6,2.25,1.63,2.39,1.67,2.44,1.62,2.28,,,20250701
31,London,Wimbledon,2025-07-01,Grand Slam,Outdoor,Grass,1st Round,3,Bronzetti L.,Teichmann J.,63.0,93.0,1001.0,749.0,6.0,4.0,7.0,5.0,,,2.0,0.0,Completed,1.7,2.2,1.7,2.24,1.77,2.28,1.71,2.13,,,20250701
31,London,Wimbledon,2025-07-01,Grand Slam,Outdoor,Grass,1st Round,3,McNally C.,Burrage J.,208.0,154.0,342.0,477.0,6.0,3.0,6.0,1.0,,,2.0,0.0,Completed,1.83,1.91,1.83,2.05,1.94,2.05,1.85,1.93,,,20250701
31,London,Wimbledon,2025-07-01,Grand Slam,Outdoor,Grass,1st Round,3,Sakkari M.,Blinkova A.,77.0,78.0,854.0,853.0,6.0,4.0,6.0,4.0,,,2.0,0.0,Completed,1.73,2.1,1.71,2.23,1.74,2.32,1.69,2.16,,,20250701
31,London,Wimbledon,2025-07-01,Grand Slam,Outdoor,Grass,1st Round,3,Swiatek I.,Kudermetova P.,4.0,64.0,4943.0,998.0,7.0,5.0,6.0,1.0,,,2.0,0.0,Completed,1.03,13.0,1.02,22.74,1.04,24.0,1.02,15.9,,,20250701
31,London,Wimbledon,2025-07-01,Grand Slam,Outdoor,Grass,1st Round,3,Starodubtseva Y.,Jones F.,68.0,122.0,935.0,602.0,1.0,6.0,6.0,3.0,6.0,1.0,2.0,1.0,Completed,2.0,1.83,2.05,1.83,2.06,1.9,2.01,1.79,,,20250701
31,London,Wimbledon,2025-07-01,Grand Slam,Outdoor,Grass,1st Round,3,Collins D.,Osorio M.,54.0,57.0,1062.0,1030.0,6.0,3.0,6.0,2.0,,,2.0,0.0,Completed,1.45,2.8,1.49,2.76,1.51,2.92,1.45,2.73,,,20250701
31,London,Wimbledon,2025-07-01,Grand Slam,Outdoor,Grass,1st Round,3,Baptiste H.,Cirstea S.,55.0,168.0,1046.0,432.0,6.0,7.0,6.0,1.0,6.0,2.0,2.0,1.0,Completed,1.4,2.75,1.47,2.85,1.5,3.0,1.42,2.84,,,20250701
31,London,Wimbledon,2025-07-01,Grand Slam,Outdoor,Grass,1st Round,3,Andreeva M.,Sherif M.,7.0,86.0,4743.0,778.0,6.0,3.0,6.0,3.0,,,2.0,0.0,Completed,1.05,10.0,1.07,10.98,1.08,12.0,1.05,10.14,,,20250701
31,London,Wimbledon,2025-07-01,Grand Slam,Outdoor,Grass,1st Round,3,Mboko V.,Frech M.,97.0,24.0,727.0,1821.0,6.0,3.0,6.0,2.0,,,2.0,0.0,Completed,1.67,2.2,1.76,2.13,1.9,2.2,1.78,2.03,,,20250701
31,London,Wimbledon,2025-07-01,Grand Slam,Outdoor,Grass,1st Round,3,Dolehide C.,Rus A.,67.0,94.0,937.0,747.0,6.0,2.0,6.0,2.0,,,2.0,0.0,Completed,1.33,3.4,1.37,3.31,1.38,3.55,1.33,3.32,,,20250701
31,London,Wimbledon,2025-07-01,Grand Slam,Outdoor,Grass,1st Round,3,Navarro E.,Kvitova P.,10.0,572.0,3610.0,77.0,6.0,3.0,6.0,1.0,,,2.0,0.0,Completed,1.22,4.0,1.23,4.67,1.27,4.67,1.21,4.29,,,20250701
31,London,Wimbledon,2025-07-01,Grand Slam,Outdoor,Grass,1st Round,3,Bouzas Maneiro J.,Seidel E.,62.0,109.0,1016.0,669.0,6.0,3.0,3.0,2.0,,,1.0,0.0,Retired,1.7,2.2,1.75,2.17,1.75,2.32,1.67,2.2,,,20250701
31,London,Wimbledon,2025-07-01,Grand Slam,Outdoor,Grass,1st Round,3,Kudermetova V.,Zhu L.,46.0,307.0,1248.0,221.0,6.0,3.0,6.0,2.0,,,2.0,0.0,Completed,1.18,4.5,1.21,4.76,1.22,5.3,1.18,4.75,,,20250701
31,London,Wimbledon,2025-07-01,Grand Slam,Outdoor,Grass,1st Round,3,Jacquemot E.,Linette M.,113.0,29.0,627.0,1594.0,6.0,7.0,6.0,1.0,6.0,4.0,2.0,1.0,Completed,2.2,1.67,2.25,1.69,2.36,1.72,2.26,1.63,,,20250701
31,London,Wimbledon,2025-07-01,Grand Slam,Outdoor,Grass,1st Round,3,Kenin S.,Townsend T.,28.0,99.0,1618.0,722.0,7.0,6.0,6.0,2.0,,,2.0,0.0,Completed,1.4,2.8,1.47,2.85,1.52,2.88,1.45,2.71,,,20250701
31,London,Wimbledon,2025-07-01,Grand Slam,Outdoor,Grass,1st Round,3,Zakharova A.,Azarenka V.,95.0,87.0,739.0,774.0,6.0,2.0,2.0,6.0,6.0,1.0,2.0,1.0,Completed,5.0,1.15,5.29,1.18,5.5,1.22,4.99,1.17,,,20250701
31,London,Wimbledon,2025-07-01,Grand Slam,Outdoor,Grass,1st Round,3,Bencic B.,Parks A.,35.0,60.0,1410.0,1023.0,6.0,0.0,6.0,3.0,,,2.0,0.0,Completed,1.3,3.25,1.35,3.4,1.36,3.65,1.34,3.24,,,20250701
31,London,Wimbledon,2025-07-01,Grand Slam,Outdoor,Grass,1st Round,3,Rybakina E.,Avanesyan E.,11.0,49.0,3456.0,1150.0,6.0,2.0,6.0,1.0,,,2.0,0.0,Completed,1.08,8.0,1.1,8.93,1.11,9.4,1.07,8.45,,,20250701
31,London,Wimbledon,2025-07-01,Grand Slam,Outdoor,Grass,1st Round,3,Yastremska D.,Gauff C.,42.0,2.0,1306.0,7899.0,7.0,6.0,6.0,1.0,,,2.0,0.0,Completed,5.0,1.18,5.0,1.2,5.5,1.21,4.74,1.18,,,20250701
31,London,Wimbledon,2025-07-02,Grand Slam,Outdoor,Grass,2nd Round,3,Kartal S.,Tomova V.,51.0,111.0,1147.0,633.0,6.0,2.0,6.0,2.0,,,2.0,0.0,Completed,1.33,3.4,1.34,3.52,1.34,3.8,1.29,3.57,,,20250702
31,London,Wimbledon,2025-07-02,Grand Slam,Outdoor,Grass,2nd Round,3,Keys M.,Danilovic O.,8.0,37.0,4484.0,1382.0,6.0,4.0,6.0,2.0,,,2.0,0.0,Completed,1.25,4.0,1.27,4.16,1.28,4.5,1.23,4.1,,,20250702
31,London,Wimbledon,2025-07-02,Grand Slam,Outdoor,Grass,2nd Round,3,Siegemund L.,Fernandez L.A.,104.0,38.0,704.0,1350.0,6.0,2.0,6.0,3.0,,,2.0,0.0,Completed,3.75,1.29,3.97,1.29,4.1,1.31,3.77,1.27,,,20250702
31,London,Wimbledon,2025-07-02,Grand Slam,Outdoor,Grass,2nd Round,3,Sabalenka A.,Bouzkova M.,1.0,48.0,11640.0,1176.0,7.0,6.0,6.0,4.0,,,2.0,0.0,Completed,1.07,7.5,1.08,9.68,1.11,9.68,1.08,7.93,,,20250702
31,London,Wimbledon,2025-07-02,Grand Slam,Outdoor,Grass,2nd Round,3,Bucsa C.,Vekic D.,102.0,25.0,713.0,1813.0,6.0,1.0,6.0,3.0,,,2.0,0.0,Completed,3.75,1.25,4.18,1.27,4.3,1.29,3.96,1.24,,,20250702
31,London,Wimbledon,2025-07-02,Grand Slam,Outdoor,Grass,2nd Round,3,Mertens E.,Li A.,23.0,65.0,1936.0,974.0,6.0,7.0,6.0,1.0,6.0,2.0,2.0,1.0,Completed,1.25,4.0,1.26,4.31,1.28,4.4,1.24,4.03,,,20250702
31,London,Wimbledon,2025-07-02,Grand Slam,Outdoor,Grass,2nd Round,3,Galfi D.,Haddad Maia B.,110.0,20.0,637.0,2189.0,7.0,6.0,6.0,1.0,,,2.0,0.0,Completed,3.0,1.36,3.28,1.38,3.4,1.4,3.18,1.35,,,20250702
31,London,Wimbledon,2025-07-02,Grand Slam,Outdoor,Grass,2nd Round,3,Sierra S.,Boulter K.,101.0,43.0,714.0,1278.0,6.0,7.0,6.0,2.0,6.0,1.0,2.0,1.0,Completed,5.0,1.18,5.32,1.19,5.32,1.22,4.73,1.19,,,20250702
31,London,Wimbledon,2025-07-02,Grand Slam,Outdoor,Grass,2nd Round,3,Noskova L.,Lys E.,27.0,61.0,1697.0,1020.0,6.0,2.0,2.0,6.0,6.0,3.0,2.0,1.0,Completed,1.18,5.0,1.19,5.25,1.21,5.5,1.18,4.86,,,20250702
31,London,Wimbledon,2025-07-02,Grand Slam,Outdoor,Grass,2nd Round,3,Anisimova A.,Zarazua R.,12.0,71.0,3200.0,886.0,6.0,4.0,6.0,3.0,,,2.0,0.0,Completed,1.1,7.5,1.11,8.22,1.11,9.4,1.09,7.54,,,20250702
31,London,Wimbledon,2025-07-02,Grand Slam,Outdoor,Grass,2nd Round,3,Parry D.,Shnaider D.,118.0,15.0,612.0,2776.0,6.0,4.0,6.0,1.0,,,2.0,0.0,Completed,3.75,1.29,3.99,1.28,4.1,1.3,3.76,1.27,,,20250702
31,London,Wimbledon,2025-07-02,Grand Slam,Outdoor,Grass,2nd Round,3,Osaka N.,Siniakova K.,53.0,81.0,1094.0,819.0,6.0,3.0,6.0,2.0,,,2.0,0.0,Completed,1.91,1.91,1.98,1.91,1.99,2.0,1.89,1.91,,,20250702
31,London,Wimbledon,2025-07-02,Grand Slam,Outdoor,Grass,2nd Round,3,Rakhimova K.,Paolini J.,80.0,5.0,831.0,4806.0,4.0,6.0,6.0,4.0,6.0,4.0,2.0,1.0,Completed,5.0,1.18,5.28,1.19,5.6,1.21,4.97,1.18,,,20250702
31,London,Wimbledon,2025-07-02,Grand Slam,Outdoor,Grass,2nd Round,3,Raducanu E.,Vondrousova M.,40.0,73.0,1321.0,883.0,6.0,3.0,6.0,3.0,,,2.0,0.0,Completed,2.5,1.5,2.71,1.52,2.76,1.56,2.57,1.5,,,20250702
31,London,Wimbledon,2025-07-02,Grand Slam,Outdoor,Grass,2nd Round,3,Svitolina E.,Sasnovich A.,13.0,107.0,3094.0,688.0,6.0,2.0,6.0,4.0,,,2.0,0.0,Completed,1.15,5.5,1.17,5.86,1.17,6.8,1.13,5.86,,,20250702
31,London,Wimbledon,2025-07-02,Grand Slam,Outdoor,Grass,2nd Round,3,Pavlyuchenkova A.,Krueger A.,50.0,31.0,1149.0,1484.0,7.0,6.0,6.0,4.0,,,2.0,0.0,Completed,1.8,2.0,1.83,2.06,1.85,2.16,1.77,2.03,,,20250702
31,London,Wimbledon,2025-07-03,Grand Slam,Outdoor,Grass,2nd Round,3,Navarro E.,Kudermetova V.,10.0,46.0,3610.0,1248.0,6.0,1.0,6.0,2.0,,,2.0,0.0,Completed,1.5,2.5,1.56,2.59,1.56,2.74,1.52,2.52,,,20250703
31,London,Wimbledon,2025-07-03,Grand Slam,Outdoor,Grass,2nd Round,3,Sonmez Z.,Wang Xin.,88.0,32.0,772.0,1470.0,7.0,5.0,7.0,5.0,,,2.0,0.0,Completed,6.0,1.13,6.58,1.14,7.2,1.17,5.66,1.14,,,20250703
31,London,Wimbledon,2025-07-03,Grand Slam,Outdoor,Grass,2nd Round,3,Cocciaretto E.,Volynets K.,116.0,98.0,615.0,724.0,6.0,0.0,6.0,4.0,,,2.0,0.0,Completed,1.45,2.63,1.52,2.7,1.54,2.85,1.46,2.69,,,20250703
31,London,Wimbledon,2025-07-03,Grand Slam,Outdoor,Grass,2nd Round,3,Andreeva M.,Bronzetti L.,7.0,63.0,4743.0,1001.0,6.0,1.0,7.0,6.0,,,2.0,0.0,Completed,1.1,7.0,1.09,8.91,1.11,9.6,1.08,8.22,,,20250703
31,London,Wimbledon,2025-07-03,Grand Slam,Outdoor,Grass,2nd Round,3,Baptiste H.,Mboko V.,55.0,97.0,1046.0,727.0,7.0,6.0,6.0,3.0,,,2.0,0.0,Completed,2.05,1.73,2.16,1.77,2.2,1.8,2.11,1.72,,,20250703
31,London,Wimbledon,2025-07-03,Grand Slam,Outdoor,Grass,2nd Round,3,Collins D.,Erjavec V.,54.0,171.0,1062.0,423.0,6.0,4.0,6.0,1.0,,,2.0,0.0,Completed,1.14,5.0,1.2,5.1,1.2,5.8,1.15,5.32,,,20250703
31,London,Wimbledon,2025-07-03,Grand Slam,Outdoor,Grass,2nd Round,3,Rybakina E.,Sakkari M.,11.0,77.0,3456.0,854.0,6.0,3.0,6.0,1.0,,,2.0,0.0,Completed,1.18,5.0,1.19,5.41,1.22,5.5,1.17,5.02,,,20250703
31,London,Wimbledon,2025-07-03,Grand Slam,Outdoor,Grass,2nd Round,3,Bencic B.,Jacquemot E.,35.0,113.0,1410.0,627.0,4.0,6.0,6.0,1.0,6.0,2.0,2.0,1.0,Completed,1.3,3.6,1.31,3.75,1.33,3.9,1.31,3.48,,,20250703
31,London,Wimbledon,2025-07-03,Grand Slam,Outdoor,Grass,2nd Round,3,Alexandrova E.,Lamens S.,17.0,69.0,2426.0,922.0,6.0,4.0,6.0,0.0,,,2.0,0.0,Completed,1.13,6.0,1.13,6.96,1.14,7.8,1.11,6.57,,,20250703
31,London,Wimbledon,2025-07-03,Grand Slam,Outdoor,Grass,2nd Round,3,Krejcikova B.,Dolehide C.,16.0,67.0,2724.0,937.0,6.0,4.0,3.0,6.0,6.0,2.0,2.0,1.0,Completed,1.36,3.1,1.41,3.13,1.41,3.4,1.35,3.19,,,20250703
31,London,Wimbledon,2025-07-03,Grand Slam,Outdoor,Grass,2nd Round,3,Yastremska D.,Zakharova A.,42.0,95.0,1306.0,739.0,5.0,7.0,7.0,5.0,7.0,6.0,2.0,1.0,Completed,1.25,4.0,1.28,3.99,1.29,4.3,1.24,4.07,,,20250703
31,London,Wimbledon,2025-07-03,Grand Slam,Outdoor,Grass,2nd Round,3,Swiatek I.,McNally C.,4.0,208.0,4943.0,342.0,5.0,7.0,6.0,2.0,6.0,1.0,2.0,1.0,Completed,1.06,9.0,1.07,11.35,1.08,12.5,1.05,10.81,,,20250703
31,London,Wimbledon,2025-07-03,Grand Slam,Outdoor,Grass,2nd Round,3,Samsonova L.,Starodubtseva Y.,19.0,68.0,2276.0,935.0,6.0,2.0,6.0,1.0,,,2.0,0.0,Completed,1.2,4.5,1.21,4.92,1.22,5.4,1.19,4.73,,,20250703
31,London,Wimbledon,2025-07-03,Grand Slam,Outdoor,Grass,2nd Round,3,Bouzas Maneiro J.,Kenin S.,62.0,28.0,1016.0,1618.0,6.0,1.0,7.0,6.0,,,2.0,0.0,Completed,3.2,1.36,3.3,1.38,3.35,1.41,3.13,1.36,,,20250703
31,London,Wimbledon,2025-07-03,Grand Slam,Outdoor,Grass,2nd Round,3,Tauson C.,Kalinskaya A.,22.0,39.0,2062.0,1342.0,6.0,3.0,7.0,6.0,,,2.0,0.0,Completed,1.73,2.1,1.75,2.19,1.8,2.22,1.74,2.08,,,20250703
31,London,Wimbledon,2025-07-03,Grand Slam,Outdoor,Grass,2nd Round,3,Kasatkina D.,Begu I.,18.0,115.0,2361.0,621.0,6.0,2.0,4.0,6.0,6.0,1.0,2.0,1.0,Completed,1.25,4.0,1.27,4.1,1.28,4.4,1.23,4.1,,,20250703
31,London,Wimbledon,2025-07-04,Grand Slam,Outdoor,Grass,3rd Round,3,Anisimova A.,Galfi D.,12.0,110.0,3200.0,637.0,6.0,3.0,5.0,7.0,6.0,3.0,2.0,1.0,Completed,1.15,5.5,1.18,5.74,1.19,6.0,1.16,5.28,,,20250704
31,London,Wimbledon,2025-07-04,Grand Slam,Outdoor,Grass,3rd Round,3,Sierra S.,Bucsa C.,101.0,102.0,714.0,713.0,7.0,5.0,1.0,6.0,6.0,1.0,2.0,1.0,Completed,2.1,1.67,2.35,1.67,2.36,1.72,2.22,1.65,,,20250704
31,London,Wimbledon,2025-07-04,Grand Slam,Outdoor,Grass,3rd Round,3,Pavlyuchenkova A.,Osaka N.,50.0,53.0,1149.0,1094.0,3.0,6.0,6.0,4.0,6.0,4.0,2.0,1.0,Completed,2.9,1.4,3.05,1.43,3.05,1.5,2.81,1.43,,,20250704
31,London,Wimbledon,2025-07-04,Grand Slam,Outdoor,Grass,3rd Round,3,Kartal S.,Parry D.,51.0,118.0,1147.0,612.0,6.0,4.0,6.0,2.0,,,2.0,0.0,Completed,1.6,2.38,1.62,2.45,1.64,2.48,1.58,2.36,,,20250704
31,London,Wimbledon,2025-07-04,Grand Slam,Outdoor,Grass,3rd Round,3,Noskova L.,Rakhimova K.,27.0,80.0,1697.0,831.0,7.0,6.0,7.0,5.0,,,2.0,0.0,Completed,1.25,4.0,1.27,4.2,1.29,4.5,1.25,3.97,,,20250704
31,London,Wimbledon,2025-07-04,Grand Slam,Outdoor,Grass,3rd Round,3,Siegemund L.,Keys M.,104.0,8.0,704.0,4484.0,6.0,3.0,6.0,3.0,,,2.0,0.0,Completed,5.0,1.14,6.13,1.16,6.6,1.17,5.54,1.14,,,20250704
31,London,Wimbledon,2025-07-04,Grand Slam,Outdoor,Grass,3rd Round,3,Mertens E.,Svitolina E.,23.0,13.0,1936.0,3094.0,6.0,1.0,7.0,6.0,,,2.0,0.0,Completed,2.3,1.57,2.43,1.63,2.52,1.63,2.35,1.58,,,20250704
31,London,Wimbledon,2025-07-04,Grand Slam,Outdoor,Grass,3rd Round,3,Sabalenka A.,Raducanu E.,1.0,40.0,11640.0,1321.0,7.0,6.0,6.0,4.0,,,2.0,0.0,Completed,1.25,3.75,1.27,4.23,1.28,4.4,1.25,3.91,,,20250704
31,London,Wimbledon,2025-07-05,Grand Slam,Outdoor,Grass,3rd Round,3,Samsonova L.,Kasatkina D.,19.0,18.0,2276.0,2361.0,6.0,2.0,6.0,3.0,,,2.0,0.0,Completed,1.45,2.8,1.52,2.73,1.52,2.94,1.45,2.74,,,20250705
31,London,Wimbledon,2025-07-05,Grand Slam,Outdoor,Grass,3rd Round,3,Bencic B.,Cocciaretto E.,35.0,116.0,1410.0,615.0,6.0,4.0,3.0,6.0,7.0,6.0,2.0,1.0,Completed,1.53,2.5,1.52,2.74,1.57,2.8,1.54,2.46,,,20250705
31,London,Wimbledon,2025-07-05,Grand Slam,Outdoor,Grass,3rd Round,3,Bouzas Maneiro J.,Yastremska D.,62.0,42.0,1016.0,1306.0,6.0,1.0,2.0,6.0,6.0,3.0,2.0,1.0,Completed,2.6,1.45,2.85,1.49,2.86,1.53,2.68,1.46,,,20250705
31,London,Wimbledon,2025-07-05,Grand Slam,Outdoor,Grass,3rd Round,3,Tauson C.,Rybakina E.,22.0,11.0,2062.0,3456.0,7.0,6.0,6.0,3.0,,,2.0,0.0,Completed,4.75,1.2,5.08,1.21,5.2,1.23,4.46,1.21,,,20250705
31,London,Wimbledon,2025-07-05,Grand Slam,Outdoor,Grass,3rd Round,3,Andreeva M.,Baptiste H.,7.0,55.0,4743.0,1046.0,6.0,1.0,6.0,3.0,,,2.0,0.0,Completed,1.3,3.5,1.31,3.87,1.34,3.9,1.3,3.54,,,20250705
31,London,Wimbledon,2025-07-05,Grand Slam,Outdoor,Grass,3rd Round,3,Navarro E.,Krejcikova B.,10.0,16.0,3610.0,2724.0,2.0,6.0,6.0,3.0,6.0,4.0,2.0,1.0,Completed,1.45,2.8,1.53,2.71,1.53,2.92,1.45,2.72,,,20250705
31,London,Wimbledon,2025-07-05,Grand Slam,Outdoor,Grass,3rd Round,3,Alexandrova E.,Sonmez Z.,17.0,88.0,2426.0,772.0,6.0,3.0,7.0,6.0,,,2.0,0.0,Completed,1.1,6.0,1.13,7.35,1.14,7.8,1.11,6.46,,,20250705
31,London,Wimbledon,2025-07-05,Grand Slam,Outdoor,Grass,3rd Round,3,Swiatek I.,Collins D.,4.0,54.0,4943.0,1062.0,6.0,2.0,6.0,3.0,,,2.0,0.0,Completed,1.4,3.0,1.41,3.17,1.42,3.3,1.38,3.03,,,20250705
31,London,Wimbledon,2025-07-06,Grand Slam,Outdoor,Grass,4th Round,3,Siegemund L.,Sierra S.,104.0,101.0,704.0,714.0,6.0,3.0,6.0,2.0,,,2.0,0.0,Completed,1.5,2.5,1.57,2.57,1.63,2.57,1.56,2.4,,,20250706
31,London,Wimbledon,2025-07-06,Grand Slam,Outdoor,Grass,4th Round,3,Pavlyuchenkova A.,Kartal S.,50.0,51.0,1149.0,1147.0,7.0,6.0,6.0,4.0,,,2.0,0.0,Completed,2.0,1.83,1.99,1.91,2.02,1.96,1.94,1.85,,,20250706
31,London,Wimbledon,2025-07-06,Grand Slam,Outdoor,Grass,4th Round,3,Sabalenka A.,Mertens E.,1.0,23.0,11640.0,1936.0,6.0,4.0,7.0,6.0,,,2.0,0.0,Completed,1.2,4.5,1.24,4.53,1.25,4.8,1.21,4.36,,,20250706
31,London,Wimbledon,2025-07-06,Grand Slam,Outdoor,Grass,4th Round,3,Anisimova A.,Noskova L.,12.0,27.0,3200.0,1697.0,6.0,2.0,5.0,7.0,6.0,4.0,2.0,1.0,Completed,1.67,2.1,1.74,2.22,1.77,2.26,1.67,2.18,,,20250706
31,London,Wimbledon,2025-07-07,Grand Slam,Outdoor,Grass,4th Round,3,Bencic B.,Alexandrova E.,35.0,17.0,1410.0,2426.0,7.0,6.0,6.0,4.0,,,2.0,0.0,Completed,2.6,1.5,2.73,1.52,2.8,1.55,2.63,1.48,,,20250707
31,London,Wimbledon,2025-07-07,Grand Slam,Outdoor,Grass,4th Round,3,Samsonova L.,Bouzas Maneiro J.,19.0,62.0,2276.0,1016.0,7.0,5.0,7.0,5.0,,,2.0,0.0,Completed,1.22,4.33,1.24,4.58,1.25,4.9,1.21,4.34,,,20250707
31,London,Wimbledon,2025-07-07,Grand Slam,Outdoor,Grass,4th Round,3,Andreeva M.,Navarro E.,7.0,10.0,4743.0,3610.0,6.0,2.0,6.0,3.0,,,2.0,0.0,Completed,1.57,2.4,1.61,2.48,1.65,2.52,1.57,2.38,,,20250707
31,London,Wimbledon,2025-07-07,Grand Slam,Outdoor,Grass,4th Round,3,Swiatek I.,Tauson C.,4.0,22.0,4943.0,2062.0,6.0,4.0,6.0,1.0,,,2.0,0.0,Completed,1.3,3.6,1.33,3.64,1.34,3.85,1.3,3.53,,,20250707
31,London,Wimbledon,2025-07-08,Grand Slam,Outdoor,Grass,Quarterfinals,3,Sabalenka A.,Siegemund L.,1.0,104.0,11640.0,704.0,4.0,6.0,6.0,2.0,6.0,4.0,2.0,1.0,Completed,1.08,8.0,1.09,9.51,1.09,13.0,1.07,9.0,,,20250708
31,London,Wimbledon,2025-07-08,Grand Slam,Outdoor,Grass,Quarterfinals,3,Anisimova A.,Pavlyuchenkova A.,12.0,50.0,3200.0,1149.0,6.0,1.0,7.0,6.0,,,2.0,0.0,Completed,1.36,3.2,1.39,3.27,1.41,3.35,1.38,3.05,,,20250708
31,London,Wimbledon,2025-07-09,Grand Slam,Outdoor,Grass,Quarterfinals,3,Swiatek I.,Samsonova L.,4.0,19.0,4943.0,2276.0,6.0,2.0,7.0,5.0,,,2.0,0.0,Completed,1.33,3.2,1.35,3.53,1.36,3.65,1.33,3.33,,,20250709
31,London,Wimbledon,2025-07-09,Grand Slam,Outdoor,Grass,Quarterfinals,3,Bencic B.,Andreeva M.,35.0,7.0,1410.0,4743.0,7.0,6.0,7.0,6.0,,,2.0,0.0,Completed,2.63,1.44,2.87,1.48,2.9,1.52,2.7,1.46,,,20250709
31,London,Wimbledon,2025-07-10,Grand Slam,Outdoor,Grass,Semifinals,3,Anisimova A.,Sabalenka A.,12.0,1.0,3200.0,11640.0,6.0,4.0,4.0,6.0,6.0,4.0,2.0,1.0,Completed,3.25,1.33,3.44,1.36,3.55,1.38,3.24,1.34,,,20250710
31,London,Wimbledon,2025-07-10,Grand Slam,Outdoor,Grass,Semifinals,3,Swiatek I.,Bencic B.,4.0,35.0,4943.0,1410.0,6.0,2.0,6.0,0.0,,,2.0,0.0,Completed,1.25,3.75,1.27,4.26,1.32,4.26,1.27,3.73,,,20250710
31,London,Wimbledon,2025-07-12,Grand Slam,Outdoor,Grass,The Final,3,Swiatek I.,Anisimova A.,4.0,12.0,4943.0,3200.0,6.0,0.0,6.0,0.0,,,2.0,0.0,Completed,1.33,3.4,1.34,3.6,1.36,3.6,1.34,3.24,,,20250712
32,Hamburg,Hamburg Open,2025-07-14,WTA250,Outdoor,Clay,1st Round,3,Parry D.,Wuerth T.,98.0,205.0,746.0,353.0,7.0,6.0,3.0,6.0,7.0,5.0,2.0,1.0,Completed,1.29,3.75,1.31,3.69,1.31,3.75,1.28,3.61,,,20250714
32,Hamburg,Hamburg Open,2025-07-14,WTA250,Outdoor,Clay,1st Round,3,Chirico L.,Sherif M.,155.0,99.0,475.0,746.0,4.0,6.0,7.0,5.0,3.0,0.0,1.0,1.0,Retired,3.5,1.3,3.74,1.3,3.74,1.32,3.48,1.29,,,20250714
32,Hamburg,Hamburg Open,2025-07-14,WTA250,Outdoor,Clay,1st Round,3,Schunk N.,Uchijima M.,288.0,73.0,247.0,884.0,7.0,5.0,6.0,3.0,,,2.0,0.0,Completed,2.38,1.53,2.41,1.62,2.5,1.62,2.36,1.57,,,20250714
32,Hamburg,Hamburg Open,2025-07-15,WTA250,Outdoor,Clay,1st Round,3,Rus A.,Nahimana S.,119.0,231.0,621.0,316.0,6.0,2.0,6.0,1.0,,,2.0,0.0,Completed,1.33,3.1,1.38,3.24,1.38,3.25,1.35,3.15,,,20250715
32,Hamburg,Hamburg Open,2025-07-15,WTA250,Outdoor,Clay,1st Round,3,Juvan K.,Timofeeva M.,207.0,250.0,346.0,291.0,7.0,6.0,6.0,1.0,,,2.0,0.0,Completed,1.3,3.6,1.33,3.53,1.33,3.75,1.29,3.49,,,20250715
32,Hamburg,Hamburg Open,2025-07-15,WTA250,Outdoor,Clay,1st Round,3,Galfi D.,Krunic A.,111.0,363.0,680.0,165.0,6.0,4.0,6.0,1.0,,,2.0,0.0,Completed,1.3,3.4,1.33,3.46,1.33,3.55,1.3,3.44,,,20250715
32,Hamburg,Hamburg Open,2025-07-15,WTA250,Outdoor,Clay,1st Round,3,Romero Gormaz L.,Fossa Huergo N.,133.0,284.0,543.0,251.0,6.0,1.0,6.0,1.0,,,2.0,0.0,Completed,1.15,5.5,1.16,5.79,1.17,5.79,1.15,5.31,,,20250715
32,Hamburg,Hamburg Open,2025-07-15,WTA250,Outdoor,Clay,1st Round,3,Bondar A.,Noha Akugue N.,77.0,252.0,857.0,290.0,6.0,4.0,3.0,6.0,7.0,6.0,2.0,1.0,Completed,1.4,3.0,1.41,3.06,1.41,3.06,1.39,2.92,,,20250715
32,Hamburg,Hamburg Open,2025-07-15,WTA250,Outdoor,Clay,1st Round,3,Kraus S.,Cengiz B.,153.0,430.0,479.0,124.0,4.0,6.0,7.0,5.0,6.0,4.0,2.0,1.0,Completed,1.15,5.0,1.15,6.08,1.17,6.08,1.15,5.21,,,20250715
32,Hamburg,Hamburg Open,2025-07-15,WTA250,Outdoor,Clay,1st Round,3,Boisson L.,Grabher J.,63.0,138.0,968.0,526.0,6.0,1.0,6.0,3.0,,,2.0,0.0,Completed,1.36,3.0,1.4,3.11,1.4,3.11,1.38,2.97,,,20250715
32,Hamburg,Hamburg Open,2025-07-15,WTA250,Outdoor,Clay,1st Round,3,Sharma A.,Geerlings Martinez A.,139.0,331.0,520.0,195.0,7.0,6.0,3.0,6.0,6.0,2.0,2.0,1.0,Completed,1.4,2.75,1.45,2.85,1.47,2.85,1.44,2.71,,,20250715
32,Hamburg,Hamburg Open,2025-07-15,WTA250,Outdoor,Clay,1st Round,3,Korpatsch T.,Serban R.,163.0,224.0,450.0,320.0,6.0,4.0,6.0,3.0,,,2.0,0.0,Completed,1.36,3.1,1.38,3.22,1.41,3.22,1.37,3.01,,,20250715
32,Hamburg,Hamburg Open,2025-07-15,WTA250,Outdoor,Clay,1st Round,3,Werner C.,Steiner V.,303.0,692.0,224.0,52.0,7.0,6.0,6.0,2.0,,,2.0,0.0,Completed,1.4,2.9,1.47,2.83,1.47,3.0,1.4,2.85,,,20250715
32,Hamburg,Hamburg Open,2025-07-16,WTA250,Outdoor,Clay,1st Round,3,Alexandrova E.,Vedder E.,16.0,249.0,2666.0,293.0,6.0,0.0,6.0,3.0,,,2.0,0.0,Completed,1.06,9.0,1.09,9.16,1.09,10.0,1.07,8.07,,,20250716
32,Hamburg,Hamburg Open,2025-07-16,WTA250,Outdoor,Clay,1st Round,3,Yastremska D.,Niemeier J.,39.0,184.0,1306.0,392.0,6.0,4.0,6.0,3.0,,,2.0,0.0,Completed,1.4,2.88,1.36,3.37,1.4,3.37,1.37,3.03,,,20250716
32,Hamburg,Hamburg Open,2025-07-16,WTA250,Outdoor,Clay,1st Round,3,Tomova V.,Maria T.,105.0,36.0,693.0,1320.0,6.0,3.0,7.0,6.0,,,2.0,0.0,Completed,1.44,2.8,1.43,2.93,1.44,2.93,1.42,2.82,,,20250716
32,Hamburg,Hamburg Open,2025-07-16,WTA250,Outdoor,Clay,2nd Round,3,Romero Gormaz L.,Rus A.,133.0,119.0,543.0,621.0,6.0,2.0,6.0,2.0,,,2.0,0.0,Completed,1.6,2.25,1.65,2.33,1.68,2.33,1.63,2.23,,,20250716
32,Hamburg,Hamburg Open,2025-07-16,WTA250,Outdoor,Clay,2nd Round,3,Juvan K.,Chirico L.,207.0,155.0,346.0,475.0,4.0,6.0,6.0,4.0,6.0,1.0,2.0,1.0,Completed,1.36,3.1,1.4,3.16,1.4,3.5,1.33,3.23,,,20250716
32,Hamburg,Hamburg Open,2025-07-16,WTA250,Outdoor,Clay,2nd Round,3,Galfi D.,Schunk N.,111.0,288.0,680.0,247.0,1.0,6.0,6.0,3.0,6.0,2.0,2.0,1.0,Completed,1.29,3.4,1.33,3.53,1.34,3.6,1.32,3.31,,,20250716
32,Hamburg,Hamburg Open,2025-07-16,WTA250,Outdoor,Clay,2nd Round,3,Boisson L.,Korpatsch T.,63.0,163.0,968.0,450.0,6.0,4.0,6.0,7.0,6.0,4.0,2.0,1.0,Completed,1.29,3.75,1.31,3.71,1.32,3.75,1.29,3.57,,,20250716
32,Hamburg,Hamburg Open,2025-07-17,WTA250,Outdoor,Clay,2nd Round,3,Tomova V.,Sharma A.,105.0,139.0,693.0,520.0,6.0,1.0,6.0,1.0,,,2.0,0.0,Completed,1.75,2.1,1.8,2.09,1.8,2.3,1.69,2.13,,,20250717
32,Hamburg,Hamburg Open,2025-07-17,WTA250,Outdoor,Clay,2nd Round,3,Bondar A.,Kraus S.,77.0,153.0,857.0,479.0,6.0,3.0,6.0,2.0,,,2.0,0.0,Completed,1.44,2.7,1.44,2.94,1.52,2.94,1.46,2.66,,,20250717
32,Hamburg,Hamburg Open,2025-07-17,WTA250,Outdoor,Clay,2nd Round,3,Yastremska D.,Parry D.,39.0,98.0,1306.0,746.0,6.0,1.0,6.0,4.0,,,2.0,0.0,Completed,1.6,2.25,1.63,2.39,1.63,2.39,1.59,2.3,,,20250717
32,Hamburg,Hamburg Open,2025-07-17,WTA250,Outdoor,Clay,2nd Round,3,Alexandrova E.,Werner C.,16.0,303.0,2666.0,224.0,6.0,2.0,6.0,2.0,,,2.0,0.0,Completed,1.07,8.5,1.09,8.91,1.09,9.5,1.07,8.69,,,20250717
32,Hamburg,Hamburg Open,2025-07-18,WTA250,Outdoor,Clay,Quarterfinals,3,Juvan K.,Romero Gormaz L.,207.0,133.0,346.0,543.0,6.0,4.0,6.0,7.0,6.0,4.0,2.0,1.0,Completed,1.5,2.6,1.55,2.6,1.55,2.7,1.49,2.57,,,20250718
32,Hamburg,Hamburg Open,2025-07-18,WTA250,Outdoor,Clay,Quarterfinals,3,Yastremska D.,Galfi D.,39.0,111.0,1306.0,680.0,7.0,6.0,3.0,6.0,6.0,2.0,2.0,1.0,Completed,1.29,3.4,1.38,3.27,1.38,3.4,1.34,3.2,,,20250718
32,Hamburg,Hamburg Open,2025-07-18,WTA250,Outdoor,Clay,Quarterfinals,3,Bondar A.,Alexandrova E.,77.0,16.0,857.0,2666.0,6.0,7.0,6.0,3.0,7.0,6.0,2.0,1.0,Completed,5.0,1.18,5.5,1.18,5.5,1.2,4.66,1.18,,,20250718
32,Hamburg,Hamburg Open,2025-07-18,WTA250,Outdoor,Clay,Quarterfinals,3,Boisson L.,Tomova V.,63.0,105.0,968.0,693.0,6.0,3.0,6.0,3.0,,,2.0,0.0,Completed,1.57,2.4,1.61,2.44,1.61,2.5,1.56,2.38,,,20250718
32,Hamburg,Hamburg Open,2025-07-19,WTA250,Outdoor,Clay,Semifinals,3,Bondar A.,Juvan K.,77.0,207.0,857.0,346.0,5.0,7.0,6.0,3.0,6.0,4.0,2.0,1.0,Completed,2.0,1.83,1.92,1.97,2.02,1.97,1.95,1.83,,,20250719
32,Hamburg,Hamburg Open,2025-07-19,WTA250,Outdoor,Clay,Semifinals,3,Boisson L.,Yastremska D.,63.0,39.0,968.0,1306.0,6.0,1.0,7.0,6.0,,,2.0,0.0,Completed,2.2,1.67,2.11,1.81,2.25,1.81,2.14,1.68,,,20250719
32,Hamburg,Hamburg Open,2025-07-20,WTA250,Outdoor,Clay,The Final,3,Boisson L.,Bondar A.,63.0,77.0,968.0,857.0,7.0,5.0,6.0,3.0,,,2.0,0.0,Completed,1.53,2.5,1.56,2.61,1.56,2.61,1.51,2.53,,,20250720
33,Iasi,Iasi Open,2025-07-14,WTA250,Outdoor,Clay,1st Round,3,Fett J.,Erjavec V.,151.0,137.0,479.0,531.0,7.0,6.0,6.0,2.0,,,2.0,0.0,Completed,2.3,1.62,2.32,1.66,2.32,1.67,2.25,1.62,,,20250714
33,Iasi,Iasi Open,2025-07-14,WTA250,Outdoor,Clay,1st Round,3,Teichmann J.,Bulgaru M.,102.0,219.0,730.0,331.0,1.0,6.0,7.0,6.0,6.0,1.0,2.0,1.0,Completed,1.22,4.0,1.27,4.01,1.27,4.33,1.23,4.0,,,20250714
33,Iasi,Iasi Open,2025-07-14,WTA250,Outdoor,Clay,1st Round,3,Chwalinska M.,Shymanovich I.,145.0,165.0,495.0,443.0,4.0,6.0,6.0,4.0,6.0,2.0,2.0,1.0,Completed,1.53,2.4,1.56,2.56,1.6,2.56,1.55,2.39,,,20250714
33,Iasi,Iasi Open,2025-07-14,WTA250,Outdoor,Clay,1st Round,3,Begu I.,Hibino N.,110.0,175.0,681.0,410.0,6.0,1.0,6.0,2.0,,,2.0,0.0,Completed,1.25,4.0,1.24,4.46,1.25,4.5,1.22,4.16,,,20250714
33,Iasi,Iasi Open,2025-07-14,WTA250,Outdoor,Clay,1st Round,3,Gracheva V.,Bogdan A.,106.0,239.0,691.0,309.0,7.0,5.0,6.0,2.0,,,2.0,0.0,Completed,1.5,2.6,1.5,2.72,1.5,2.75,1.45,2.68,,,20250714
33,Iasi,Iasi Open,2025-07-14,WTA250,Outdoor,Clay,1st Round,3,Li A.,Maristany G.,65.0,182.0,963.0,396.0,3.0,6.0,6.0,2.0,6.0,2.0,2.0,1.0,Completed,1.2,4.33,1.3,3.76,1.3,4.33,1.25,3.81,,,20250714
33,Iasi,Iasi Open,2025-07-15,WTA250,Outdoor,Clay,1st Round,3,Jimenez Kasintseva V.,Popa G.S.,130.0,1225.0,549.0,9.0,6.0,2.0,7.0,5.0,,,2.0,0.0,Completed,1.17,4.75,1.18,5.28,1.18,6.25,1.15,5.27,,,20250715
33,Iasi,Iasi Open,2025-07-15,WTA250,Outdoor,Clay,1st Round,3,Siskova A.,Kawa K.,406.0,115.0,136.0,634.0,6.0,4.0,4.0,6.0,7.0,6.0,2.0,1.0,Completed,2.25,1.67,2.21,1.7,2.38,1.7,2.29,1.59,,,20250715
33,Iasi,Iasi Open,2025-07-15,WTA250,Outdoor,Clay,1st Round,3,Carle M.,Tig P.M.,124.0,210.0,603.0,341.0,2.0,6.0,6.0,2.0,6.0,2.0,2.0,1.0,Completed,1.36,3.2,1.39,3.18,1.39,3.2,1.35,3.1,,,20250715
33,Iasi,Iasi Open,2025-07-15,WTA250,Outdoor,Clay,1st Round,3,Waltert S.,Sevastova A.,127.0,384.0,583.0,149.0,6.0,3.0,6.0,3.0,,,2.0,0.0,Completed,1.75,2.0,1.82,2.06,1.82,2.06,1.77,2.0,,,20250715
33,Iasi,Iasi Open,2025-07-15,WTA250,Outdoor,Clay,1st Round,3,Avanesyan E.,Prisacariu A.,53.0,474.0,1090.0,108.0,6.0,3.0,6.0,3.0,,,2.0,0.0,Completed,1.1,6.0,1.11,7.78,1.11,7.78,1.09,6.86,,,20250715
33,Iasi,Iasi Open,2025-07-15,WTA250,Outdoor,Clay,1st Round,3,Burillo Escorihuela I.,Parrizas Diaz N.,251.0,101.0,291.0,742.0,5.0,7.0,7.0,5.0,4.0,1.0,1.0,1.0,Retired,2.5,1.53,2.52,1.56,2.9,1.56,2.67,1.45,,,20250715
33,Iasi,Iasi Open,2025-07-15,WTA250,Outdoor,Clay,1st Round,3,Cristian J.,Lodikova D.,51.0,415.0,1116.0,133.0,6.0,1.0,6.0,4.0,,,2.0,0.0,Completed,1.02,15.0,1.03,20.2,1.04,20.2,1.03,13.42,,,20250715
33,Iasi,Iasi Open,2025-07-15,WTA250,Outdoor,Clay,1st Round,3,Udvardy P.,Rouvroy M.,150.0,321.0,480.0,202.0,6.0,3.0,2.0,6.0,7.0,5.0,2.0,1.0,Completed,1.44,2.88,1.42,2.99,1.44,2.99,1.41,2.83,,,20250715
33,Iasi,Iasi Open,2025-07-15,WTA250,Outdoor,Clay,1st Round,3,Jones F.,Herrero Linana A.,104.0,358.0,712.0,169.0,6.0,3.0,6.0,2.0,,,2.0,0.0,Completed,1.08,8.0,1.09,8.89,1.1,8.89,1.07,7.85,,,20250715
33,Iasi,Iasi Open,2025-07-15,WTA250,Outdoor,Clay,1st Round,3,Cirstea S.,Buzarnescu M.,166.0,1350.0,432.0,5.0,6.0,2.0,6.0,2.0,,,2.0,0.0,Completed,1.1,7.0,1.1,8.51,1.1,8.51,1.08,7.41,,,20250715
33,Iasi,Iasi Open,2025-07-16,WTA250,Outdoor,Clay,2nd Round,3,Teichmann J.,Chwalinska M.,102.0,145.0,730.0,495.0,7.0,6.0,6.0,2.0,,,2.0,0.0,Completed,1.83,2.0,1.85,2.05,1.85,2.05,1.78,2.01,,,20250716
33,Iasi,Iasi Open,2025-07-16,WTA250,Outdoor,Clay,2nd Round,3,Siskova A.,Li A.,406.0,65.0,136.0,963.0,6.0,3.0,6.0,3.0,,,2.0,0.0,Completed,4.0,1.22,4.22,1.26,4.22,1.26,3.92,1.24,,,20250716
33,Iasi,Iasi Open,2025-07-17,WTA250,Outdoor,Clay,2nd Round,3,Udvardy P.,Jones F.,150.0,104.0,480.0,712.0,6.0,4.0,6.0,3.0,,,2.0,0.0,Completed,3.2,1.36,3.25,1.39,3.3,1.39,3.18,1.34,,,20250717
33,Iasi,Iasi Open,2025-07-17,WTA250,Outdoor,Clay,2nd Round,3,Carle M.,Avanesyan E.,124.0,53.0,603.0,1090.0,7.0,6.0,6.0,2.0,,,2.0,0.0,Completed,2.5,1.53,2.48,1.6,2.54,1.62,2.37,1.57,,,20250717
33,Iasi,Iasi Open,2025-07-17,WTA250,Outdoor,Clay,2nd Round,3,Waltert S.,Burillo Escorihuela I.,127.0,251.0,583.0,291.0,6.0,4.0,7.0,6.0,,,2.0,0.0,Completed,1.3,3.6,1.3,3.84,1.3,3.84,1.29,3.57,,,20250717
33,Iasi,Iasi Open,2025-07-17,WTA250,Outdoor,Clay,2nd Round,3,Cirstea S.,Gracheva V.,166.0,106.0,432.0,691.0,6.0,2.0,6.0,4.0,,,2.0,0.0,Completed,2.2,1.7,2.26,1.7,2.26,1.73,2.12,1.7,,,20250717
33,Iasi,Iasi Open,2025-07-17,WTA250,Outdoor,Clay,2nd Round,3,Begu I.,Jimenez Kasintseva V.,110.0,130.0,681.0,549.0,3.0,6.0,6.0,3.0,6.0,3.0,2.0,1.0,Completed,1.4,2.8,1.43,3.01,1.45,3.01,1.42,2.78,,,20250717
33,Iasi,Iasi Open,2025-07-17,WTA250,Outdoor,Clay,2nd Round,3,Cristian J.,Fett J.,51.0,151.0,1116.0,479.0,4.0,1.0,,,,,0.0,0.0,Retired,1.25,3.75,1.28,4.05,1.3,4.05,1.27,3.65,,,20250717
33,Iasi,Iasi Open,2025-07-18,WTA250,Outdoor,Clay,Quarterfinals,3,Teichmann J.,Waltert S.,102.0,127.0,730.0,583.0,5.0,7.0,6.0,1.0,7.0,5.0,2.0,1.0,Completed,2.0,1.75,2.1,1.81,2.1,1.85,1.97,1.81,,,20250718
33,Iasi,Iasi Open,2025-07-18,WTA250,Outdoor,Clay,Quarterfinals,3,Cirstea S.,Carle M.,166.0,124.0,432.0,603.0,6.0,1.0,6.0,4.0,,,2.0,0.0,Completed,1.44,2.88,1.45,2.94,1.45,3.2,1.4,2.91,,,20250718
33,Iasi,Iasi Open,2025-07-18,WTA250,Outdoor,Clay,Quarterfinals,3,Begu I.,Siskova A.,110.0,406.0,681.0,136.0,6.0,2.0,3.0,6.0,7.0,5.0,2.0,1.0,Completed,1.4,3.0,1.42,3.08,1.42,3.5,1.37,2.96,,,20250718
33,Iasi,Iasi Open,2025-07-18,WTA250,Outdoor,Clay,Quarterfinals,3,Cristian J.,Udvardy P.,51.0,150.0,1116.0,480.0,6.0,3.0,6.0,4.0,,,2.0,0.0,Completed,1.5,2.63,1.5,2.77,1.5,2.8,1.44,2.74,,,20250718
33,Iasi,Iasi Open,2025-07-19,WTA250,Outdoor,Clay,Semifinals,3,Teichmann J.,Cirstea S.,102.0,166.0,730.0,432.0,6.0,4.0,6.0,3.0,,,2.0,0.0,Completed,2.8,1.45,2.72,1.52,2.8,1.52,2.7,1.45,,,20250719
33,Iasi,Iasi Open,2025-07-19,WTA250,Outdoor,Clay,Semifinals,3,Begu I.,Cristian J.,110.0,51.0,681.0,1116.0,6.0,4.0,6.0,4.0,,,2.0,0.0,Completed,2.3,1.67,2.49,1.61,2.49,1.67,2.27,1.62,,,20250719
33,Iasi,Iasi Open,2025-07-20,WTA250,Outdoor,Clay,The Final,3,Begu I.,Teichmann J.,110.0,102.0,681.0,730.0,6.0,0.0,7.0,5.0,,,2.0,0.0,Completed,1.62,2.3,1.73,2.25,1.73,2.3,1.65,2.2,,,20250720
34,Prague,Prague Open,2025-07-21,WTA250,Outdoor,Hard,1st Round,3,Parks A.,Hontama M.,58.0,193.0,993.0,382.0,6.0,4.0,6.0,2.0,,,2.0,0.0,Completed,2.05,1.7,2.26,1.69,2.26,1.72,2.13,1.68,,,20250721
34,Prague,Prague Open,2025-07-21,WTA250,Outdoor,Hard,1st Round,3,Bouzkova M.,Gao X.,47.0,155.0,1176.0,474.0,6.0,0.0,6.0,2.0,,,2.0,0.0,Completed,1.2,4.33,1.23,4.56,1.23,5.0,1.2,4.45,,,20250721
34,Prague,Prague Open,2025-07-21,WTA250,Outdoor,Hard,1st Round,3,Li A.,Sharma A.,67.0,148.0,939.0,496.0,7.0,6.0,6.0,3.0,,,2.0,0.0,Completed,1.4,3.0,1.43,3.0,1.43,3.0,1.4,2.91,,,20250721
34,Prague,Prague Open,2025-07-21,WTA250,Outdoor,Hard,1st Round,3,Bejlek S.,Uchijima M.,120.0,73.0,622.0,884.0,7.0,5.0,6.0,2.0,,,2.0,0.0,Completed,1.62,2.3,1.66,2.31,1.67,2.38,1.61,2.27,,,20250721
34,Prague,Prague Open,2025-07-21,WTA250,Outdoor,Hard,1st Round,3,Stefanini L.,Tomova V.,151.0,104.0,486.0,720.0,6.0,1.0,7.0,6.0,,,2.0,0.0,Completed,2.5,1.53,2.59,1.54,2.59,1.54,2.49,1.51,,,20250721
34,Prague,Prague Open,2025-07-21,WTA250,Outdoor,Hard,1st Round,3,Cocciaretto E.,Golubic V.,77.0,87.0,860.0,819.0,6.0,2.0,6.0,3.0,,,2.0,0.0,Completed,1.53,2.5,1.54,2.59,1.54,2.6,1.52,2.5,,,20250721
34,Prague,Prague Open,2025-07-21,WTA250,Outdoor,Hard,1st Round,3,Sramkova R.,Maleckova J.,34.0,589.0,1387.0,72.0,6.0,3.0,4.0,6.0,6.0,4.0,2.0,1.0,Completed,1.17,5.0,1.15,6.09,1.17,6.09,1.15,5.24,,,20250721
34,Prague,Prague Open,2025-07-22,WTA250,Outdoor,Hard,1st Round,3,Salkova D.,Samson L.,184.0,248.0,401.0,298.0,6.0,3.0,6.0,3.0,,,2.0,0.0,Completed,1.67,2.25,1.68,2.27,1.68,2.3,1.63,2.25,,,20250722
34,Prague,Prague Open,2025-07-22,WTA250,Outdoor,Hard,1st Round,3,Palicova B.,Hon P.,179.0,129.0,405.0,571.0,6.0,2.0,3.0,6.0,6.0,3.0,2.0,1.0,Completed,2.4,1.57,2.56,1.56,2.56,1.57,2.43,1.54,,,20250722
34,Prague,Prague Open,2025-07-22,WTA250,Outdoor,Hard,1st Round,3,Ponchet J.,Stojanovic N.,162.0,163.0,461.0,460.0,4.0,6.0,7.0,5.0,6.0,1.0,2.0,1.0,Completed,2.2,1.67,2.25,1.7,2.25,1.73,2.15,1.68,,,20250722
34,Prague,Prague Open,2025-07-22,WTA250,Outdoor,Hard,1st Round,3,Valentova T.,Ito A.,106.0,105.0,695.0,715.0,6.0,2.0,6.0,0.0,,,2.0,0.0,Completed,1.2,4.33,1.27,4.03,1.27,4.5,1.22,4.22,,,20250722
34,Prague,Prague Open,2025-07-22,WTA250,Outdoor,Hard,1st Round,3,Wang Xin.,Dart H.,40.0,198.0,1300.0,366.0,6.0,3.0,6.0,3.0,,,2.0,0.0,Completed,1.25,4.0,1.28,3.94,1.3,4.2,1.25,3.88,,,20250722
34,Prague,Prague Open,2025-07-22,WTA250,Outdoor,Hard,1st Round,3,Jeanjean L.,Parrizas Diaz N.,99.0,100.0,744.0,742.0,6.0,3.0,2.0,0.0,,,1.0,0.0,Retired,1.67,2.2,1.68,2.27,1.68,2.33,1.61,2.26,,,20250722
34,Prague,Prague Open,2025-07-22,WTA250,Outdoor,Hard,1st Round,3,Siniakova K.,Ruse E.G.,86.0,56.0,819.0,998.0,7.0,5.0,6.0,2.0,,,2.0,0.0,Completed,1.75,2.1,1.8,2.09,1.81,2.1,1.76,2.04,,,20250722
34,Prague,Prague Open,2025-07-22,WTA250,Outdoor,Hard,1st Round,3,Havlickova L.,Kovackova A.,838.0,773.0,31.0,39.0,7.0,5.0,6.0,1.0,,,2.0,0.0,Completed,1.9,1.91,1.87,2.0,1.9,2.0,1.85,1.92,,,20250722
34,Prague,Prague Open,2025-07-22,WTA250,Outdoor,Hard,1st Round,3,Noskova L.,Gasanova A.,23.0,249.0,1867.0,298.0,7.0,6.0,7.0,6.0,,,2.0,0.0,Completed,1.06,9.0,1.06,11.42,1.06,13.0,1.05,9.76,,,20250722
34,Prague,Prague Open,2025-07-23,WTA250,Outdoor,Hard,2nd Round,3,Ponchet J.,Palicova B.,162.0,179.0,461.0,405.0,6.0,1.0,7.0,5.0,,,2.0,0.0,Completed,1.85,1.95,1.89,1.98,1.91,1.98,1.84,1.94,,,20250723
34,Prague,Prague Open,2025-07-23,WTA250,Outdoor,Hard,2nd Round,3,Valentova T.,Sramkova R.,106.0,34.0,695.0,1387.0,7.0,6.0,7.0,5.0,,,2.0,0.0,Completed,1.36,3.2,1.35,3.39,1.45,3.39,1.37,3.06,,,20250723
34,Prague,Prague Open,2025-07-23,WTA250,Outdoor,Hard,2nd Round,3,Li A.,Jeanjean L.,67.0,99.0,939.0,744.0,6.0,4.0,6.0,3.0,,,2.0,0.0,Completed,1.36,3.0,1.56,2.56,1.56,3.0,1.5,2.55,,,20250723
34,Prague,Prague Open,2025-07-23,WTA250,Outdoor,Hard,2nd Round,3,Bouzkova M.,Stefanini L.,47.0,151.0,1176.0,486.0,6.0,4.0,6.0,4.0,,,2.0,0.0,Completed,1.1,7.0,1.11,7.56,1.11,8.0,1.08,7.43,,,20250723
34,Prague,Prague Open,2025-07-23,WTA250,Outdoor,Hard,2nd Round,3,Siniakova K.,Salkova D.,86.0,184.0,819.0,401.0,7.0,6.0,6.0,3.0,,,2.0,0.0,Completed,1.29,3.75,1.3,3.78,1.3,3.78,1.29,3.61,,,20250723
34,Prague,Prague Open,2025-07-23,WTA250,Outdoor,Hard,2nd Round,3,Wang Xin.,Havlickova L.,40.0,838.0,1300.0,31.0,3.0,6.0,7.0,5.0,7.0,6.0,2.0,1.0,Completed,1.13,5.5,1.19,5.19,1.19,5.5,1.17,4.98,,,20250723
34,Prague,Prague Open,2025-07-23,WTA250,Outdoor,Hard,2nd Round,3,Noskova L.,Cocciaretto E.,23.0,77.0,1867.0,860.0,6.0,2.0,6.0,4.0,,,2.0,0.0,Completed,1.53,2.4,1.45,2.92,1.53,2.92,1.45,2.71,,,20250723
34,Prague,Prague Open,2025-07-23,WTA250,Outdoor,Hard,2nd Round,3,Bejlek S.,Parks A.,120.0,58.0,622.0,993.0,7.0,6.0,6.0,3.0,,,2.0,0.0,Completed,1.5,2.63,1.54,2.61,1.54,2.7,1.48,2.63,,,20250723
34,Prague,Prague Open,2025-07-24,WTA250,Outdoor,Hard,Quarterfinals,3,Valentova T.,Ponchet J.,106.0,162.0,695.0,461.0,6.0,2.0,6.0,0.0,,,2.0,0.0,Completed,1.15,5.5,1.15,6.36,1.16,6.36,1.15,5.41,,,20250724
34,Prague,Prague Open,2025-07-24,WTA250,Outdoor,Hard,Quarterfinals,3,Bouzkova M.,Li A.,47.0,67.0,1176.0,939.0,3.0,6.0,6.0,3.0,6.0,3.0,2.0,1.0,Completed,1.5,2.63,1.44,3.0,1.5,3.0,1.46,2.67,,,20250724
34,Prague,Prague Open,2025-07-24,WTA250,Outdoor,Hard,Quarterfinals,3,Noskova L.,Siniakova K.,23.0,86.0,1867.0,819.0,6.0,2.0,4.0,6.0,6.0,3.0,2.0,1.0,Completed,1.45,2.7,1.46,2.91,1.5,2.91,1.47,2.65,,,20250724
34,Prague,Prague Open,2025-07-25,WTA250,Outdoor,Hard,Quarterfinals,3,Wang Xin.,Bejlek S.,40.0,120.0,1300.0,622.0,6.0,4.0,6.0,1.0,,,2.0,0.0,Completed,1.75,2.1,1.73,2.2,1.75,2.2,1.73,2.08,,,20250725
34,Prague,Prague Open,2025-07-25,WTA250,Outdoor,Hard,Semifinals,3,Bouzkova M.,Valentova T.,47.0,106.0,1176.0,695.0,6.0,4.0,7.0,5.0,,,2.0,0.0,Completed,2.3,1.62,2.43,1.62,2.43,1.62,2.37,1.56,,,20250725
34,Prague,Prague Open,2025-07-25,WTA250,Outdoor,Hard,Semifinals,3,Noskova L.,Wang Xin.,23.0,40.0,1867.0,1300.0,6.0,4.0,6.0,1.0,,,2.0,0.0,Completed,1.4,2.8,1.41,3.08,1.44,3.08,1.41,2.85,,,20250725
34,Prague,Prague Open,2025-07-26,WTA250,Outdoor,Hard,The Final,3,Bouzkova M.,Noskova L.,47.0,23.0,1176.0,1867.0,2.0,6.0,6.0,1.0,6.0,3.0,2.0,1.0,Completed,2.6,1.5,2.99,1.45,2.99,1.52,2.64,1.47,,,20250726
35,Washington,Citi Open,2025-07-21,WTA500,Outdoor,Hard,1st Round,3,Mboko V.,Potapova A.,88.0,42.0,811.0,1251.0,6.0,2.0,6.0,4.0,,,2.0,0.0,Completed,1.6,2.38,1.59,2.46,1.64,2.46,1.58,2.33,,,20250721
35,Washington,Citi Open,2025-07-21,WTA500,Outdoor,Hard,1st Round,3,Fernandez L.A.,Joint M.,36.0,38.0,1350.0,1309.0,6.0,3.0,6.0,3.0,,,2.0,0.0,Completed,2.1,1.75,2.16,1.75,2.16,1.82,2.04,1.75,,,20250721
35,Washington,Citi Open,2025-07-21,WTA500,Outdoor,Hard,1st Round,3,Sakkari M.,Boulter K.,90.0,41.0,794.0,1278.0,6.0,3.0,6.0,4.0,,,2.0,0.0,Completed,1.8,2.05,1.82,2.06,1.83,2.06,1.79,1.99,,,20250721
35,Washington,Citi Open,2025-07-21,WTA500,Outdoor,Hard,1st Round,3,Frech M.,Starodubtseva Y.,24.0,74.0,1821.0,875.0,6.0,2.0,6.0,4.0,,,2.0,0.0,Completed,1.9,1.91,1.92,1.95,1.92,1.95,1.88,1.89,,,20250721
35,Washington,Citi Open,2025-07-22,WTA500,Outdoor,Hard,1st Round,3,Linette M.,Collins D.,28.0,63.0,1594.0,952.0,7.0,5.0,6.0,4.0,,,2.0,0.0,Completed,3.0,1.4,3.08,1.41,3.08,1.41,2.96,1.39,,,20250722
35,Washington,Citi Open,2025-07-22,WTA500,Outdoor,Hard,1st Round,3,Townsend T.,Maria T.,97.0,37.0,752.0,1320.0,6.0,4.0,7.0,5.0,,,2.0,0.0,Completed,1.4,3.0,1.42,3.05,1.44,3.1,1.39,2.97,,,20250722
35,Washington,Citi Open,2025-07-22,WTA500,Outdoor,Hard,1st Round,3,Dolehide C.,Kessler M.,57.0,31.0,997.0,1455.0,7.0,6.0,5.0,7.0,6.0,3.0,2.0,1.0,Completed,2.38,1.6,2.45,1.6,2.45,1.63,2.31,1.59,,,20250722
35,Washington,Citi Open,2025-07-22,WTA500,Outdoor,Hard,1st Round,3,Kenin S.,Baptiste H.,26.0,50.0,1678.0,1156.0,6.0,3.0,7.0,6.0,,,2.0,0.0,Completed,1.57,2.3,1.62,2.41,1.62,2.41,1.58,2.32,,,20250722
35,Washington,Citi Open,2025-07-22,WTA500,Outdoor,Hard,1st Round,3,Kalinskaya A.,Rakhimova K.,48.0,66.0,1172.0,941.0,6.0,2.0,6.0,3.0,,,2.0,0.0,Completed,1.6,2.38,1.62,2.41,1.67,2.41,1.6,2.29,,,20250722
35,Washington,Citi Open,2025-07-22,WTA500,Outdoor,Hard,1st Round,3,Raducanu E.,Kostyuk M.,46.0,27.0,1211.0,1616.0,7.0,6.0,6.0,4.0,,,2.0,0.0,Completed,1.62,2.3,1.65,2.35,1.65,2.5,1.59,2.32,,,20250722
35,Washington,Citi Open,2025-07-22,WTA500,Outdoor,Hard,1st Round,3,Osaka N.,Putintseva Y.,51.0,43.0,1154.0,1225.0,6.0,2.0,7.0,5.0,,,2.0,0.0,Completed,1.33,3.2,1.34,3.44,1.36,3.5,1.33,3.27,,,20250722
35,Washington,Citi Open,2025-07-23,WTA500,Outdoor,Hard,1st Round,3,Williams V.,Stearns P.,,35.0,,1386.0,6.0,3.0,6.0,4.0,,,2.0,0.0,Completed,10.0,1.05,12.09,1.06,12.09,1.06,10.69,1.04,,,20250723
35,Washington,Citi Open,2025-07-23,WTA500,Outdoor,Hard,2nd Round,3,Kalinskaya A.,Linette M.,48.0,28.0,1172.0,1594.0,6.0,4.0,6.0,0.0,,,2.0,0.0,Completed,1.67,2.1,1.79,2.08,1.79,2.1,1.71,2.09,,,20250723
35,Washington,Citi Open,2025-07-23,WTA500,Outdoor,Hard,2nd Round,3,Tauson C.,Dolehide C.,19.0,57.0,2292.0,997.0,3.0,6.0,7.0,5.0,6.0,4.0,2.0,1.0,Completed,1.5,2.6,1.49,2.76,1.5,2.76,1.49,2.59,,,20250723
35,Washington,Citi Open,2025-07-23,WTA500,Outdoor,Hard,2nd Round,3,Sakkari M.,Navarro E.,90.0,11.0,794.0,3420.0,7.0,5.0,7.0,6.0,,,2.0,0.0,Completed,2.4,1.57,2.52,1.57,2.52,1.57,2.4,1.55,,,20250723
35,Washington,Citi Open,2025-07-24,WTA500,Outdoor,Hard,2nd Round,3,Rybakina E.,Mboko V.,12.0,88.0,2806.0,811.0,6.0,3.0,7.0,5.0,,,2.0,0.0,Completed,1.36,3.0,1.41,3.1,1.41,3.45,1.34,3.14,,,20250724
35,Washington,Citi Open,2025-07-24,WTA500,Outdoor,Hard,2nd Round,3,Raducanu E.,Osaka N.,46.0,51.0,1211.0,1154.0,6.0,4.0,6.0,2.0,,,2.0,0.0,Completed,1.8,2.0,1.78,2.13,1.82,2.13,1.77,2.01,,,20250724
35,Washington,Citi Open,2025-07-24,WTA500,Outdoor,Hard,2nd Round,3,Townsend T.,Kenin S.,97.0,26.0,752.0,1678.0,6.0,3.0,6.0,0.0,,,2.0,0.0,Completed,2.4,1.53,2.81,1.47,2.81,1.53,2.66,1.45,,,20250724
35,Washington,Citi Open,2025-07-24,WTA500,Outdoor,Hard,2nd Round,3,Fernandez L.A.,Pegula J.,36.0,4.0,1350.0,6423.0,6.0,3.0,1.0,6.0,7.0,5.0,2.0,1.0,Completed,3.0,1.4,3.07,1.41,3.07,1.44,2.91,1.4,,,20250724
35,Washington,Citi Open,2025-07-25,WTA500,Outdoor,Hard,2nd Round,3,Frech M.,Williams V.,24.0,,1821.0,,6.0,2.0,6.0,2.0,,,2.0,0.0,Completed,1.29,3.75,1.33,3.56,1.33,4.0,1.28,3.65,,,20250725
35,Washington,Citi Open,2025-07-25,WTA500,Outdoor,Hard,Quarterfinals,3,Raducanu E.,Sakkari M.,46.0,90.0,1211.0,794.0,6.0,4.0,7.0,5.0,,,2.0,0.0,Completed,1.4,3.0,1.42,3.05,1.42,3.1,1.38,2.98,,,20250725
35,Washington,Citi Open,2025-07-25,WTA500,Outdoor,Hard,Quarterfinals,3,Fernandez L.A.,Townsend T.,36.0,97.0,1350.0,752.0,6.0,4.0,7.0,6.0,,,2.0,0.0,Completed,1.62,2.3,1.65,2.38,1.68,2.38,1.64,2.22,,,20250725
35,Washington,Citi Open,2025-07-25,WTA500,Outdoor,Hard,Quarterfinals,3,Rybakina E.,Frech M.,12.0,24.0,2806.0,1821.0,6.0,3.0,6.0,3.0,,,2.0,0.0,Completed,1.2,4.5,1.19,5.29,1.2,5.5,1.17,4.89,,,20250725
35,Washington,Citi Open,2025-07-26,WTA500,Outdoor,Hard,Quarterfinals,3,Kalinskaya A.,Tauson C.,48.0,19.0,1172.0,2292.0,6.0,3.0,7.0,5.0,,,2.0,0.0,Completed,1.8,2.05,1.83,2.08,1.83,2.08,1.78,2.0,,,20250726
35,Washington,Citi Open,2025-07-26,WTA500,Outdoor,Hard,Semifinals,3,Fernandez L.A.,Rybakina E.,36.0,12.0,1350.0,2806.0,6.0,7.0,7.0,6.0,7.0,6.0,2.0,1.0,Completed,3.75,1.29,3.93,1.29,4.0,1.29,3.79,1.25,,,20250726
35,Washington,Citi Open,2025-07-26,WTA500,Outdoor,Hard,Semifinals,3,Kalinskaya A.,Raducanu E.,48.0,46.0,1172.0,1211.0,6.0,4.0,6.0,3.0,,,2.0,0.0,Completed,2.2,1.67,2.15,1.78,2.3,1.78,2.15,1.69,,,20250726
35,Washington,Citi Open,2025-07-27,WTA500,Outdoor,Hard,The Final,3,Fernandez L.A.,Kalinskaya A.,36.0,48.0,1350.0,1172.0,6.0,1.0,6.0,2.0,,,2.0,0.0,Completed,2.3,1.62,2.37,1.66,2.37,1.66,2.28,1.61,,,20250727
36,Montreal,Canadian Open,2025-07-27,WTA1000,Outdoor,Hard,1st Round,3,Ito A.,Volynets K.,110.0,108.0,678.0,684.0,6.0,2.0,2.0,6.0,6.0,2.0,2.0,1.0,Completed,2.75,1.45,2.76,1.49,2.85,1.49,2.72,1.44,,,20250727
36,Montreal,Canadian Open,2025-07-27,WTA1000,Outdoor,Hard,1st Round,3,Cristian J.,Stakusic M.,52.0,144.0,1108.0,512.0,2.0,6.0,6.0,2.0,6.0,2.0,2.0,1.0,Completed,1.33,3.25,1.28,3.94,1.33,3.94,1.29,3.5,,,20250727
36,Montreal,Canadian Open,2025-07-27,WTA1000,Outdoor,Hard,1st Round,3,Lamens S.,Kudermetova P.,64.0,56.0,938.0,988.0,6.0,3.0,4.0,6.0,6.0,2.0,2.0,1.0,Completed,1.57,2.4,1.6,2.44,1.6,2.44,1.57,2.35,,,20250727
36,Montreal,Canadian Open,2025-07-27,WTA1000,Outdoor,Hard,1st Round,3,Bouzas Maneiro J.,Chirico L.,51.0,154.0,1126.0,477.0,5.0,7.0,7.0,5.0,6.0,4.0,2.0,1.0,Completed,1.3,3.6,1.32,3.68,1.32,3.75,1.3,3.52,,,20250727
36,Montreal,Canadian Open,2025-07-27,WTA1000,Outdoor,Hard,1st Round,3,Vondrousova M.,Eala A.,63.0,65.0,943.0,936.0,3.0,6.0,6.0,1.0,6.0,2.0,2.0,1.0,Completed,1.45,2.63,1.44,2.97,1.45,2.97,1.42,2.81,,,20250727
36,Montreal,Canadian Open,2025-07-27,WTA1000,Outdoor,Hard,1st Round,3,Zhu L.,Gracheva V.,493.0,106.0,101.0,691.0,6.0,4.0,7.0,6.0,,,2.0,0.0,Completed,2.8,1.4,3.01,1.44,3.01,1.44,2.9,1.4,,,20250727
36,Montreal,Canadian Open,2025-07-27,WTA1000,Outdoor,Hard,1st Round,3,Mboko V.,Birrell K.,85.0,79.0,836.0,863.0,7.0,5.0,6.0,3.0,,,2.0,0.0,Completed,1.3,3.6,1.31,3.78,1.31,3.8,1.26,3.71,,,20250727
36,Montreal,Canadian Open,2025-07-27,WTA1000,Outdoor,Hard,1st Round,3,Kudermetova V.,Bucsa C.,42.0,96.0,1308.0,773.0,5.0,7.0,6.0,2.0,7.0,5.0,2.0,1.0,Completed,1.6,2.25,1.54,2.62,1.62,2.62,1.57,2.35,,,20250727
36,Montreal,Canadian Open,2025-07-27,WTA1000,Outdoor,Hard,1st Round,3,Osorio M.,Pera B.,57.0,115.0,970.0,657.0,6.0,3.0,7.0,5.0,,,2.0,0.0,Completed,1.67,2.2,1.71,2.24,1.71,2.25,1.66,2.19,,,20250727
36,Montreal,Canadian Open,2025-07-27,WTA1000,Outdoor,Hard,1st Round,3,Collins D.,Tomova V.,61.0,105.0,952.0,693.0,6.0,3.0,7.0,5.0,,,2.0,0.0,Completed,1.18,5.0,1.2,5.2,1.2,5.2,1.19,4.61,,,20250727
36,Montreal,Canadian Open,2025-07-28,WTA1000,Outdoor,Hard,1st Round,3,Andreescu B.,Krejcikova B.,187.0,80.0,391.0,854.0,6.0,3.0,6.0,4.0,,,2.0,0.0,Completed,1.67,2.25,1.68,2.3,1.73,2.3,1.64,2.22,,,20250728
36,Montreal,Canadian Open,2025-07-28,WTA1000,Outdoor,Hard,1st Round,3,Baptiste H.,Osuigwe W.,50.0,149.0,1156.0,492.0,7.0,5.0,6.0,1.0,,,2.0,0.0,Completed,1.17,4.75,1.17,5.68,1.18,5.68,1.16,5.13,,,20250728
36,Montreal,Canadian Open,2025-07-28,WTA1000,Outdoor,Hard,1st Round,3,Marino R.,Jacquemot E.,123.0,100.0,621.0,746.0,7.0,6.0,6.0,1.0,,,2.0,0.0,Completed,2.8,1.44,2.95,1.45,3.0,1.45,2.84,1.42,,,20250728
36,Montreal,Canadian Open,2025-07-28,WTA1000,Outdoor,Hard,1st Round,3,Guo H.,Putintseva Y.,259.0,46.0,283.0,1225.0,6.0,3.0,6.0,3.0,,,2.0,0.0,Completed,4.5,1.18,4.8,1.22,4.8,1.22,4.35,1.21,,,20250728
36,Montreal,Canadian Open,2025-07-28,WTA1000,Outdoor,Hard,1st Round,3,Siegemund L.,Maria T.,54.0,41.0,1064.0,1320.0,7.0,5.0,6.0,7.0,7.0,6.0,2.0,1.0,Completed,1.45,2.8,1.51,2.71,1.51,2.8,1.45,2.68,,,20250728
36,Montreal,Canadian Open,2025-07-28,WTA1000,Outdoor,Hard,1st Round,3,Starodubtseva Y.,Wang Y.,73.0,145.0,899.0,509.0,6.0,7.0,6.0,4.0,6.0,4.0,2.0,1.0,Completed,1.57,2.3,1.58,2.52,1.63,2.52,1.6,2.29,,,20250728
36,Montreal,Canadian Open,2025-07-28,WTA1000,Outdoor,Hard,1st Round,3,Rakhimova K.,Cross K.,62.0,262.0,946.0,279.0,4.0,6.0,6.0,3.0,6.0,2.0,2.0,1.0,Completed,1.15,5.5,1.17,5.71,1.17,6.0,1.14,5.43,,,20250728
36,Montreal,Canadian Open,2025-07-28,WTA1000,Outdoor,Hard,1st Round,3,Blinkova A.,Dolehide C.,81.0,55.0,853.0,1057.0,6.0,4.0,6.0,1.0,,,2.0,0.0,Completed,2.6,1.5,2.77,1.5,2.77,1.5,2.66,1.47,,,20250728
36,Montreal,Canadian Open,2025-07-28,WTA1000,Outdoor,Hard,1st Round,3,Raducanu E.,Ruse E.G.,33.0,58.0,1405.0,969.0,6.0,2.0,6.0,4.0,,,2.0,0.0,Completed,1.36,3.2,1.34,3.55,1.36,3.55,1.34,3.15,,,20250728
36,Montreal,Canadian Open,2025-07-28,WTA1000,Outdoor,Hard,1st Round,3,Lys E.,Jeanjean L.,69.0,98.0,924.0,754.0,6.0,1.0,6.0,4.0,,,2.0,0.0,Completed,1.6,2.38,1.67,2.32,1.67,2.5,1.57,2.36,,,20250728
36,Montreal,Canadian Open,2025-07-28,WTA1000,Outdoor,Hard,1st Round,3,Bouzkova M.,Uchijima M.,39.0,76.0,1372.0,884.0,6.0,2.0,7.0,6.0,,,2.0,0.0,Completed,1.36,3.0,1.33,3.59,1.36,3.59,1.33,3.24,,,20250728
36,Montreal,Canadian Open,2025-07-28,WTA1000,Outdoor,Hard,1st Round,3,Sun L.,Cirstea S.,97.0,138.0,770.0,530.0,6.0,3.0,7.0,5.0,,,2.0,0.0,Completed,2.8,1.44,2.86,1.47,3.0,1.48,2.71,1.44,,,20250728
36,Montreal,Canadian Open,2025-07-28,WTA1000,Outdoor,Hard,1st Round,3,Osaka N.,Arseneault A.,49.0,515.0,1214.0,95.0,6.0,4.0,6.0,2.0,,,2.0,0.0,Completed,1.04,12.0,1.04,17.98,1.04,17.98,1.03,13.84,,,20250728
36,Montreal,Canadian Open,2025-07-28,WTA1000,Outdoor,Hard,1st Round,3,Zarazua R.,Boulter K.,68.0,43.0,926.0,1278.0,6.0,1.0,7.0,5.0,,,2.0,0.0,Completed,3.25,1.33,3.34,1.37,3.34,1.37,3.15,1.34,,,20250728
36,Montreal,Canadian Open,2025-07-28,WTA1000,Outdoor,Hard,1st Round,3,Bronzetti L.,Mandlik E.,66.0,205.0,935.0,347.0,4.0,6.0,7.0,6.0,6.0,2.0,2.0,1.0,Completed,1.6,2.38,1.62,2.44,1.62,2.44,1.59,2.3,,,20250728
36,Montreal,Canadian Open,2025-07-28,WTA1000,Outdoor,Hard,1st Round,3,Sevastova A.,Tomljanovic A.,386.0,88.0,150.0,826.0,6.0,3.0,3.0,6.0,6.0,4.0,2.0,1.0,Completed,2.7,1.45,2.76,1.5,2.76,1.5,2.61,1.48,,,20250728
36,Montreal,Canadian Open,2025-07-29,WTA1000,Outdoor,Hard,1st Round,3,Bouchard E.,Arango E.,,82.0,,853.0,6.0,4.0,2.0,6.0,6.0,2.0,2.0,1.0,Completed,3.75,1.25,3.81,1.3,3.81,1.33,3.46,1.3,,,20250729
36,Montreal,Canadian Open,2025-07-29,WTA1000,Outdoor,Hard,1st Round,3,Ruzic A.,Potapova A.,94.0,44.0,785.0,1251.0,2.0,6.0,7.0,5.0,6.0,0.0,2.0,1.0,Completed,2.1,1.75,2.39,1.64,2.39,1.75,2.13,1.7,,,20250729
36,Montreal,Canadian Open,2025-07-29,WTA1000,Outdoor,Hard,1st Round,3,Sakkari M.,Branstine C.,72.0,191.0,901.0,387.0,6.0,2.0,3.0,6.0,7.0,5.0,2.0,1.0,Completed,1.36,3.0,1.34,3.51,1.36,3.75,1.32,3.37,,,20250729
36,Montreal,Canadian Open,2025-07-29,WTA1000,Outdoor,Hard,1st Round,3,McNally C.,Parks A.,116.0,74.0,637.0,892.0,6.0,4.0,5.0,7.0,7.0,6.0,2.0,1.0,Completed,1.45,2.8,1.4,3.17,1.45,3.17,1.44,2.75,,,20250729
36,Montreal,Canadian Open,2025-07-29,WTA1000,Outdoor,Hard,1st Round,3,Kalinskaya A.,Li A.,31.0,59.0,1487.0,963.0,7.0,6.0,0.0,6.0,6.0,3.0,2.0,1.0,Completed,1.45,2.7,1.43,3.05,1.45,3.05,1.41,2.83,,,20250729
36,Montreal,Canadian Open,2025-07-29,WTA1000,Outdoor,Hard,1st Round,3,Joint M.,Fernandez L.A.,45.0,24.0,1248.0,1818.0,6.0,4.0,6.0,1.0,,,2.0,0.0,Completed,2.63,1.45,2.53,1.58,2.63,1.58,2.45,1.53,,,20250729
36,Montreal,Canadian Open,2025-07-29,WTA1000,Outdoor,Hard,2nd Round,3,Kasatkina D.,Blinkova A.,18.0,81.0,2361.0,853.0,6.0,1.0,6.0,4.0,,,2.0,0.0,Completed,1.6,2.38,1.59,2.5,1.6,2.5,1.57,2.36,,,20250729
36,Montreal,Canadian Open,2025-07-29,WTA1000,Outdoor,Hard,2nd Round,3,Navarro E.,Marino R.,11.0,123.0,3420.0,621.0,6.0,1.0,6.0,2.0,,,2.0,0.0,Completed,1.15,5.5,1.16,5.95,1.16,5.95,1.14,5.36,,,20250729
36,Montreal,Canadian Open,2025-07-29,WTA1000,Outdoor,Hard,2nd Round,3,Yastremska D.,Osorio M.,35.0,57.0,1394.0,970.0,3.0,6.0,7.0,6.0,6.0,2.0,2.0,1.0,Completed,1.5,2.63,1.57,2.55,1.57,2.7,1.48,2.61,,,20250729
36,Montreal,Canadian Open,2025-07-29,WTA1000,Outdoor,Hard,2nd Round,3,Kostyuk M.,Vondrousova M.,28.0,63.0,1616.0,943.0,2.0,6.0,6.0,3.0,6.0,2.0,2.0,1.0,Completed,2.38,1.6,2.31,1.68,2.38,1.68,2.27,1.61,,,20250729
36,Montreal,Canadian Open,2025-07-29,WTA1000,Outdoor,Hard,2nd Round,3,Cristian J.,Noskova L.,52.0,23.0,1108.0,1932.0,6.0,3.0,6.0,4.0,,,2.0,0.0,Completed,3.0,1.4,3.09,1.42,3.09,1.42,2.94,1.4,,,20250729
36,Montreal,Canadian Open,2025-07-29,WTA1000,Outdoor,Hard,2nd Round,3,Ito A.,Paolini J.,110.0,9.0,678.0,3576.0,2.0,6.0,7.0,5.0,7.0,6.0,2.0,1.0,Completed,5.5,1.15,5.98,1.16,6.0,1.16,5.72,1.14,,,20250729
36,Montreal,Canadian Open,2025-07-29,WTA1000,Outdoor,Hard,2nd Round,3,Andreeva M.,Andreescu B.,5.0,187.0,4914.0,391.0,,,,,,,,,Walkover,1.22,4.33,1.23,4.58,1.23,5.0,1.2,4.47,,,20250729
36,Montreal,Canadian Open,2025-07-29,WTA1000,Outdoor,Hard,2nd Round,3,Kudermetova V.,Danilovic O.,42.0,40.0,1308.0,1325.0,6.0,4.0,6.0,2.0,,,2.0,0.0,Completed,1.8,2.05,1.8,2.11,1.8,2.11,1.78,2.01,,,20250729
36,Montreal,Canadian Open,2025-07-29,WTA1000,Outdoor,Hard,2nd Round,3,Bouzas Maneiro J.,Krueger A.,51.0,29.0,1126.0,1544.0,6.0,4.0,6.0,4.0,,,2.0,0.0,Completed,2.25,1.6,2.38,1.65,2.38,1.65,2.27,1.61,,,20250729
36,Montreal,Canadian Open,2025-07-29,WTA1000,Outdoor,Hard,2nd Round,3,Bouzkova M.,Shnaider D.,39.0,17.0,1372.0,2526.0,6.0,2.0,7.0,6.0,,,2.0,0.0,Completed,2.0,1.73,2.18,1.75,2.2,1.75,2.13,1.69,,,20250729
36,Montreal,Canadian Open,2025-07-29,WTA1000,Outdoor,Hard,2nd Round,3,Zhu L.,Alexandrova E.,493.0,15.0,101.0,2666.0,1.0,6.0,6.0,2.0,6.0,4.0,2.0,1.0,Completed,6.0,1.13,6.28,1.15,7.0,1.15,6.16,1.12,,,20250729
36,Montreal,Canadian Open,2025-07-29,WTA1000,Outdoor,Hard,2nd Round,3,Rybakina E.,Baptiste H.,12.0,50.0,2893.0,1156.0,6.0,4.0,6.0,3.0,,,2.0,0.0,Completed,1.2,4.5,1.24,4.51,1.24,4.51,1.2,4.42,,,20250729
36,Montreal,Canadian Open,2025-07-30,WTA1000,Outdoor,Hard,2nd Round,3,Gauff C.,Collins D.,2.0,61.0,7669.0,952.0,7.0,5.0,4.0,6.0,7.0,6.0,2.0,1.0,Completed,1.3,3.5,1.33,3.61,1.33,3.75,1.29,3.53,,,20250730
36,Montreal,Canadian Open,2025-07-30,WTA1000,Outdoor,Hard,2nd Round,3,Lamens S.,Haddad Maia B.,64.0,21.0,938.0,2129.0,6.0,2.0,1.0,6.0,6.0,3.0,2.0,1.0,Completed,2.5,1.5,2.58,1.56,2.58,1.56,2.48,1.52,,,20250730
36,Montreal,Canadian Open,2025-07-30,WTA1000,Outdoor,Hard,2nd Round,3,Mboko V.,Kenin S.,85.0,27.0,836.0,1708.0,6.0,2.0,6.0,3.0,,,2.0,0.0,Completed,1.62,2.3,1.62,2.43,1.62,2.43,1.59,2.31,,,20250730
36,Montreal,Canadian Open,2025-07-30,WTA1000,Outdoor,Hard,2nd Round,3,Sevastova A.,Linette M.,386.0,34.0,150.0,1404.0,6.0,3.0,4.0,6.0,6.0,4.0,2.0,1.0,Completed,2.8,1.44,2.96,1.45,2.96,1.45,2.79,1.42,,,20250730
36,Montreal,Canadian Open,2025-07-30,WTA1000,Outdoor,Hard,2nd Round,3,Kessler M.,Joint M.,32.0,45.0,1455.0,1248.0,4.0,6.0,6.0,4.0,6.0,3.0,2.0,1.0,Completed,2.2,1.62,2.22,1.73,2.23,1.73,2.17,1.66,,,20250730
36,Montreal,Canadian Open,2025-07-30,WTA1000,Outdoor,Hard,2nd Round,3,Osaka N.,Samsonova L.,49.0,16.0,1214.0,2576.0,4.0,6.0,7.0,6.0,6.0,3.0,2.0,1.0,Completed,1.87,1.87,1.91,1.98,1.91,2.0,1.83,1.94,,,20250730
36,Montreal,Canadian Open,2025-07-30,WTA1000,Outdoor,Hard,2nd Round,3,Keys M.,Siegemund L.,8.0,54.0,4374.0,1064.0,6.0,2.0,6.0,1.0,,,2.0,0.0,Completed,1.25,3.75,1.3,3.88,1.3,3.88,1.27,3.68,,,20250730
36,Montreal,Canadian Open,2025-07-30,WTA1000,Outdoor,Hard,2nd Round,3,Tauson C.,Bronzetti L.,19.0,66.0,2346.0,935.0,6.0,1.0,6.0,2.0,,,2.0,0.0,Completed,1.25,4.0,1.25,4.41,1.27,4.41,1.24,3.96,,,20250730
36,Montreal,Canadian Open,2025-07-30,WTA1000,Outdoor,Hard,2nd Round,3,Ostapenko J.,Zarazua R.,26.0,68.0,1750.0,926.0,6.0,2.0,4.0,6.0,6.0,2.0,2.0,1.0,Completed,1.4,3.0,1.45,2.93,1.45,3.05,1.39,2.95,,,20250730
36,Montreal,Canadian Open,2025-07-30,WTA1000,Outdoor,Hard,2nd Round,3,Swiatek I.,Guo H.,3.0,259.0,6813.0,283.0,6.0,3.0,6.0,1.0,,,2.0,0.0,Completed,1.02,15.0,,,1.02,26.0,1.01,19.29,,,20250730
36,Montreal,Canadian Open,2025-07-30,WTA1000,Outdoor,Hard,2nd Round,3,McNally C.,Sramkova R.,116.0,36.0,637.0,1387.0,6.0,2.0,6.0,2.0,,,2.0,0.0,Completed,1.8,2.0,1.85,2.05,1.85,2.1,1.76,2.03,,,20250730
36,Montreal,Canadian Open,2025-07-30,WTA1000,Outdoor,Hard,2nd Round,3,Pegula J.,Sakkari M.,4.0,72.0,6423.0,901.0,7.0,5.0,6.0,4.0,,,2.0,0.0,Completed,1.29,3.4,1.32,3.66,1.37,3.66,1.32,3.33,,,20250730
36,Montreal,Canadian Open,2025-07-30,WTA1000,Outdoor,Hard,2nd Round,3,Kalinskaya A.,Mertens E.,31.0,22.0,1487.0,2106.0,1.0,6.0,7.0,6.0,6.0,2.0,2.0,1.0,Completed,2.8,1.4,2.86,1.47,2.9,1.47,2.77,1.42,,,20250730
36,Montreal,Canadian Open,2025-07-30,WTA1000,Outdoor,Hard,2nd Round,3,Starodubtseva Y.,Frech M.,73.0,25.0,899.0,1766.0,6.0,1.0,6.0,1.0,,,2.0,0.0,Completed,2.63,1.45,2.73,1.51,2.75,1.51,2.67,1.45,,,20250730
36,Montreal,Canadian Open,2025-07-30,WTA1000,Outdoor,Hard,2nd Round,3,Raducanu E.,Stearns P.,33.0,37.0,1405.0,1386.0,6.0,2.0,6.0,4.0,,,2.0,0.0,Completed,1.33,3.2,1.38,3.26,1.38,3.4,1.34,3.2,,,20250730
36,Montreal,Canadian Open,2025-07-31,WTA1000,Outdoor,Hard,2nd Round,3,Bencic B.,Bouchard E.,20.0,,2190.0,,6.0,2.0,3.0,6.0,6.0,4.0,2.0,1.0,Completed,1.08,8.0,1.08,10.08,1.1,10.08,1.07,8.4,,,20250731
36,Montreal,Canadian Open,2025-07-31,WTA1000,Outdoor,Hard,2nd Round,3,Lys E.,Pavlyuchenkova A.,69.0,30.0,924.0,1509.0,6.0,3.0,6.0,4.0,,,2.0,0.0,Completed,2.38,1.6,2.35,1.65,2.4,1.65,2.35,1.57,,,20250731
36,Montreal,Canadian Open,2025-07-31,WTA1000,Outdoor,Hard,2nd Round,3,Muchova K.,Ruzic A.,14.0,94.0,2718.0,785.0,7.0,5.0,7.0,5.0,,,2.0,0.0,Completed,1.5,2.5,1.55,2.61,1.57,2.61,1.53,2.44,,,20250731
36,Montreal,Canadian Open,2025-07-31,WTA1000,Outdoor,Hard,2nd Round,3,Anisimova A.,Sun L.,7.0,97.0,4470.0,770.0,6.0,4.0,7.0,6.0,,,2.0,0.0,Completed,1.22,4.33,1.23,4.62,1.23,4.62,1.21,4.35,,,20250731
36,Montreal,Canadian Open,2025-07-31,WTA1000,Outdoor,Hard,2nd Round,3,Svitolina E.,Rakhimova K.,13.0,62.0,2794.0,946.0,7.0,5.0,6.0,2.0,,,2.0,0.0,Completed,1.2,4.5,1.22,4.85,1.22,4.85,1.2,4.51,,,20250731
36,Montreal,Canadian Open,2025-07-31,WTA1000,Outdoor,Hard,3rd Round,3,Zhu L.,Lamens S.,493.0,64.0,101.0,938.0,6.0,2.0,6.0,2.0,,,2.0,0.0,Completed,2.1,1.75,2.25,1.72,2.25,1.75,2.09,1.72,,,20250731
36,Montreal,Canadian Open,2025-07-31,WTA1000,Outdoor,Hard,3rd Round,3,Kostyuk M.,Kasatkina D.,28.0,18.0,1616.0,2361.0,3.0,6.0,6.0,3.0,7.0,6.0,2.0,1.0,Completed,1.57,2.4,1.71,2.28,1.71,2.4,1.6,2.29,,,20250731
36,Montreal,Canadian Open,2025-07-31,WTA1000,Outdoor,Hard,3rd Round,3,Kessler M.,Andreeva M.,32.0,5.0,1455.0,4914.0,7.0,6.0,6.0,4.0,,,2.0,0.0,Completed,3.75,1.29,,,3.9,1.29,3.77,1.26,,,20250731
36,Montreal,Canadian Open,2025-07-31,WTA1000,Outdoor,Hard,3rd Round,3,Gauff C.,Kudermetova V.,2.0,42.0,7669.0,1308.0,4.0,6.0,7.0,5.0,6.0,2.0,2.0,1.0,Completed,1.29,3.75,1.24,4.63,1.29,4.63,1.26,3.86,,,20250731
36,Montreal,Canadian Open,2025-07-31,WTA1000,Outdoor,Hard,3rd Round,3,Bouzas Maneiro J.,Ito A.,51.0,110.0,1126.0,678.0,4.0,6.0,7.0,5.0,6.0,3.0,2.0,1.0,Completed,1.5,2.6,1.53,2.69,1.53,2.69,1.48,2.61,,,20250731
36,Montreal,Canadian Open,2025-08-01,WTA1000,Outdoor,Hard,3rd Round,3,Mboko V.,Bouzkova M.,85.0,39.0,836.0,1372.0,1.0,6.0,6.0,3.0,6.0,0.0,2.0,1.0,Completed,1.67,2.25,1.67,2.36,1.67,2.36,1.64,2.23,,,20250801
36,Montreal,Canadian Open,2025-08-01,WTA1000,Outdoor,Hard,3rd Round,3,Yastremska D.,Navarro E.,35.0,11.0,1394.0,3420.0,7.0,5.0,6.0,4.0,,,2.0,0.0,Completed,2.5,1.53,2.4,1.65,2.5,1.65,2.43,1.54,,,20250801
36,Montreal,Canadian Open,2025-08-01,WTA1000,Outdoor,Hard,3rd Round,3,Rybakina E.,Cristian J.,12.0,52.0,2893.0,1108.0,6.0,0.0,7.0,6.0,,,2.0,0.0,Completed,1.13,6.0,1.16,6.27,1.16,6.5,1.12,6.14,,,20250801
36,Montreal,Canadian Open,2025-08-01,WTA1000,Outdoor,Hard,3rd Round,3,Tauson C.,Starodubtseva Y.,19.0,73.0,2346.0,899.0,6.0,3.0,6.0,0.0,,,2.0,0.0,Completed,1.29,3.75,1.32,3.72,1.32,3.75,1.3,3.51,,,20250801
36,Montreal,Canadian Open,2025-08-01,WTA1000,Outdoor,Hard,3rd Round,3,Osaka N.,Ostapenko J.,49.0,26.0,1214.0,1750.0,6.0,2.0,6.0,4.0,,,2.0,0.0,Completed,1.5,2.6,1.46,2.96,1.5,2.96,1.47,2.66,,,20250801
36,Montreal,Canadian Open,2025-08-01,WTA1000,Outdoor,Hard,3rd Round,3,Keys M.,McNally C.,8.0,116.0,4374.0,637.0,2.0,6.0,6.0,3.0,6.0,3.0,2.0,1.0,Completed,1.29,3.5,1.3,3.87,1.3,3.87,1.29,3.55,,,20250801
36,Montreal,Canadian Open,2025-08-01,WTA1000,Outdoor,Hard,3rd Round,3,Sevastova A.,Pegula J.,386.0,4.0,150.0,6423.0,3.0,6.0,6.0,4.0,6.0,1.0,2.0,1.0,Completed,6.0,1.13,7.04,1.14,7.04,1.14,6.0,1.13,,,20250801
36,Montreal,Canadian Open,2025-08-01,WTA1000,Outdoor,Hard,3rd Round,3,Muchova K.,Bencic B.,14.0,20.0,2718.0,2190.0,6.0,7.0,6.0,2.0,6.0,3.0,2.0,1.0,Completed,2.4,1.53,2.36,1.66,2.4,1.66,2.32,1.58,,,20250801
36,Montreal,Canadian Open,2025-08-02,WTA1000,Outdoor,Hard,3rd Round,3,Swiatek I.,Lys E.,3.0,69.0,6813.0,924.0,6.0,2.0,6.0,2.0,,,2.0,0.0,Completed,1.04,12.0,1.03,20.64,1.04,20.64,1.03,14.47,,,20250802
36,Montreal,Canadian Open,2025-08-02,WTA1000,Outdoor,Hard,3rd Round,3,Anisimova A.,Raducanu E.,7.0,33.0,4470.0,1405.0,6.0,2.0,6.0,1.0,,,2.0,0.0,Completed,1.83,2.0,1.85,2.04,1.85,2.04,1.82,1.96,,,20250802
36,Montreal,Canadian Open,2025-08-02,WTA1000,Outdoor,Hard,3rd Round,3,Svitolina E.,Kalinskaya A.,13.0,31.0,2794.0,1487.0,6.0,1.0,6.0,1.0,,,2.0,0.0,Completed,1.33,3.4,1.34,3.52,1.35,3.52,1.33,3.28,,,20250802
36,Montreal,Canadian Open,2025-08-02,WTA1000,Outdoor,Hard,4th Round,3,Kostyuk M.,Kessler M.,28.0,32.0,1616.0,1455.0,5.0,7.0,6.0,3.0,6.0,3.0,2.0,1.0,Completed,1.8,2.05,1.78,2.16,1.8,2.16,1.76,2.03,,,20250802
36,Montreal,Canadian Open,2025-08-02,WTA1000,Outdoor,Hard,4th Round,3,Rybakina E.,Yastremska D.,12.0,35.0,2893.0,1394.0,5.0,7.0,6.0,2.0,7.0,5.0,2.0,1.0,Completed,1.17,4.75,1.24,4.64,1.24,5.5,1.19,4.53,,,20250802
36,Montreal,Canadian Open,2025-08-03,WTA1000,Outdoor,Hard,4th Round,3,Mboko V.,Gauff C.,85.0,2.0,836.0,7669.0,6.0,1.0,6.0,4.0,,,2.0,0.0,Completed,3.0,1.4,3.05,1.44,3.2,1.44,2.96,1.4,,,20250803
36,Montreal,Canadian Open,2025-08-03,WTA1000,Outdoor,Hard,4th Round,3,Bouzas Maneiro J.,Zhu L.,51.0,493.0,1126.0,101.0,7.0,5.0,1.0,6.0,6.0,2.0,2.0,1.0,Completed,1.67,2.2,1.75,2.21,1.75,2.21,1.68,2.14,,,20250803
36,Montreal,Canadian Open,2025-08-03,WTA1000,Outdoor,Hard,4th Round,3,Keys M.,Muchova K.,8.0,14.0,4374.0,2718.0,4.0,6.0,6.0,3.0,7.0,5.0,2.0,1.0,Completed,1.53,2.4,1.55,2.63,1.55,2.63,1.53,2.47,,,20250803
36,Montreal,Canadian Open,2025-08-03,WTA1000,Outdoor,Hard,4th Round,3,Osaka N.,Sevastova A.,49.0,386.0,1214.0,150.0,6.0,1.0,6.0,0.0,,,2.0,0.0,Completed,1.25,4.0,1.25,4.5,1.25,4.5,1.23,4.1,,,20250803
36,Montreal,Canadian Open,2025-08-03,WTA1000,Outdoor,Hard,4th Round,3,Tauson C.,Swiatek I.,19.0,3.0,2346.0,6813.0,7.0,6.0,6.0,3.0,,,2.0,0.0,Completed,5.0,1.17,5.57,1.18,6.0,1.18,5.43,1.14,,,20250803
36,Montreal,Canadian Open,2025-08-04,WTA1000,Outdoor,Hard,4th Round,3,Svitolina E.,Anisimova A.,13.0,7.0,2794.0,4470.0,6.0,4.0,6.0,1.0,,,2.0,0.0,Completed,1.85,1.95,1.88,2.03,1.88,2.03,1.82,1.96,,,20250804
36,Montreal,Canadian Open,2025-08-04,WTA1000,Outdoor,Hard,Quarterfinals,3,Rybakina E.,Kostyuk M.,12.0,28.0,2893.0,1616.0,6.0,1.0,2.0,1.0,,,1.0,0.0,Retired,1.29,3.4,1.33,3.66,1.33,3.66,1.3,3.42,,,20250804
36,Montreal,Canadian Open,2025-08-05,WTA1000,Outdoor,Hard,Quarterfinals,3,Mboko V.,Bouzas Maneiro J.,85.0,51.0,836.0,1126.0,6.0,4.0,6.0,2.0,,,2.0,0.0,Completed,1.33,3.4,1.34,3.57,1.34,3.57,1.31,3.41,,,20250805
36,Montreal,Canadian Open,2025-08-05,WTA1000,Outdoor,Hard,Quarterfinals,3,Tauson C.,Keys M.,19.0,8.0,2346.0,4374.0,6.0,1.0,6.0,4.0,,,2.0,0.0,Completed,2.1,1.75,2.16,1.79,2.2,1.79,2.12,1.71,,,20250805
36,Montreal,Canadian Open,2025-08-06,WTA1000,Outdoor,Hard,Quarterfinals,3,Osaka N.,Svitolina E.,49.0,13.0,1214.0,2794.0,6.0,2.0,6.0,2.0,,,2.0,0.0,Completed,2.2,1.67,2.3,1.7,2.3,1.7,2.18,1.67,,,20250806
36,Montreal,Canadian Open,2025-08-06,WTA1000,Outdoor,Hard,Semifinals,3,Mboko V.,Rybakina E.,85.0,12.0,836.0,2893.0,1.0,6.0,7.0,5.0,7.0,6.0,2.0,1.0,Completed,2.88,1.44,3.05,1.43,3.05,1.45,2.78,1.44,,,20250806
36,Montreal,Canadian Open,2025-08-07,WTA1000,Outdoor,Hard,Semifinals,3,Osaka N.,Tauson C.,49.0,19.0,1214.0,2346.0,6.0,2.0,7.0,6.0,,,2.0,0.0,Completed,1.67,2.25,1.61,2.46,1.67,2.46,1.6,2.32,,,20250807
36,Montreal,Canadian Open,2025-08-07,WTA1000,Outdoor,Hard,The Final,3,Mboko V.,Osaka N.,85.0,49.0,836.0,1214.0,2.0,6.0,6.0,4.0,6.0,1.0,2.0,1.0,Completed,2.5,1.53,2.55,1.58,2.55,1.58,2.45,1.54,,,20250807
37,Cincinnati,Western & Southern Financial Group Women's Open,2025-08-07,WTA1000,Outdoor,Hard,1st Round,3,Joint M.,Minnen G.,44.0,97.0,1263.0,751.0,6.0,2.0,6.0,3.0,,,2.0,0.0,Completed,1.25,3.6,1.32,3.59,1.29,3.75,1.28,3.6,,,20250807
37,Cincinnati,Western & Southern Financial Group Women's Open,2025-08-07,WTA1000,Outdoor,Hard,1st Round,3,Cirstea S.,Vekic D.,136.0,55.0,540.0,1103.0,6.0,1.0,4.0,6.0,6.0,3.0,2.0,1.0,Completed,2.2,1.67,2.43,1.61,2.3,1.7,2.19,1.66,,,20250807
37,Cincinnati,Western & Southern Financial Group Women's Open,2025-08-07,WTA1000,Outdoor,Hard,1st Round,3,Potapova A.,Siegemund L.,45.0,54.0,1251.0,1128.0,6.0,4.0,6.0,4.0,,,2.0,0.0,Completed,1.8,2.05,,,1.8,2.1,1.76,2.03,,,20250807
37,Cincinnati,Western & Southern Financial Group Women's Open,2025-08-07,WTA1000,Outdoor,Hard,1st Round,3,Vondrousova M.,Cristian J.,59.0,49.0,978.0,1171.0,6.0,3.0,6.0,1.0,,,2.0,0.0,Completed,1.3,3.6,1.32,3.7,1.3,4.0,1.29,3.55,,,20250807
37,Cincinnati,Western & Southern Financial Group Women's Open,2025-08-07,WTA1000,Outdoor,Hard,1st Round,3,Zarazua R.,Putintseva Y.,70.0,46.0,919.0,1235.0,3.0,6.0,6.0,4.0,6.0,2.0,2.0,1.0,Completed,2.25,1.67,2.33,1.67,2.25,1.7,2.2,1.65,,,20250807
37,Cincinnati,Western & Southern Financial Group Women's Open,2025-08-07,WTA1000,Outdoor,Hard,1st Round,3,Ito A.,Ruse E.G.,94.0,66.0,771.0,930.0,6.0,2.0,7.0,6.0,,,2.0,0.0,Completed,2.4,1.53,2.64,1.53,2.63,1.55,2.5,1.52,,,20250807
37,Cincinnati,Western & Southern Financial Group Women's Open,2025-08-07,WTA1000,Outdoor,Hard,1st Round,3,Bouzas Maneiro J.,Williams V.,42.0,644.0,1319.0,60.0,6.0,4.0,6.0,4.0,,,2.0,0.0,Completed,1.14,5.5,1.14,6.64,1.15,6.0,1.14,5.58,,,20250807
37,Cincinnati,Western & Southern Financial Group Women's Open,2025-08-07,WTA1000,Outdoor,Hard,1st Round,3,Lys E.,Pera B.,62.0,111.0,962.0,657.0,6.0,2.0,4.0,6.0,7.0,5.0,2.0,1.0,Completed,1.45,2.8,1.48,2.83,1.46,2.8,1.44,2.7,,,20250807
37,Cincinnati,Western & Southern Financial Group Women's Open,2025-08-07,WTA1000,Outdoor,Hard,1st Round,3,Danilovic O.,Boulter K.,43.0,50.0,1286.0,1168.0,6.0,0.0,7.0,5.0,,,2.0,0.0,Completed,1.8,2.0,1.81,2.11,1.8,2.1,1.75,2.03,,,20250807
37,Cincinnati,Western & Southern Financial Group Women's Open,2025-08-07,WTA1000,Outdoor,Hard,1st Round,3,Maria T.,Osuigwe W.,41.0,144.0,1320.0,503.0,6.0,2.0,6.0,3.0,,,2.0,0.0,Completed,1.67,2.2,1.65,2.35,1.71,2.5,1.57,2.33,,,20250807
37,Cincinnati,Western & Southern Financial Group Women's Open,2025-08-08,WTA1000,Outdoor,Hard,1st Round,3,Ngounoue C.,Baptiste H.,211.0,51.0,335.0,1166.0,6.0,1.0,4.0,6.0,6.0,1.0,2.0,1.0,Completed,3.4,1.33,3.54,1.34,3.5,1.36,3.33,1.32,,,20250808
37,Cincinnati,Western & Southern Financial Group Women's Open,2025-08-08,WTA1000,Outdoor,Hard,1st Round,3,Stearns P.,Wang Y.,53.0,192.0,1146.0,384.0,6.0,4.0,6.0,3.0,,,2.0,0.0,Completed,1.53,2.5,1.53,2.66,1.55,2.65,1.51,2.53,,,20250808
37,Cincinnati,Western & Southern Financial Group Women's Open,2025-08-08,WTA1000,Outdoor,Hard,1st Round,3,Sramkova R.,Dolehide C.,38.0,76.0,1367.0,887.0,1.0,6.0,6.0,4.0,7.0,6.0,2.0,1.0,Completed,2.2,1.62,2.35,1.66,2.3,1.65,2.24,1.62,,,20250808
37,Cincinnati,Western & Southern Financial Group Women's Open,2025-08-08,WTA1000,Outdoor,Hard,1st Round,3,Bronzetti L.,Zhu L.,61.0,304.0,968.0,221.0,6.0,7.0,6.0,2.0,7.0,6.0,2.0,1.0,Completed,2.4,1.53,2.44,1.61,2.5,1.61,2.35,1.56,,,20250808
37,Cincinnati,Western & Southern Financial Group Women's Open,2025-08-08,WTA1000,Outdoor,Hard,1st Round,3,Sun L.,Ruzic A.,90.0,84.0,795.0,841.0,6.0,4.0,6.0,4.0,,,2.0,0.0,Completed,1.91,1.9,2.06,1.84,2.0,1.91,1.92,1.85,,,20250808
37,Cincinnati,Western & Southern Financial Group Women's Open,2025-08-08,WTA1000,Outdoor,Hard,1st Round,3,Jeanjean L.,Starodubtseva Y.,95.0,63.0,764.0,943.0,7.0,5.0,1.0,6.0,6.0,4.0,2.0,1.0,Completed,2.1,1.75,2.13,1.79,2.1,1.8,2.07,1.73,,,20250808
37,Cincinnati,Western & Southern Financial Group Women's Open,2025-08-08,WTA1000,Outdoor,Hard,1st Round,3,Garcia C.,Kartal S.,200.0,48.0,371.0,1182.0,5.0,7.0,6.0,4.0,6.0,3.0,2.0,1.0,Completed,4.0,1.25,4.06,1.28,4.2,1.25,3.94,1.24,,,20250808
37,Cincinnati,Western & Southern Financial Group Women's Open,2025-08-08,WTA1000,Outdoor,Hard,1st Round,3,Tomljanovic A.,Bondar A.,86.0,93.0,826.0,784.0,7.0,6.0,6.0,4.0,,,2.0,0.0,Completed,1.5,2.5,1.54,2.63,1.53,2.75,1.51,2.5,,,20250808
37,Cincinnati,Western & Southern Financial Group Women's Open,2025-08-08,WTA1000,Outdoor,Hard,1st Round,3,Townsend T.,Collins D.,125.0,57.0,590.0,987.0,6.0,4.0,7.0,6.0,,,2.0,0.0,Completed,2.8,1.45,2.94,1.45,2.9,1.5,2.79,1.42,,,20250808
37,Cincinnati,Western & Southern Financial Group Women's Open,2025-08-08,WTA1000,Outdoor,Hard,1st Round,3,Birrell K.,Blinkova A.,82.0,77.0,846.0,878.0,6.0,2.0,6.0,1.0,,,2.0,0.0,Completed,2.05,1.73,2.12,1.79,2.1,1.78,2.04,1.75,,,20250808
37,Cincinnati,Western & Southern Financial Group Women's Open,2025-08-08,WTA1000,Outdoor,Hard,1st Round,3,Gracheva V.,Volynets K.,103.0,107.0,711.0,684.0,6.0,4.0,3.0,6.0,6.0,3.0,2.0,1.0,Completed,1.75,2.0,1.81,2.1,1.83,2.01,1.79,1.98,,,20250808
37,Cincinnati,Western & Southern Financial Group Women's Open,2025-08-08,WTA1000,Outdoor,Hard,1st Round,3,Seidel E.,Kudermetova P.,124.0,60.0,591.0,970.0,1.0,6.0,6.0,3.0,6.0,2.0,2.0,1.0,Completed,1.57,2.4,1.56,2.57,1.62,2.4,1.58,2.3,,,20250808
37,Cincinnati,Western & Southern Financial Group Women's Open,2025-08-08,WTA1000,Outdoor,Hard,1st Round,3,Osorio M.,Uchijima M.,56.0,89.0,1004.0,799.0,7.0,5.0,1.0,6.0,6.0,4.0,2.0,1.0,Completed,1.45,2.8,1.45,2.93,1.45,3.0,1.41,2.85,,,20250808
37,Cincinnati,Western & Southern Financial Group Women's Open,2025-08-08,WTA1000,Outdoor,Hard,1st Round,3,Sakkari M.,Rakhimova K.,65.0,67.0,936.0,926.0,6.0,3.0,3.0,6.0,6.0,2.0,2.0,1.0,Completed,1.4,3.0,1.41,3.1,1.4,3.15,1.38,3.0,,,20250808
37,Cincinnati,Western & Southern Financial Group Women's Open,2025-08-08,WTA1000,Outdoor,Hard,1st Round,3,Tomova V.,Li A.,102.0,64.0,713.0,943.0,6.0,4.0,7.0,5.0,,,2.0,0.0,Completed,2.6,1.45,2.74,1.51,2.75,1.53,2.58,1.49,,,20250808
37,Cincinnati,Western & Southern Financial Group Women's Open,2025-08-08,WTA1000,Outdoor,Hard,1st Round,3,Wang Xin.,Arango E.,37.0,81.0,1373.0,862.0,7.0,6.0,6.0,3.0,,,2.0,0.0,Completed,1.22,4.33,1.24,4.5,1.22,5.33,1.19,4.51,,,20250808
37,Cincinnati,Western & Southern Financial Group Women's Open,2025-08-08,WTA1000,Outdoor,Hard,1st Round,3,Sevastova A.,Bektas E.,267.0,301.0,270.0,224.0,6.0,4.0,6.0,7.0,6.0,1.0,2.0,1.0,Completed,1.44,2.8,1.44,2.99,1.44,2.85,1.42,2.77,,,20250808
37,Cincinnati,Western & Southern Financial Group Women's Open,2025-08-08,WTA1000,Outdoor,Hard,1st Round,3,Kudermetova V.,Lamens S.,36.0,58.0,1373.0,983.0,6.0,1.0,6.0,3.0,,,2.0,0.0,Completed,1.33,3.4,1.33,3.58,1.33,5.25,1.3,3.56,,,20250808
37,Cincinnati,Western & Southern Financial Group Women's Open,2025-08-09,WTA1000,Outdoor,Hard,1st Round,3,Krejcikova B.,Parks A.,80.0,71.0,864.0,900.0,6.0,4.0,4.0,6.0,6.0,0.0,2.0,1.0,Completed,1.44,2.8,1.46,2.92,1.44,3.15,1.42,2.8,,,20250809
37,Cincinnati,Western & Southern Financial Group Women's Open,2025-08-09,WTA1000,Outdoor,Hard,1st Round,3,Yuan Y.,Bucsa C.,98.0,91.0,748.0,793.0,6.0,2.0,6.0,2.0,,,2.0,0.0,Completed,,,2.02,1.87,2.1,1.85,1.97,1.8,,,20250809
37,Cincinnati,Western & Southern Financial Group Women's Open,2025-08-09,WTA1000,Outdoor,Hard,1st Round,3,Jovic I.,Sierra S.,88.0,72.0,801.0,894.0,6.0,3.0,7.0,6.0,,,2.0,0.0,Completed,,,1.76,2.16,1.8,2.2,1.72,2.07,,,20250809
37,Cincinnati,Western & Southern Financial Group Women's Open,2025-08-09,WTA1000,Outdoor,Hard,1st Round,3,McNally C.,Inglis M.,104.0,153.0,701.0,469.0,6.0,2.0,6.0,3.0,,,2.0,0.0,Completed,1.3,3.6,1.31,3.78,1.3,5.5,1.27,3.76,,,20250809
37,Cincinnati,Western & Southern Financial Group Women's Open,2025-08-09,WTA1000,Outdoor,Hard,2nd Round,3,Kostyuk M.,Maria T.,27.0,41.0,1711.0,1320.0,6.0,0.0,6.0,1.0,,,2.0,0.0,Completed,1.29,3.75,1.28,4.03,1.29,6.0,1.25,3.9,,,20250809
37,Cincinnati,Western & Southern Financial Group Women's Open,2025-08-09,WTA1000,Outdoor,Hard,2nd Round,3,Ito A.,Pavlyuchenkova A.,94.0,33.0,771.0,1449.0,6.0,1.0,4.0,6.0,6.0,4.0,2.0,1.0,Completed,2.4,1.57,2.49,1.59,2.5,1.57,2.42,1.54,,,20250809
37,Cincinnati,Western & Southern Financial Group Women's Open,2025-08-09,WTA1000,Outdoor,Hard,2nd Round,3,Swiatek I.,Potapova A.,3.0,45.0,6933.0,1251.0,6.0,1.0,6.0,4.0,,,2.0,0.0,Completed,1.05,10.0,1.06,12.9,1.06,12.0,1.04,10.52,,,20250809
37,Cincinnati,Western & Southern Financial Group Women's Open,2025-08-09,WTA1000,Outdoor,Hard,2nd Round,3,Bouzas Maneiro J.,Fernandez L.A.,42.0,26.0,1319.0,1763.0,6.0,3.0,6.0,3.0,,,2.0,0.0,Completed,2.8,1.44,2.99,1.44,3.5,1.44,2.85,1.41,,,20250809
37,Cincinnati,Western & Southern Financial Group Women's Open,2025-08-09,WTA1000,Outdoor,Hard,2nd Round,3,Cirstea S.,Frech M.,136.0,28.0,540.0,1711.0,7.0,6.0,2.0,6.0,6.0,4.0,2.0,1.0,Completed,1.67,2.2,1.68,2.31,1.72,2.25,1.67,2.18,,,20250809
37,Cincinnati,Western & Southern Financial Group Women's Open,2025-08-09,WTA1000,Outdoor,Hard,2nd Round,3,Keys M.,Lys E.,6.0,62.0,4579.0,962.0,1.0,6.0,6.0,3.0,7.0,6.0,2.0,1.0,Completed,1.2,4.75,1.21,5.01,1.22,5.0,1.19,4.63,,,20250809
37,Cincinnati,Western & Southern Financial Group Women's Open,2025-08-09,WTA1000,Outdoor,Hard,2nd Round,3,Joint M.,Haddad Maia B.,44.0,21.0,1263.0,2074.0,6.0,4.0,4.0,6.0,6.0,4.0,2.0,1.0,Completed,1.4,2.9,1.43,3.05,1.43,3.0,1.4,2.85,,,20250809
37,Cincinnati,Western & Southern Financial Group Women's Open,2025-08-09,WTA1000,Outdoor,Hard,2nd Round,3,Townsend T.,Samsonova L.,125.0,18.0,590.0,2371.0,6.0,2.0,6.0,4.0,,,2.0,0.0,Completed,,,2.91,1.46,2.9,1.45,2.81,1.42,,,20250809
37,Cincinnati,Western & Southern Financial Group Women's Open,2025-08-09,WTA1000,Outdoor,Hard,2nd Round,3,Raducanu E.,Danilovic O.,39.0,43.0,1362.0,1286.0,6.0,3.0,6.0,2.0,,,2.0,0.0,Completed,1.36,3.2,1.38,3.28,1.4,3.2,1.36,3.07,,,20250809
37,Cincinnati,Western & Southern Financial Group Women's Open,2025-08-09,WTA1000,Outdoor,Hard,2nd Round,3,Alexandrova E.,Sun L.,16.0,90.0,2676.0,795.0,6.0,4.0,6.0,2.0,,,2.0,0.0,Completed,1.36,3.0,1.4,3.12,1.4,3.2,1.37,3.0,,,20250809
37,Cincinnati,Western & Southern Financial Group Women's Open,2025-08-09,WTA1000,Outdoor,Hard,2nd Round,3,Yuan Y.,Shnaider D.,98.0,20.0,748.0,2146.0,6.0,4.0,1.0,6.0,6.0,3.0,2.0,1.0,Completed,2.5,1.53,2.47,1.59,2.5,1.7,2.42,1.54,,,20250809
37,Cincinnati,Western & Southern Financial Group Women's Open,2025-08-09,WTA1000,Outdoor,Hard,2nd Round,3,Rybakina E.,Zarazua R.,10.0,70.0,3283.0,919.0,4.0,6.0,6.0,0.0,7.0,5.0,2.0,1.0,Completed,1.07,8.5,1.07,10.81,1.09,10.0,1.07,8.27,,,20250809
37,Cincinnati,Western & Southern Financial Group Women's Open,2025-08-09,WTA1000,Outdoor,Hard,2nd Round,3,Mertens E.,Ngounoue C.,22.0,211.0,1996.0,335.0,3.0,6.0,7.0,6.0,7.0,5.0,2.0,1.0,Completed,1.22,4.0,1.23,4.57,1.25,4.35,1.22,4.14,,,20250809
37,Cincinnati,Western & Southern Financial Group Women's Open,2025-08-09,WTA1000,Outdoor,Hard,2nd Round,3,Kalinskaya A.,Stearns P.,34.0,53.0,1432.0,1146.0,7.0,6.0,4.0,6.0,6.0,1.0,2.0,1.0,Completed,1.73,2.1,1.66,2.34,1.8,2.3,1.68,2.16,,,20250809
37,Cincinnati,Western & Southern Financial Group Women's Open,2025-08-10,WTA1000,Outdoor,Hard,2nd Round,3,Sabalenka A.,Vondrousova M.,1.0,59.0,12010.0,978.0,7.0,5.0,6.0,1.0,,,2.0,0.0,Completed,1.4,3.0,1.44,2.97,1.44,3.2,1.4,2.89,,,20250810
37,Cincinnati,Western & Southern Financial Group Women's Open,2025-08-10,WTA1000,Outdoor,Hard,2nd Round,3,Anisimova A.,Jeanjean L.,8.0,95.0,3834.0,764.0,,,,,,,,,Walkover,,,1.13,6.87,1.14,6.0,1.13,5.72,,,20250810
37,Cincinnati,Western & Southern Financial Group Women's Open,2025-08-10,WTA1000,Outdoor,Hard,2nd Round,3,Krueger A.,Sevastova A.,35.0,267.0,1404.0,270.0,6.0,4.0,0.0,6.0,6.0,3.0,2.0,1.0,Completed,1.67,2.1,1.73,2.22,1.8,2.2,1.69,2.12,,,20250810
37,Cincinnati,Western & Southern Financial Group Women's Open,2025-08-10,WTA1000,Outdoor,Hard,2nd Round,3,Yastremska D.,Tomova V.,31.0,102.0,1504.0,713.0,6.0,4.0,2.0,6.0,6.0,2.0,2.0,1.0,Completed,,,1.36,3.41,1.33,3.4,1.32,3.28,,,20250810
37,Cincinnati,Western & Southern Financial Group Women's Open,2025-08-10,WTA1000,Outdoor,Hard,2nd Round,3,Kudermetova V.,Bencic B.,36.0,19.0,1373.0,2255.0,6.0,4.0,7.0,6.0,,,2.0,0.0,Completed,2.1,1.67,2.2,1.74,2.4,1.7,2.17,1.66,,,20250810
37,Cincinnati,Western & Southern Financial Group Women's Open,2025-08-10,WTA1000,Outdoor,Hard,2nd Round,3,Paolini J.,Sakkari M.,9.0,65.0,3586.0,936.0,7.0,6.0,7.0,6.0,,,2.0,0.0,Completed,,,2.08,1.83,2.1,1.91,1.9,1.86,,,20250810
37,Cincinnati,Western & Southern Financial Group Women's Open,2025-08-10,WTA1000,Outdoor,Hard,2nd Round,3,Linette M.,Sramkova R.,40.0,38.0,1349.0,1367.0,7.0,6.0,6.0,0.0,,,2.0,0.0,Completed,,,1.84,2.06,1.91,2.05,1.8,1.97,,,20250810
37,Cincinnati,Western & Southern Financial Group Women's Open,2025-08-10,WTA1000,Outdoor,Hard,2nd Round,3,Seidel E.,Navarro E.,124.0,11.0,591.0,3095.0,6.0,4.0,1.0,6.0,6.0,4.0,2.0,1.0,Completed,,,4.89,1.21,5.0,1.22,4.55,1.19,,,20250810
37,Cincinnati,Western & Southern Financial Group Women's Open,2025-08-10,WTA1000,Outdoor,Hard,2nd Round,3,Gauff C.,Wang Xin.,2.0,37.0,7669.0,1373.0,6.0,3.0,6.0,2.0,,,2.0,0.0,Completed,1.25,4.0,1.25,4.35,1.27,4.33,1.24,3.96,,,20250810
37,Cincinnati,Western & Southern Financial Group Women's Open,2025-08-10,WTA1000,Outdoor,Hard,2nd Round,3,Tauson C.,Tomljanovic A.,15.0,86.0,2726.0,826.0,6.0,3.0,6.0,7.0,6.0,4.0,2.0,1.0,Completed,,,1.29,3.91,1.29,4.66,1.26,3.82,,,20250810
37,Cincinnati,Western & Southern Financial Group Women's Open,2025-08-10,WTA1000,Outdoor,Hard,2nd Round,3,Ostapenko J.,Osorio M.,30.0,56.0,1695.0,1004.0,,,,,,,,,Walkover,1.5,2.6,1.53,2.64,1.5,2.65,1.48,2.59,,,20250810
37,Cincinnati,Western & Southern Financial Group Women's Open,2025-08-10,WTA1000,Outdoor,Hard,2nd Round,3,Bronzetti L.,Kasatkina D.,61.0,17.0,968.0,2416.0,6.0,3.0,1.0,6.0,6.0,4.0,2.0,1.0,Completed,3.2,1.36,3.45,1.34,3.2,1.44,2.99,1.38,,,20250810
37,Cincinnati,Western & Southern Financial Group Women's Open,2025-08-10,WTA1000,Outdoor,Hard,2nd Round,3,Pegula J.,Birrell K.,4.0,82.0,5488.0,846.0,6.0,4.0,6.0,3.0,,,2.0,0.0,Completed,1.17,5.0,1.2,5.07,1.18,5.5,1.16,4.99,,,20250810
37,Cincinnati,Western & Southern Financial Group Women's Open,2025-08-10,WTA1000,Outdoor,Hard,2nd Round,3,Jovic I.,Noskova L.,88.0,23.0,801.0,1942.0,6.0,3.0,6.0,0.0,,,2.0,0.0,Completed,3.0,1.4,3.01,1.43,3.0,1.45,2.85,1.41,,,20250810
37,Cincinnati,Western & Southern Financial Group Women's Open,2025-08-10,WTA1000,Outdoor,Hard,2nd Round,3,Kessler M.,McNally C.,32.0,104.0,1475.0,701.0,6.0,4.0,6.0,3.0,,,2.0,0.0,Completed,1.8,1.95,1.89,1.99,1.85,2.01,1.81,1.95,,,20250810
37,Cincinnati,Western & Southern Financial Group Women's Open,2025-08-10,WTA1000,Outdoor,Hard,2nd Round,3,Gracheva V.,Kenin S.,103.0,29.0,711.0,1708.0,6.0,7.0,6.0,3.0,6.0,3.0,2.0,1.0,Completed,2.2,1.7,2.2,1.74,2.3,1.73,2.19,1.66,,,20250810
37,Cincinnati,Western & Southern Financial Group Women's Open,2025-08-11,WTA1000,Outdoor,Hard,2nd Round,3,Krejcikova B.,Svitolina E.,80.0,13.0,864.0,2944.0,2.0,6.0,6.0,4.0,6.0,3.0,2.0,1.0,Completed,3.2,1.36,3.76,1.31,4.0,1.37,3.23,1.34,,,20250811
37,Cincinnati,Western & Southern Financial Group Women's Open,2025-08-11,WTA1000,Outdoor,Hard,2nd Round,3,Muchova K.,Garcia C.,14.0,200.0,2838.0,371.0,7.0,6.0,7.0,6.0,,,2.0,0.0,Completed,1.29,3.75,1.29,3.91,1.3,4.25,1.27,3.72,,,20250811
37,Cincinnati,Western & Southern Financial Group Women's Open,2025-08-11,WTA1000,Outdoor,Hard,3rd Round,3,Swiatek I.,Kostyuk M.,3.0,27.0,6933.0,1711.0,,,,,,,,,Walkover,1.14,5.5,1.15,6.21,1.15,6.0,1.13,5.63,,,20250811
37,Cincinnati,Western & Southern Financial Group Women's Open,2025-08-11,WTA1000,Outdoor,Hard,3rd Round,3,Bouzas Maneiro J.,Townsend T.,42.0,125.0,1319.0,590.0,6.0,4.0,6.0,1.0,,,2.0,0.0,Completed,2.1,1.7,2.17,1.77,2.15,1.8,2.07,1.72,,,20250811
37,Cincinnati,Western & Southern Financial Group Women's Open,2025-08-11,WTA1000,Outdoor,Hard,3rd Round,3,Alexandrova E.,Joint M.,16.0,44.0,2676.0,1263.0,6.0,4.0,6.0,3.0,,,2.0,0.0,Completed,1.6,2.38,1.62,2.45,1.8,2.4,1.6,2.3,,,20250811
37,Cincinnati,Western & Southern Financial Group Women's Open,2025-08-11,WTA1000,Outdoor,Hard,3rd Round,3,Cirstea S.,Yuan Y.,136.0,98.0,540.0,748.0,6.0,7.0,6.0,4.0,6.0,4.0,2.0,1.0,Completed,1.75,2.1,1.77,2.18,1.8,2.1,1.74,2.06,,,20250811
37,Cincinnati,Western & Southern Financial Group Women's Open,2025-08-11,WTA1000,Outdoor,Hard,3rd Round,3,Sabalenka A.,Raducanu E.,1.0,39.0,12010.0,1362.0,7.0,6.0,4.0,6.0,7.0,6.0,2.0,1.0,Completed,1.36,3.2,1.37,3.4,1.36,3.4,1.34,3.22,,,20250811
37,Cincinnati,Western & Southern Financial Group Women's Open,2025-08-11,WTA1000,Outdoor,Hard,3rd Round,3,Kalinskaya A.,Anisimova A.,34.0,8.0,1432.0,3834.0,7.0,5.0,6.0,4.0,,,2.0,0.0,Completed,2.8,1.45,2.85,1.49,2.8,1.45,2.72,1.44,,,20250811
37,Cincinnati,Western & Southern Financial Group Women's Open,2025-08-12,WTA1000,Outdoor,Hard,3rd Round,3,Keys M.,Ito A.,6.0,94.0,4579.0,771.0,6.0,4.0,6.0,0.0,,,2.0,0.0,Completed,1.22,4.33,1.23,4.73,1.22,5.5,1.2,4.4,,,20250812
37,Cincinnati,Western & Southern Financial Group Women's Open,2025-08-12,WTA1000,Outdoor,Hard,3rd Round,3,Rybakina E.,Mertens E.,10.0,22.0,3283.0,1996.0,4.0,6.0,6.0,3.0,7.0,5.0,2.0,1.0,Completed,1.4,3.0,1.38,3.33,1.4,3.1,1.38,2.99,,,20250812
37,Cincinnati,Western & Southern Financial Group Women's Open,2025-08-12,WTA1000,Outdoor,Hard,3rd Round,3,Krejcikova B.,Jovic I.,80.0,88.0,864.0,801.0,6.0,4.0,3.0,6.0,6.0,2.0,2.0,1.0,Completed,1.7,2.2,1.68,2.33,1.74,2.25,1.68,2.15,,,20250812
37,Cincinnati,Western & Southern Financial Group Women's Open,2025-08-12,WTA1000,Outdoor,Hard,3rd Round,3,Seidel E.,Kessler M.,124.0,32.0,591.0,1475.0,6.0,4.0,2.0,6.0,7.0,6.0,2.0,1.0,Completed,3.4,1.3,4.09,1.28,3.66,1.45,3.35,1.32,,,20250812
37,Cincinnati,Western & Southern Financial Group Women's Open,2025-08-12,WTA1000,Outdoor,Hard,3rd Round,3,Paolini J.,Krueger A.,9.0,35.0,3586.0,1404.0,7.0,6.0,6.0,1.0,,,2.0,0.0,Completed,1.5,2.6,1.51,2.77,1.5,2.75,1.48,2.61,,,20250812
37,Cincinnati,Western & Southern Financial Group Women's Open,2025-08-12,WTA1000,Outdoor,Hard,3rd Round,3,Gauff C.,Yastremska D.,2.0,31.0,7669.0,1504.0,,,,,,,,,Walkover,1.25,4.0,1.32,3.76,1.29,4.0,1.27,3.69,,,20250812
37,Cincinnati,Western & Southern Financial Group Women's Open,2025-08-12,WTA1000,Outdoor,Hard,3rd Round,3,Gracheva V.,Muchova K.,103.0,14.0,711.0,2838.0,6.0,2.0,6.0,4.0,,,2.0,0.0,Completed,3.25,1.33,3.48,1.36,3.4,1.4,3.2,1.34,,,20250812
37,Cincinnati,Western & Southern Financial Group Women's Open,2025-08-12,WTA1000,Outdoor,Hard,3rd Round,3,Bronzetti L.,Ostapenko J.,61.0,30.0,968.0,1695.0,1.0,6.0,6.0,3.0,6.0,4.0,2.0,1.0,Completed,2.88,1.44,2.8,1.5,6.0,1.44,3.24,1.37,,,20250812
37,Cincinnati,Western & Southern Financial Group Women's Open,2025-08-13,WTA1000,Outdoor,Hard,3rd Round,3,Kudermetova V.,Tauson C.,36.0,15.0,1373.0,2726.0,3.0,6.0,7.0,6.0,6.0,4.0,2.0,1.0,Completed,2.2,1.62,2.31,1.69,2.35,1.67,2.24,1.63,,,20250813
37,Cincinnati,Western & Southern Financial Group Women's Open,2025-08-13,WTA1000,Outdoor,Hard,3rd Round,3,Linette M.,Pegula J.,40.0,4.0,1349.0,5488.0,7.0,6.0,3.0,6.0,6.0,3.0,2.0,1.0,Completed,4.0,1.25,5.63,1.18,4.8,1.35,4.0,1.24,,,20250813
37,Cincinnati,Western & Southern Financial Group Women's Open,2025-08-13,WTA1000,Outdoor,Hard,4th Round,3,Swiatek I.,Cirstea S.,3.0,136.0,6933.0,540.0,6.0,4.0,6.0,3.0,,,2.0,0.0,Completed,1.04,12.0,,,1.05,13.0,1.04,11.0,,,20250813
37,Cincinnati,Western & Southern Financial Group Women's Open,2025-08-13,WTA1000,Outdoor,Hard,4th Round,3,Rybakina E.,Keys M.,10.0,6.0,3283.0,4579.0,6.0,7.0,6.0,4.0,6.0,2.0,2.0,1.0,Completed,1.67,2.25,1.69,2.31,1.7,2.3,1.65,2.22,,,20250813
37,Cincinnati,Western & Southern Financial Group Women's Open,2025-08-13,WTA1000,Outdoor,Hard,4th Round,3,Sabalenka A.,Bouzas Maneiro J.,1.0,42.0,12010.0,1319.0,6.0,1.0,7.0,5.0,,,2.0,0.0,Completed,1.13,6.0,1.14,6.8,1.14,7.0,1.12,5.99,,,20250813
37,Cincinnati,Western & Southern Financial Group Women's Open,2025-08-14,WTA1000,Outdoor,Hard,4th Round,3,Kalinskaya A.,Alexandrova E.,34.0,16.0,1432.0,2676.0,3.0,6.0,7.0,6.0,6.0,1.0,2.0,1.0,Completed,2.4,1.57,2.68,1.53,2.63,1.57,2.51,1.51,,,20250814
37,Cincinnati,Western & Southern Financial Group Women's Open,2025-08-14,WTA1000,Outdoor,Hard,4th Round,3,Gauff C.,Bronzetti L.,2.0,61.0,7669.0,968.0,6.0,2.0,6.0,4.0,,,2.0,0.0,Completed,1.1,7.0,1.11,8.36,1.11,7.0,1.1,6.8,,,20250814
37,Cincinnati,Western & Southern Financial Group Women's Open,2025-08-14,WTA1000,Outdoor,Hard,4th Round,3,Paolini J.,Krejcikova B.,9.0,80.0,3586.0,864.0,6.0,1.0,6.0,2.0,,,2.0,0.0,Completed,1.73,2.1,1.74,2.22,1.79,2.2,1.73,2.08,,,20250814
37,Cincinnati,Western & Southern Financial Group Women's Open,2025-08-14,WTA1000,Outdoor,Hard,4th Round,3,Gracheva V.,Seidel E.,103.0,124.0,711.0,591.0,2.0,6.0,6.0,1.0,6.0,1.0,2.0,1.0,Completed,1.62,2.3,1.63,2.45,1.62,2.4,1.58,2.33,,,20250814
37,Cincinnati,Western & Southern Financial Group Women's Open,2025-08-15,WTA1000,Outdoor,Hard,4th Round,3,Kudermetova V.,Linette M.,36.0,40.0,1373.0,1349.0,6.0,4.0,6.0,3.0,,,2.0,0.0,Completed,1.57,2.4,1.61,2.48,1.65,2.5,1.56,2.38,,,20250815
37,Cincinnati,Western & Southern Financial Group Women's Open,2025-08-15,WTA1000,Outdoor,Hard,Quarterfinals,3,Swiatek I.,Kalinskaya A.,3.0,34.0,6933.0,1432.0,6.0,3.0,6.0,4.0,,,2.0,0.0,Completed,1.22,4.33,1.19,5.41,1.22,5.0,1.19,4.62,,,20250815
37,Cincinnati,Western & Southern Financial Group Women's Open,2025-08-15,WTA1000,Outdoor,Hard,Quarterfinals,3,Rybakina E.,Sabalenka A.,10.0,1.0,3283.0,12010.0,6.0,1.0,6.0,4.0,,,2.0,0.0,Completed,2.3,1.62,2.44,1.63,2.75,1.65,2.32,1.59,,,20250815
37,Cincinnati,Western & Southern Financial Group Women's Open,2025-08-15,WTA1000,Outdoor,Hard,Quarterfinals,3,Kudermetova V.,Gracheva V.,36.0,103.0,1373.0,711.0,6.0,1.0,6.0,2.0,,,2.0,0.0,Completed,1.4,3.0,1.41,3.15,1.45,3.0,1.4,2.92,,,20250815
37,Cincinnati,Western & Southern Financial Group Women's Open,2025-08-16,WTA1000,Outdoor,Hard,Quarterfinals,3,Paolini J.,Gauff C.,9.0,2.0,3586.0,7669.0,2.0,6.0,6.0,4.0,6.0,3.0,2.0,1.0,Completed,2.8,1.44,2.88,1.48,2.85,1.45,2.76,1.43,,,20250816
37,Cincinnati,Western & Southern Financial Group Women's Open,2025-08-17,WTA1000,Outdoor,Hard,Semifinals,3,Swiatek I.,Rybakina E.,3.0,10.0,6933.0,3283.0,7.0,5.0,6.0,3.0,,,2.0,0.0,Completed,1.57,2.25,1.62,2.46,1.65,2.4,1.6,2.27,,,20250817
37,Cincinnati,Western & Southern Financial Group Women's Open,2025-08-17,WTA1000,Outdoor,Hard,Semifinals,3,Paolini J.,Kudermetova V.,9.0,36.0,3586.0,1373.0,6.0,3.0,6.0,7.0,6.0,3.0,2.0,1.0,Completed,1.8,1.95,1.85,2.07,1.83,2.1,1.8,1.97,,,20250817
37,Cincinnati,Western & Southern Financial Group Women's Open,2025-08-18,WTA1000,Outdoor,Hard,The Final,3,Swiatek I.,Paolini J.,3.0,9.0,6933.0,3586.0,7.0,5.0,6.0,4.0,,,2.0,0.0,Completed,1.14,5.0,1.16,6.08,1.15,6.0,1.14,5.63,,,20250818
38,Cleveland,Tennis in the Land,2025-08-17,WTA250,Outdoor,Hard,1st Round,3,Zakharova A.,Birrell K.,100.0,80.0,742.0,871.0,5.0,7.0,6.0,4.0,6.0,3.0,2.0,1.0,Completed,2.3,1.62,2.33,1.65,2.32,1.65,2.26,1.61,2.4,1.64,20250817
38,Cleveland,Tennis in the Land,2025-08-17,WTA250,Outdoor,Hard,1st Round,3,Jovic I.,Potapova A.,76.0,45.0,885.0,1221.0,7.0,5.0,6.0,3.0,,,2.0,0.0,Completed,1.73,2.1,1.78,2.13,1.77,3.1,1.66,2.24,1.76,2.28,20250817
38,Cleveland,Tennis in the Land,2025-08-17,WTA250,Outdoor,Hard,1st Round,3,Lys E.,Joint M.,60.0,42.0,996.0,1301.0,6.0,4.0,6.0,4.0,,,2.0,0.0,Completed,2.38,1.57,2.36,1.64,2.38,1.62,2.28,1.6,2.38,1.67,20250817
38,Cleveland,Tennis in the Land,2025-08-17,WTA250,Outdoor,Hard,1st Round,3,Sierra S.,Kartal S.,75.0,51.0,887.0,1157.0,4.0,6.0,6.0,4.0,7.0,6.0,2.0,1.0,Completed,2.75,1.44,2.86,1.46,2.88,1.55,2.75,1.43,2.9,1.49,20250817
38,Cleveland,Tennis in the Land,2025-08-17,WTA250,Outdoor,Hard,1st Round,3,Kudermetova P.,Scott K.,64.0,565.0,960.0,81.0,6.0,4.0,6.0,4.0,,,2.0,0.0,Completed,1.44,2.75,1.5,2.71,1.5,2.8,1.45,2.66,1.53,2.76,20250817
38,Cleveland,Tennis in the Land,2025-08-17,WTA250,Outdoor,Hard,1st Round,3,Li A.,Starodubtseva Y.,69.0,66.0,923.0,941.0,7.0,5.0,6.0,3.0,,,2.0,0.0,Completed,1.57,2.38,1.67,2.3,1.8,11.0,1.6,2.76,1.66,2.2,20250817
38,Cleveland,Tennis in the Land,2025-08-18,WTA250,Outdoor,Hard,1st Round,3,Baptiste H.,Ruse E.G.,49.0,67.0,1166.0,939.0,6.0,2.0,7.0,6.0,,,2.0,0.0,Completed,1.8,2.0,1.88,1.99,1.83,2.05,1.77,2.0,1.89,2.08,20250818
38,Cleveland,Tennis in the Land,2025-08-18,WTA250,Outdoor,Hard,1st Round,3,Teichmann J.,Boisson L.,85.0,46.0,845.0,1218.0,6.0,4.0,1.0,6.0,6.0,4.0,2.0,1.0,Completed,2.1,1.73,2.33,1.66,2.1,1.84,1.99,1.78,2.14,1.85,20250818
38,Cleveland,Tennis in the Land,2025-08-18,WTA250,Outdoor,Hard,1st Round,3,Cirstea S.,Uchijima M.,112.0,92.0,660.0,807.0,6.0,4.0,6.0,1.0,,,2.0,0.0,Completed,1.29,3.75,1.33,3.49,1.29,4.0,1.26,3.69,1.31,4.1,20250818
38,Cleveland,Tennis in the Land,2025-08-18,WTA250,Outdoor,Hard,1st Round,3,Jacquemot E.,Zhu L.,98.0,303.0,766.0,231.0,6.0,3.0,6.0,1.0,,,2.0,0.0,Completed,2.1,1.73,2.17,1.74,2.16,1.77,2.07,1.73,2.16,1.8,20250818
38,Cleveland,Tennis in the Land,2025-08-18,WTA250,Outdoor,Hard,1st Round,3,Gibson T.,Minnen G.,107.0,99.0,686.0,743.0,7.0,6.0,6.0,4.0,,,2.0,0.0,Completed,2.0,1.77,2.13,1.76,2.05,1.9,1.99,1.79,2.1,1.9,20250818
38,Cleveland,Tennis in the Land,2025-08-18,WTA250,Outdoor,Hard,1st Round,3,Samsonova L.,Dolehide C.,19.0,74.0,2166.0,887.0,6.0,4.0,7.0,6.0,,,2.0,0.0,Completed,1.36,3.2,1.33,3.56,1.37,3.5,1.34,3.2,1.36,3.7,20250818
38,Cleveland,Tennis in the Land,2025-08-18,WTA250,Outdoor,Hard,1st Round,3,Golubic V.,Bronzetti L.,77.0,56.0,879.0,1068.0,6.0,1.0,6.0,3.0,,,2.0,0.0,Completed,2.0,1.8,2.01,1.87,2.01,1.85,1.96,1.8,2.08,1.9,20250818
38,Cleveland,Tennis in the Land,2025-08-18,WTA250,Outdoor,Hard,1st Round,3,Wang Xin.,Lamens S.,37.0,63.0,1398.0,966.0,6.0,2.0,6.0,7.0,6.0,2.0,2.0,1.0,Completed,1.33,3.4,1.35,3.42,1.34,4.0,1.32,3.32,1.36,3.7,20250818
38,Cleveland,Tennis in the Land,2025-08-18,WTA250,Outdoor,Hard,1st Round,3,Wang Y.,Stearns P.,202.0,47.0,364.0,1171.0,6.0,4.0,3.0,6.0,6.0,3.0,2.0,1.0,Completed,2.75,1.44,2.9,1.44,2.9,3.4,2.71,1.54,3.15,1.45,20250818
38,Cleveland,Tennis in the Land,2025-08-19,WTA250,Outdoor,Hard,1st Round,3,Boulter K.,Yuan Y.,48.0,88.0,1168.0,823.0,6.0,4.0,6.0,3.0,,,2.0,0.0,Completed,1.91,1.91,1.88,1.98,1.91,1.95,1.88,1.88,1.9,2.08,20250819
38,Cleveland,Tennis in the Land,2025-08-19,WTA250,Outdoor,Hard,2nd Round,3,Zakharova A.,Baptiste H.,100.0,49.0,742.0,1166.0,6.0,4.0,6.0,3.0,,,2.0,0.0,Completed,3.2,1.36,3.04,1.41,3.2,1.45,2.99,1.37,3.35,1.41,20250819
38,Cleveland,Tennis in the Land,2025-08-19,WTA250,Outdoor,Hard,2nd Round,3,Lys E.,Kudermetova P.,60.0,64.0,996.0,960.0,6.0,4.0,6.0,3.0,,,2.0,0.0,Completed,1.3,3.5,1.33,3.56,1.35,3.5,1.31,3.33,1.37,3.55,20250819
38,Cleveland,Tennis in the Land,2025-08-20,WTA250,Outdoor,Hard,2nd Round,3,Cirstea S.,Teichmann J.,112.0,85.0,660.0,845.0,6.0,1.0,6.0,1.0,,,2.0,0.0,Completed,1.33,3.4,1.31,3.67,1.36,3.5,1.33,3.23,1.37,3.65,20250820
38,Cleveland,Tennis in the Land,2025-08-20,WTA250,Outdoor,Hard,2nd Round,3,Samsonova L.,Wang Y.,19.0,202.0,2166.0,364.0,6.0,2.0,6.0,4.0,,,2.0,0.0,Completed,1.25,4.0,1.24,4.38,1.25,4.25,1.23,3.95,1.24,4.8,20250820
38,Cleveland,Tennis in the Land,2025-08-21,WTA250,Outdoor,Hard,2nd Round,3,Jacquemot E.,Sierra S.,98.0,75.0,766.0,887.0,7.0,5.0,7.0,6.0,,,2.0,0.0,Completed,1.73,2.1,1.76,2.14,1.79,2.15,1.72,2.07,1.79,2.24,20250821
38,Cleveland,Tennis in the Land,2025-08-21,WTA250,Outdoor,Hard,2nd Round,3,Wang Xin.,Gibson T.,37.0,107.0,1398.0,686.0,1.0,6.0,6.0,2.0,6.0,3.0,2.0,1.0,Completed,1.36,3.2,1.34,3.45,1.36,3.25,1.34,3.18,1.39,3.45,20250821
38,Cleveland,Tennis in the Land,2025-08-21,WTA250,Outdoor,Hard,2nd Round,3,Li A.,Jovic I.,69.0,76.0,923.0,885.0,6.0,3.0,2.0,6.0,6.0,3.0,2.0,1.0,Completed,2.2,1.67,2.28,1.68,2.23,1.67,2.18,1.65,2.26,1.77,20250821
38,Cleveland,Tennis in the Land,2025-08-21,WTA250,Outdoor,Hard,2nd Round,3,Golubic V.,Boulter K.,77.0,48.0,879.0,1168.0,7.0,6.0,1.0,6.0,6.0,4.0,2.0,1.0,Completed,2.1,1.73,2.13,1.77,2.12,1.75,2.06,1.73,2.2,1.81,20250821
38,Cleveland,Tennis in the Land,2025-08-21,WTA250,Outdoor,Hard,Quarterfinals,3,Zakharova A.,Lys E.,100.0,60.0,742.0,996.0,,,,,,,,,Walkover,,,,,2.63,1.5,2.57,1.5,2.46,1.3,20250821
38,Cleveland,Tennis in the Land,2025-08-22,WTA250,Outdoor,Hard,Quarterfinals,3,Li A.,Jacquemot E.,69.0,98.0,923.0,766.0,6.0,1.0,5.0,7.0,6.0,1.0,2.0,1.0,Completed,1.63,2.2,,,1.67,2.3,1.61,2.25,1.59,2.44,20250822
38,Cleveland,Tennis in the Land,2025-08-22,WTA250,Outdoor,Hard,Quarterfinals,3,Cirstea S.,Samsonova L.,112.0,19.0,660.0,2166.0,6.0,4.0,6.0,1.0,,,2.0,0.0,Completed,2.38,1.57,2.42,1.61,2.43,1.6,2.37,1.56,2.6,1.61,20250822
38,Cleveland,Tennis in the Land,2025-08-22,WTA250,Outdoor,Hard,Quarterfinals,3,Wang Xin.,Golubic V.,37.0,77.0,1398.0,879.0,4.0,6.0,6.0,4.0,6.0,4.0,2.0,1.0,Completed,1.57,2.38,,,1.57,2.4,1.55,2.37,1.41,2.66,20250822
38,Cleveland,Tennis in the Land,2025-08-22,WTA250,Outdoor,Hard,Semifinals,3,Cirstea S.,Zakharova A.,112.0,100.0,660.0,742.0,6.0,1.0,7.0,5.0,,,2.0,0.0,Completed,1.25,4.0,1.28,3.99,1.27,4.2,1.23,3.93,1.24,5.0,20250822
38,Cleveland,Tennis in the Land,2025-08-23,WTA250,Outdoor,Hard,Semifinals,3,Li A.,Wang Xin.,69.0,37.0,923.0,1398.0,6.0,3.0,5.0,7.0,6.0,4.0,2.0,1.0,Completed,2.3,1.62,2.31,1.68,2.3,1.67,2.23,1.63,2.44,1.69,20250823
38,Cleveland,Tennis in the Land,2025-08-23,WTA250,Outdoor,Hard,The Final,3,Cirstea S.,Li A.,112.0,69.0,660.0,923.0,6.0,2.0,6.0,4.0,,,2.0,0.0,Completed,1.44,2.75,1.45,3.0,1.46,2.9,1.44,2.73,1.48,3.0,20250823
39,Monterrey,Monterrey Open,2025-08-18,WTA500,Outdoor,Hard,1st Round,3,Rakhimova K.,Bouzas Maneiro J.,68.0,40.0,931.0,1354.0,6.0,4.0,7.0,5.0,,,2.0,0.0,Completed,2.5,1.53,2.45,1.6,2.5,1.6,2.39,1.55,2.56,1.63,20250818
39,Monterrey,Monterrey Open,2025-08-18,WTA500,Outdoor,Hard,1st Round,3,Maria T.,Bondar A.,43.0,96.0,1274.0,779.0,7.0,6.0,7.0,5.0,,,2.0,0.0,Completed,1.67,2.2,1.75,2.16,1.67,2.4,1.65,2.19,1.75,2.32,20250818
39,Monterrey,Monterrey Open,2025-08-19,WTA500,Outdoor,Hard,1st Round,3,Mertens E.,Blinkova A.,21.0,78.0,2051.0,878.0,6.0,4.0,6.0,3.0,,,2.0,0.0,Completed,1.25,4.0,1.23,4.53,1.29,4.25,1.25,3.87,1.27,4.5,20250819
39,Monterrey,Monterrey Open,2025-08-19,WTA500,Outdoor,Hard,1st Round,3,Bouzkova M.,Sonmez Z.,53.0,79.0,1146.0,874.0,3.0,6.0,6.0,2.0,6.0,4.0,2.0,1.0,Completed,1.22,4.33,1.25,4.31,1.25,4.33,1.23,4.08,1.26,4.7,20250819
39,Monterrey,Monterrey Open,2025-08-19,WTA500,Outdoor,Hard,1st Round,3,Vekic D.,Sakkari M.,55.0,62.0,1103.0,971.0,6.0,2.0,6.0,3.0,,,2.0,0.0,Completed,2.38,1.57,2.36,1.64,2.41,1.6,2.36,1.57,2.42,1.69,20250819
39,Monterrey,Monterrey Open,2025-08-19,WTA500,Outdoor,Hard,1st Round,3,Fernandez L.A.,Cristian J.,33.0,50.0,1558.0,1161.0,6.0,3.0,7.0,5.0,,,2.0,0.0,Completed,1.4,3.0,1.41,3.08,1.4,3.5,1.38,3.01,1.46,3.05,20250819
39,Monterrey,Monterrey Open,2025-08-19,WTA500,Outdoor,Hard,1st Round,3,Sramkova R.,Rodriguez V.,38.0,420.0,1392.0,129.0,6.0,0.0,6.0,3.0,,,2.0,0.0,Completed,1.1,7.0,1.11,7.83,1.12,7.0,1.09,6.68,1.1,9.6,20250819
39,Monterrey,Monterrey Open,2025-08-20,WTA500,Outdoor,Hard,1st Round,3,Parks A.,Bucsa C.,71.0,93.0,900.0,800.0,6.0,2.0,6.0,1.0,,,2.0,0.0,Completed,2.38,1.57,2.47,1.59,2.4,1.6,2.35,1.57,2.5,1.65,20250820
39,Monterrey,Monterrey Open,2025-08-20,WTA500,Outdoor,Hard,1st Round,3,Ruzic A.,Pavlyuchenkova A.,89.0,44.0,822.0,1244.0,7.0,6.0,6.0,1.0,,,2.0,0.0,Completed,2.2,1.67,2.26,1.69,2.25,1.67,2.22,1.64,2.46,1.67,20250820
39,Monterrey,Monterrey Open,2025-08-20,WTA500,Outdoor,Hard,1st Round,3,Cocciaretto E.,Jeanjean L.,87.0,91.0,825.0,809.0,6.0,3.0,6.0,4.0,,,2.0,0.0,Completed,1.57,2.38,1.58,2.48,1.6,2.43,1.56,2.36,1.64,2.5,20250820
39,Monterrey,Monterrey Open,2025-08-20,WTA500,Outdoor,Hard,1st Round,3,Tomljanovic A.,Zarazua R.,84.0,73.0,851.0,889.0,4.0,6.0,6.0,3.0,7.0,6.0,2.0,1.0,Completed,1.73,2.1,1.72,2.21,1.73,2.14,1.71,2.1,1.74,2.32,20250820
39,Monterrey,Monterrey Open,2025-08-20,WTA500,Outdoor,Hard,1st Round,3,Noskova L.,Sun L.,23.0,102.0,1942.0,735.0,7.0,6.0,7.0,6.0,,,2.0,0.0,Completed,1.36,3.2,1.4,3.14,1.44,3.25,1.35,3.06,1.43,3.25,20250820
39,Monterrey,Monterrey Open,2025-08-20,WTA500,Outdoor,Hard,2nd Round,3,Mertens E.,Vekic D.,21.0,55.0,2051.0,1103.0,6.0,3.0,6.0,3.0,,,2.0,0.0,Completed,1.4,3.0,1.41,3.11,1.42,3.0,1.39,2.92,1.44,3.25,20250820
39,Monterrey,Monterrey Open,2025-08-20,WTA500,Outdoor,Hard,2nd Round,3,Shnaider D.,Rakhimova K.,22.0,68.0,2036.0,931.0,7.0,6.0,6.0,1.0,,,2.0,0.0,Completed,1.5,2.63,1.54,2.64,1.52,2.63,1.5,2.54,1.57,2.72,20250820
39,Monterrey,Monterrey Open,2025-08-20,WTA500,Outdoor,Hard,2nd Round,3,Ruzic A.,Cocciaretto E.,89.0,87.0,822.0,825.0,7.0,6.0,2.0,6.0,6.0,0.0,2.0,1.0,Completed,2.0,1.8,2.01,1.87,2.4,1.82,2.01,1.76,2.1,1.9,20250820
39,Monterrey,Monterrey Open,2025-08-20,WTA500,Outdoor,Hard,2nd Round,3,Sramkova R.,Fernandez L.A.,38.0,33.0,1392.0,1558.0,2.0,6.0,6.0,3.0,6.0,2.0,2.0,1.0,Completed,3.75,1.29,3.48,1.34,3.75,1.33,3.42,1.3,3.75,1.34,20250820
39,Monterrey,Monterrey Open,2025-08-21,WTA500,Outdoor,Hard,2nd Round,3,Bouzkova M.,Haddad Maia B.,53.0,20.0,1146.0,2074.0,6.0,3.0,6.0,4.0,,,2.0,0.0,Completed,1.53,2.5,1.53,2.68,1.55,2.63,1.49,2.54,1.54,2.84,20250821
39,Monterrey,Monterrey Open,2025-08-21,WTA500,Outdoor,Hard,2nd Round,3,Noskova L.,Maria T.,23.0,43.0,1942.0,1274.0,6.0,3.0,6.0,2.0,,,2.0,0.0,Completed,1.2,4.5,1.22,4.73,1.23,4.5,1.21,4.25,1.21,5.3,20250821
39,Monterrey,Monterrey Open,2025-08-21,WTA500,Outdoor,Hard,2nd Round,3,Parks A.,Navarro E.,71.0,11.0,900.0,3095.0,4.0,6.0,6.0,3.0,6.0,2.0,2.0,1.0,Completed,3.0,1.4,3.02,1.43,3.05,1.45,2.93,1.39,3.25,1.43,20250821
39,Monterrey,Monterrey Open,2025-08-21,WTA500,Outdoor,Hard,2nd Round,3,Alexandrova E.,Tomljanovic A.,14.0,84.0,2786.0,851.0,6.0,4.0,6.0,3.0,,,2.0,0.0,Completed,1.25,4.0,1.28,3.92,1.29,4.0,1.26,3.75,1.28,4.4,20250821
39,Monterrey,Monterrey Open,2025-08-21,WTA500,Outdoor,Hard,Quarterfinals,3,Shnaider D.,Mertens E.,22.0,21.0,2036.0,2051.0,3.0,6.0,7.0,6.0,7.0,6.0,2.0,1.0,Completed,2.38,1.57,2.58,1.56,2.4,1.6,2.34,1.57,2.58,1.62,20250821
39,Monterrey,Monterrey Open,2025-08-22,WTA500,Outdoor,Hard,Quarterfinals,3,Parks A.,Sramkova R.,71.0,38.0,900.0,1392.0,6.0,2.0,7.0,5.0,,,2.0,0.0,Completed,1.91,1.91,1.87,2.02,1.95,1.91,1.92,1.85,2.06,1.91,20250822
39,Monterrey,Monterrey Open,2025-08-22,WTA500,Outdoor,Hard,Quarterfinals,3,Alexandrova E.,Noskova L.,14.0,23.0,2786.0,1942.0,7.0,6.0,4.0,6.0,6.0,2.0,2.0,1.0,Completed,1.77,2.0,1.88,2.01,1.85,2.1,1.78,2.0,1.85,2.16,20250822
39,Monterrey,Monterrey Open,2025-08-22,WTA500,Outdoor,Hard,Quarterfinals,3,Bouzkova M.,Ruzic A.,53.0,89.0,1146.0,822.0,6.0,3.0,6.0,2.0,,,2.0,0.0,Completed,1.44,2.75,1.51,2.74,1.46,2.75,1.44,2.72,1.5,2.92,20250822
39,Monterrey,Monterrey Open,2025-08-23,WTA500,Outdoor,Hard,Semifinals,3,Shnaider D.,Parks A.,22.0,71.0,2036.0,900.0,6.0,3.0,7.0,6.0,,,2.0,0.0,Completed,1.44,2.75,1.5,2.76,1.48,2.75,1.45,2.66,1.5,2.96,20250823
39,Monterrey,Monterrey Open,2025-08-23,WTA500,Outdoor,Hard,Semifinals,3,Alexandrova E.,Bouzkova M.,14.0,53.0,2786.0,1146.0,6.0,3.0,0.0,0.0,,,1.0,0.0,Retired,1.57,2.38,1.64,2.39,1.65,2.38,1.59,2.29,1.62,2.52,20250823
39,Monterrey,Monterrey Open,2025-08-24,WTA500,Outdoor,Hard,The Final,3,Shnaider D.,Alexandrova E.,22.0,14.0,2036.0,2786.0,6.0,3.0,4.0,6.0,6.0,4.0,2.0,1.0,Completed,2.5,1.53,,,2.5,1.73,2.29,1.6,2.44,1.68,20250824
40,New York,US Open,2025-08-24,Grand Slam,Outdoor,Hard,1st Round,3,Valentova T.,Bronzetti L.,96.0,57.0,793.0,1068.0,6.0,3.0,3.0,6.0,6.0,4.0,2.0,1.0,Completed,1.2,4.5,1.25,4.33,1.23,4.5,1.21,4.28,1.26,4.6,20250824
40,New York,US Open,2025-08-24,Grand Slam,Outdoor,Hard,1st Round,3,Kessler M.,Linette M.,41.0,37.0,1310.0,1404.0,7.0,5.0,7.0,5.0,,,2.0,0.0,Completed,1.5,2.63,1.54,2.63,1.55,2.63,1.51,2.52,1.56,2.74,20250824
40,New York,US Open,2025-08-24,Grand Slam,Outdoor,Hard,1st Round,3,Kudermetova P.,Parrizas Diaz N.,67.0,133.0,963.0,556.0,2.0,2.0,,,,,0.0,0.0,Retired,1.67,2.2,1.63,2.4,1.7,2.35,1.64,2.22,1.68,2.42,20250824
40,New York,US Open,2025-08-24,Grand Slam,Outdoor,Hard,1st Round,3,Raducanu E.,Shibahara E.,36.0,128.0,1426.0,576.0,6.0,1.0,6.0,2.0,,,2.0,0.0,Completed,1.11,6.5,1.12,7.28,1.13,7.5,1.11,6.66,1.13,8.2,20250824
40,New York,US Open,2025-08-24,Grand Slam,Outdoor,Hard,1st Round,3,Vondrousova M.,Selekhmeteva O.,60.0,163.0,1013.0,437.0,6.0,3.0,7.0,6.0,,,2.0,0.0,Completed,1.17,5.0,1.19,5.17,1.18,6.0,1.17,4.94,1.19,6.2,20250824
40,New York,US Open,2025-08-24,Grand Slam,Outdoor,Hard,1st Round,3,Fernandez L.A.,Marino R.,30.0,117.0,1564.0,622.0,6.0,2.0,6.0,1.0,,,2.0,0.0,Completed,1.17,5.0,1.18,5.55,1.2,5.5,1.18,4.82,1.21,5.7,20250824
40,New York,US Open,2025-08-24,Grand Slam,Outdoor,Hard,1st Round,3,Tjen J.,Kudermetova V.,149.0,25.0,480.0,1763.0,6.0,4.0,4.0,6.0,6.0,4.0,2.0,1.0,Completed,2.75,1.44,2.94,1.45,3.0,1.46,2.73,1.44,,,20250824
40,New York,US Open,2025-08-24,Grand Slam,Outdoor,Hard,1st Round,3,Uchijima M.,Danilovic O.,94.0,39.0,807.0,1320.0,7.0,6.0,4.0,6.0,7.0,6.0,2.0,1.0,Completed,3.4,1.33,3.6,1.33,3.5,1.35,3.33,1.32,3.7,1.36,20250824
40,New York,US Open,2025-08-24,Grand Slam,Outdoor,Hard,1st Round,3,Eala A.,Tauson C.,75.0,14.0,904.0,2781.0,6.0,3.0,2.0,6.0,7.0,6.0,2.0,1.0,Completed,3.2,1.36,3.4,1.36,3.4,1.4,3.14,1.35,3.5,1.39,20250824
40,New York,US Open,2025-08-24,Grand Slam,Outdoor,Hard,1st Round,3,Sabalenka A.,Masarova R.,1.0,108.0,11225.0,686.0,7.0,5.0,6.0,1.0,,,2.0,0.0,Completed,1.02,19.0,,,1.03,21.0,1.02,15.9,1.04,22.0,20250824
40,New York,US Open,2025-08-24,Grand Slam,Outdoor,Hard,1st Round,3,McNally C.,Teichmann J.,101.0,87.0,735.0,863.0,6.0,2.0,6.0,2.0,,,2.0,0.0,Completed,1.2,4.5,1.22,4.76,1.26,4.5,1.23,4.14,1.27,4.5,20250824
40,New York,US Open,2025-08-24,Grand Slam,Outdoor,Hard,1st Round,3,Ostapenko J.,Wang Xiy.,26.0,147.0,1720.0,480.0,6.0,4.0,6.0,3.0,,,2.0,0.0,Completed,1.5,2.63,1.58,2.53,1.52,2.63,1.5,2.56,1.58,2.72,20250824
40,New York,US Open,2025-08-24,Grand Slam,Outdoor,Hard,1st Round,3,Sun L.,Osorio M.,164.0,63.0,435.0,979.0,6.0,4.0,2.0,6.0,6.0,0.0,2.0,1.0,Completed,1.67,2.2,1.69,2.29,1.67,2.25,1.65,2.2,1.76,2.3,20250824
40,New York,US Open,2025-08-24,Grand Slam,Outdoor,Hard,1st Round,3,Navarro E.,Wang Y.,11.0,170.0,2960.0,411.0,7.0,6.0,6.0,3.0,,,2.0,0.0,Completed,1.29,3.75,1.27,4.1,1.3,3.75,1.29,3.6,1.29,4.2,20250824
40,New York,US Open,2025-08-24,Grand Slam,Outdoor,Hard,1st Round,3,Potapova A.,Zhu L.,53.0,302.0,1136.0,232.0,6.0,4.0,4.0,6.0,6.0,2.0,2.0,1.0,Completed,1.5,2.63,1.59,2.51,1.56,2.63,1.52,2.5,1.58,2.68,20250824
40,New York,US Open,2025-08-24,Grand Slam,Outdoor,Hard,1st Round,3,Bencic B.,Zhang S.,19.0,113.0,2265.0,652.0,6.0,3.0,6.0,3.0,,,2.0,0.0,Completed,1.3,3.5,1.35,3.44,1.33,3.55,1.32,3.34,1.38,3.5,20250824
40,New York,US Open,2025-08-24,Grand Slam,Outdoor,Hard,1st Round,3,Blinkova A.,Starodubtseva Y.,80.0,68.0,878.0,941.0,6.0,3.0,6.0,1.0,,,2.0,0.0,Completed,1.8,2.0,1.88,2.0,1.83,2.02,1.81,1.97,1.92,2.08,20250824
40,New York,US Open,2025-08-25,Grand Slam,Outdoor,Hard,1st Round,3,Paolini J.,Aiava D.,8.0,166.0,4116.0,431.0,6.0,2.0,7.0,6.0,,,2.0,0.0,Completed,1.08,8.0,1.08,9.95,1.08,10.0,1.07,8.12,1.08,12.0,20250825
40,New York,US Open,2025-08-25,Grand Slam,Outdoor,Hard,1st Round,3,Azarenka V.,Inoue H.,132.0,215.0,556.0,325.0,7.0,6.0,6.0,4.0,,,2.0,0.0,Completed,1.2,4.5,1.22,4.74,1.24,15.0,1.2,4.96,1.25,4.8,20250825
40,New York,US Open,2025-08-25,Grand Slam,Outdoor,Hard,1st Round,3,Pegula J.,Sherif M.,4.0,102.0,4903.0,734.0,6.0,0.0,6.0,4.0,,,2.0,0.0,Completed,1.04,13.0,,,1.04,14.0,1.03,11.91,1.04,23.0,20250825
40,New York,US Open,2025-08-25,Grand Slam,Outdoor,Hard,1st Round,3,Putintseva Y.,Cocciaretto E.,55.0,85.0,1125.0,870.0,6.0,4.0,7.0,6.0,,,2.0,0.0,Completed,2.2,1.67,2.32,1.67,2.28,1.75,2.19,1.66,2.44,1.68,20250825
40,New York,US Open,2025-08-25,Grand Slam,Outdoor,Hard,1st Round,3,Parry D.,Kvitova P.,107.0,543.0,704.0,87.0,6.0,1.0,6.0,0.0,,,2.0,0.0,Completed,1.44,2.75,1.47,2.85,1.5,2.9,1.44,2.74,1.46,3.1,20250825
40,New York,US Open,2025-08-25,Grand Slam,Outdoor,Hard,1st Round,3,Samsonova L.,Yuan Y.,20.0,100.0,2219.0,735.0,2.0,6.0,6.0,4.0,6.0,4.0,2.0,1.0,Completed,1.22,4.33,1.25,4.38,1.25,4.33,1.23,4.07,1.27,4.6,20250825
40,New York,US Open,2025-08-25,Grand Slam,Outdoor,Hard,1st Round,3,Hon P.,Jeanjean L.,126.0,93.0,578.0,814.0,6.0,3.0,7.0,5.0,,,2.0,0.0,Completed,1.8,2.0,1.94,1.94,1.91,2.0,1.82,1.95,1.89,2.1,20250825
40,New York,US Open,2025-08-25,Grand Slam,Outdoor,Hard,1st Round,3,Krejcikova B.,Mboko V.,62.0,23.0,984.0,1834.0,6.0,3.0,6.0,2.0,,,2.0,0.0,Completed,2.75,1.44,2.82,1.48,2.75,1.48,2.67,1.46,2.8,1.54,20250825
40,New York,US Open,2025-08-25,Grand Slam,Outdoor,Hard,1st Round,3,Pavlyuchenkova A.,Yastremska D.,45.0,31.0,1245.0,1559.0,6.0,7.0,7.0,6.0,6.0,4.0,2.0,1.0,Completed,2.38,1.57,2.41,1.63,2.4,1.63,2.35,1.58,2.58,1.62,20250825
40,New York,US Open,2025-08-25,Grand Slam,Outdoor,Hard,1st Round,3,Zarazua R.,Keys M.,82.0,6.0,871.0,4699.0,6.0,7.0,7.0,6.0,7.0,5.0,2.0,1.0,Completed,9.0,1.07,9.72,1.08,9.0,1.08,8.3,1.07,10.0,1.1,20250825
40,New York,US Open,2025-08-25,Grand Slam,Outdoor,Hard,1st Round,3,Mertens E.,Ahn A.,21.0,714.0,2129.0,50.0,6.0,1.0,6.0,0.0,,,2.0,0.0,Completed,1.04,13.0,1.05,14.83,1.05,13.0,1.04,11.07,1.08,11.5,20250825
40,New York,US Open,2025-08-25,Grand Slam,Outdoor,Hard,1st Round,3,Townsend T.,Ruzic A.,139.0,69.0,505.0,940.0,6.0,4.0,6.0,4.0,,,2.0,0.0,Completed,1.57,2.38,1.65,2.38,1.61,2.4,1.57,2.36,1.61,2.6,20250825
40,New York,US Open,2025-08-25,Grand Slam,Outdoor,Hard,1st Round,3,Jovic I.,Sasnovich A.,73.0,119.0,914.0,610.0,7.0,6.0,6.0,3.0,,,2.0,0.0,Completed,1.3,3.5,1.28,4.04,1.32,3.85,1.29,3.58,1.34,3.85,20250825
40,New York,US Open,2025-08-25,Grand Slam,Outdoor,Hard,1st Round,3,Kalinskaya A.,Ngounoue C.,29.0,178.0,1582.0,399.0,6.0,0.0,5.0,7.0,6.0,4.0,2.0,1.0,Completed,1.25,4.0,1.27,4.15,1.27,4.33,1.24,3.98,1.26,4.7,20250825
40,New York,US Open,2025-08-25,Grand Slam,Outdoor,Hard,1st Round,3,Rybakina E.,Pareja J.,10.0,335.0,3663.0,188.0,6.0,3.0,6.0,0.0,,,2.0,0.0,Completed,1.04,13.0,,,1.04,13.0,1.03,11.83,1.03,28.0,20250825
40,New York,US Open,2025-08-25,Grand Slam,Outdoor,Hard,1st Round,3,Bucsa C.,Liu C.,95.0,371.0,795.0,156.0,6.0,2.0,6.0,1.0,,,2.0,0.0,Completed,1.62,2.3,1.65,2.36,1.63,2.35,1.59,2.31,1.62,2.58,20250825
40,New York,US Open,2025-08-25,Grand Slam,Outdoor,Hard,1st Round,3,Rakhimova K.,Garcia C.,65.0,174.0,966.0,406.0,6.0,4.0,4.0,6.0,6.0,3.0,2.0,1.0,Completed,1.73,2.1,1.72,2.24,1.84,2.1,1.75,2.06,1.87,2.06,20250825
40,New York,US Open,2025-08-25,Grand Slam,Outdoor,Hard,1st Round,3,Kasatkina D.,Ruse E.G.,18.0,70.0,2361.0,939.0,7.0,5.0,6.0,1.0,,,2.0,0.0,Completed,1.53,2.5,1.63,2.4,1.72,2.5,1.58,2.35,1.6,2.6,20250825
40,New York,US Open,2025-08-25,Grand Slam,Outdoor,Hard,1st Round,3,Li A.,Sramkova R.,58.0,35.0,1054.0,1440.0,4.0,6.0,6.0,2.0,6.0,4.0,2.0,1.0,Completed,1.8,2.0,1.81,2.09,1.82,2.1,1.76,2.03,1.8,2.22,20250825
40,New York,US Open,2025-08-25,Grand Slam,Outdoor,Hard,1st Round,3,Sakkari M.,Maria T.,64.0,42.0,971.0,1307.0,6.0,3.0,6.0,2.0,,,2.0,0.0,Completed,1.25,4.0,1.28,3.99,1.3,4.0,1.26,3.81,1.29,4.3,20250825
40,New York,US Open,2025-08-25,Grand Slam,Outdoor,Hard,1st Round,3,Jacquemot E.,Bouzkova M.,91.0,44.0,823.0,1287.0,6.0,4.0,6.0,3.0,,,2.0,0.0,Completed,3.2,1.36,3.07,1.42,3.2,1.4,3.06,1.37,3.4,1.4,20250825
40,New York,US Open,2025-08-25,Grand Slam,Outdoor,Hard,1st Round,3,Frech M.,Gibson T.,33.0,105.0,1528.0,722.0,6.0,2.0,6.0,2.0,,,2.0,0.0,Completed,1.67,2.2,1.76,2.17,1.8,2.2,1.71,2.11,1.78,2.26,20250825
40,New York,US Open,2025-08-25,Grand Slam,Outdoor,Hard,1st Round,3,Bondar A.,Svitolina E.,97.0,15.0,779.0,2726.0,6.0,2.0,6.0,4.0,,,2.0,0.0,Completed,8.0,1.08,10.22,1.08,9.0,1.09,8.5,1.07,12.0,1.08,20250825
40,New York,US Open,2025-08-26,Grand Slam,Outdoor,Hard,1st Round,3,Sonmez Z.,Volynets K.,81.0,109.0,874.0,684.0,6.0,3.0,6.0,4.0,,,2.0,0.0,Completed,2.5,1.53,2.43,1.62,2.5,1.6,2.38,1.56,2.5,1.65,20250826
40,New York,US Open,2025-08-26,Grand Slam,Outdoor,Hard,1st Round,3,Stearns P.,Semenistaja D.,54.0,115.0,1127.0,630.0,7.0,5.0,6.0,0.0,,,2.0,0.0,Completed,1.3,3.5,1.32,3.65,1.3,3.66,1.29,3.52,1.35,3.75,20250826
40,New York,US Open,2025-08-26,Grand Slam,Outdoor,Hard,1st Round,3,Muchova K.,Williams V.,13.0,602.0,2838.0,70.0,6.0,3.0,2.0,6.0,6.0,1.0,2.0,1.0,Completed,1.06,10.0,1.09,9.65,1.08,10.5,1.06,9.14,1.08,12.0,20250826
40,New York,US Open,2025-08-26,Grand Slam,Outdoor,Hard,1st Round,3,Andreeva M.,Parks A.,5.0,56.0,4733.0,1080.0,6.0,0.0,6.0,1.0,,,2.0,0.0,Completed,1.17,5.0,1.19,5.36,1.19,5.5,1.16,5.07,1.19,6.0,20250826
40,New York,US Open,2025-08-26,Grand Slam,Outdoor,Hard,1st Round,3,Joint M.,Jimenez Kasintseva V.,43.0,130.0,1301.0,561.0,6.0,4.0,7.0,6.0,,,2.0,0.0,Completed,1.22,4.33,1.26,4.23,1.25,4.6,1.22,4.22,1.27,4.5,20250826
40,New York,US Open,2025-08-26,Grand Slam,Outdoor,Hard,1st Round,3,Kostyuk M.,Boulter K.,28.0,48.0,1656.0,1168.0,6.0,4.0,6.0,4.0,,,2.0,0.0,Completed,1.5,2.63,1.55,2.61,1.54,2.63,1.51,2.53,1.56,2.76,20250826
40,New York,US Open,2025-08-26,Grand Slam,Outdoor,Hard,1st Round,3,Haddad Maia B.,Kartal S.,22.0,51.0,1921.0,1157.0,6.0,3.0,1.0,6.0,6.0,1.0,2.0,1.0,Completed,2.0,1.8,2.02,1.87,2.04,1.8,2.0,1.78,2.12,1.86,20250826
40,New York,US Open,2025-08-26,Grand Slam,Outdoor,Hard,1st Round,3,Lamens S.,Glozman V.,66.0,902.0,966.0,26.0,6.0,4.0,6.0,2.0,,,2.0,0.0,Completed,1.22,4.33,1.23,4.61,1.24,4.4,1.22,4.23,1.3,4.3,20250826
40,New York,US Open,2025-08-26,Grand Slam,Outdoor,Hard,1st Round,3,Swiatek I.,Arango E.,2.0,84.0,7933.0,871.0,6.0,1.0,6.0,2.0,,,2.0,0.0,Completed,1.01,26.0,,,1.02,31.0,1.01,19.77,1.01,80.0,20250826
40,New York,US Open,2025-08-26,Grand Slam,Outdoor,Hard,1st Round,3,Golubic V.,Boisson L.,72.0,46.0,915.0,1219.0,3.0,6.0,7.0,6.0,6.0,2.0,2.0,1.0,Completed,1.67,2.2,1.68,2.3,1.68,2.25,1.65,2.19,1.74,2.3,20250826
40,New York,US Open,2025-08-26,Grand Slam,Outdoor,Hard,1st Round,3,Cristian J.,Collins D.,50.0,61.0,1161.0,997.0,6.0,2.0,6.0,0.0,,,2.0,0.0,Completed,3.2,1.36,3.26,1.38,3.25,1.4,3.17,1.35,3.45,1.4,20250826
40,New York,US Open,2025-08-26,Grand Slam,Outdoor,Hard,1st Round,3,Wang Xin.,Dolehide C.,34.0,78.0,1466.0,887.0,2.0,6.0,6.0,4.0,6.0,2.0,2.0,1.0,Completed,1.62,2.3,1.67,2.33,1.62,2.38,1.59,2.32,1.68,2.46,20250826
40,New York,US Open,2025-08-26,Grand Slam,Outdoor,Hard,1st Round,3,Anisimova A.,Birrell K.,9.0,83.0,3869.0,871.0,6.0,3.0,6.0,2.0,,,2.0,0.0,Completed,1.14,5.5,1.18,5.6,1.19,5.6,1.15,5.28,1.19,6.0,20250826
40,New York,US Open,2025-08-26,Grand Slam,Outdoor,Hard,1st Round,3,Noskova L.,Galfi D.,32.0,99.0,1550.0,736.0,6.0,4.0,7.0,5.0,,,2.0,0.0,Completed,1.29,3.75,1.32,3.68,1.3,3.75,1.29,3.52,1.32,3.95,20250826
40,New York,US Open,2025-08-26,Grand Slam,Outdoor,Hard,1st Round,3,Krueger A.,Kenin S.,38.0,27.0,1374.0,1708.0,5.0,7.0,6.0,4.0,6.0,2.0,2.0,1.0,Completed,2.0,1.8,2.04,1.85,2.05,1.85,1.99,1.8,2.14,1.83,20250826
40,New York,US Open,2025-08-26,Grand Slam,Outdoor,Hard,1st Round,3,Siegemund L.,Shnaider D.,52.0,17.0,1156.0,2476.0,7.0,6.0,2.0,6.0,6.0,3.0,2.0,1.0,Completed,3.0,1.4,3.29,1.38,4.0,1.42,3.06,1.37,3.35,1.4,20250826
40,New York,US Open,2025-08-26,Grand Slam,Outdoor,Hard,1st Round,3,Lys E.,Jones F.,59.0,89.0,1049.0,837.0,6.0,0.0,7.0,5.0,,,2.0,0.0,Completed,1.67,2.2,1.69,2.29,1.8,2.3,1.68,2.17,1.74,2.32,20250826
40,New York,US Open,2025-08-26,Grand Slam,Outdoor,Hard,1st Round,3,Alexandrova E.,Sevastova A.,12.0,233.0,2916.0,305.0,6.0,4.0,6.0,1.0,,,2.0,0.0,Completed,1.25,4.0,1.28,4.02,1.29,4.25,1.26,3.83,1.31,4.1,20250826
40,New York,US Open,2025-08-26,Grand Slam,Outdoor,Hard,1st Round,3,Cirstea S.,Sierra S.,71.0,74.0,928.0,911.0,7.0,5.0,6.0,0.0,,,2.0,0.0,Completed,1.29,3.75,1.35,3.45,1.32,3.75,1.28,3.59,1.31,4.1,20250826
40,New York,US Open,2025-08-26,Grand Slam,Outdoor,Hard,1st Round,3,Baptiste H.,Siniakova K.,47.0,76.0,1181.0,900.0,7.0,5.0,6.0,3.0,,,2.0,0.0,Completed,2.2,1.67,2.33,1.67,2.25,1.68,2.18,1.66,2.38,1.7,20250826
40,New York,US Open,2025-08-26,Grand Slam,Outdoor,Hard,1st Round,3,Vekic D.,Bouzas Maneiro J.,49.0,40.0,1162.0,1316.0,3.0,6.0,7.0,5.0,6.0,3.0,2.0,1.0,Completed,2.0,1.8,2.02,1.87,2.0,1.9,1.96,1.82,2.1,1.88,20250826
40,New York,US Open,2025-08-27,Grand Slam,Outdoor,Hard,1st Round,3,Osaka N.,Minnen G.,24.0,106.0,1779.0,719.0,6.0,3.0,6.0,4.0,,,2.0,0.0,Completed,1.13,6.0,1.14,6.43,1.13,7.0,1.12,6.28,1.13,7.8,20250827
40,New York,US Open,2025-08-27,Grand Slam,Outdoor,Hard,1st Round,3,Gauff C.,Tomljanovic A.,3.0,79.0,7874.0,886.0,6.0,4.0,6.0,7.0,7.0,5.0,2.0,1.0,Completed,1.06,10.0,1.08,8.75,1.08,10.0,1.07,8.47,1.09,11.5,20250827
40,New York,US Open,2025-08-27,Grand Slam,Outdoor,Hard,1st Round,3,Zakharova A.,Avanesyan E.,90.0,103.0,831.0,733.0,6.0,3.0,6.0,4.0,,,2.0,0.0,Completed,1.53,2.5,1.55,2.61,1.55,2.75,1.53,2.47,1.63,2.58,20250827
40,New York,US Open,2025-08-27,Grand Slam,Outdoor,Hard,2nd Round,3,Navarro E.,McNally C.,11.0,101.0,2960.0,735.0,6.0,2.0,6.0,1.0,,,2.0,0.0,Completed,1.67,2.2,1.66,2.35,1.73,2.28,1.67,2.16,1.71,2.38,20250827
40,New York,US Open,2025-08-27,Grand Slam,Outdoor,Hard,2nd Round,3,Raducanu E.,Tjen J.,36.0,149.0,1426.0,480.0,6.0,2.0,6.0,1.0,,,2.0,0.0,Completed,1.25,4.0,1.31,3.78,1.26,4.0,1.25,3.84,1.28,4.4,20250827
40,New York,US Open,2025-08-27,Grand Slam,Outdoor,Hard,2nd Round,3,Azarenka V.,Pavlyuchenkova A.,132.0,45.0,556.0,1245.0,6.0,3.0,6.0,3.0,,,2.0,0.0,Completed,2.3,1.62,2.3,1.68,2.38,1.65,2.28,1.61,2.38,1.71,20250827
40,New York,US Open,2025-08-27,Grand Slam,Outdoor,Hard,2nd Round,3,Bucsa C.,Eala A.,95.0,75.0,795.0,904.0,6.0,4.0,6.0,3.0,,,2.0,0.0,Completed,2.5,1.53,2.36,1.65,2.6,1.55,2.51,1.51,2.62,1.6,20250827
40,New York,US Open,2025-08-27,Grand Slam,Outdoor,Hard,2nd Round,3,Pegula J.,Blinkova A.,4.0,80.0,4903.0,878.0,6.0,1.0,6.0,3.0,,,2.0,0.0,Completed,1.14,5.5,1.18,5.56,1.17,5.5,1.15,5.34,1.18,6.4,20250827
40,New York,US Open,2025-08-27,Grand Slam,Outdoor,Hard,2nd Round,3,Krejcikova B.,Uchijima M.,62.0,94.0,984.0,807.0,6.0,4.0,6.0,2.0,,,2.0,0.0,Completed,1.17,5.0,1.2,5.18,1.2,5.5,1.17,4.99,1.21,5.5,20250827
40,New York,US Open,2025-08-27,Grand Slam,Outdoor,Hard,2nd Round,3,Rybakina E.,Valentova T.,10.0,96.0,3663.0,793.0,6.0,3.0,7.0,6.0,,,2.0,0.0,Completed,1.19,4.33,1.27,4.17,1.26,4.35,1.22,4.11,1.26,4.7,20250827
40,New York,US Open,2025-08-27,Grand Slam,Outdoor,Hard,2nd Round,3,Townsend T.,Ostapenko J.,139.0,26.0,505.0,1720.0,7.0,5.0,6.0,1.0,,,2.0,0.0,Completed,1.73,2.1,1.78,2.14,1.83,2.1,1.78,2.01,1.81,2.2,20250827
40,New York,US Open,2025-08-27,Grand Slam,Outdoor,Hard,2nd Round,3,Hon P.,Samsonova L.,126.0,20.0,578.0,2219.0,4.0,6.0,6.0,3.0,6.0,2.0,2.0,1.0,Completed,5.0,1.17,4.89,1.21,5.0,1.2,4.74,1.18,6.0,1.19,20250827
40,New York,US Open,2025-08-27,Grand Slam,Outdoor,Hard,2nd Round,3,Mertens E.,Sun L.,21.0,164.0,2129.0,435.0,6.0,2.0,6.0,3.0,,,2.0,0.0,Completed,1.2,4.5,1.2,5.04,1.22,5.25,1.2,4.5,1.21,5.5,20250827
40,New York,US Open,2025-08-27,Grand Slam,Outdoor,Hard,2nd Round,3,Andreeva M.,Potapova A.,5.0,53.0,4733.0,1136.0,6.0,1.0,6.0,3.0,,,2.0,0.0,Completed,1.14,5.5,1.17,5.82,1.17,5.75,1.15,5.32,1.17,6.4,20250827
40,New York,US Open,2025-08-28,Grand Slam,Outdoor,Hard,2nd Round,3,Paolini J.,Jovic I.,8.0,73.0,4116.0,914.0,6.0,3.0,6.0,3.0,,,2.0,0.0,Completed,1.3,3.5,1.36,3.41,1.33,3.5,1.31,3.42,1.34,3.85,20250828
40,New York,US Open,2025-08-28,Grand Slam,Outdoor,Hard,2nd Round,3,Vondrousova M.,Kessler M.,60.0,41.0,1013.0,1310.0,7.0,6.0,6.0,2.0,,,2.0,0.0,Completed,1.53,2.5,1.57,2.55,1.56,3.2,1.52,2.51,1.61,2.56,20250828
40,New York,US Open,2025-08-28,Grand Slam,Outdoor,Hard,2nd Round,3,Fernandez L.A.,Jacquemot E.,30.0,91.0,1564.0,823.0,2.0,6.0,6.0,3.0,6.0,2.0,2.0,1.0,Completed,1.25,4.0,1.27,4.17,1.29,4.25,1.26,3.8,1.3,4.1,20250828
40,New York,US Open,2025-08-28,Grand Slam,Outdoor,Hard,2nd Round,3,Li A.,Bencic B.,58.0,19.0,1054.0,2265.0,6.0,3.0,6.0,3.0,,,2.0,0.0,Completed,3.0,1.4,3.06,1.42,3.15,1.45,2.98,1.39,3.2,1.43,20250828
40,New York,US Open,2025-08-28,Grand Slam,Outdoor,Hard,2nd Round,3,Sabalenka A.,Kudermetova P.,1.0,67.0,11225.0,963.0,7.0,6.0,6.0,2.0,,,2.0,0.0,Completed,1.03,15.0,,,1.05,16.0,1.03,12.66,1.04,21.0,20250828
40,New York,US Open,2025-08-28,Grand Slam,Outdoor,Hard,2nd Round,3,Noskova L.,Lys E.,32.0,59.0,1550.0,1049.0,6.0,4.0,3.0,0.0,,,1.0,0.0,Retired,1.44,2.75,1.46,2.92,1.45,2.9,1.43,2.77,1.49,3.0,20250828
40,New York,US Open,2025-08-28,Grand Slam,Outdoor,Hard,2nd Round,3,Alexandrova E.,Wang Xin.,12.0,34.0,2916.0,1466.0,6.0,2.0,6.0,2.0,,,2.0,0.0,Completed,1.4,3.0,1.44,3.01,1.45,3.0,1.42,2.86,1.46,3.1,20250828
40,New York,US Open,2025-08-28,Grand Slam,Outdoor,Hard,2nd Round,3,Haddad Maia B.,Golubic V.,22.0,72.0,1921.0,915.0,6.0,1.0,6.0,4.0,,,2.0,0.0,Completed,1.73,2.1,1.78,2.15,1.78,2.11,1.74,2.06,1.82,2.18,20250828
40,New York,US Open,2025-08-28,Grand Slam,Outdoor,Hard,2nd Round,3,Sakkari M.,Bondar A.,64.0,97.0,971.0,779.0,6.0,3.0,6.0,1.0,,,2.0,0.0,Completed,1.3,3.5,1.33,3.6,1.33,3.5,1.32,3.35,1.35,3.75,20250828
40,New York,US Open,2025-08-28,Grand Slam,Outdoor,Hard,2nd Round,3,Kalinskaya A.,Putintseva Y.,29.0,55.0,1582.0,1125.0,6.0,1.0,7.0,5.0,,,2.0,0.0,Completed,1.3,3.5,1.34,3.54,1.33,3.65,1.3,3.46,1.35,3.75,20250828
40,New York,US Open,2025-08-28,Grand Slam,Outdoor,Hard,2nd Round,3,Swiatek I.,Lamens S.,2.0,66.0,7933.0,966.0,6.0,1.0,4.0,6.0,6.0,4.0,2.0,1.0,Completed,1.01,26.0,,,1.02,26.0,1.01,18.93,1.04,21.0,20250828
40,New York,US Open,2025-08-28,Grand Slam,Outdoor,Hard,2nd Round,3,Kostyuk M.,Sonmez Z.,28.0,81.0,1656.0,874.0,7.0,5.0,6.0,7.0,6.0,3.0,2.0,1.0,Completed,1.2,4.5,1.24,4.53,1.22,4.5,1.21,4.36,1.25,4.8,20250828
40,New York,US Open,2025-08-28,Grand Slam,Outdoor,Hard,2nd Round,3,Frech M.,Stearns P.,33.0,54.0,1528.0,1127.0,6.0,7.0,6.0,3.0,6.0,2.0,2.0,1.0,Completed,2.63,1.5,2.52,1.58,2.66,1.53,2.55,1.5,2.74,1.57,20250828
40,New York,US Open,2025-08-28,Grand Slam,Outdoor,Hard,2nd Round,3,Osaka N.,Baptiste H.,24.0,47.0,1779.0,1181.0,6.0,3.0,6.0,1.0,,,2.0,0.0,Completed,1.2,4.5,1.22,4.84,1.22,4.75,1.2,4.39,1.23,5.2,20250828
40,New York,US Open,2025-08-28,Grand Slam,Outdoor,Hard,2nd Round,3,Siegemund L.,Zakharova A.,52.0,90.0,1156.0,831.0,6.0,4.0,6.0,2.0,,,2.0,0.0,Completed,1.53,2.5,1.6,2.48,1.56,2.55,1.54,2.45,1.61,2.6,20250828
40,New York,US Open,2025-08-28,Grand Slam,Outdoor,Hard,2nd Round,3,Muchova K.,Cirstea S.,13.0,71.0,2838.0,928.0,7.0,6.0,6.0,7.0,6.0,4.0,2.0,1.0,Completed,1.8,2.0,1.9,1.99,1.91,2.0,1.86,1.91,1.95,2.04,20250828
40,New York,US Open,2025-08-28,Grand Slam,Outdoor,Hard,2nd Round,3,Parry D.,Zarazua R.,107.0,82.0,704.0,871.0,6.0,2.0,2.0,6.0,7.0,6.0,2.0,1.0,Completed,1.91,1.91,1.88,2.01,1.96,2.0,1.85,1.93,1.99,1.98,20250828
40,New York,US Open,2025-08-28,Grand Slam,Outdoor,Hard,2nd Round,3,Cristian J.,Krueger A.,50.0,38.0,1161.0,1374.0,4.0,6.0,6.0,2.0,6.0,2.0,2.0,1.0,Completed,2.3,1.62,2.33,1.67,2.3,1.7,2.22,1.65,2.38,1.71,20250828
40,New York,US Open,2025-08-28,Grand Slam,Outdoor,Hard,2nd Round,3,Kasatkina D.,Rakhimova K.,18.0,65.0,2361.0,966.0,6.0,2.0,4.0,6.0,7.0,5.0,2.0,1.0,Completed,1.44,2.75,1.48,2.82,1.48,2.8,1.46,2.69,1.49,2.98,20250828
40,New York,US Open,2025-08-29,Grand Slam,Outdoor,Hard,2nd Round,3,Gauff C.,Vekic D.,3.0,49.0,7874.0,1162.0,7.0,6.0,6.0,2.0,,,2.0,0.0,Completed,1.13,6.0,1.15,6.26,1.14,6.1,1.13,5.83,1.16,6.8,20250829
40,New York,US Open,2025-08-29,Grand Slam,Outdoor,Hard,2nd Round,3,Anisimova A.,Joint M.,9.0,43.0,3869.0,1301.0,7.0,6.0,6.0,2.0,,,2.0,0.0,Completed,1.3,3.5,1.33,3.6,1.33,3.6,1.3,3.45,1.33,3.9,20250829
40,New York,US Open,2025-08-29,Grand Slam,Outdoor,Hard,3rd Round,3,Rybakina E.,Raducanu E.,10.0,36.0,3663.0,1426.0,6.0,1.0,6.0,2.0,,,2.0,0.0,Completed,1.53,2.5,1.62,2.47,1.6,2.6,1.56,2.39,1.63,2.56,20250829
40,New York,US Open,2025-08-29,Grand Slam,Outdoor,Hard,3rd Round,3,Vondrousova M.,Paolini J.,60.0,8.0,1013.0,4116.0,7.0,6.0,6.0,1.0,,,2.0,0.0,Completed,1.91,1.91,1.93,1.97,1.95,1.95,1.88,1.89,1.98,2.0,20250829
40,New York,US Open,2025-08-29,Grand Slam,Outdoor,Hard,3rd Round,3,Pegula J.,Azarenka V.,4.0,132.0,4903.0,556.0,6.0,1.0,7.0,5.0,,,2.0,0.0,Completed,1.22,4.33,1.25,4.5,1.24,4.5,1.21,4.27,1.26,4.8,20250829
40,New York,US Open,2025-08-29,Grand Slam,Outdoor,Hard,3rd Round,3,Bucsa C.,Mertens E.,95.0,21.0,795.0,2129.0,3.0,6.0,7.0,5.0,6.0,3.0,2.0,1.0,Completed,5.5,1.14,5.71,1.18,5.5,1.17,5.29,1.15,6.2,1.18,20250829
40,New York,US Open,2025-08-29,Grand Slam,Outdoor,Hard,3rd Round,3,Li A.,Hon P.,58.0,126.0,1054.0,578.0,7.0,5.0,6.0,3.0,,,2.0,0.0,Completed,1.33,3.4,1.36,3.47,1.34,3.5,1.33,3.3,1.37,3.6,20250829
40,New York,US Open,2025-08-29,Grand Slam,Outdoor,Hard,3rd Round,3,Krejcikova B.,Navarro E.,62.0,11.0,984.0,2960.0,4.0,6.0,6.0,4.0,6.0,4.0,2.0,1.0,Completed,1.91,1.91,1.93,1.98,2.0,1.93,1.89,1.88,2.0,1.97,20250829
40,New York,US Open,2025-08-30,Grand Slam,Outdoor,Hard,3rd Round,3,Sabalenka A.,Fernandez L.A.,1.0,30.0,11225.0,1564.0,6.0,3.0,7.0,6.0,,,2.0,0.0,Completed,1.14,5.5,1.17,5.9,1.17,5.75,1.15,5.28,1.18,6.4,20250830
40,New York,US Open,2025-08-30,Grand Slam,Outdoor,Hard,3rd Round,3,Townsend T.,Andreeva M.,139.0,5.0,505.0,4733.0,7.0,5.0,6.0,2.0,,,2.0,0.0,Completed,5.0,1.17,5.59,1.18,5.0,1.2,4.74,1.18,5.5,1.21,20250830
40,New York,US Open,2025-08-30,Grand Slam,Outdoor,Hard,3rd Round,3,Muchova K.,Noskova L.,13.0,32.0,2838.0,1550.0,6.0,7.0,6.0,4.0,6.0,2.0,2.0,1.0,Completed,1.91,1.91,1.91,2.0,1.91,1.95,1.87,1.91,2.0,1.99,20250830
40,New York,US Open,2025-08-30,Grand Slam,Outdoor,Hard,3rd Round,3,Gauff C.,Frech M.,3.0,33.0,7874.0,1528.0,6.0,3.0,6.0,1.0,,,2.0,0.0,Completed,1.08,8.0,1.12,6.96,1.13,8.0,1.11,6.4,1.13,8.6,20250830
40,New York,US Open,2025-08-30,Grand Slam,Outdoor,Hard,3rd Round,3,Kostyuk M.,Parry D.,28.0,107.0,1656.0,704.0,3.0,6.0,6.0,4.0,6.0,2.0,2.0,1.0,Completed,1.29,3.75,1.29,4.04,1.3,3.8,1.27,3.67,1.31,4.1,20250830
40,New York,US Open,2025-08-30,Grand Slam,Outdoor,Hard,3rd Round,3,Osaka N.,Kasatkina D.,24.0,18.0,1779.0,2361.0,6.0,0.0,4.0,6.0,6.0,3.0,2.0,1.0,Completed,1.29,3.75,1.29,3.98,1.29,4.0,1.26,3.82,1.3,4.1,20250830
40,New York,US Open,2025-08-30,Grand Slam,Outdoor,Hard,3rd Round,3,Alexandrova E.,Siegemund L.,12.0,52.0,2916.0,1156.0,6.0,0.0,6.0,1.0,,,2.0,0.0,Completed,1.25,4.0,1.29,3.97,1.29,4.0,1.26,3.75,1.29,4.3,20250830
40,New York,US Open,2025-08-30,Grand Slam,Outdoor,Hard,3rd Round,3,Anisimova A.,Cristian J.,9.0,50.0,3869.0,1161.0,6.0,4.0,4.0,6.0,6.0,2.0,2.0,1.0,Completed,1.22,4.33,1.22,4.82,1.22,4.75,1.19,4.53,1.21,5.6,20250830
40,New York,US Open,2025-08-31,Grand Slam,Outdoor,Hard,3rd Round,3,Swiatek I.,Kalinskaya A.,2.0,29.0,7933.0,1582.0,7.0,6.0,6.0,4.0,,,2.0,0.0,Completed,1.17,5.0,1.18,5.66,1.17,5.5,1.15,5.26,1.18,6.4,20250831
40,New York,US Open,2025-08-31,Grand Slam,Outdoor,Hard,3rd Round,3,Haddad Maia B.,Sakkari M.,22.0,64.0,1921.0,971.0,6.0,1.0,6.0,2.0,,,2.0,0.0,Completed,2.38,1.57,2.47,1.61,2.45,1.61,2.38,1.56,2.44,1.68,20250831
40,New York,US Open,2025-08-31,Grand Slam,Outdoor,Hard,4th Round,3,Pegula J.,Li A.,4.0,58.0,4903.0,1054.0,6.0,1.0,6.0,2.0,,,2.0,0.0,Completed,1.22,4.33,1.28,4.1,1.25,4.33,1.24,3.96,1.28,4.4,20250831
40,New York,US Open,2025-08-31,Grand Slam,Outdoor,Hard,4th Round,3,Krejcikova B.,Townsend T.,62.0,139.0,984.0,505.0,1.0,6.0,7.0,6.0,6.0,3.0,2.0,1.0,Completed,1.73,2.1,1.79,2.15,1.75,2.15,1.72,2.09,1.77,2.28,20250831
40,New York,US Open,2025-09-01,Grand Slam,Outdoor,Hard,4th Round,3,Sabalenka A.,Bucsa C.,1.0,95.0,11225.0,795.0,6.0,1.0,6.0,4.0,,,2.0,0.0,Completed,1.03,15.0,1.06,13.82,1.05,15.0,1.03,11.72,1.06,17.0,20250901
40,New York,US Open,2025-09-01,Grand Slam,Outdoor,Hard,4th Round,3,Vondrousova M.,Rybakina E.,60.0,10.0,1013.0,3663.0,6.0,4.0,5.0,7.0,6.0,2.0,2.0,1.0,Completed,3.2,1.36,3.2,1.4,3.2,1.52,2.97,1.39,3.35,1.41,20250901
40,New York,US Open,2025-09-01,Grand Slam,Outdoor,Hard,4th Round,3,Swiatek I.,Alexandrova E.,2.0,12.0,7933.0,2916.0,6.0,3.0,6.0,1.0,,,2.0,0.0,Completed,1.25,4.0,1.28,4.06,1.3,4.0,1.26,3.8,1.29,4.3,20250901
40,New York,US Open,2025-09-01,Grand Slam,Outdoor,Hard,4th Round,3,Muchova K.,Kostyuk M.,13.0,28.0,2838.0,1656.0,6.0,3.0,6.0,7.0,6.0,3.0,2.0,1.0,Completed,1.67,2.2,1.68,2.32,1.68,2.25,1.66,2.2,1.77,2.28,20250901
40,New York,US Open,2025-09-01,Grand Slam,Outdoor,Hard,4th Round,3,Osaka N.,Gauff C.,24.0,3.0,1779.0,7874.0,6.0,3.0,6.0,2.0,,,2.0,0.0,Completed,2.1,1.73,2.18,1.77,2.25,1.78,2.11,1.72,2.3,1.76,20250901
40,New York,US Open,2025-09-02,Grand Slam,Outdoor,Hard,4th Round,3,Anisimova A.,Haddad Maia B.,9.0,22.0,3869.0,1921.0,6.0,0.0,6.0,3.0,,,2.0,0.0,Completed,1.25,4.0,1.29,3.95,1.29,4.0,1.26,3.75,1.29,4.4,20250902
40,New York,US Open,2025-09-02,Grand Slam,Outdoor,Hard,Quarterfinals,3,Pegula J.,Krejcikova B.,4.0,62.0,4903.0,984.0,6.0,3.0,6.0,3.0,,,2.0,0.0,Completed,1.36,3.2,1.42,3.12,1.37,3.5,1.35,3.21,1.39,3.55,20250902
40,New York,US Open,2025-09-03,Grand Slam,Outdoor,Hard,Quarterfinals,3,Sabalenka A.,Vondrousova M.,1.0,60.0,11225.0,1013.0,,,,,,,,,Walkover,1.33,3.4,1.37,3.37,1.35,3.5,1.33,3.33,1.36,3.75,20250903
40,New York,US Open,2025-09-03,Grand Slam,Outdoor,Hard,Quarterfinals,3,Anisimova A.,Swiatek I.,9.0,2.0,3869.0,7933.0,6.0,4.0,6.0,3.0,,,2.0,0.0,Completed,4.33,1.22,4.4,1.25,4.33,1.25,4.1,1.24,4.8,1.26,20250903
40,New York,US Open,2025-09-04,Grand Slam,Outdoor,Hard,Quarterfinals,3,Osaka N.,Muchova K.,24.0,13.0,1779.0,2838.0,6.0,4.0,7.0,6.0,,,2.0,0.0,Completed,1.3,3.5,1.36,3.48,1.38,3.5,1.34,3.3,1.32,4.0,20250904
40,New York,US Open,2025-09-05,Grand Slam,Outdoor,Hard,Semifinals,3,Sabalenka A.,Pegula J.,1.0,4.0,11225.0,4903.0,4.0,6.0,6.0,3.0,6.0,4.0,2.0,1.0,Completed,1.3,3.5,1.33,3.64,1.32,3.75,1.3,3.56,1.32,4.0,20250905
40,New York,US Open,2025-09-05,Grand Slam,Outdoor,Hard,Semifinals,3,Anisimova A.,Osaka N.,9.0,24.0,3869.0,1779.0,6.0,7.0,7.0,6.0,6.0,3.0,2.0,1.0,Completed,1.91,1.91,1.98,1.93,1.97,2.1,1.9,1.9,2.02,1.97,20250905
40,New York,US Open,2025-09-06,Grand Slam,Outdoor,Hard,The Final,3,Sabalenka A.,Anisimova A.,1.0,9.0,11225.0,3869.0,6.0,3.0,7.0,6.0,,,2.0,0.0,Completed,1.53,2.63,1.51,2.76,1.62,2.63,1.56,2.44,1.61,2.6,20250906
41,Guadalajara,Guadalajara Open,2025-09-08,WTA500,Outdoor,Hard,1st Round,3,Vidmanova D.,Parks A.,161.0,58.0,444.0,1070.0,6.0,2.0,6.0,4.0,,,2.0,0.0,Completed,1.8,2.0,1.85,2.05,1.82,2.11,1.78,2.02,1.81,2.2,20250908
41,Guadalajara,Guadalajara Open,2025-09-08,WTA500,Outdoor,Hard,1st Round,3,Bartunkova N.,Fossa Huergo N.,228.0,269.0,306.0,259.0,6.0,4.0,6.0,2.0,,,2.0,0.0,Completed,1.17,5.0,1.17,5.73,1.17,5.5,1.16,5.13,1.21,5.6,20250908
41,Guadalajara,Guadalajara Open,2025-09-08,WTA500,Outdoor,Hard,1st Round,3,Jovic I.,Kawa K.,73.0,120.0,914.0,631.0,6.0,4.0,4.0,6.0,6.0,3.0,2.0,1.0,Completed,1.13,6.0,1.15,6.17,1.18,6.33,1.14,5.59,1.16,6.8,20250908
41,Guadalajara,Guadalajara Open,2025-09-08,WTA500,Outdoor,Hard,1st Round,3,Jimenez Kasintseva V.,Pridankina E.,123.0,209.0,599.0,337.0,6.0,4.0,6.0,3.0,,,2.0,0.0,Completed,1.44,2.75,1.54,2.63,1.53,3.0,1.48,2.61,1.56,2.68,20250908
41,Guadalajara,Guadalajara Open,2025-09-09,WTA500,Outdoor,Hard,1st Round,3,Stakusic M.,Kudermetova P.,155.0,65.0,457.0,1000.0,3.0,6.0,7.0,5.0,6.0,4.0,2.0,1.0,Completed,2.3,1.62,2.27,1.68,3.0,1.65,2.34,1.59,2.48,1.67,20250909
41,Guadalajara,Guadalajara Open,2025-09-09,WTA500,Outdoor,Hard,1st Round,3,Maria T.,Sonmez Z.,51.0,74.0,1193.0,914.0,6.0,4.0,6.0,2.0,,,2.0,0.0,Completed,2.3,1.62,2.32,1.67,2.35,1.73,2.25,1.63,2.48,1.66,20250909
41,Guadalajara,Guadalajara Open,2025-09-09,WTA500,Outdoor,Hard,1st Round,3,Jacquemot E.,Sakkari M.,83.0,55.0,878.0,1091.0,6.0,2.0,6.0,0.0,,,2.0,0.0,Completed,3.0,1.4,2.91,1.46,3.0,1.9,2.68,1.47,2.92,1.51,20250909
41,Guadalajara,Guadalajara Open,2025-09-10,WTA500,Outdoor,Hard,1st Round,3,Marino R.,Trevisan M.,121.0,299.0,617.0,225.0,6.0,2.0,6.0,3.0,,,2.0,0.0,Completed,1.53,2.5,1.57,2.54,1.58,2.6,1.52,2.5,1.58,2.72,20250910
41,Guadalajara,Guadalajara Open,2025-09-10,WTA500,Outdoor,Hard,1st Round,3,Arango E.,Linette M.,86.0,37.0,857.0,1404.0,6.0,0.0,0.0,0.0,,,1.0,0.0,Retired,3.0,1.4,3.1,1.42,3.25,1.9,2.99,1.4,3.15,1.45,20250910
41,Guadalajara,Guadalajara Open,2025-09-10,WTA500,Outdoor,Hard,1st Round,3,Hunter S.,Siniakova K.,1269.0,78.0,7.0,900.0,7.0,6.0,4.0,6.0,6.0,3.0,2.0,1.0,Completed,6.0,1.13,6.67,1.14,7.0,1.13,6.15,1.12,8.0,1.13,20250910
41,Guadalajara,Guadalajara Open,2025-09-10,WTA500,Outdoor,Hard,1st Round,3,Osorio M.,Rakhimova K.,69.0,76.0,979.0,906.0,7.0,5.0,7.0,5.0,,,2.0,0.0,Completed,2.1,1.73,1.9,1.99,2.15,1.78,2.08,1.73,2.22,1.79,20250910
41,Guadalajara,Guadalajara Open,2025-09-10,WTA500,Outdoor,Hard,1st Round,3,Stefanini L.,Stephens S.,148.0,1051.0,491.0,15.0,6.0,4.0,4.0,6.0,6.0,1.0,2.0,1.0,Completed,1.36,3.2,1.44,3.01,1.6,3.2,1.43,2.75,1.46,3.15,20250910
41,Guadalajara,Guadalajara Open,2025-09-10,WTA500,Outdoor,Hard,2nd Round,3,Bartunkova N.,Vidmanova D.,228.0,161.0,306.0,444.0,6.0,3.0,6.0,2.0,,,2.0,0.0,Completed,3.0,1.4,2.98,1.45,3.0,1.46,2.81,1.42,3.0,1.49,20250910
41,Guadalajara,Guadalajara Open,2025-09-11,WTA500,Outdoor,Hard,2nd Round,3,Maria T.,Marino R.,51.0,121.0,1193.0,617.0,6.0,3.0,7.0,5.0,,,2.0,0.0,Completed,1.8,2.0,1.81,2.11,1.86,2.2,1.76,2.05,1.86,2.16,20250911
41,Guadalajara,Guadalajara Open,2025-09-11,WTA500,Outdoor,Hard,2nd Round,3,Arango E.,Hunter S.,86.0,1269.0,857.0,7.0,6.0,2.0,6.0,2.0,,,2.0,0.0,Completed,1.44,2.75,1.55,2.63,1.53,2.75,1.49,2.56,1.56,2.74,20250911
41,Guadalajara,Guadalajara Open,2025-09-11,WTA500,Outdoor,Hard,2nd Round,3,Jimenez Kasintseva V.,Kudermetova V.,123.0,26.0,599.0,1763.0,6.0,4.0,6.0,2.0,,,2.0,0.0,Completed,3.75,1.29,4.06,1.28,4.0,1.29,3.73,1.27,,,20250911
41,Guadalajara,Guadalajara Open,2025-09-11,WTA500,Outdoor,Hard,2nd Round,3,Jacquemot E.,Mertens E.,83.0,22.0,878.0,2019.0,4.0,6.0,6.0,3.0,6.0,4.0,2.0,1.0,Completed,3.5,1.3,3.71,1.32,5.75,1.32,4.3,1.23,3.75,1.35,20250911
41,Guadalajara,Guadalajara Open,2025-09-12,WTA500,Outdoor,Hard,2nd Round,3,Jovic I.,Osorio M.,73.0,69.0,914.0,979.0,6.0,4.0,6.0,2.0,,,2.0,0.0,Completed,1.73,2.1,1.75,2.2,1.75,2.2,1.64,2.13,1.79,2.22,20250912
41,Guadalajara,Guadalajara Open,2025-09-12,WTA500,Outdoor,Hard,2nd Round,3,Frech M.,Stefanini L.,30.0,148.0,1648.0,491.0,6.0,1.0,7.0,6.0,,,2.0,0.0,Completed,1.36,3.2,1.41,3.19,1.42,3.2,1.39,2.94,1.4,3.4,20250912
41,Guadalajara,Guadalajara Open,2025-09-12,WTA500,Outdoor,Hard,2nd Round,3,Stakusic M.,Ostapenko J.,155.0,24.0,457.0,1780.0,6.0,4.0,6.0,7.0,6.0,2.0,2.0,1.0,Completed,4.0,1.25,3.97,1.29,4.1,1.3,3.83,1.27,4.4,1.29,20250912
41,Guadalajara,Guadalajara Open,2025-09-12,WTA500,Outdoor,Hard,Quarterfinals,3,Jacquemot E.,Maria T.,83.0,51.0,878.0,1193.0,3.0,6.0,6.0,4.0,6.0,4.0,2.0,1.0,Completed,1.44,2.75,1.53,2.71,1.5,2.8,1.46,2.69,1.52,2.88,20250912
41,Guadalajara,Guadalajara Open,2025-09-13,WTA500,Outdoor,Hard,Quarterfinals,3,Jovic I.,Jimenez Kasintseva V.,73.0,123.0,914.0,599.0,6.0,3.0,3.0,6.0,7.0,6.0,2.0,1.0,Completed,1.4,3.0,1.46,2.94,1.45,3.0,1.42,2.83,1.52,2.9,20250913
41,Guadalajara,Guadalajara Open,2025-09-13,WTA500,Outdoor,Hard,Quarterfinals,3,Arango E.,Stakusic M.,86.0,155.0,857.0,457.0,6.0,2.0,6.0,3.0,,,2.0,0.0,Completed,1.53,2.5,1.6,2.48,1.58,2.53,1.54,2.43,1.58,2.62,20250913
41,Guadalajara,Guadalajara Open,2025-09-13,WTA500,Outdoor,Hard,Quarterfinals,3,Bartunkova N.,Frech M.,228.0,30.0,306.0,1648.0,7.0,5.0,6.0,4.0,,,2.0,0.0,Completed,2.1,1.73,2.24,1.73,2.38,2.02,2.14,1.7,2.42,1.69,20250913
41,Guadalajara,Guadalajara Open,2025-09-13,WTA500,Outdoor,Hard,Semifinals,3,Arango E.,Jacquemot E.,86.0,83.0,857.0,878.0,6.0,4.0,7.0,5.0,,,2.0,0.0,Completed,2.38,1.57,2.55,1.58,2.6,1.6,2.41,1.55,2.6,1.61,20250913
41,Guadalajara,Guadalajara Open,2025-09-14,WTA500,Outdoor,Hard,Semifinals,3,Jovic I.,Bartunkova N.,73.0,228.0,914.0,306.0,6.0,3.0,6.0,7.0,6.0,3.0,2.0,1.0,Completed,1.62,2.3,1.53,2.66,1.62,2.45,1.57,2.36,1.69,2.42,20250914
41,Guadalajara,Guadalajara Open,2025-09-14,WTA500,Outdoor,Hard,The Final,3,Jovic I.,Arango E.,73.0,86.0,914.0,857.0,6.0,4.0,6.0,1.0,,,2.0,0.0,Completed,1.44,2.75,1.55,2.63,1.55,2.75,1.5,2.57,1.58,2.68,20250914
42,Sao Paulo,SP Open,2025-09-08,WTA250,Outdoor,Hard,1st Round,3,Rodriguez V.,Tomljanovic A.,411.0,91.0,131.0,826.0,6.0,4.0,4.0,2.0,,,1.0,0.0,Retired,8.0,1.08,7.84,1.1,11.0,1.09,8.05,1.07,9.2,1.11,20250908
42,Sao Paulo,SP Open,2025-09-08,WTA250,Outdoor,Hard,1st Round,3,Sierra S.,Hartono A.,82.0,189.0,881.0,387.0,7.0,6.0,6.0,3.0,,,2.0,0.0,Completed,1.25,4.0,1.3,3.79,1.28,4.2,1.25,3.87,1.32,4.1,20250908
42,Sao Paulo,SP Open,2025-09-08,WTA250,Outdoor,Hard,1st Round,3,Rakotomanga Rajaonah T.,Sanchez A.S.,214.0,179.0,330.0,405.0,6.0,4.0,4.0,6.0,7.0,6.0,2.0,1.0,Completed,2.1,1.73,2.0,1.87,2.11,1.8,2.04,1.76,2.28,1.76,20250908
42,Sao Paulo,SP Open,2025-09-08,WTA250,Outdoor,Hard,1st Round,3,Leme Da Silva N.V.,Alves C.,1206.0,237.0,9.0,297.0,6.0,7.0,6.0,2.0,6.0,0.0,2.0,1.0,Completed,3.0,1.4,3.12,1.4,3.45,1.4,3.08,1.36,3.2,1.43,20250908
42,Sao Paulo,SP Open,2025-09-08,WTA250,Outdoor,Hard,1st Round,3,Okalova M.,Rodionova Ar.,464.0,242.0,110.0,291.0,7.0,5.0,6.0,4.0,,,2.0,0.0,Completed,3.75,1.29,3.97,1.28,4.25,1.29,3.78,1.26,4.0,1.31,20250908
42,Sao Paulo,SP Open,2025-09-08,WTA250,Outdoor,Hard,1st Round,3,Tjen J.,Jeanjean L.,130.0,95.0,575.0,799.0,6.0,2.0,6.0,3.0,,,2.0,0.0,Completed,1.33,3.4,1.33,3.51,1.35,3.55,1.32,3.3,1.36,3.7,20250908
42,Sao Paulo,SP Open,2025-09-08,WTA250,Outdoor,Hard,1st Round,3,Riera J.,Diatchenko V.,188.0,429.0,387.0,124.0,6.0,3.0,7.0,6.0,,,2.0,0.0,Completed,1.67,2.2,1.72,2.2,1.73,2.2,1.67,2.15,1.72,2.36,20250908
42,Sao Paulo,SP Open,2025-09-08,WTA250,Outdoor,Hard,1st Round,3,Osuigwe W.,Barros V.L.,136.0,566.0,522.0,80.0,6.0,3.0,6.0,4.0,,,2.0,0.0,Completed,1.1,7.0,1.12,7.12,1.12,7.5,1.1,6.83,1.02,2.4,20250908
42,Sao Paulo,SP Open,2025-09-09,WTA250,Outdoor,Hard,1st Round,3,Zarazua R.,Fullana L.,84.0,578.0,871.0,76.0,6.0,2.0,6.0,1.0,,,2.0,0.0,Completed,1.02,19.0,,,1.02,21.0,1.01,15.84,1.01,34.0,20250909
42,Sao Paulo,SP Open,2025-09-09,WTA250,Outdoor,Hard,1st Round,3,Udvardy P.,Rogers A.S.,118.0,250.0,639.0,282.0,6.0,2.0,6.0,3.0,,,2.0,0.0,Completed,1.2,4.5,1.22,4.69,1.21,4.9,1.18,4.67,1.2,5.7,20250909
42,Sao Paulo,SP Open,2025-09-09,WTA250,Outdoor,Hard,1st Round,3,Jones F.,Glushko L.,85.0,389.0,864.0,143.0,4.0,6.0,6.0,2.0,6.0,3.0,2.0,1.0,Completed,1.05,11.0,1.06,11.6,1.06,11.5,1.05,9.61,1.07,14.5,20250909
42,Sao Paulo,SP Open,2025-09-09,WTA250,Outdoor,Hard,1st Round,3,Cengiz B.,Ortenzi J.,565.0,289.0,80.0,234.0,6.0,1.0,6.0,2.0,,,2.0,0.0,Completed,2.0,1.8,2.0,1.87,2.06,1.84,1.99,1.79,2.16,1.85,20250909
42,Sao Paulo,SP Open,2025-09-09,WTA250,Outdoor,Hard,1st Round,3,Pigossi L.,Mandlik E.,193.0,257.0,376.0,273.0,2.0,6.0,6.0,3.0,6.0,4.0,2.0,1.0,Completed,2.38,1.57,2.47,1.59,2.45,1.62,2.38,1.56,2.68,1.58,20250909
42,Sao Paulo,SP Open,2025-09-09,WTA250,Outdoor,Hard,1st Round,3,Candiotto A.,Strakhova V.,593.0,303.0,72.0,220.0,6.0,3.0,5.0,7.0,6.0,0.0,2.0,1.0,Completed,4.0,1.25,4.18,1.26,4.2,1.27,3.92,1.24,4.2,1.29,20250909
42,Sao Paulo,SP Open,2025-09-09,WTA250,Outdoor,Hard,1st Round,3,Eala A.,Mansouri Y.,61.0,380.0,1054.0,148.0,6.0,0.0,6.0,2.0,,,2.0,0.0,Completed,1.04,13.0,1.05,13.51,1.05,16.0,1.04,11.33,1.05,17.5,20250909
42,Sao Paulo,SP Open,2025-09-10,WTA250,Outdoor,Hard,1st Round,3,Haddad Maia B.,Tona M.,27.0,409.0,1731.0,132.0,6.0,1.0,6.0,1.0,,,2.0,0.0,Completed,1.02,19.0,,,1.03,26.0,1.02,14.81,1.02,34.0,20250910
42,Sao Paulo,SP Open,2025-09-10,WTA250,Outdoor,Hard,2nd Round,3,Rakotomanga Rajaonah T.,Rodriguez V.,214.0,411.0,330.0,131.0,7.0,5.0,6.0,1.0,,,2.0,0.0,Completed,2.0,1.8,1.92,1.97,2.0,2.14,1.93,1.86,2.08,1.92,20250910
42,Sao Paulo,SP Open,2025-09-10,WTA250,Outdoor,Hard,2nd Round,3,Tjen J.,Okalova M.,130.0,464.0,575.0,110.0,6.0,1.0,6.0,0.0,,,2.0,0.0,Completed,1.04,13.0,1.05,15.21,1.06,15.0,1.04,11.16,1.06,15.0,20250910
42,Sao Paulo,SP Open,2025-09-10,WTA250,Outdoor,Hard,2nd Round,3,Jones F.,Osuigwe W.,85.0,136.0,864.0,522.0,6.0,4.0,7.0,6.0,,,2.0,0.0,Completed,1.25,4.0,1.25,4.37,1.32,4.25,1.26,3.75,1.29,4.4,20250910
42,Sao Paulo,SP Open,2025-09-10,WTA250,Outdoor,Hard,2nd Round,3,Sierra S.,Leme Da Silva N.V.,82.0,1206.0,881.0,9.0,6.0,0.0,6.0,4.0,,,2.0,0.0,Completed,1.1,7.0,1.13,7.06,1.16,7.0,1.12,6.05,1.17,6.4,20250910
42,Sao Paulo,SP Open,2025-09-10,WTA250,Outdoor,Hard,2nd Round,3,Eala A.,Riera J.,61.0,188.0,1054.0,387.0,6.0,1.0,6.0,4.0,,,2.0,0.0,Completed,1.17,5.0,1.21,4.98,1.22,5.25,1.19,4.6,1.23,5.2,20250910
42,Sao Paulo,SP Open,2025-09-11,WTA250,Outdoor,Hard,2nd Round,3,Zarazua R.,Cengiz B.,84.0,565.0,871.0,80.0,6.0,4.0,6.0,4.0,,,2.0,0.0,Completed,1.08,8.0,1.12,7.59,1.1,9.0,1.07,7.82,1.11,9.8,20250911
42,Sao Paulo,SP Open,2025-09-11,WTA250,Outdoor,Hard,2nd Round,3,Udvardy P.,Candiotto A.,118.0,593.0,639.0,72.0,6.0,3.0,6.0,3.0,,,2.0,0.0,Completed,1.04,13.0,,,1.04,16.0,1.03,12.69,1.03,22.0,20250911
42,Sao Paulo,SP Open,2025-09-11,WTA250,Outdoor,Hard,2nd Round,3,Haddad Maia B.,Pigossi L.,27.0,193.0,1731.0,376.0,6.0,1.0,6.0,4.0,,,2.0,0.0,Completed,1.11,6.5,1.11,8.09,1.12,7.5,1.11,6.57,1.11,9.2,20250911
42,Sao Paulo,SP Open,2025-09-12,WTA250,Outdoor,Hard,Quarterfinals,3,Tjen J.,Eala A.,130.0,61.0,575.0,1054.0,6.0,4.0,6.0,1.0,,,2.0,0.0,Completed,2.0,1.8,2.03,1.87,2.06,1.84,2.01,1.78,2.1,1.89,20250912
42,Sao Paulo,SP Open,2025-09-12,WTA250,Outdoor,Hard,Quarterfinals,3,Jones F.,Sierra S.,85.0,82.0,864.0,881.0,6.0,3.0,6.0,4.0,,,2.0,0.0,Completed,1.8,2.0,1.75,2.18,1.95,2.0,1.85,1.93,1.87,2.12,20250912
42,Sao Paulo,SP Open,2025-09-12,WTA250,Outdoor,Hard,Quarterfinals,3,Zarazua R.,Haddad Maia B.,84.0,27.0,871.0,1731.0,7.0,6.0,6.0,3.0,,,2.0,0.0,Completed,3.2,1.36,3.1,1.41,3.2,1.4,3.01,1.37,3.3,1.42,20250912
42,Sao Paulo,SP Open,2025-09-12,WTA250,Outdoor,Hard,Quarterfinals,3,Rakotomanga Rajaonah T.,Udvardy P.,214.0,118.0,330.0,639.0,6.0,2.0,6.0,4.0,,,2.0,0.0,Completed,3.2,1.36,3.2,1.4,3.25,1.38,3.09,1.36,3.3,1.42,20250912
42,Sao Paulo,SP Open,2025-09-13,WTA250,Outdoor,Hard,Semifinals,3,Tjen J.,Jones F.,130.0,85.0,575.0,864.0,7.0,6.0,6.0,3.0,,,2.0,0.0,Completed,1.36,3.2,1.41,3.19,1.4,3.2,1.37,3.02,1.41,3.3,20250913
42,Sao Paulo,SP Open,2025-09-13,WTA250,Outdoor,Hard,Semifinals,3,Rakotomanga Rajaonah T.,Zarazua R.,214.0,84.0,330.0,871.0,6.0,3.0,6.0,2.0,,,2.0,0.0,Completed,3.75,1.29,3.9,1.29,4.0,1.29,3.59,1.28,3.65,1.37,20250913
42,Sao Paulo,SP Open,2025-09-14,WTA250,Outdoor,Hard,The Final,3,Rakotomanga Rajaonah T.,Tjen J.,214.0,130.0,330.0,575.0,6.0,3.0,6.0,4.0,,,2.0,0.0,Completed,4.0,1.25,4.1,1.28,4.25,1.27,3.97,1.24,4.6,1.26,20250914
43,Seoul,Korea Open,2025-09-15,WTA500,Outdoor,Hard,1st Round,3,Lys E.,Krueger A.,69.0,45.0,982.0,1267.0,6.0,3.0,6.0,4.0,,,2.0,0.0,Completed,1.73,2.1,1.68,2.29,1.85,2.23,1.74,2.06,1.79,2.24,20250915
43,Seoul,Korea Open,2025-09-15,WTA500,Outdoor,Hard,1st Round,3,Joint M.,Fruhvirtova L.,46.0,139.0,1261.0,511.0,6.0,4.0,7.0,6.0,,,2.0,0.0,Completed,1.3,3.5,1.37,3.24,1.34,3.7,1.32,3.3,1.37,3.55,20250915
43,Seoul,Korea Open,2025-09-15,WTA500,Outdoor,Hard,1st Round,3,Siniakova K.,Park S.,77.0,293.0,900.0,230.0,6.0,2.0,6.0,2.0,,,2.0,0.0,Completed,1.05,11.0,1.06,11.75,1.05,11.0,1.05,10.05,1.08,12.0,20250915
43,Seoul,Korea Open,2025-09-15,WTA500,Outdoor,Hard,1st Round,3,Seidel E.,Ponchet J.,105.0,167.0,724.0,427.0,5.0,7.0,6.0,4.0,6.0,2.0,2.0,1.0,Completed,1.5,2.63,1.55,2.59,1.55,2.63,1.52,2.48,1.58,2.68,20250915
43,Seoul,Korea Open,2025-09-15,WTA500,Outdoor,Hard,1st Round,3,Kenin S.,Siegemund L.,30.0,43.0,1648.0,1276.0,2.0,6.0,6.0,3.0,7.0,5.0,2.0,1.0,Completed,1.73,2.1,1.85,2.02,1.77,2.1,1.73,2.07,1.79,2.24,20250915
43,Seoul,Korea Open,2025-09-15,WTA500,Outdoor,Hard,1st Round,3,Boisson L.,Ku Y.,49.0,305.0,1229.0,218.0,6.0,2.0,6.0,1.0,,,2.0,0.0,Completed,1.44,2.75,1.38,3.23,1.44,3.1,1.41,2.88,1.46,3.1,20250915
43,Seoul,Korea Open,2025-09-16,WTA500,Outdoor,Hard,1st Round,3,Krejcikova B.,Prozorova T.,39.0,194.0,1344.0,383.0,6.0,1.0,6.0,2.0,,,2.0,0.0,Completed,1.3,3.5,1.34,3.48,1.33,3.66,1.3,3.48,1.35,3.7,20250916
43,Seoul,Korea Open,2025-09-17,WTA500,Outdoor,Hard,1st Round,3,Cirstea S.,Zakharova A.,66.0,79.0,998.0,892.0,6.0,3.0,6.0,1.0,,,2.0,0.0,Completed,1.22,4.33,1.25,4.28,1.25,4.5,1.22,4.11,1.27,4.5,20250917
43,Seoul,Korea Open,2025-09-17,WTA500,Outdoor,Hard,1st Round,3,Shnaider D.,McNally C.,19.0,93.0,2246.0,799.0,2.0,6.0,6.0,2.0,6.0,4.0,2.0,1.0,Completed,1.62,2.3,1.64,2.36,1.62,2.45,1.57,2.37,1.61,2.58,20250917
43,Seoul,Korea Open,2025-09-17,WTA500,Outdoor,Hard,1st Round,3,Lamens S.,Maria T.,64.0,44.0,1009.0,1274.0,6.0,4.0,6.0,1.0,,,2.0,0.0,Completed,1.62,2.3,1.67,2.31,1.66,2.38,1.63,2.24,1.7,2.42,20250917
43,Seoul,Korea Open,2025-09-17,WTA500,Outdoor,Hard,1st Round,3,Haddad Maia B.,Back D.,25.0,306.0,1775.0,217.0,6.0,4.0,6.0,3.0,,,2.0,0.0,Completed,1.1,7.0,1.13,6.77,1.13,7.0,1.12,6.04,1.15,7.6,20250917
43,Seoul,Korea Open,2025-09-17,WTA500,Outdoor,Hard,1st Round,3,Raducanu E.,Cristian J.,33.0,41.0,1546.0,1281.0,6.0,3.0,6.0,4.0,,,2.0,0.0,Completed,1.29,3.75,1.31,3.72,1.3,3.75,1.29,3.51,1.33,3.9,20250917
43,Seoul,Korea Open,2025-09-17,WTA500,Outdoor,Hard,2nd Round,3,Tauson C.,Lys E.,12.0,69.0,2721.0,982.0,6.0,2.0,7.0,6.0,,,2.0,0.0,Completed,1.62,2.3,1.66,2.32,1.65,2.45,1.6,2.3,1.61,2.6,20250917
43,Seoul,Korea Open,2025-09-17,WTA500,Outdoor,Hard,2nd Round,3,Joint M.,Kenin S.,46.0,30.0,1261.0,1648.0,6.0,3.0,6.0,1.0,,,2.0,0.0,Completed,1.67,2.2,1.69,2.26,1.75,2.25,1.66,2.19,1.72,2.36,20250917
43,Seoul,Korea Open,2025-09-18,WTA500,Outdoor,Hard,2nd Round,3,Lamens S.,Shnaider D.,64.0,19.0,1009.0,2246.0,6.0,4.0,6.0,4.0,,,2.0,0.0,Completed,3.5,1.3,3.67,1.31,4.0,1.33,3.43,1.31,3.8,1.34,20250918
43,Seoul,Korea Open,2025-09-18,WTA500,Outdoor,Hard,2nd Round,3,Alexandrova E.,Boisson L.,11.0,49.0,3026.0,1229.0,4.0,6.0,6.0,2.0,6.0,2.0,2.0,1.0,Completed,1.22,4.33,1.23,4.57,1.22,4.33,1.22,4.24,1.22,5.2,20250918
43,Seoul,Korea Open,2025-09-18,WTA500,Outdoor,Hard,2nd Round,3,Seidel E.,Haddad Maia B.,105.0,25.0,724.0,1775.0,6.0,7.0,7.0,6.0,7.0,5.0,2.0,1.0,Completed,2.1,1.73,2.11,1.79,2.15,1.9,2.06,1.74,2.16,1.83,20250918
43,Seoul,Korea Open,2025-09-18,WTA500,Outdoor,Hard,2nd Round,3,Swiatek I.,Cirstea S.,2.0,66.0,7933.0,998.0,6.0,3.0,6.0,2.0,,,2.0,0.0,Completed,1.08,8.0,1.09,9.05,1.09,12.0,1.08,7.62,1.1,10.0,20250918
43,Seoul,Korea Open,2025-09-18,WTA500,Outdoor,Hard,2nd Round,3,Siniakova K.,Kasatkina D.,77.0,16.0,900.0,2421.0,7.0,6.0,6.0,2.0,,,2.0,0.0,Completed,2.0,1.8,2.05,1.83,2.04,1.85,2.0,1.79,2.1,1.88,20250918
43,Seoul,Korea Open,2025-09-18,WTA500,Outdoor,Hard,2nd Round,3,Krejcikova B.,Raducanu E.,39.0,33.0,1344.0,1546.0,4.0,6.0,7.0,6.0,6.0,1.0,2.0,1.0,Completed,2.0,1.8,2.1,1.79,2.1,1.83,1.99,1.8,2.1,1.89,20250918
43,Seoul,Korea Open,2025-09-20,WTA500,Outdoor,Hard,Quarterfinals,3,Joint M.,Tauson C.,46.0,12.0,1261.0,2721.0,6.0,0.0,6.0,3.0,,,2.0,0.0,Completed,2.38,1.57,2.58,1.56,2.45,1.65,2.37,1.57,2.6,1.61,20250920
43,Seoul,Korea Open,2025-09-20,WTA500,Outdoor,Hard,Quarterfinals,3,Swiatek I.,Krejcikova B.,2.0,39.0,7933.0,1344.0,6.0,0.0,6.0,3.0,,,2.0,0.0,Completed,1.17,5.0,1.19,5.24,1.2,5.2,1.18,4.7,1.21,5.6,20250920
43,Seoul,Korea Open,2025-09-20,WTA500,Outdoor,Hard,Quarterfinals,3,Siniakova K.,Lamens S.,77.0,64.0,900.0,1009.0,6.0,1.0,7.0,5.0,,,2.0,0.0,Completed,1.5,2.63,1.54,2.63,1.53,2.75,1.51,2.55,1.62,2.6,20250920
43,Seoul,Korea Open,2025-09-20,WTA500,Outdoor,Hard,Quarterfinals,3,Alexandrova E.,Seidel E.,11.0,105.0,3026.0,724.0,6.0,2.0,6.0,3.0,,,2.0,0.0,Completed,1.2,4.5,1.24,4.47,1.23,4.5,1.22,4.23,1.22,5.1,20250920
43,Seoul,Korea Open,2025-09-20,WTA500,Outdoor,Hard,Semifinals,3,Swiatek I.,Joint M.,2.0,46.0,7933.0,1261.0,6.0,0.0,6.0,2.0,,,2.0,0.0,Completed,1.07,9.0,,,1.1,9.0,1.08,7.94,1.1,10.0,20250920
43,Seoul,Korea Open,2025-09-20,WTA500,Outdoor,Hard,Semifinals,3,Alexandrova E.,Siniakova K.,11.0,77.0,3026.0,900.0,6.0,4.0,6.0,2.0,,,2.0,0.0,Completed,1.44,2.75,1.5,2.72,1.5,2.9,1.44,2.72,1.54,2.82,20250920
43,Seoul,Korea Open,2025-09-21,WTA500,Outdoor,Hard,The Final,3,Swiatek I.,Alexandrova E.,2.0,11.0,7933.0,3026.0,1.0,6.0,7.0,6.0,7.0,5.0,2.0,1.0,Completed,1.11,6.5,1.11,7.8,1.12,7.0,1.11,6.2,1.14,7.4,20250921
44,Beijing,China Open,2025-09-24,WTA1000,Outdoor,Hard,1st Round,3,Cirstea S.,Dolehide C.,64.0,88.0,1057.0,827.0,6.0,2.0,6.0,3.0,,,2.0,0.0,Completed,1.25,4.0,1.27,4.1,1.28,4.0,1.25,3.86,1.31,4.1,20250924
44,Beijing,China Open,2025-09-24,WTA1000,Outdoor,Hard,1st Round,3,Kessler M.,Shi H.,39.0,312.0,1370.0,206.0,6.0,2.0,7.0,6.0,,,2.0,0.0,Completed,1.08,8.0,1.1,8.62,1.08,8.5,1.07,8.0,1.1,10.0,20250924
44,Beijing,China Open,2025-09-24,WTA1000,Outdoor,Hard,1st Round,3,Sevastova A.,Birrell K.,221.0,85.0,315.0,841.0,6.0,3.0,7.0,6.0,,,2.0,0.0,Completed,1.8,2.0,1.87,2.03,1.85,2.0,1.82,1.96,1.86,2.12,20250924
44,Beijing,China Open,2025-09-24,WTA1000,Outdoor,Hard,1st Round,3,McNally C.,Siegemund L.,90.0,53.0,812.0,1115.0,6.0,4.0,6.0,2.0,,,2.0,0.0,Completed,1.5,2.63,1.58,2.53,1.55,2.63,1.53,2.46,1.57,2.66,20250924
44,Beijing,China Open,2025-09-24,WTA1000,Outdoor,Hard,1st Round,3,Rakhimova K.,Bronzetti L.,89.0,73.0,823.0,912.0,6.0,4.0,6.0,1.0,,,2.0,0.0,Completed,1.67,2.2,1.67,2.33,1.75,2.25,1.64,2.21,1.71,2.34,20250924
44,Beijing,China Open,2025-09-24,WTA1000,Outdoor,Hard,1st Round,3,Sakkari M.,Krueger A.,56.0,45.0,1091.0,1267.0,7.0,6.0,6.0,7.0,7.0,5.0,2.0,1.0,Completed,1.8,2.0,1.89,2.0,1.85,2.0,1.82,1.96,1.87,2.12,20250924
44,Beijing,China Open,2025-09-24,WTA1000,Outdoor,Hard,1st Round,3,Ruzic A.,Jacquemot E.,80.0,65.0,878.0,1055.0,6.0,3.0,6.0,3.0,,,2.0,0.0,Completed,2.0,1.8,2.04,1.84,2.12,1.81,2.03,1.75,2.14,1.85,20250924
44,Beijing,China Open,2025-09-24,WTA1000,Outdoor,Hard,1st Round,3,Lys E.,Zhang R.,66.0,836.0,1041.0,32.0,6.0,1.0,6.0,0.0,,,2.0,0.0,Completed,1.04,13.0,,,1.04,15.0,1.03,12.75,1.04,21.0,20250924
44,Beijing,China Open,2025-09-24,WTA1000,Outdoor,Hard,1st Round,3,Hon P.,Golubic V.,108.0,70.0,696.0,975.0,1.0,6.0,6.0,3.0,7.0,6.0,2.0,1.0,Completed,1.8,2.0,1.88,1.99,1.95,2.0,1.82,1.96,1.87,2.12,20250924
44,Beijing,China Open,2025-09-24,WTA1000,Outdoor,Hard,1st Round,3,Boulter K.,Baptiste H.,54.0,51.0,1108.0,1176.0,7.0,5.0,5.0,7.0,6.0,4.0,2.0,1.0,Completed,1.67,2.2,1.72,2.23,1.73,2.2,1.69,2.14,1.76,2.28,20250924
44,Beijing,China Open,2025-09-24,WTA1000,Outdoor,Hard,1st Round,3,Kudermetova P.,Inglis M.,76.0,158.0,899.0,452.0,7.0,5.0,7.0,6.0,,,2.0,0.0,Completed,1.91,1.91,1.98,1.88,2.0,1.93,1.89,1.89,2.02,1.95,20250924
44,Beijing,China Open,2025-09-24,WTA1000,Outdoor,Hard,1st Round,3,Krejcikova B.,Blinkova A.,34.0,71.0,1452.0,938.0,6.0,2.0,6.0,2.0,,,2.0,0.0,Completed,1.17,5.0,1.21,4.94,1.2,5.0,1.18,4.68,1.22,5.3,20250924
44,Beijing,China Open,2025-09-24,WTA1000,Outdoor,Hard,1st Round,3,Volynets K.,Stearns P.,107.0,61.0,699.0,1067.0,6.0,4.0,2.0,6.0,6.0,3.0,2.0,1.0,Completed,2.1,1.73,2.06,1.83,2.1,1.78,2.06,1.74,2.16,1.84,20250924
44,Beijing,China Open,2025-09-24,WTA1000,Outdoor,Hard,1st Round,3,Zhang S.,Zakharova A.,112.0,87.0,682.0,840.0,3.0,6.0,6.0,1.0,6.0,4.0,2.0,1.0,Completed,1.8,2.0,1.88,2.02,1.81,2.08,1.78,2.01,1.88,2.12,20250924
44,Beijing,China Open,2025-09-24,WTA1000,Outdoor,Hard,1st Round,3,Bouzkova M.,Maria T.,52.0,44.0,1173.0,1274.0,6.0,2.0,6.0,4.0,,,2.0,0.0,Completed,1.29,3.75,1.29,3.93,1.3,3.75,1.28,3.59,1.31,4.1,20250924
44,Beijing,China Open,2025-09-24,WTA1000,Outdoor,Hard,1st Round,3,Bondar A.,Andreescu B.,96.0,181.0,779.0,396.0,6.0,4.0,7.0,6.0,,,2.0,0.0,Completed,2.63,1.5,2.74,1.51,2.65,1.57,2.54,1.51,2.7,1.57,20250924
44,Beijing,China Open,2025-09-25,WTA1000,Outdoor,Hard,1st Round,3,Osorio M.,Li A.,83.0,47.0,844.0,1254.0,7.0,5.0,6.0,7.0,7.0,5.0,2.0,1.0,Completed,2.5,1.53,2.59,1.56,3.2,1.57,2.52,1.52,2.62,1.6,20250925
44,Beijing,China Open,2025-09-25,WTA1000,Outdoor,Hard,1st Round,3,Sonmez Z.,Wei S.,82.0,183.0,855.0,392.0,6.0,2.0,6.0,0.0,,,2.0,0.0,Completed,1.5,2.63,1.54,2.62,1.54,2.9,1.52,2.52,1.59,2.66,20250925
44,Beijing,China Open,2025-09-25,WTA1000,Outdoor,Hard,1st Round,3,Tomljanovic A.,Starodubtseva Y.,94.0,86.0,791.0,840.0,7.0,6.0,6.0,2.0,,,2.0,0.0,Completed,1.67,2.2,1.71,2.26,1.8,2.28,1.67,2.18,1.76,2.26,20250925
44,Beijing,China Open,2025-09-25,WTA1000,Outdoor,Hard,1st Round,3,Wang Xiy.,Guo H.,152.0,192.0,481.0,370.0,7.0,5.0,6.0,1.0,,,2.0,0.0,Completed,1.53,2.5,1.57,2.54,1.53,2.6,1.53,2.48,1.58,2.68,20250925
44,Beijing,China Open,2025-09-25,WTA1000,Outdoor,Hard,1st Round,3,Ruse E.G.,Sramkova R.,98.0,55.0,755.0,1097.0,6.0,2.0,6.0,2.0,,,2.0,0.0,Completed,2.0,1.8,2.05,1.85,2.05,1.81,2.01,1.78,2.16,1.84,20250925
44,Beijing,China Open,2025-09-25,WTA1000,Outdoor,Hard,1st Round,3,Sasnovich A.,Tjen J.,130.0,102.0,580.0,734.0,6.0,7.0,7.0,5.0,6.0,1.0,2.0,1.0,Completed,3.5,1.3,3.69,1.32,3.66,1.3,3.51,1.29,3.65,1.36,20250925
44,Beijing,China Open,2025-09-25,WTA1000,Outdoor,Hard,1st Round,3,Potapova A.,Siniakova K.,59.0,62.0,1076.0,1066.0,6.0,3.0,6.0,4.0,,,2.0,0.0,Completed,2.75,1.44,2.93,1.45,2.85,1.47,2.74,1.44,3.0,1.48,20250925
44,Beijing,China Open,2025-09-25,WTA1000,Outdoor,Hard,1st Round,3,Seidel E.,Frech M.,95.0,46.0,782.0,1256.0,7.0,5.0,6.0,4.0,,,2.0,0.0,Completed,1.73,2.1,1.78,2.12,1.73,2.2,1.68,2.15,1.78,2.26,20250925
44,Beijing,China Open,2025-09-25,WTA1000,Outdoor,Hard,1st Round,3,Zhu L.,Uchijima M.,253.0,92.0,275.0,807.0,6.0,1.0,6.0,3.0,,,2.0,0.0,Completed,1.8,2.0,1.83,2.07,1.85,2.04,1.8,1.99,1.95,2.04,20250925
44,Beijing,China Open,2025-09-25,WTA1000,Outdoor,Hard,1st Round,3,Kartal S.,Parks A.,81.0,60.0,870.0,1070.0,6.0,3.0,6.0,2.0,,,2.0,0.0,Completed,1.44,2.75,1.46,2.9,1.45,2.83,1.44,2.75,1.51,2.9,20250925
44,Beijing,China Open,2025-09-25,WTA1000,Outdoor,Hard,1st Round,3,Bucsa C.,Vekic D.,67.0,69.0,1025.0,992.0,6.0,2.0,6.0,4.0,,,2.0,0.0,Completed,1.91,1.91,2.07,1.83,2.12,1.91,1.96,1.82,2.06,1.9,20250925
44,Beijing,China Open,2025-09-25,WTA1000,Outdoor,Hard,1st Round,3,Joint M.,Jimenez Kasintseva V.,36.0,109.0,1429.0,691.0,6.0,3.0,6.0,2.0,,,2.0,0.0,Completed,1.44,2.75,1.46,2.9,1.45,2.8,1.44,2.73,1.46,3.05,20250925
44,Beijing,China Open,2025-09-25,WTA1000,Outdoor,Hard,1st Round,3,Boisson L.,Galfi D.,41.0,97.0,1289.0,767.0,7.0,6.0,5.0,7.0,6.0,2.0,2.0,1.0,Completed,2.0,1.8,1.96,1.93,2.0,1.91,1.93,1.84,2.04,1.95,20250925
44,Beijing,China Open,2025-09-25,WTA1000,Outdoor,Hard,1st Round,3,Bouzas Maneiro J.,Cristian J.,48.0,42.0,1196.0,1281.0,6.0,4.0,6.0,0.0,,,2.0,0.0,Completed,1.91,1.91,1.94,1.94,1.92,1.91,1.9,1.88,1.99,1.96,20250925
44,Beijing,China Open,2025-09-25,WTA1000,Outdoor,Hard,1st Round,3,Arango E.,Lamens S.,50.0,57.0,1180.0,1087.0,6.0,3.0,6.0,3.0,,,2.0,0.0,Completed,2.5,1.53,,,2.53,1.55,2.45,1.54,2.72,1.57,20250925
44,Beijing,China Open,2025-09-25,WTA1000,Outdoor,Hard,1st Round,3,Yuan Y.,Putintseva Y.,110.0,63.0,685.0,1065.0,6.0,3.0,6.0,3.0,,,2.0,0.0,Completed,1.73,2.1,1.79,2.13,1.77,2.2,1.71,2.12,1.74,2.32,20250925
44,Beijing,China Open,2025-09-26,WTA1000,Outdoor,Hard,2nd Round,3,Gauff C.,Rakhimova K.,3.0,89.0,7873.0,823.0,6.0,4.0,6.0,0.0,,,2.0,0.0,Completed,1.1,7.0,1.12,7.66,1.11,7.0,1.1,6.75,1.13,8.0,20250926
44,Beijing,China Open,2025-09-26,WTA1000,Outdoor,Hard,2nd Round,3,Kenin S.,Kudermetova P.,26.0,76.0,1678.0,899.0,6.0,4.0,6.0,2.0,,,2.0,0.0,Completed,1.5,2.63,1.5,2.77,1.5,2.7,1.48,2.64,1.54,2.8,20250926
44,Beijing,China Open,2025-09-26,WTA1000,Outdoor,Hard,2nd Round,3,Fernandez L.A.,Sakkari M.,25.0,56.0,1684.0,1091.0,6.0,2.0,6.0,0.0,,,2.0,0.0,Completed,1.62,2.3,1.69,2.29,1.63,2.32,1.62,2.25,1.67,2.44,20250926
44,Beijing,China Open,2025-09-26,WTA1000,Outdoor,Hard,2nd Round,3,Bouzkova M.,Linette M.,52.0,38.0,1173.0,1404.0,7.0,5.0,7.0,5.0,,,2.0,0.0,Completed,1.33,3.4,1.39,3.23,1.4,3.4,1.35,3.15,1.41,3.25,20250926
44,Beijing,China Open,2025-09-26,WTA1000,Outdoor,Hard,2nd Round,3,Lys E.,Jovic I.,66.0,37.0,1041.0,1413.0,6.0,3.0,4.0,6.0,7.0,5.0,2.0,1.0,Completed,1.91,1.91,1.87,2.03,1.91,2.0,1.82,1.98,1.87,2.1,20250926
44,Beijing,China Open,2025-09-26,WTA1000,Outdoor,Hard,2nd Round,3,Rybakina E.,McNally C.,10.0,90.0,3833.0,812.0,7.0,5.0,4.0,6.0,6.0,3.0,2.0,1.0,Completed,1.2,4.5,1.21,4.99,1.2,5.0,1.18,4.67,1.21,5.6,20250926
44,Beijing,China Open,2025-09-26,WTA1000,Outdoor,Hard,2nd Round,3,Kudermetova V.,Bondar A.,30.0,96.0,1563.0,779.0,7.0,5.0,6.0,3.0,,,2.0,0.0,Completed,1.4,3.0,1.48,2.82,1.45,3.0,1.43,2.77,1.49,3.0,20250926
44,Beijing,China Open,2025-09-26,WTA1000,Outdoor,Hard,2nd Round,3,Badosa P.,Ruzic A.,18.0,80.0,2195.0,878.0,6.0,3.0,7.0,6.0,,,2.0,0.0,Completed,1.44,2.75,1.45,2.95,1.44,3.05,1.4,2.91,1.47,3.05,20250926
44,Beijing,China Open,2025-09-26,WTA1000,Outdoor,Hard,2nd Round,3,Paolini J.,Sevastova A.,8.0,221.0,4006.0,315.0,6.0,1.0,6.0,3.0,,,2.0,0.0,Completed,1.17,5.0,1.17,5.66,1.19,5.0,1.17,4.92,1.19,6.0,20250926
44,Beijing,China Open,2025-09-26,WTA1000,Outdoor,Hard,2nd Round,3,Kessler M.,Mertens E.,39.0,22.0,1370.0,2019.0,6.0,2.0,6.0,4.0,,,2.0,0.0,Completed,2.3,1.62,2.21,1.74,2.33,1.67,2.23,1.64,2.42,1.68,20250926
44,Beijing,China Open,2025-09-26,WTA1000,Outdoor,Hard,2nd Round,3,Krejcikova B.,Alexandrova E.,34.0,11.0,1452.0,3253.0,7.0,5.0,6.0,2.0,,,2.0,0.0,Completed,2.2,1.67,2.29,1.69,2.29,1.67,2.2,1.66,2.36,1.72,20250926
44,Beijing,China Open,2025-09-26,WTA1000,Outdoor,Hard,2nd Round,3,Anisimova A.,Boulter K.,4.0,54.0,5109.0,1108.0,6.0,1.0,6.0,3.0,,,2.0,0.0,Completed,1.22,4.33,1.3,3.85,1.27,4.33,1.25,3.84,1.28,4.4,20250926
44,Beijing,China Open,2025-09-26,WTA1000,Outdoor,Hard,2nd Round,3,Hon P.,Ostapenko J.,108.0,24.0,696.0,1780.0,6.0,3.0,6.0,2.0,,,2.0,0.0,Completed,2.38,1.57,2.45,1.61,2.6,1.57,2.43,1.54,2.56,1.63,20250926
44,Beijing,China Open,2025-09-26,WTA1000,Outdoor,Hard,2nd Round,3,Zhang S.,Wang Xin.,112.0,33.0,682.0,1461.0,6.0,4.0,6.0,2.0,,,2.0,0.0,Completed,2.2,1.67,2.07,1.83,2.2,1.73,2.14,1.69,2.3,1.75,20250926
44,Beijing,China Open,2025-09-26,WTA1000,Outdoor,Hard,2nd Round,3,Muchova K.,Cirstea S.,15.0,64.0,2488.0,1057.0,6.0,2.0,6.0,3.0,,,2.0,0.0,Completed,1.62,2.3,1.78,2.15,1.67,2.3,1.63,2.23,1.73,2.34,20250926
44,Beijing,China Open,2025-09-26,WTA1000,Outdoor,Hard,2nd Round,3,Bencic B.,Volynets K.,16.0,107.0,2334.0,699.0,6.0,3.0,6.0,3.0,,,2.0,0.0,Completed,1.44,2.75,1.47,2.87,1.44,2.9,1.42,2.78,1.46,3.1,20250926
44,Beijing,China Open,2025-09-27,WTA1000,Outdoor,Hard,2nd Round,3,Navarro E.,Ruse E.G.,17.0,98.0,2310.0,755.0,6.0,3.0,7.0,6.0,,,2.0,0.0,Completed,1.44,2.75,1.48,2.84,1.45,2.8,1.44,2.73,1.49,2.98,20250927
44,Beijing,China Open,2025-09-27,WTA1000,Outdoor,Hard,2nd Round,3,Andreeva M.,Zhu L.,5.0,253.0,4793.0,275.0,6.0,2.0,6.0,2.0,,,2.0,0.0,Completed,1.17,5.0,1.15,6.39,1.17,5.5,1.15,5.16,1.17,6.6,20250927
44,Beijing,China Open,2025-09-27,WTA1000,Outdoor,Hard,2nd Round,3,Bouzas Maneiro J.,Yastremska D.,48.0,31.0,1196.0,1559.0,7.0,5.0,6.0,4.0,,,2.0,0.0,Completed,1.91,1.91,1.93,1.95,1.91,1.97,1.85,1.92,1.99,2.0,20250927
44,Beijing,China Open,2025-09-27,WTA1000,Outdoor,Hard,2nd Round,3,Potapova A.,Mboko V.,59.0,23.0,1076.0,1841.0,7.0,6.0,7.0,5.0,,,2.0,0.0,Completed,2.38,1.57,2.33,1.67,2.38,1.65,2.27,1.61,2.4,1.69,20250927
44,Beijing,China Open,2025-09-27,WTA1000,Outdoor,Hard,2nd Round,3,Osorio M.,Kalinskaya A.,83.0,29.0,844.0,1582.0,6.0,1.0,4.0,6.0,6.0,4.0,2.0,1.0,Completed,3.0,1.4,3.05,1.43,3.05,1.4,2.95,1.38,3.15,1.45,20250927
44,Beijing,China Open,2025-09-27,WTA1000,Outdoor,Hard,2nd Round,3,Swiatek I.,Yuan Y.,2.0,110.0,8433.0,685.0,6.0,0.0,6.0,3.0,,,2.0,0.0,Completed,1.03,15.0,1.03,16.33,1.04,17.0,1.03,12.27,1.03,26.0,20250927
44,Beijing,China Open,2025-09-27,WTA1000,Outdoor,Hard,2nd Round,3,Boisson L.,Samsonova L.,41.0,21.0,1289.0,2049.0,6.0,3.0,6.0,4.0,,,2.0,0.0,Completed,2.63,1.5,2.59,1.56,2.7,1.53,2.59,1.48,2.66,1.58,20250927
44,Beijing,China Open,2025-09-27,WTA1000,Outdoor,Hard,2nd Round,3,Joint M.,Shnaider D.,36.0,19.0,1429.0,2111.0,7.0,5.0,6.0,1.0,,,2.0,0.0,Completed,1.91,1.91,1.85,2.05,1.91,2.05,1.8,1.99,1.84,2.16,20250927
44,Beijing,China Open,2025-09-27,WTA1000,Outdoor,Hard,2nd Round,3,Sonmez Z.,Tauson C.,82.0,12.0,855.0,2775.0,6.0,4.0,2.0,6.0,6.0,3.0,2.0,1.0,Completed,3.75,1.29,3.83,1.3,3.75,1.29,3.65,1.28,4.0,1.31,20250927
44,Beijing,China Open,2025-09-27,WTA1000,Outdoor,Hard,2nd Round,3,Kostyuk M.,Seidel E.,28.0,95.0,1659.0,782.0,6.0,1.0,6.0,1.0,,,2.0,0.0,Completed,1.3,3.5,1.34,3.55,1.33,3.5,1.3,3.43,1.39,3.5,20250927
44,Beijing,China Open,2025-09-27,WTA1000,Outdoor,Hard,2nd Round,3,Pegula J.,Tomljanovic A.,7.0,94.0,4383.0,791.0,6.0,0.0,6.0,3.0,,,2.0,0.0,Completed,1.14,5.5,1.15,6.18,1.17,6.0,1.14,5.4,1.18,6.0,20250927
44,Beijing,China Open,2025-09-27,WTA1000,Outdoor,Hard,2nd Round,3,Noskova L.,Wang Xiy.,27.0,152.0,1670.0,481.0,6.0,3.0,6.0,2.0,,,2.0,0.0,Completed,1.4,3.0,1.4,3.17,1.4,3.1,1.38,3.0,1.41,3.3,20250927
44,Beijing,China Open,2025-09-27,WTA1000,Outdoor,Hard,2nd Round,3,Kartal S.,Kasatkina D.,81.0,20.0,870.0,2106.0,6.0,3.0,6.0,0.0,,,2.0,0.0,Completed,2.1,1.73,2.06,1.84,2.1,1.76,2.09,1.72,2.16,1.84,20250927
44,Beijing,China Open,2025-09-27,WTA1000,Outdoor,Hard,2nd Round,3,Sasnovich A.,Osaka N.,130.0,14.0,580.0,2489.0,1.0,6.0,6.0,4.0,6.0,2.0,2.0,1.0,Completed,7.0,1.1,8.02,1.11,7.0,1.1,6.77,1.1,8.2,1.13,20250927
44,Beijing,China Open,2025-09-27,WTA1000,Outdoor,Hard,2nd Round,3,Zheng Q.,Arango E.,9.0,50.0,4003.0,1180.0,6.0,3.0,6.0,2.0,,,2.0,0.0,Completed,1.25,4.0,1.28,4.05,1.29,4.0,1.26,3.75,1.31,4.1,20250927
44,Beijing,China Open,2025-09-27,WTA1000,Outdoor,Hard,2nd Round,3,Raducanu E.,Bucsa C.,32.0,67.0,1498.0,1025.0,6.0,3.0,6.0,3.0,,,2.0,0.0,Completed,1.29,3.75,1.3,3.86,1.29,3.75,1.27,3.64,1.34,3.85,20250927
44,Beijing,China Open,2025-09-28,WTA1000,Outdoor,Hard,3rd Round,3,Lys E.,Rybakina E.,66.0,10.0,1041.0,3833.0,6.0,3.0,1.0,6.0,6.0,4.0,2.0,1.0,Completed,6.5,1.11,7.99,1.11,6.75,1.11,6.48,1.1,7.6,1.14,20250928
44,Beijing,China Open,2025-09-28,WTA1000,Outdoor,Hard,3rd Round,3,Kessler M.,Krejcikova B.,39.0,34.0,1370.0,1452.0,1.0,6.0,7.0,5.0,3.0,0.0,1.0,1.0,Retired,2.75,1.44,2.72,1.52,2.75,1.5,2.64,1.46,2.94,1.5,20250928
44,Beijing,China Open,2025-09-28,WTA1000,Outdoor,Hard,3rd Round,3,Gauff C.,Fernandez L.A.,3.0,25.0,7873.0,1684.0,6.0,4.0,4.0,6.0,7.0,5.0,2.0,1.0,Completed,1.29,3.75,1.36,3.44,1.33,3.75,1.31,3.37,1.39,3.5,20250928
44,Beijing,China Open,2025-09-28,WTA1000,Outdoor,Hard,3rd Round,3,Bouzkova M.,Kudermetova V.,52.0,30.0,1173.0,1563.0,6.0,3.0,7.0,5.0,,,2.0,0.0,Completed,1.8,2.0,1.85,2.07,1.86,2.03,1.81,1.97,1.88,2.1,20250928
44,Beijing,China Open,2025-09-28,WTA1000,Outdoor,Hard,3rd Round,3,Paolini J.,Kenin S.,8.0,26.0,4006.0,1678.0,6.0,3.0,6.0,0.0,,,2.0,0.0,Completed,1.3,3.5,1.32,3.72,1.32,3.65,1.29,3.5,1.32,3.9,20250928
44,Beijing,China Open,2025-09-28,WTA1000,Outdoor,Hard,3rd Round,3,Bencic B.,Hon P.,16.0,108.0,2334.0,696.0,4.0,6.0,6.0,4.0,6.0,3.0,2.0,1.0,Completed,1.25,4.0,1.29,4.03,1.28,4.0,1.26,3.77,1.3,4.2,20250928
44,Beijing,China Open,2025-09-28,WTA1000,Outdoor,Hard,3rd Round,3,Muchova K.,Badosa P.,15.0,18.0,2488.0,2195.0,4.0,2.0,,,,,0.0,0.0,Retired,1.44,2.75,1.5,2.82,1.52,2.75,1.48,2.62,1.55,2.78,20250928
44,Beijing,China Open,2025-09-28,WTA1000,Outdoor,Hard,3rd Round,3,Anisimova A.,Zhang S.,4.0,112.0,5109.0,682.0,7.0,6.0,6.0,0.0,,,2.0,0.0,Completed,1.17,5.0,1.2,5.16,1.19,5.0,1.18,4.67,1.21,5.5,20250928
44,Beijing,China Open,2025-09-29,WTA1000,Outdoor,Hard,3rd Round,3,Andreeva M.,Bouzas Maneiro J.,5.0,48.0,4793.0,1196.0,6.0,4.0,6.0,1.0,,,2.0,0.0,Completed,1.17,5.0,1.23,4.66,1.21,5.0,1.19,4.55,1.23,5.1,20250929
44,Beijing,China Open,2025-09-29,WTA1000,Outdoor,Hard,3rd Round,3,Kostyuk M.,Sasnovich A.,28.0,130.0,1659.0,580.0,6.0,4.0,6.0,2.0,,,2.0,0.0,Completed,1.17,5.0,1.2,5.27,1.2,5.0,1.18,4.72,1.21,5.4,20250929
44,Beijing,China Open,2025-09-29,WTA1000,Outdoor,Hard,3rd Round,3,Navarro E.,Boisson L.,17.0,41.0,2310.0,1289.0,6.0,2.0,1.0,0.0,,,1.0,0.0,Retired,1.53,2.5,1.57,2.57,1.55,2.6,1.51,2.51,1.58,2.68,20250929
44,Beijing,China Open,2025-09-29,WTA1000,Outdoor,Hard,3rd Round,3,Kartal S.,Joint M.,81.0,36.0,870.0,1429.0,6.0,3.0,6.0,2.0,,,2.0,0.0,Completed,2.5,1.53,2.42,1.63,2.63,1.55,2.49,1.52,2.74,1.55,20250929
44,Beijing,China Open,2025-09-29,WTA1000,Outdoor,Hard,3rd Round,3,Swiatek I.,Osorio M.,2.0,83.0,8433.0,844.0,6.0,0.0,0.0,0.0,,,1.0,0.0,Retired,1.02,19.0,,,1.03,19.0,1.02,14.67,1.03,30.0,20250929
44,Beijing,China Open,2025-09-29,WTA1000,Outdoor,Hard,3rd Round,3,Pegula J.,Raducanu E.,7.0,32.0,4383.0,1498.0,3.0,6.0,7.0,6.0,6.0,0.0,2.0,1.0,Completed,1.67,2.2,1.7,2.3,1.67,2.25,1.65,2.22,1.73,2.34,20250929
44,Beijing,China Open,2025-09-29,WTA1000,Outdoor,Hard,3rd Round,3,Potapova A.,Sonmez Z.,59.0,82.0,1076.0,855.0,6.0,3.0,7.0,5.0,,,2.0,0.0,Completed,1.57,2.38,1.57,2.57,1.57,2.5,1.55,2.41,1.61,2.56,20250929
44,Beijing,China Open,2025-09-29,WTA1000,Outdoor,Hard,3rd Round,3,Noskova L.,Zheng Q.,27.0,9.0,1670.0,4003.0,6.0,4.0,3.0,6.0,3.0,0.0,1.0,1.0,Retired,2.1,1.73,2.12,1.81,2.1,1.8,2.03,1.76,2.12,1.87,20250929
44,Beijing,China Open,2025-09-30,WTA1000,Outdoor,Hard,4th Round,3,Gauff C.,Bencic B.,3.0,16.0,7873.0,2334.0,4.0,6.0,7.0,6.0,6.0,2.0,2.0,1.0,Completed,1.33,3.4,1.36,3.42,1.37,3.5,1.33,3.32,1.38,3.55,20250930
44,Beijing,China Open,2025-09-30,WTA1000,Outdoor,Hard,4th Round,3,Lys E.,Kessler M.,66.0,39.0,1041.0,1370.0,4.0,6.0,6.0,1.0,6.0,2.0,2.0,1.0,Completed,1.8,2.0,1.93,1.97,1.91,2.0,1.85,1.94,1.94,2.02,20250930
44,Beijing,China Open,2025-09-30,WTA1000,Outdoor,Hard,4th Round,3,Anisimova A.,Muchova K.,4.0,15.0,5109.0,2488.0,1.0,6.0,6.0,2.0,6.0,4.0,2.0,1.0,Completed,1.53,2.5,1.6,2.51,1.56,2.54,1.53,2.46,1.57,2.7,20250930
44,Beijing,China Open,2025-09-30,WTA1000,Outdoor,Hard,4th Round,3,Paolini J.,Bouzkova M.,8.0,52.0,4006.0,1173.0,6.0,2.0,7.0,5.0,,,2.0,0.0,Completed,1.53,2.5,1.44,3.04,1.55,2.7,1.51,2.54,1.59,2.66,20250930
44,Beijing,China Open,2025-10-01,WTA1000,Outdoor,Hard,4th Round,3,Noskova L.,Potapova A.,27.0,59.0,1670.0,1076.0,6.0,2.0,6.0,4.0,,,2.0,0.0,Completed,1.5,2.63,1.53,2.66,1.55,2.63,1.5,2.55,1.54,2.82,20251001
44,Beijing,China Open,2025-10-01,WTA1000,Outdoor,Hard,4th Round,3,Kartal S.,Andreeva M.,81.0,5.0,870.0,4793.0,7.0,5.0,2.0,6.0,7.0,5.0,2.0,1.0,Completed,4.5,1.2,4.65,1.24,4.5,1.25,4.07,1.23,5.1,1.24,20251001
44,Beijing,China Open,2025-10-01,WTA1000,Outdoor,Hard,4th Round,3,Navarro E.,Swiatek I.,17.0,2.0,2310.0,8433.0,6.0,4.0,4.0,6.0,6.0,0.0,2.0,1.0,Completed,8.0,1.08,9.09,1.1,9.5,1.09,8.43,1.07,11.0,1.09,20251001
44,Beijing,China Open,2025-10-01,WTA1000,Outdoor,Hard,4th Round,3,Pegula J.,Kostyuk M.,7.0,28.0,4383.0,1659.0,6.0,3.0,6.0,7.0,6.0,1.0,2.0,1.0,Completed,1.53,2.5,1.63,2.44,1.62,2.5,1.58,2.34,1.62,2.58,20251001
44,Beijing,China Open,2025-10-02,WTA1000,Outdoor,Hard,Quarterfinals,3,Gauff C.,Lys E.,3.0,66.0,7873.0,1041.0,6.0,3.0,6.0,4.0,,,2.0,0.0,Completed,1.2,4.5,1.23,4.78,1.24,4.6,1.21,4.28,1.25,4.8,20251002
44,Beijing,China Open,2025-10-02,WTA1000,Outdoor,Hard,Quarterfinals,3,Anisimova A.,Paolini J.,4.0,8.0,5109.0,4006.0,6.0,7.0,6.0,3.0,6.0,4.0,2.0,1.0,Completed,1.57,2.38,1.53,2.69,1.61,2.5,1.58,2.33,1.64,2.52,20251002
44,Beijing,China Open,2025-10-03,WTA1000,Outdoor,Hard,Quarterfinals,3,Noskova L.,Kartal S.,27.0,81.0,1670.0,870.0,6.0,3.0,6.0,4.0,,,2.0,0.0,Completed,1.53,2.5,1.56,2.6,1.55,2.6,1.52,2.49,1.58,2.68,20251003
44,Beijing,China Open,2025-10-03,WTA1000,Outdoor,Hard,Quarterfinals,3,Pegula J.,Navarro E.,7.0,17.0,4383.0,2310.0,6.0,7.0,6.0,2.0,6.0,1.0,2.0,1.0,Completed,1.44,2.75,1.49,2.84,1.45,2.8,1.44,2.74,1.48,3.0,20251003
44,Beijing,China Open,2025-10-04,WTA1000,Outdoor,Hard,Semifinals,3,Anisimova A.,Gauff C.,4.0,3.0,5109.0,7873.0,6.0,1.0,6.0,2.0,,,2.0,0.0,Completed,2.0,1.8,2.1,1.82,2.04,2.0,1.93,1.86,2.0,1.98,20251004
44,Beijing,China Open,2025-10-04,WTA1000,Outdoor,Hard,Semifinals,3,Noskova L.,Pegula J.,27.0,7.0,1670.0,4383.0,6.0,3.0,1.0,6.0,7.0,6.0,2.0,1.0,Completed,2.5,1.53,2.54,1.59,2.75,1.55,2.5,1.52,2.68,1.58,20251004
44,Beijing,China Open,2025-10-05,WTA1000,Outdoor,Hard,The Final,3,Anisimova A.,Noskova L.,4.0,27.0,5109.0,1670.0,6.0,0.0,2.0,6.0,6.0,2.0,2.0,1.0,Completed,1.33,3.4,1.36,3.48,1.35,3.55,1.33,3.36,1.36,3.75,20251005
45,Wuhan,Wuhan Open,2025-10-06,WTA1000,Outdoor,Hard,1st Round,3,Bouzkova M.,Osorio M.,41.0,80.0,1293.0,874.0,6.0,3.0,6.0,4.0,,,2.0,0.0,Completed,1.36,3.2,1.3,3.7,1.4,3.3,1.38,2.98,1.44,3.2,20251006
45,Wuhan,Wuhan Open,2025-10-06,WTA1000,Outdoor,Hard,1st Round,3,Siegemund L.,Yastremska D.,57.0,31.0,1115.0,1559.0,7.0,5.0,4.0,6.0,4.0,1.0,1.0,1.0,Retired,2.63,1.5,2.47,1.58,2.63,1.62,2.43,1.55,2.68,1.57,20251006
45,Wuhan,Wuhan Open,2025-10-06,WTA1000,Outdoor,Hard,1st Round,3,Baptiste H.,Krueger A.,55.0,50.0,1121.0,1212.0,2.0,6.0,6.0,4.0,6.0,2.0,2.0,1.0,Completed,2.0,1.8,2.07,1.8,2.05,1.83,2.01,1.78,2.14,1.86,20251006
45,Wuhan,Wuhan Open,2025-10-06,WTA1000,Outdoor,Hard,1st Round,3,Mertens E.,Kudermetova P.,21.0,73.0,1964.0,919.0,7.0,6.0,6.0,3.0,,,2.0,0.0,Completed,1.25,4.0,1.27,3.55,1.29,4.6,1.25,3.8,1.29,4.3,20251006
45,Wuhan,Wuhan Open,2025-10-06,WTA1000,Outdoor,Hard,1st Round,3,Siniakova K.,Shnaider D.,62.0,18.0,1066.0,2056.0,6.0,4.0,6.0,4.0,,,2.0,0.0,Completed,1.91,1.91,2.01,1.86,2.0,1.91,1.93,1.84,2.08,1.9,20251006
45,Wuhan,Wuhan Open,2025-10-06,WTA1000,Outdoor,Hard,1st Round,3,Joint M.,Zhu L.,35.0,230.0,1462.0,310.0,7.0,5.0,7.0,6.0,,,2.0,0.0,Completed,1.25,4.0,1.29,3.89,1.29,4.0,1.26,3.72,1.31,4.1,20251006
45,Wuhan,Wuhan Open,2025-10-06,WTA1000,Outdoor,Hard,1st Round,3,Bouzas Maneiro J.,Gracheva V.,47.0,82.0,1251.0,862.0,7.0,6.0,6.0,2.0,,,2.0,0.0,Completed,1.53,2.5,1.5,2.74,1.53,2.75,1.5,2.55,1.59,2.62,20251006
45,Wuhan,Wuhan Open,2025-10-06,WTA1000,Outdoor,Hard,1st Round,3,Tauson C.,Danilovic O.,12.0,42.0,2723.0,1278.0,6.0,3.0,7.0,5.0,,,2.0,0.0,Completed,1.36,3.2,1.36,3.34,1.36,3.25,1.34,3.18,1.37,3.6,20251006
45,Wuhan,Wuhan Open,2025-10-06,WTA1000,Outdoor,Hard,1st Round,3,Ruzic A.,Linette M.,78.0,40.0,898.0,1294.0,6.0,2.0,6.0,3.0,,,2.0,0.0,Completed,1.67,2.2,1.74,2.17,1.72,2.2,1.68,2.15,1.73,2.32,20251006
45,Wuhan,Wuhan Open,2025-10-06,WTA1000,Outdoor,Hard,1st Round,3,Yuan Y.,Bronzetti L.,109.0,74.0,710.0,912.0,7.0,6.0,7.0,6.0,,,2.0,0.0,Completed,1.5,2.63,1.53,2.62,1.53,2.63,1.5,2.53,1.56,2.78,20251006
45,Wuhan,Wuhan Open,2025-10-06,WTA1000,Outdoor,Hard,1st Round,3,Uchijima M.,Wang Xin.,91.0,37.0,802.0,1436.0,6.0,4.0,7.0,6.0,,,2.0,0.0,Completed,2.75,1.44,2.64,1.53,2.8,1.45,2.72,1.44,0.0,0.0,20251006
45,Wuhan,Wuhan Open,2025-10-06,WTA1000,Outdoor,Hard,1st Round,3,Alexandrova E.,Mboko V.,11.0,24.0,3253.0,1828.0,6.0,3.0,6.0,2.0,,,2.0,0.0,Completed,1.44,2.75,1.51,2.7,1.45,2.83,1.44,2.72,1.51,2.96,20251006
45,Wuhan,Wuhan Open,2025-10-07,WTA1000,Outdoor,Hard,1st Round,3,Kenin S.,Zakharova A.,28.0,83.0,1708.0,858.0,3.0,6.0,7.0,6.0,6.0,3.0,2.0,1.0,Completed,1.53,2.5,1.62,2.41,1.57,2.5,1.55,2.41,1.65,2.5,20251007
45,Wuhan,Wuhan Open,2025-10-07,WTA1000,Outdoor,Hard,1st Round,3,Samsonova L.,Arango E.,20.0,49.0,2049.0,1222.0,6.0,1.0,7.0,5.0,,,2.0,0.0,Completed,1.33,3.4,1.35,3.41,1.34,3.75,1.32,3.31,1.38,3.55,20251007
45,Wuhan,Wuhan Open,2025-10-07,WTA1000,Outdoor,Hard,1st Round,3,Cristian J.,Kessler M.,48.0,33.0,1226.0,1480.0,6.0,7.0,6.0,0.0,6.0,3.0,2.0,1.0,Completed,2.5,1.53,2.47,1.59,2.55,1.57,2.44,1.53,2.56,1.62,20251007
45,Wuhan,Wuhan Open,2025-10-07,WTA1000,Outdoor,Hard,1st Round,3,Osaka N.,Fernandez L.A.,16.0,27.0,2379.0,1739.0,4.0,6.0,7.0,5.0,6.0,3.0,2.0,1.0,Completed,1.5,2.63,1.56,2.54,1.54,2.63,1.5,2.54,1.56,2.7,20251007
45,Wuhan,Wuhan Open,2025-10-07,WTA1000,Outdoor,Hard,1st Round,3,Muchova K.,Kostyuk M.,22.0,26.0,1958.0,1769.0,2.0,6.0,6.0,2.0,6.0,4.0,2.0,1.0,Completed,2.0,1.8,1.85,2.03,2.06,2.0,1.99,1.79,2.1,1.87,20251007
45,Wuhan,Wuhan Open,2025-10-07,WTA1000,Outdoor,Hard,1st Round,3,Frech M.,Kudermetova V.,53.0,29.0,1146.0,1563.0,6.0,3.0,2.0,6.0,6.0,3.0,2.0,1.0,Completed,2.63,1.5,2.74,1.5,2.63,1.5,2.6,1.47,0.0,0.0,20251007
45,Wuhan,Wuhan Open,2025-10-07,WTA1000,Outdoor,Hard,1st Round,3,Li A.,Raducanu E.,46.0,30.0,1254.0,1563.0,6.0,1.0,4.0,1.0,,,1.0,0.0,Retired,4.0,1.25,4.21,1.26,4.33,1.27,3.85,1.25,4.5,1.27,20251007
45,Wuhan,Wuhan Open,2025-10-07,WTA1000,Outdoor,Hard,1st Round,3,Sramkova R.,Kalinskaya A.,68.0,34.0,1012.0,1472.0,6.0,2.0,3.0,6.0,6.0,3.0,2.0,1.0,Completed,3.5,1.3,3.5,1.34,3.5,1.33,3.32,1.31,3.6,1.35,20251007
45,Wuhan,Wuhan Open,2025-10-07,WTA1000,Outdoor,Hard,1st Round,3,Zhang S.,Navarro E.,142.0,14.0,532.0,2515.0,6.0,2.0,2.0,6.0,6.0,3.0,2.0,1.0,Completed,3.0,1.4,3.14,1.4,3.0,1.45,2.81,1.42,3.25,1.43,20251007
45,Wuhan,Wuhan Open,2025-10-07,WTA1000,Outdoor,Hard,1st Round,3,Bencic B.,Vekic D.,15.0,71.0,2453.0,937.0,6.0,2.0,6.0,2.0,,,2.0,0.0,Completed,1.33,3.4,1.34,3.44,1.36,3.45,1.32,3.31,1.36,3.7,20251007
45,Wuhan,Wuhan Open,2025-10-07,WTA1000,Outdoor,Hard,1st Round,3,Noskova L.,Putintseva Y.,17.0,63.0,2310.0,1065.0,6.0,4.0,4.0,6.0,7.0,6.0,2.0,1.0,Completed,1.73,2.1,1.83,2.05,1.8,2.16,1.73,2.08,1.87,2.1,20251007
45,Wuhan,Wuhan Open,2025-10-07,WTA1000,Outdoor,Hard,1st Round,3,Cirstea S.,Ostapenko J.,58.0,25.0,1091.0,1790.0,6.0,0.0,2.0,1.0,,,1.0,0.0,Retired,1.5,2.63,1.52,2.67,1.5,2.63,1.49,2.58,1.51,2.9,20251007
45,Wuhan,Wuhan Open,2025-10-07,WTA1000,Outdoor,Hard,2nd Round,3,Swiatek I.,Bouzkova M.,2.0,41.0,8553.0,1293.0,6.0,1.0,6.0,1.0,,,2.0,0.0,Completed,1.1,7.0,1.12,7.36,1.12,8.0,1.1,6.43,1.14,7.8,20251007
45,Wuhan,Wuhan Open,2025-10-07,WTA1000,Outdoor,Hard,2nd Round,3,Siegemund L.,Andreeva M.,57.0,5.0,1115.0,4698.0,6.0,7.0,6.0,3.0,6.0,3.0,2.0,1.0,Completed,5.0,1.17,5.54,1.18,5.5,1.17,5.06,1.16,6.0,1.19,20251007
45,Wuhan,Wuhan Open,2025-10-08,WTA1000,Outdoor,Hard,2nd Round,3,Siniakova K.,Joint M.,62.0,35.0,1066.0,1462.0,6.0,3.0,6.0,1.0,,,2.0,0.0,Completed,1.91,1.91,1.91,1.98,2.2,2.0,1.88,1.91,1.94,2.04,20251008
45,Wuhan,Wuhan Open,2025-10-08,WTA1000,Outdoor,Hard,2nd Round,3,Pegula J.,Baptiste H.,6.0,55.0,4653.0,1121.0,6.0,4.0,4.0,6.0,7.0,6.0,2.0,1.0,Completed,1.11,6.5,1.13,7.16,1.12,6.5,1.11,6.25,1.14,7.6,20251008
45,Wuhan,Wuhan Open,2025-10-08,WTA1000,Outdoor,Hard,2nd Round,3,Jovic I.,Bouzas Maneiro J.,39.0,47.0,1314.0,1251.0,6.0,4.0,6.0,4.0,,,2.0,0.0,Completed,2.1,1.73,2.26,1.7,2.2,1.73,2.12,1.7,2.3,1.75,20251008
45,Wuhan,Wuhan Open,2025-10-08,WTA1000,Outdoor,Hard,2nd Round,3,Alexandrova E.,Li A.,11.0,46.0,3253.0,1254.0,7.0,6.0,6.0,2.0,,,2.0,0.0,Completed,1.3,3.5,1.27,4.1,1.3,3.85,1.26,3.75,1.27,4.5,20251008
45,Wuhan,Wuhan Open,2025-10-08,WTA1000,Outdoor,Hard,2nd Round,3,Frech M.,Muchova K.,53.0,22.0,1146.0,1958.0,7.0,6.0,4.0,1.0,,,1.0,0.0,Retired,5.0,1.17,4.87,1.21,5.25,1.2,4.73,1.18,5.1,1.23,20251008
45,Wuhan,Wuhan Open,2025-10-08,WTA1000,Outdoor,Hard,2nd Round,3,Samsonova L.,Kenin S.,20.0,28.0,2049.0,1708.0,3.0,6.0,6.0,3.0,6.0,1.0,2.0,1.0,Completed,1.57,2.38,1.62,2.43,1.64,2.43,1.57,2.35,1.67,2.44,20251008
45,Wuhan,Wuhan Open,2025-10-08,WTA1000,Outdoor,Hard,2nd Round,3,Bencic B.,Mertens E.,15.0,21.0,2453.0,1964.0,,,,,,,,,Walkover,1.67,2.2,1.68,2.31,1.68,2.25,1.65,2.21,1.7,2.4,20251008
45,Wuhan,Wuhan Open,2025-10-08,WTA1000,Outdoor,Hard,2nd Round,3,Gauff C.,Uchijima M.,3.0,91.0,7263.0,802.0,6.0,1.0,6.0,0.0,,,2.0,0.0,Completed,1.08,8.0,1.11,8.18,1.1,8.0,1.08,7.39,1.12,9.0,20251008
45,Wuhan,Wuhan Open,2025-10-08,WTA1000,Outdoor,Hard,2nd Round,3,Zhang S.,Cirstea S.,142.0,58.0,532.0,1091.0,6.0,4.0,3.0,6.0,6.0,4.0,2.0,1.0,Completed,1.91,1.91,1.93,1.96,2.05,1.91,1.99,1.79,2.08,1.9,20251008
45,Wuhan,Wuhan Open,2025-10-08,WTA1000,Outdoor,Hard,2nd Round,3,Tauson C.,Ruzic A.,12.0,78.0,2723.0,898.0,6.0,4.0,6.0,0.0,,,2.0,0.0,Completed,1.4,3.0,1.46,2.91,1.44,3.1,1.41,2.87,1.48,3.0,20251008
45,Wuhan,Wuhan Open,2025-10-08,WTA1000,Outdoor,Hard,2nd Round,3,Sabalenka A.,Sramkova R.,1.0,68.0,11010.0,1012.0,4.0,6.0,6.0,3.0,6.0,1.0,2.0,1.0,Completed,1.05,11.0,1.05,13.69,1.06,11.0,1.05,9.58,1.08,12.0,20251008
45,Wuhan,Wuhan Open,2025-10-08,WTA1000,Outdoor,Hard,2nd Round,3,Noskova L.,Osaka N.,17.0,16.0,2310.0,2379.0,7.0,6.0,6.0,3.0,,,2.0,0.0,Completed,2.5,1.53,2.7,1.51,2.63,1.55,2.53,1.5,2.72,1.57,20251008
45,Wuhan,Wuhan Open,2025-10-08,WTA1000,Outdoor,Hard,2nd Round,3,Paolini J.,Yuan Y.,8.0,109.0,4156.0,710.0,3.0,6.0,6.0,4.0,6.0,3.0,2.0,1.0,Completed,1.22,4.33,1.28,4.06,1.27,4.33,1.24,3.91,1.29,4.3,20251008
45,Wuhan,Wuhan Open,2025-10-08,WTA1000,Outdoor,Hard,2nd Round,3,Rybakina E.,Cristian J.,9.0,48.0,3898.0,1226.0,6.0,4.0,6.0,3.0,,,2.0,0.0,Completed,1.13,6.0,1.15,6.28,1.17,6.25,1.14,5.59,1.17,6.4,20251008
45,Wuhan,Wuhan Open,2025-10-09,WTA1000,Outdoor,Hard,3rd Round,3,Pegula J.,Alexandrova E.,6.0,11.0,4653.0,3253.0,7.0,5.0,3.0,6.0,6.0,3.0,2.0,1.0,Completed,2.0,1.8,2.11,1.81,2.02,2.0,1.97,1.81,2.08,1.91,20251009
45,Wuhan,Wuhan Open,2025-10-09,WTA1000,Outdoor,Hard,3rd Round,3,Sabalenka A.,Samsonova L.,1.0,20.0,11010.0,2049.0,6.0,3.0,6.0,2.0,,,2.0,0.0,Completed,1.2,4.5,1.2,5.13,1.2,4.9,1.19,4.58,1.23,5.1,20251009
45,Wuhan,Wuhan Open,2025-10-09,WTA1000,Outdoor,Hard,3rd Round,3,Siniakova K.,Jovic I.,62.0,39.0,1066.0,1314.0,7.0,5.0,6.0,3.0,,,2.0,0.0,Completed,1.57,2.38,1.67,2.36,1.67,2.5,1.58,2.35,1.61,2.6,20251009
45,Wuhan,Wuhan Open,2025-10-09,WTA1000,Outdoor,Hard,3rd Round,3,Siegemund L.,Frech M.,57.0,53.0,1115.0,1146.0,6.0,4.0,7.0,6.0,,,2.0,0.0,Completed,1.73,2.1,1.8,2.11,1.8,2.1,1.74,2.07,1.86,2.14,20251009
45,Wuhan,Wuhan Open,2025-10-09,WTA1000,Outdoor,Hard,3rd Round,3,Paolini J.,Tauson C.,8.0,12.0,4156.0,2723.0,3.0,6.0,6.0,1.0,3.0,1.0,1.0,1.0,Retired,2.0,1.8,1.82,2.09,2.0,2.0,1.96,1.82,2.12,1.86,20251009
45,Wuhan,Wuhan Open,2025-10-09,WTA1000,Outdoor,Hard,3rd Round,3,Rybakina E.,Noskova L.,9.0,17.0,3898.0,2310.0,6.0,3.0,6.0,4.0,,,2.0,0.0,Completed,1.4,3.0,1.46,2.96,1.47,3.0,1.44,2.74,1.49,3.0,20251009
45,Wuhan,Wuhan Open,2025-10-09,WTA1000,Outdoor,Hard,3rd Round,3,Swiatek I.,Bencic B.,2.0,15.0,8553.0,2453.0,7.0,6.0,6.0,4.0,,,2.0,0.0,Completed,1.14,5.5,1.17,5.95,1.15,5.75,1.14,5.48,1.16,6.8,20251009
45,Wuhan,Wuhan Open,2025-10-09,WTA1000,Outdoor,Hard,3rd Round,3,Gauff C.,Zhang S.,3.0,142.0,7263.0,532.0,6.0,3.0,6.0,2.0,,,2.0,0.0,Completed,1.2,4.5,1.24,4.65,1.21,4.7,1.2,4.46,1.24,5.1,20251009
45,Wuhan,Wuhan Open,2025-10-10,WTA1000,Outdoor,Hard,Quarterfinals,3,Pegula J.,Siniakova K.,6.0,62.0,4653.0,1066.0,2.0,6.0,6.0,0.0,6.0,3.0,2.0,1.0,Completed,1.44,2.75,1.43,3.1,1.5,2.9,1.43,2.78,1.45,3.15,20251010
45,Wuhan,Wuhan Open,2025-10-10,WTA1000,Outdoor,Hard,Quarterfinals,3,Sabalenka A.,Rybakina E.,1.0,9.0,11010.0,3898.0,6.0,3.0,6.0,3.0,,,2.0,0.0,Completed,1.73,2.1,1.76,2.2,1.75,2.2,1.69,2.14,1.83,2.18,20251010
45,Wuhan,Wuhan Open,2025-10-10,WTA1000,Outdoor,Hard,Quarterfinals,3,Gauff C.,Siegemund L.,3.0,57.0,7263.0,1115.0,6.0,3.0,6.0,0.0,,,2.0,0.0,Completed,1.14,5.5,1.16,6.06,1.16,6.0,1.13,5.62,1.16,6.8,20251010
45,Wuhan,Wuhan Open,2025-10-10,WTA1000,Outdoor,Hard,Quarterfinals,3,Paolini J.,Swiatek I.,8.0,2.0,4156.0,8553.0,6.0,1.0,6.0,2.0,,,2.0,0.0,Completed,5.0,1.17,5.94,1.17,5.5,1.19,5.22,1.15,6.2,1.18,20251010
45,Wuhan,Wuhan Open,2025-10-11,WTA1000,Outdoor,Hard,Semifinals,3,Gauff C.,Paolini J.,3.0,8.0,7263.0,4156.0,6.0,4.0,6.0,3.0,,,2.0,0.0,Completed,1.73,2.1,1.72,2.25,1.8,2.2,1.72,2.11,1.72,2.36,20251011
45,Wuhan,Wuhan Open,2025-10-11,WTA1000,Outdoor,Hard,Semifinals,3,Pegula J.,Sabalenka A.,6.0,1.0,4653.0,11010.0,2.0,6.0,6.0,4.0,7.0,6.0,2.0,1.0,Completed,3.5,1.3,3.84,1.31,3.75,1.33,3.53,1.29,3.9,1.34,20251011
45,Wuhan,Wuhan Open,2025-10-12,WTA1000,Outdoor,Hard,The Final,3,Gauff C.,Pegula J.,3.0,6.0,7263.0,4653.0,6.0,4.0,7.0,5.0,,,2.0,0.0,Completed,1.62,2.3,1.68,2.34,1.7,2.5,1.63,2.25,1.69,2.4,20251012
46,Ningbo,Ningbo Open,2025-10-13,WTA500,Outdoor,Hard,1st Round,3,Kessler M.,Kenin S.,33.0,26.0,1480.0,1719.0,6.0,1.0,6.0,0.0,,,2.0,0.0,Completed,1.62,2.3,1.66,2.29,1.62,2.3,1.61,2.25,1.72,2.34,20251013
46,Ningbo,Ningbo Open,2025-10-13,WTA500,Outdoor,Hard,1st Round,3,Bencic B.,Linette M.,14.0,56.0,2564.0,1089.0,6.0,3.0,6.0,2.0,,,2.0,0.0,Completed,1.25,4.0,1.24,4.41,1.25,4.4,1.22,4.1,1.23,5.1,20251013
46,Ningbo,Ningbo Open,2025-10-13,WTA500,Outdoor,Hard,1st Round,3,Starodubtseva Y.,Putintseva Y.,131.0,69.0,587.0,975.0,6.0,4.0,6.0,2.0,,,2.0,0.0,Completed,3.0,1.4,3.23,1.38,3.2,1.4,3.06,1.36,3.2,1.42,20251013
46,Ningbo,Ningbo Open,2025-10-13,WTA500,Outdoor,Hard,1st Round,3,Sonmez Z.,Sasnovich A.,76.0,114.0,900.0,673.0,2.0,6.0,7.0,5.0,6.0,3.0,2.0,1.0,Completed,1.91,1.91,2.01,1.85,2.1,2.4,1.96,1.81,2.16,1.86,20251013
46,Ningbo,Ningbo Open,2025-10-13,WTA500,Outdoor,Hard,1st Round,3,Shnaider D.,Wang Xiy.,19.0,145.0,2056.0,516.0,7.0,5.0,6.0,3.0,,,2.0,0.0,Completed,1.44,2.75,1.45,2.91,1.55,2.8,1.45,2.69,1.52,2.9,20251013
46,Ningbo,Ningbo Open,2025-10-14,WTA500,Outdoor,Hard,1st Round,3,Kudermetova V.,Ruzic A.,31.0,70.0,1511.0,964.0,6.0,3.0,6.0,2.0,,,2.0,0.0,Completed,,,,,1.13,5.25,1.13,5.25,,,20251014
46,Ningbo,Ningbo Open,2025-10-14,WTA500,Outdoor,Hard,1st Round,3,Tomljanovic A.,Tauson C.,104.0,12.0,731.0,2789.0,1.0,6.0,7.0,6.0,6.0,3.0,2.0,1.0,Completed,2.63,1.5,2.73,1.5,2.75,1.5,2.63,1.46,2.8,1.55,20251014
46,Ningbo,Ningbo Open,2025-10-14,WTA500,Outdoor,Hard,1st Round,3,Samsonova L.,Guo H.,18.0,190.0,2159.0,378.0,6.0,2.0,6.0,4.0,,,2.0,0.0,Completed,1.2,4.5,1.23,4.49,1.25,4.5,1.2,4.31,1.21,5.4,20251014
46,Ningbo,Ningbo Open,2025-10-14,WTA500,Outdoor,Hard,1st Round,3,Muchova K.,Vondrousova M.,20.0,36.0,2023.0,1443.0,6.0,4.0,6.0,3.0,,,2.0,0.0,Completed,2.0,1.8,1.82,2.06,2.07,1.8,2.01,1.77,2.12,1.86,20251014
46,Ningbo,Ningbo Open,2025-10-14,WTA500,Outdoor,Hard,1st Round,3,Yastremska D.,Mboko V.,30.0,24.0,1559.0,1806.0,6.0,3.0,7.0,6.0,,,2.0,0.0,Completed,2.2,1.67,2.26,1.69,2.25,1.7,2.19,1.65,2.34,1.73,20251014
46,Ningbo,Ningbo Open,2025-10-14,WTA500,Outdoor,Hard,1st Round,3,Zhu L.,Raducanu E.,219.0,29.0,320.0,1563.0,3.0,6.0,6.0,4.0,6.0,1.0,2.0,1.0,Completed,4.5,1.2,4.44,1.24,4.5,1.21,4.34,1.2,5.0,1.23,20251014
46,Ningbo,Ningbo Open,2025-10-14,WTA500,Outdoor,Hard,1st Round,3,Yuan Y.,Wang Xin.,108.0,62.0,710.0,1056.0,6.0,3.0,6.0,3.0,,,2.0,0.0,Completed,1.91,1.91,2.0,1.88,1.96,2.05,1.89,1.89,2.08,1.9,20251014
46,Ningbo,Ningbo Open,2025-10-15,WTA500,Outdoor,Hard,2nd Round,3,Bencic B.,Starodubtseva Y.,14.0,131.0,2564.0,587.0,5.0,7.0,6.0,4.0,7.0,5.0,2.0,1.0,Completed,1.17,5.0,1.18,5.44,1.18,5.25,1.16,4.98,1.2,5.7,20251015
46,Ningbo,Ningbo Open,2025-10-15,WTA500,Outdoor,Hard,2nd Round,3,Tomljanovic A.,Sonmez Z.,104.0,76.0,731.0,900.0,7.0,6.0,6.0,3.0,,,2.0,0.0,Completed,1.73,2.1,1.73,2.22,1.75,2.2,1.69,2.12,1.73,2.34,20251015
46,Ningbo,Ningbo Open,2025-10-15,WTA500,Outdoor,Hard,2nd Round,3,Shnaider D.,Muchova K.,19.0,20.0,2056.0,2023.0,2.0,6.0,6.0,1.0,6.0,2.0,2.0,1.0,Completed,3.0,1.4,3.05,1.43,3.15,1.41,3.0,1.37,3.35,1.41,20251015
46,Ningbo,Ningbo Open,2025-10-15,WTA500,Outdoor,Hard,2nd Round,3,Zhu L.,Andreeva M.,219.0,6.0,320.0,4643.0,4.0,6.0,6.0,3.0,6.0,2.0,2.0,1.0,Completed,6.0,1.13,5.8,1.16,6.66,1.14,5.74,1.13,6.6,1.17,20251015
46,Ningbo,Ningbo Open,2025-10-16,WTA500,Outdoor,Hard,2nd Round,3,Kessler M.,Samsonova L.,33.0,18.0,1480.0,2159.0,7.0,6.0,6.0,1.0,,,2.0,0.0,Completed,1.91,1.91,1.88,2.01,2.1,1.91,1.91,1.87,2.0,1.98,20251016
46,Ningbo,Ningbo Open,2025-10-16,WTA500,Outdoor,Hard,2nd Round,3,Paolini J.,Kudermetova V.,8.0,31.0,4331.0,1511.0,6.0,2.0,7.0,5.0,,,2.0,0.0,Completed,1.5,2.63,1.56,2.59,1.5,2.7,1.47,2.61,1.55,2.76,20251016
46,Ningbo,Ningbo Open,2025-10-16,WTA500,Outdoor,Hard,2nd Round,3,Alexandrova E.,Yuan Y.,10.0,108.0,3158.0,710.0,6.0,3.0,6.0,3.0,,,2.0,0.0,Completed,1.33,3.4,1.36,3.41,1.35,3.75,1.31,3.34,1.34,3.85,20251016
46,Ningbo,Ningbo Open,2025-10-16,WTA500,Outdoor,Hard,2nd Round,3,Rybakina E.,Yastremska D.,9.0,30.0,4113.0,1559.0,6.0,4.0,6.0,7.0,6.0,3.0,2.0,1.0,Completed,1.14,5.5,1.18,5.58,1.17,5.75,1.15,5.29,1.2,5.7,20251016
46,Ningbo,Ningbo Open,2025-10-17,WTA500,Outdoor,Hard,Quarterfinals,3,Paolini J.,Bencic B.,8.0,14.0,4331.0,2564.0,5.0,7.0,7.0,5.0,6.0,3.0,2.0,1.0,Completed,1.57,2.38,1.6,2.48,1.67,2.5,1.55,2.39,1.59,2.64,20251017
46,Ningbo,Ningbo Open,2025-10-17,WTA500,Outdoor,Hard,Quarterfinals,3,Alexandrova E.,Kessler M.,10.0,33.0,3158.0,1480.0,6.0,3.0,6.0,3.0,,,2.0,0.0,Completed,1.44,2.75,1.48,2.86,1.45,2.9,1.43,2.76,1.51,2.9,20251017
46,Ningbo,Ningbo Open,2025-10-17,WTA500,Outdoor,Hard,Quarterfinals,3,Rybakina E.,Tomljanovic A.,9.0,104.0,4113.0,731.0,6.0,2.0,6.0,0.0,,,2.0,0.0,Completed,1.14,5.5,1.15,6.51,1.15,6.0,1.14,5.56,1.18,6.2,20251017
46,Ningbo,Ningbo Open,2025-10-17,WTA500,Outdoor,Hard,Quarterfinals,3,Shnaider D.,Zhu L.,19.0,219.0,2056.0,320.0,2.0,6.0,6.0,3.0,6.0,1.0,2.0,1.0,Completed,1.36,3.2,1.43,3.08,1.5,3.2,1.39,2.95,1.43,3.2,20251017
46,Ningbo,Ningbo Open,2025-10-18,WTA500,Outdoor,Hard,Semifinals,3,Rybakina E.,Paolini J.,9.0,8.0,4113.0,4331.0,6.0,3.0,6.0,2.0,,,2.0,0.0,Completed,1.4,3.0,1.45,2.95,1.44,3.05,1.41,2.87,1.47,3.0,20251018
46,Ningbo,Ningbo Open,2025-10-18,WTA500,Outdoor,Hard,Semifinals,3,Alexandrova E.,Shnaider D.,10.0,19.0,3158.0,2056.0,6.0,3.0,6.0,4.0,,,2.0,0.0,Completed,1.5,2.63,1.5,2.77,1.5,2.75,1.46,2.64,1.53,2.8,20251018
46,Ningbo,Ningbo Open,2025-10-19,WTA500,Outdoor,Hard,The Final,3,Rybakina E.,Alexandrova E.,9.0,10.0,4113.0,3158.0,3.0,6.0,6.0,0.0,6.0,2.0,2.0,1.0,Completed,1.44,2.75,1.51,2.75,1.5,2.75,1.47,2.65,1.53,2.84,20251019
47,Osaka,Japan Open,2025-10-13,WTA250,Outdoor,Hard,1st Round,3,Danilovic O.,Hibino N.,49.0,171.0,1188.0,425.0,6.0,4.0,1.0,6.0,6.0,2.0,2.0,1.0,Completed,1.4,3.0,1.41,3.06,1.44,3.05,1.39,2.94,1.41,3.35,20251013
47,Osaka,Japan Open,2025-10-13,WTA250,Outdoor,Hard,1st Round,3,Osaka N.,Sonobe W.,16.0,266.0,2444.0,261.0,6.0,0.0,6.0,4.0,,,2.0,0.0,Completed,1.05,11.0,1.06,10.93,1.06,11.0,1.05,9.39,1.07,13.5,20251013
47,Osaka,Japan Open,2025-10-13,WTA250,Outdoor,Hard,1st Round,3,Cirstea S.,Uchijima M.,51.0,81.0,1155.0,867.0,2.0,6.0,6.0,4.0,6.0,2.0,2.0,1.0,Completed,1.25,4.0,1.3,3.8,1.32,4.0,1.28,3.61,1.33,3.9,20251013
47,Osaka,Japan Open,2025-10-13,WTA250,Outdoor,Hard,1st Round,3,Lamens S.,Arango E.,57.0,46.0,1087.0,1229.0,6.0,1.0,6.0,2.0,,,2.0,0.0,Completed,1.91,1.91,1.85,2.03,1.91,2.0,1.82,1.95,1.95,2.04,20251013
47,Osaka,Japan Open,2025-10-13,WTA250,Outdoor,Hard,1st Round,3,Krueger A.,Sakkari M.,48.0,55.0,1212.0,1116.0,2.0,6.0,6.0,3.0,6.0,4.0,2.0,1.0,Completed,1.73,2.1,1.64,2.37,1.75,2.24,1.72,2.1,1.83,2.16,20251013
47,Osaka,Japan Open,2025-10-13,WTA250,Outdoor,Hard,1st Round,3,Boulter K.,Noskova L.,59.0,17.0,1078.0,2376.0,7.0,6.0,6.0,3.0,,,2.0,0.0,Completed,3.5,1.3,3.53,1.33,3.75,1.5,3.45,1.3,3.7,1.36,20251013
47,Osaka,Japan Open,2025-10-14,WTA250,Outdoor,Hard,1st Round,3,Fernandez L.A.,Baptiste H.,27.0,64.0,1673.0,1036.0,6.0,2.0,7.0,5.0,,,2.0,0.0,Completed,1.36,3.2,1.38,3.22,1.38,3.2,1.36,3.06,1.41,3.3,20251014
47,Osaka,Japan Open,2025-10-14,WTA250,Outdoor,Hard,1st Round,3,Li A.,Gracheva V.,42.0,83.0,1280.0,862.0,6.0,4.0,6.0,0.0,,,2.0,0.0,Completed,1.57,2.38,1.65,2.34,1.62,3.2,1.59,2.34,,,20251014
47,Osaka,Japan Open,2025-10-14,WTA250,Outdoor,Hard,1st Round,3,Cristian J.,Cocciaretto E.,47.0,91.0,1226.0,795.0,6.0,2.0,7.0,6.0,,,2.0,0.0,Completed,1.8,2.0,1.76,2.15,1.8,2.25,1.73,2.08,1.79,2.24,20251014
47,Osaka,Japan Open,2025-10-14,WTA250,Outdoor,Hard,1st Round,3,Sramkova R.,Garland J.,65.0,132.0,1017.0,582.0,6.0,3.0,6.0,1.0,,,2.0,0.0,Completed,1.53,2.5,1.63,2.39,1.65,2.6,1.58,2.35,1.7,2.38,20251014
47,Osaka,Japan Open,2025-10-14,WTA250,Outdoor,Hard,1st Round,3,Golubic V.,Andreescu B.,60.0,170.0,1063.0,426.0,6.0,3.0,4.0,6.0,6.0,4.0,2.0,1.0,Completed,2.1,1.73,2.13,1.78,2.2,1.73,2.12,1.7,2.24,1.78,20251014
47,Osaka,Japan Open,2025-10-14,WTA250,Outdoor,Hard,1st Round,3,Galfi D.,Parks A.,96.0,66.0,764.0,1015.0,6.0,4.0,6.0,4.0,,,2.0,0.0,Completed,1.33,3.4,1.36,3.33,1.35,3.4,1.33,3.2,1.38,3.55,20251014
47,Osaka,Japan Open,2025-10-14,WTA250,Outdoor,Hard,1st Round,3,Bouzas Maneiro J.,Volynets K.,40.0,95.0,1306.0,765.0,6.0,2.0,6.0,4.0,,,2.0,0.0,Completed,1.67,2.2,1.71,2.23,1.72,2.2,1.67,2.16,1.79,2.24,20251014
47,Osaka,Japan Open,2025-10-14,WTA250,Outdoor,Hard,1st Round,3,Valentova T.,Eala A.,78.0,54.0,891.0,1131.0,6.0,1.0,6.0,2.0,,,2.0,0.0,Completed,1.44,2.75,1.51,2.67,1.45,2.9,1.44,2.72,1.51,2.96,20251014
47,Osaka,Japan Open,2025-10-14,WTA250,Outdoor,Hard,1st Round,3,Bouzkova M.,Shibahara E.,41.0,184.0,1304.0,387.0,6.0,1.0,6.0,1.0,,,2.0,0.0,Completed,1.14,5.5,1.18,5.39,1.17,5.5,1.15,5.15,1.19,5.9,20251014
47,Osaka,Japan Open,2025-10-14,WTA250,Outdoor,Hard,1st Round,3,Mertens E.,Bucsa C.,21.0,72.0,1969.0,953.0,7.0,6.0,6.0,3.0,,,2.0,0.0,Completed,1.44,2.75,1.47,2.81,1.55,2.9,1.42,2.79,1.46,3.1,20251014
47,Osaka,Japan Open,2025-10-15,WTA250,Outdoor,Hard,2nd Round,3,Cristian J.,Bouzas Maneiro J.,47.0,40.0,1226.0,1306.0,0.0,6.0,6.0,4.0,6.0,2.0,2.0,1.0,Completed,2.2,1.67,2.17,1.76,2.25,1.67,2.19,1.65,2.3,1.73,20251015
47,Osaka,Japan Open,2025-10-15,WTA250,Outdoor,Hard,2nd Round,3,Danilovic O.,Krueger A.,49.0,48.0,1188.0,1212.0,6.0,4.0,6.0,4.0,,,2.0,0.0,Completed,2.38,1.57,2.24,1.71,2.38,1.75,2.23,1.64,2.34,1.73,20251015
47,Osaka,Japan Open,2025-10-15,WTA250,Outdoor,Hard,2nd Round,3,Osaka N.,Lamens S.,16.0,57.0,2444.0,1087.0,7.0,6.0,3.0,6.0,6.0,2.0,2.0,1.0,Completed,1.17,5.0,1.19,5.37,1.18,5.33,1.17,4.96,1.18,6.0,20251015
47,Osaka,Japan Open,2025-10-15,WTA250,Outdoor,Hard,2nd Round,3,Cirstea S.,Boulter K.,51.0,59.0,1155.0,1078.0,6.0,3.0,6.0,1.0,,,2.0,0.0,Completed,1.8,2.0,1.78,2.13,1.88,2.05,1.79,1.99,1.95,2.04,20251015
47,Osaka,Japan Open,2025-10-16,WTA250,Outdoor,Hard,2nd Round,3,Sramkova R.,Li A.,65.0,42.0,1017.0,1280.0,6.0,2.0,3.0,6.0,6.0,3.0,2.0,1.0,Completed,2.2,1.67,2.24,1.71,2.29,1.67,2.21,1.64,2.3,1.74,20251016
47,Osaka,Japan Open,2025-10-16,WTA250,Outdoor,Hard,2nd Round,3,Fernandez L.A.,Galfi D.,27.0,96.0,1673.0,764.0,6.0,1.0,6.0,4.0,,,2.0,0.0,Completed,1.36,3.2,1.38,3.3,1.36,3.45,1.34,3.19,1.41,3.35,20251016
47,Osaka,Japan Open,2025-10-16,WTA250,Outdoor,Hard,2nd Round,3,Valentova T.,Mertens E.,78.0,21.0,891.0,1969.0,6.0,4.0,6.0,1.0,,,2.0,0.0,Completed,1.73,2.1,1.82,2.09,2.0,2.11,1.76,2.04,1.84,2.16,20251016
47,Osaka,Japan Open,2025-10-16,WTA250,Outdoor,Hard,2nd Round,3,Golubic V.,Bouzkova M.,60.0,41.0,1063.0,1304.0,1.0,6.0,6.0,2.0,7.0,6.0,2.0,1.0,Completed,2.75,1.44,2.74,1.51,2.9,1.45,2.65,1.44,3.0,1.49,20251016
47,Osaka,Japan Open,2025-10-17,WTA250,Outdoor,Hard,Quarterfinals,3,Fernandez L.A.,Sramkova R.,27.0,65.0,1673.0,1017.0,7.0,6.0,6.0,3.0,,,2.0,0.0,Completed,1.4,3.0,1.48,2.83,1.45,3.0,1.42,2.83,1.5,2.98,20251017
47,Osaka,Japan Open,2025-10-17,WTA250,Outdoor,Hard,Quarterfinals,3,Cristian J.,Osaka N.,47.0,16.0,1226.0,2444.0,,,,,,,,,Walkover,3.0,1.4,2.89,1.47,3.0,1.44,2.8,1.42,2.92,1.51,20251017
47,Osaka,Japan Open,2025-10-17,WTA250,Outdoor,Hard,Quarterfinals,3,Cirstea S.,Golubic V.,51.0,60.0,1155.0,1063.0,6.0,2.0,2.0,6.0,6.0,2.0,2.0,1.0,Completed,1.44,2.75,1.49,2.76,1.48,3.0,1.44,2.71,1.5,2.92,20251017
47,Osaka,Japan Open,2025-10-17,WTA250,Outdoor,Hard,Quarterfinals,3,Valentova T.,Danilovic O.,78.0,49.0,891.0,1188.0,4.0,6.0,6.0,2.0,6.0,3.0,2.0,1.0,Completed,1.3,3.5,1.33,3.58,1.33,3.5,1.3,3.41,1.35,3.75,20251017
47,Osaka,Japan Open,2025-10-18,WTA250,Outdoor,Hard,Semifinals,3,Fernandez L.A.,Cirstea S.,27.0,51.0,1673.0,1155.0,6.0,1.0,2.0,6.0,6.0,4.0,2.0,1.0,Completed,1.57,2.38,1.62,2.43,1.64,2.5,1.59,2.31,1.65,2.46,20251018
47,Osaka,Japan Open,2025-10-18,WTA250,Outdoor,Hard,Semifinals,3,Valentova T.,Cristian J.,78.0,47.0,891.0,1226.0,6.0,7.0,6.0,4.0,6.0,3.0,2.0,1.0,Completed,1.33,3.4,1.38,3.29,1.38,3.4,1.34,3.13,1.41,3.35,20251018
47,Osaka,Japan Open,2025-10-19,WTA250,Outdoor,Hard,The Final,3,Fernandez L.A.,Valentova T.,27.0,78.0,1673.0,891.0,6.0,0.0,5.0,7.0,6.0,3.0,2.0,1.0,Completed,1.67,2.2,1.89,2.0,1.76,2.25,1.7,2.11,1.77,2.28,20251019
48,Guangzhou,Guangzhou Open,2025-10-20,WTA250,Outdoor,Hard,1st Round,3,Erjavec V.,Maria T.,100.0,43.0,745.0,1277.0,6.0,4.0,6.0,7.0,6.0,2.0,2.0,1.0,Completed,2.1,1.73,2.06,1.83,2.3,1.8,2.07,1.74,2.16,1.86,20251020
48,Guangzhou,Guangzhou Open,2025-10-20,WTA250,Outdoor,Hard,1st Round,3,Wang Xiy.,Jones F.,163.0,74.0,457.0,912.0,6.0,4.0,6.0,4.0,,,2.0,0.0,Completed,1.53,2.5,1.6,2.45,1.53,2.6,1.52,2.49,1.59,2.66,20251020
48,Guangzhou,Guangzhou Open,2025-10-20,WTA250,Outdoor,Hard,1st Round,3,Cocciaretto E.,Parry D.,95.0,125.0,783.0,615.0,6.0,4.0,6.0,7.0,6.0,2.0,2.0,1.0,Completed,1.44,2.75,1.5,2.73,1.45,2.8,1.44,2.72,1.47,2.92,20251020
48,Guangzhou,Guangzhou Open,2025-10-20,WTA250,Outdoor,Hard,1st Round,3,Wang Y.,Rakhimova K.,332.0,103.0,191.0,731.0,6.0,2.0,6.0,4.0,,,2.0,0.0,Completed,1.73,2.1,1.75,2.17,1.73,2.17,1.7,2.12,1.82,2.2,20251020
48,Guangzhou,Guangzhou Open,2025-10-21,WTA250,Outdoor,Hard,1st Round,3,Li A.,Jimenez Kasintseva V.,44.0,107.0,1247.0,697.0,6.0,4.0,7.0,6.0,,,2.0,0.0,Completed,1.5,2.63,,,1.5,2.7,1.47,2.64,1.49,2.98,20251021
48,Guangzhou,Guangzhou Open,2025-10-21,WTA250,Outdoor,Hard,1st Round,3,Seidel E.,Jeanjean L.,96.0,94.0,774.0,791.0,6.0,2.0,6.0,2.0,,,2.0,0.0,Completed,1.5,2.63,1.52,2.68,1.53,2.63,1.5,2.55,1.55,2.78,20251021
48,Guangzhou,Guangzhou Open,2025-10-21,WTA250,Outdoor,Hard,1st Round,3,Osorio M.,Bronzetti L.,83.0,91.0,857.0,828.0,6.0,1.0,6.0,2.0,,,2.0,0.0,Completed,1.57,2.38,1.61,2.42,1.62,2.5,1.54,2.44,1.64,2.56,20251021
48,Guangzhou,Guangzhou Open,2025-10-21,WTA250,Outdoor,Hard,1st Round,3,Sun L.,Bouzas Maneiro J.,116.0,40.0,659.0,1309.0,7.0,6.0,7.0,6.0,,,2.0,0.0,Completed,2.0,1.8,,,2.06,1.8,2.01,1.77,2.1,1.89,20251021
48,Guangzhou,Guangzhou Open,2025-10-21,WTA250,Outdoor,Hard,1st Round,3,Putintseva Y.,Korneeva A.,76.0,165.0,894.0,450.0,7.0,6.0,4.0,6.0,6.0,4.0,2.0,1.0,Completed,1.67,2.2,,,1.67,2.25,1.65,2.2,1.75,2.3,20251021
48,Guangzhou,Guangzhou Open,2025-10-21,WTA250,Outdoor,Hard,1st Round,3,Bondar A.,Guo H.,78.0,180.0,885.0,402.0,6.0,3.0,3.0,6.0,7.0,6.0,2.0,1.0,Completed,1.67,2.2,1.68,2.28,1.7,2.3,1.66,2.19,1.78,2.28,20251021
48,Guangzhou,Guangzhou Open,2025-10-21,WTA250,Outdoor,Hard,1st Round,3,Rakotomanga Rajaonah T.,Kudermetova P.,129.0,75.0,602.0,910.0,1.0,6.0,6.0,1.0,6.0,2.0,2.0,1.0,Completed,2.75,1.44,2.73,1.5,2.88,1.45,2.77,1.43,2.94,1.51,20251021
48,Guangzhou,Guangzhou Open,2025-10-21,WTA250,Outdoor,Hard,1st Round,3,Volynets K.,Kawa K.,98.0,127.0,765.0,612.0,4.0,6.0,6.0,2.0,6.0,2.0,2.0,1.0,Completed,1.11,6.5,1.13,6.75,1.13,6.5,1.11,6.23,1.13,7.6,20251021
48,Guangzhou,Guangzhou Open,2025-10-21,WTA250,Outdoor,Hard,1st Round,3,McNally C.,Juvan K.,90.0,104.0,832.0,725.0,6.0,3.0,1.0,6.0,6.0,3.0,2.0,1.0,Completed,1.8,2.0,1.74,2.16,1.8,2.1,1.73,2.07,1.74,2.3,20251021
48,Guangzhou,Guangzhou Open,2025-10-21,WTA250,Outdoor,Hard,1st Round,3,Zhang S.,Zakharova A.,122.0,84.0,641.0,852.0,6.0,4.0,6.0,1.0,,,2.0,0.0,Completed,1.5,2.63,1.55,2.57,1.5,2.75,1.47,2.64,1.56,2.74,20251021
48,Guangzhou,Guangzhou Open,2025-10-21,WTA250,Outdoor,Hard,1st Round,3,Liu C.,Eala A.,305.0,53.0,213.0,1131.0,2.0,6.0,6.0,4.0,6.0,4.0,2.0,1.0,Completed,3.0,1.4,3.18,1.38,3.15,1.4,3.01,1.37,3.25,1.42,20251021
48,Guangzhou,Guangzhou Open,2025-10-21,WTA250,Outdoor,Hard,1st Round,3,Tomljanovic A.,Parks A.,89.0,65.0,839.0,1015.0,7.0,5.0,7.0,5.0,,,2.0,0.0,Completed,1.3,3.5,1.39,3.18,1.38,3.5,1.34,3.19,1.4,3.4,20251021
48,Guangzhou,Guangzhou Open,2025-10-23,WTA250,Outdoor,Hard,2nd Round,3,Li A.,Osorio M.,44.0,83.0,1247.0,857.0,7.0,5.0,6.0,2.0,,,2.0,0.0,Completed,1.67,2.2,,,1.67,2.24,1.65,2.19,1.76,2.28,20251023
48,Guangzhou,Guangzhou Open,2025-10-23,WTA250,Outdoor,Hard,2nd Round,3,Sun L.,Wang Y.,116.0,332.0,659.0,191.0,6.0,3.0,6.0,1.0,,,2.0,0.0,Completed,1.5,2.63,,,1.53,2.63,1.5,2.56,1.55,2.78,20251023
48,Guangzhou,Guangzhou Open,2025-10-23,WTA250,Outdoor,Hard,2nd Round,3,Cocciaretto E.,Wang Xiy.,95.0,163.0,783.0,457.0,6.0,3.0,2.0,6.0,6.0,3.0,2.0,1.0,Completed,1.91,1.91,,,1.91,2.1,1.85,1.93,1.99,1.99,20251023
48,Guangzhou,Guangzhou Open,2025-10-23,WTA250,Outdoor,Hard,2nd Round,3,McNally C.,Tomljanovic A.,90.0,89.0,832.0,839.0,6.0,4.0,4.0,6.0,6.0,3.0,2.0,1.0,Completed,1.73,2.1,,,1.83,2.14,1.73,2.07,1.81,2.22,20251023
48,Guangzhou,Guangzhou Open,2025-10-23,WTA250,Outdoor,Hard,2nd Round,3,Seidel E.,Putintseva Y.,96.0,76.0,774.0,894.0,6.0,3.0,6.0,2.0,,,2.0,0.0,Completed,2.2,1.67,,,2.25,1.8,2.14,1.69,2.28,1.76,20251023
48,Guangzhou,Guangzhou Open,2025-10-23,WTA250,Outdoor,Hard,2nd Round,3,Liu C.,Bondar A.,305.0,78.0,213.0,885.0,6.0,3.0,6.0,4.0,,,2.0,0.0,Completed,2.1,1.73,,,2.2,1.73,2.15,1.68,2.26,1.79,20251023
48,Guangzhou,Guangzhou Open,2025-10-23,WTA250,Outdoor,Hard,2nd Round,3,Zhang S.,Erjavec V.,122.0,100.0,641.0,745.0,3.0,6.0,6.0,3.0,6.0,2.0,2.0,1.0,Completed,1.2,4.5,,,1.21,4.75,1.2,4.46,1.23,5.1,20251023
48,Guangzhou,Guangzhou Open,2025-10-23,WTA250,Outdoor,Hard,2nd Round,3,Volynets K.,Rakotomanga Rajaonah T.,98.0,129.0,765.0,602.0,6.0,3.0,6.0,3.0,,,2.0,0.0,Completed,1.25,4.0,,,1.29,4.0,1.26,3.77,1.29,4.3,20251023
48,Guangzhou,Guangzhou Open,2025-10-24,WTA250,Outdoor,Hard,Quarterfinals,3,Sun L.,McNally C.,116.0,90.0,659.0,832.0,3.0,6.0,6.0,3.0,6.0,4.0,2.0,1.0,Completed,1.53,2.5,,,1.73,2.5,1.66,2.2,1.75,2.32,20251024
48,Guangzhou,Guangzhou Open,2025-10-24,WTA250,Outdoor,Hard,Quarterfinals,3,Liu C.,Seidel E.,305.0,96.0,213.0,774.0,4.0,6.0,6.0,0.0,6.0,4.0,2.0,1.0,Completed,3.0,1.4,,,3.0,1.43,2.9,1.4,3.1,1.46,20251024
48,Guangzhou,Guangzhou Open,2025-10-24,WTA250,Outdoor,Hard,Quarterfinals,3,Li A.,Cocciaretto E.,44.0,95.0,1247.0,783.0,6.0,3.0,6.0,4.0,,,2.0,0.0,Completed,1.53,2.5,,,1.53,2.63,1.52,2.52,1.5,2.96,20251024
48,Guangzhou,Guangzhou Open,2025-10-24,WTA250,Outdoor,Hard,Quarterfinals,3,Zhang S.,Volynets K.,122.0,98.0,641.0,765.0,7.0,6.0,5.0,7.0,7.0,5.0,2.0,1.0,Completed,1.5,2.63,,,1.61,2.65,1.53,2.46,1.62,2.58,20251024
48,Guangzhou,Guangzhou Open,2025-10-25,WTA250,Outdoor,Hard,Semifinals,3,Sun L.,Liu C.,116.0,305.0,659.0,213.0,6.0,0.0,7.0,6.0,,,2.0,0.0,Completed,1.36,3.2,,,1.36,3.25,1.35,3.11,1.41,3.3,20251025
48,Guangzhou,Guangzhou Open,2025-10-25,WTA250,Outdoor,Hard,Semifinals,3,Li A.,Zhang S.,44.0,122.0,1247.0,641.0,5.0,2.0,,,,,0.0,0.0,Retired,1.62,2.3,,,1.63,2.45,1.59,2.31,1.63,2.46,20251025
48,Guangzhou,Guangzhou Open,2025-10-26,WTA250,Outdoor,Hard,The Final,3,Li A.,Sun L.,44.0,116.0,1247.0,659.0,7.0,6.0,6.0,2.0,,,2.0,0.0,Completed,2.0,1.8,,,2.0,1.84,1.97,1.81,1.99,1.98,20251026
49,Tokyo,Toray Pan Pacific Open Tennis Tournament,2025-10-20,WTA500,Outdoor,Hard,1st Round,3,Lys E.,Boulter K.,50.0,63.0,1190.0,1018.0,6.0,2.0,6.0,1.0,,,2.0,0.0,Completed,1.44,2.75,1.47,2.81,1.48,2.88,1.45,2.69,1.55,2.74,20251020
49,Tokyo,Toray Pan Pacific Open Tennis Tournament,2025-10-20,WTA500,Outdoor,Hard,1st Round,3,Gracheva V.,Wang Xin.,82.0,59.0,862.0,1056.0,4.0,6.0,6.0,3.0,6.0,4.0,2.0,1.0,Completed,2.0,1.8,2.16,1.74,2.15,1.8,2.04,1.75,,,20251020
49,Tokyo,Toray Pan Pacific Open Tennis Tournament,2025-10-20,WTA500,Outdoor,Hard,1st Round,3,Kessler M.,Bucsa C.,31.0,72.0,1558.0,953.0,3.0,6.0,7.0,5.0,6.0,3.0,2.0,1.0,Completed,1.5,2.63,1.53,2.65,1.53,2.63,1.5,2.53,1.54,2.78,20251020
49,Tokyo,Toray Pan Pacific Open Tennis Tournament,2025-10-20,WTA500,Outdoor,Hard,1st Round,3,Joint M.,Golubic V.,32.0,55.0,1479.0,1105.0,1.0,6.0,7.0,6.0,6.0,2.0,2.0,1.0,Completed,1.57,2.38,1.69,2.26,1.62,2.38,1.6,2.27,1.67,2.46,20251020
49,Tokyo,Toray Pan Pacific Open Tennis Tournament,2025-10-20,WTA500,Outdoor,Hard,1st Round,3,Kalinskaya A.,Lamens S.,38.0,86.0,1319.0,849.0,6.0,3.0,6.0,1.0,,,2.0,0.0,Completed,1.4,3.0,1.37,3.27,1.4,3.25,1.36,3.09,1.41,3.3,20251020
49,Tokyo,Toray Pan Pacific Open Tennis Tournament,2025-10-20,WTA500,Outdoor,Hard,1st Round,3,Muchova K.,Vondrousova M.,21.0,34.0,1888.0,1444.0,6.0,2.0,1.0,0.0,,,1.0,0.0,Retired,1.67,2.2,1.68,2.28,1.67,2.29,1.63,2.23,1.73,2.34,20251020
49,Tokyo,Toray Pan Pacific Open Tennis Tournament,2025-10-21,WTA500,Outdoor,Hard,1st Round,3,Fernandez L.A.,Sakkari M.,22.0,54.0,1869.0,1116.0,7.0,6.0,6.0,4.0,,,2.0,0.0,Completed,1.4,3.0,1.53,2.64,1.42,3.0,1.41,2.84,1.46,3.05,20251021
49,Tokyo,Toray Pan Pacific Open Tennis Tournament,2025-10-21,WTA500,Outdoor,Hard,1st Round,3,Shnaider D.,Yastremska D.,19.0,28.0,2191.0,1604.0,6.0,3.0,6.0,1.0,,,2.0,0.0,Completed,1.57,2.38,1.63,2.39,1.62,2.4,1.58,2.31,1.69,2.42,20251021
49,Tokyo,Toray Pan Pacific Open Tennis Tournament,2025-10-21,WTA500,Outdoor,Hard,1st Round,3,Cristian J.,Charaeva A.,42.0,150.0,1294.0,491.0,6.0,2.0,6.0,3.0,,,2.0,0.0,Completed,1.25,4.0,1.27,4.11,1.26,4.1,1.24,3.93,1.31,4.2,20251021
49,Tokyo,Toray Pan Pacific Open Tennis Tournament,2025-10-21,WTA500,Outdoor,Hard,1st Round,3,Mboko V.,Andreescu B.,23.0,172.0,1806.0,426.0,6.0,3.0,6.0,3.0,,,2.0,0.0,Completed,1.8,2.0,2.05,1.83,2.0,2.0,1.86,1.9,1.93,2.04,20251021
49,Tokyo,Toray Pan Pacific Open Tennis Tournament,2025-10-21,WTA500,Outdoor,Hard,1st Round,3,Sonobe W.,Bartunkova N.,263.0,132.0,262.0,582.0,6.0,4.0,6.0,3.0,,,2.0,0.0,Completed,3.2,1.36,3.11,1.4,3.2,1.37,3.07,1.36,3.35,1.41,20251021
49,Tokyo,Toray Pan Pacific Open Tennis Tournament,2025-10-21,WTA500,Outdoor,Hard,1st Round,3,Kenin S.,Uchijima M.,25.0,81.0,1719.0,867.0,6.0,1.0,6.0,3.0,,,2.0,0.0,Completed,1.73,2.1,1.93,1.94,1.8,2.2,1.75,2.05,1.89,2.1,20251021
49,Tokyo,Toray Pan Pacific Open Tennis Tournament,2025-10-22,WTA500,Outdoor,Hard,2nd Round,3,Noskova L.,Kessler M.,17.0,31.0,2376.0,1558.0,5.0,7.0,6.0,3.0,6.0,4.0,2.0,1.0,Completed,1.62,2.3,1.68,2.3,1.73,2.38,1.64,2.24,1.73,2.34,20251022
49,Tokyo,Toray Pan Pacific Open Tennis Tournament,2025-10-22,WTA500,Outdoor,Hard,2nd Round,3,Mboko V.,Lys E.,23.0,50.0,1806.0,1190.0,6.0,1.0,6.0,1.0,,,2.0,0.0,Completed,2.1,1.73,2.16,1.75,2.1,1.78,2.05,1.74,2.24,1.78,20251022
49,Tokyo,Toray Pan Pacific Open Tennis Tournament,2025-10-22,WTA500,Outdoor,Hard,2nd Round,3,Kalinskaya A.,Shnaider D.,38.0,19.0,1319.0,2191.0,7.0,6.0,2.0,6.0,7.0,6.0,2.0,1.0,Completed,2.2,1.67,2.26,1.69,2.38,1.71,2.2,1.66,2.34,1.73,20251022
49,Tokyo,Toray Pan Pacific Open Tennis Tournament,2025-10-22,WTA500,Outdoor,Hard,2nd Round,3,Muchova K.,Joint M.,21.0,32.0,1888.0,1479.0,6.0,3.0,7.0,5.0,,,2.0,0.0,Completed,1.33,3.4,1.36,3.4,1.4,3.4,1.34,3.21,1.4,3.4,20251022
49,Tokyo,Toray Pan Pacific Open Tennis Tournament,2025-10-23,WTA500,Outdoor,Hard,2nd Round,3,Bencic B.,Gracheva V.,13.0,82.0,2662.0,862.0,6.0,4.0,6.0,3.0,,,2.0,0.0,Completed,1.22,4.33,,,1.22,5.5,1.2,4.47,,,20251023
49,Tokyo,Toray Pan Pacific Open Tennis Tournament,2025-10-23,WTA500,Outdoor,Hard,2nd Round,3,Rybakina E.,Fernandez L.A.,7.0,22.0,4505.0,1869.0,6.0,4.0,6.0,3.0,,,2.0,0.0,Completed,1.25,4.0,,,1.29,4.33,1.25,3.85,1.3,4.1,20251023
49,Tokyo,Toray Pan Pacific Open Tennis Tournament,2025-10-23,WTA500,Outdoor,Hard,2nd Round,3,Alexandrova E.,Cristian J.,10.0,42.0,3375.0,1294.0,6.0,1.0,6.0,2.0,,,2.0,0.0,Completed,1.3,3.5,,,1.3,3.65,1.3,3.48,1.33,3.9,20251023
49,Tokyo,Toray Pan Pacific Open Tennis Tournament,2025-10-23,WTA500,Outdoor,Hard,2nd Round,3,Kenin S.,Sonobe W.,25.0,263.0,1719.0,262.0,3.0,6.0,6.0,1.0,7.0,6.0,2.0,1.0,Completed,1.29,3.75,,,1.36,3.8,1.28,3.64,1.28,4.3,20251023
49,Tokyo,Toray Pan Pacific Open Tennis Tournament,2025-10-24,WTA500,Outdoor,Hard,Quarterfinals,3,Noskova L.,Kalinskaya A.,17.0,38.0,2376.0,1319.0,6.0,0.0,1.0,0.0,,,1.0,0.0,Retired,1.62,2.3,1.65,2.4,1.63,2.32,1.61,2.26,1.66,2.46,20251024
49,Tokyo,Toray Pan Pacific Open Tennis Tournament,2025-10-24,WTA500,Outdoor,Hard,Quarterfinals,3,Rybakina E.,Mboko V.,7.0,23.0,4505.0,1806.0,6.0,3.0,7.0,6.0,,,2.0,0.0,Completed,1.25,4.0,,,1.27,4.0,1.25,3.8,1.28,4.4,20251024
49,Tokyo,Toray Pan Pacific Open Tennis Tournament,2025-10-24,WTA500,Outdoor,Hard,Quarterfinals,3,Kenin S.,Alexandrova E.,25.0,10.0,1719.0,3375.0,6.0,0.0,2.0,6.0,7.0,6.0,2.0,1.0,Completed,4.5,1.2,,,4.7,1.29,4.39,1.21,4.7,1.26,20251024
49,Tokyo,Toray Pan Pacific Open Tennis Tournament,2025-10-24,WTA500,Outdoor,Hard,Quarterfinals,3,Bencic B.,Muchova K.,13.0,21.0,2662.0,1888.0,3.0,6.0,7.0,5.0,7.0,5.0,2.0,1.0,Completed,2.38,1.57,,,2.38,1.73,2.26,1.62,2.34,1.72,20251024
49,Tokyo,Toray Pan Pacific Open Tennis Tournament,2025-10-25,WTA500,Outdoor,Hard,Semifinals,3,Noskova L.,Rybakina E.,17.0,7.0,2376.0,4505.0,,,,,,,,,Walkover,3.0,1.4,,,3.0,1.4,2.92,1.4,3.35,1.41,20251025
49,Tokyo,Toray Pan Pacific Open Tennis Tournament,2025-10-25,WTA500,Outdoor,Hard,Semifinals,3,Bencic B.,Kenin S.,13.0,25.0,2662.0,1719.0,7.0,6.0,3.0,6.0,6.0,2.0,2.0,1.0,Completed,1.44,2.75,,,1.44,3.1,1.42,2.81,1.5,2.96,20251025
49,Tokyo,Toray Pan Pacific Open Tennis Tournament,2025-10-26,WTA500,Outdoor,Hard,The Final,3,Bencic B.,Noskova L.,13.0,17.0,2662.0,2376.0,6.0,2.0,6.0,3.0,,,2.0,0.0,Completed,2.1,1.73,,,2.12,1.8,2.08,1.73,2.24,1.78,20251026
50,Chennai,Chennai Open,2025-10-29,WTA250,Outdoor,Hard,1st Round,3,Fruhvirtova L.,Lew Yan Foon A.,139.0,381.0,553.0,158.0,6.0,2.0,6.0,2.0,,,2.0,0.0,Completed,1.2,4.5,,,1.21,4.5,1.2,4.38,1.25,4.9,20251029
50,Chennai,Chennai Open,2025-10-29,WTA250,Outdoor,Hard,1st Round,3,Garland J.,Hartono A.,132.0,260.0,585.0,266.0,6.0,4.0,6.0,3.0,,,2.0,0.0,Completed,1.4,3.0,,,1.42,3.0,1.4,2.89,1.44,3.15,20251029
50,Chennai,Chennai Open,2025-10-29,WTA250,Outdoor,Hard,1st Round,3,Birrell K.,Bartunkova N.,117.0,133.0,667.0,582.0,1.0,6.0,6.0,1.0,6.0,3.0,2.0,1.0,Completed,1.91,1.91,,,1.91,2.0,1.84,1.93,1.93,2.06,20251029
50,Chennai,Chennai Open,2025-10-29,WTA250,Outdoor,Hard,1st Round,3,Rodionova Ar.,Stojanovic N.,250.0,164.0,288.0,436.0,6.0,3.0,5.0,5.0,,,1.0,0.0,Retired,,,,,1.91,1.8,1.91,1.8,1.02,1.02,20251029
50,Chennai,Chennai Open,2025-10-29,WTA250,Outdoor,Hard,1st Round,3,Bhamidipaty S.R.,Rajeshwaran Revathi M.,434.0,658.0,128.0,62.0,6.0,1.0,6.0,4.0,,,2.0,0.0,Completed,1.73,2.1,,,1.75,2.25,1.72,2.09,1.8,2.18,20251029
50,Chennai,Chennai Open,2025-10-29,WTA250,Outdoor,Hard,1st Round,3,Hunter S.,Hontama M.,630.0,256.0,69.0,271.0,6.0,7.0,6.0,2.0,6.0,4.0,2.0,1.0,Completed,2.0,1.8,,,2.05,1.91,1.99,1.79,2.12,1.86,20251029
50,Chennai,Chennai Open,2025-10-29,WTA250,Outdoor,Hard,1st Round,3,Tjen J.,Werner C.,82.0,271.0,870.0,256.0,6.0,4.0,6.0,7.0,6.0,2.0,2.0,1.0,Completed,1.06,10.0,,,1.07,10.0,1.06,9.11,1.07,14.0,20251029
50,Chennai,Chennai Open,2025-10-29,WTA250,Outdoor,Hard,1st Round,3,Yamaguchi M.,Jones F.,279.0,71.0,242.0,912.0,5.0,7.0,6.0,0.0,1.0,0.0,1.0,1.0,Retired,6.0,1.13,,,6.0,1.14,5.64,1.13,6.2,1.18,20251029
50,Chennai,Chennai Open,2025-10-29,WTA250,Outdoor,Hard,1st Round,3,Vekic D.,Adkar V.,78.0,697.0,882.0,54.0,6.0,1.0,6.0,2.0,,,2.0,0.0,Completed,1.01,26.0,,,1.02,29.0,1.02,19.82,1.01,34.0,20251029
50,Chennai,Chennai Open,2025-10-29,WTA250,Outdoor,Hard,1st Round,3,Tararudee L.,Timofeeva M.,171.0,144.0,427.0,519.0,6.0,2.0,2.0,0.0,,,1.0,0.0,Retired,2.2,1.67,2.23,1.71,2.2,1.73,2.12,1.7,2.28,1.74,20251029
50,Chennai,Chennai Open,2025-10-29,WTA250,Outdoor,Hard,1st Round,3,Kawa K.,Bronzetti L.,126.0,105.0,609.0,731.0,6.0,7.0,6.0,0.0,6.0,2.0,2.0,1.0,Completed,3.2,1.36,3.34,1.36,3.25,1.36,3.18,1.34,3.55,1.38,20251029
50,Chennai,Chennai Open,2025-10-29,WTA250,Outdoor,Hard,1st Round,3,Iatcenko P.,Charaeva A.,181.0,162.0,391.0,451.0,6.0,3.0,5.0,0.0,,,1.0,0.0,Retired,1.8,2.0,1.87,2.0,1.91,2.02,1.83,1.95,1.89,2.1,20251029
50,Chennai,Chennai Open,2025-10-29,WTA250,Outdoor,Hard,1st Round,3,Yamalapalli S.,Nugroho P.M.,344.0,280.0,183.0,242.0,6.0,4.0,6.0,2.0,,,2.0,0.0,Completed,2.3,1.62,2.33,1.65,2.31,1.83,2.22,1.63,2.46,1.65,20251029
50,Chennai,Chennai Open,2025-10-29,WTA250,Outdoor,Hard,1st Round,3,Parry D.,Naklo T.,131.0,543.0,586.0,88.0,6.0,2.0,6.0,0.0,,,2.0,0.0,Completed,1.04,13.0,1.04,11.82,1.04,15.0,1.03,11.57,1.04,18.0,20251029
50,Chennai,Chennai Open,2025-10-29,WTA250,Outdoor,Hard,1st Round,3,Pohankova M.,Hibino N.,659.0,173.0,62.0,415.0,7.0,5.0,6.0,1.0,,,2.0,0.0,Completed,1.91,1.91,1.88,1.99,1.91,1.93,1.86,1.91,1.92,2.02,20251029
50,Chennai,Chennai Open,2025-10-29,WTA250,Outdoor,Hard,1st Round,3,Sonmez Z.,Prozorova T.,73.0,172.0,900.0,421.0,7.0,5.0,6.0,4.0,,,2.0,0.0,Completed,1.53,2.5,1.55,2.57,1.57,2.5,1.54,2.44,1.62,2.56,20251029
50,Chennai,Chennai Open,2025-10-30,WTA250,Outdoor,Hard,2nd Round,3,Rodionova Ar.,Hunter S.,250.0,630.0,288.0,69.0,1.0,6.0,6.0,4.0,7.0,6.0,2.0,1.0,Completed,2.3,1.62,2.3,1.67,2.4,1.62,2.3,1.59,2.28,1.76,20251030
50,Chennai,Chennai Open,2025-10-30,WTA250,Outdoor,Hard,2nd Round,3,Tjen J.,Fruhvirtova L.,82.0,139.0,870.0,553.0,2.0,6.0,6.0,3.0,6.0,2.0,2.0,1.0,Completed,1.3,3.5,1.35,3.41,1.33,3.5,1.31,3.35,1.39,3.4,20251030
50,Chennai,Chennai Open,2025-10-30,WTA250,Outdoor,Hard,2nd Round,3,Iatcenko P.,Kawa K.,181.0,126.0,391.0,609.0,6.0,2.0,6.0,3.0,,,2.0,0.0,Completed,1.44,2.75,1.48,2.78,1.47,2.75,1.45,2.69,1.51,2.88,20251030
50,Chennai,Chennai Open,2025-10-30,WTA250,Outdoor,Hard,2nd Round,3,Vekic D.,Yamalapalli S.,78.0,344.0,882.0,183.0,6.0,2.0,6.0,2.0,,,2.0,0.0,Completed,1.13,6.0,1.16,5.65,1.14,6.0,1.13,5.59,1.16,7.2,20251030
50,Chennai,Chennai Open,2025-10-30,WTA250,Outdoor,Hard,2nd Round,3,Garland J.,Yamaguchi M.,132.0,279.0,585.0,242.0,5.0,7.0,7.0,5.0,7.0,5.0,2.0,1.0,Completed,1.25,4.0,1.28,3.85,1.25,4.0,1.25,3.85,1.29,4.1,20251030
50,Chennai,Chennai Open,2025-10-30,WTA250,Outdoor,Hard,2nd Round,3,Birrell K.,Bhamidipaty S.R.,117.0,434.0,667.0,128.0,7.0,5.0,7.0,6.0,,,2.0,0.0,Completed,1.11,6.5,1.09,9.02,1.11,7.5,1.09,7.0,1.11,9.2,20251030
50,Chennai,Chennai Open,2025-10-30,WTA250,Outdoor,Hard,2nd Round,3,Tararudee L.,Sonmez Z.,171.0,73.0,427.0,900.0,2.0,6.0,6.0,3.0,6.0,3.0,2.0,1.0,Completed,2.5,1.53,2.52,1.57,2.5,1.62,2.38,1.56,2.56,1.63,20251030
50,Chennai,Chennai Open,2025-10-30,WTA250,Outdoor,Hard,2nd Round,3,Pohankova M.,Parry D.,659.0,131.0,62.0,586.0,6.0,3.0,6.0,4.0,,,2.0,0.0,Completed,2.0,1.8,2.08,1.81,2.5,1.8,2.04,1.76,2.22,1.8,20251030
50,Chennai,Chennai Open,2025-10-31,WTA250,Outdoor,Hard,Quarterfinals,3,Garland J.,Rodionova Ar.,132.0,250.0,585.0,288.0,6.0,2.0,7.0,6.0,,,2.0,0.0,Completed,1.4,3.0,1.43,3.04,1.4,5.0,1.35,3.18,1.47,3.1,20251031
50,Chennai,Chennai Open,2025-10-31,WTA250,Outdoor,Hard,Quarterfinals,3,Tjen J.,Pohankova M.,82.0,659.0,870.0,62.0,6.0,3.0,6.0,1.0,,,2.0,0.0,Completed,1.4,3.0,1.38,3.3,1.4,5.0,1.36,3.14,1.43,3.2,20251031
50,Chennai,Chennai Open,2025-10-31,WTA250,Outdoor,Hard,Quarterfinals,3,Birrell K.,Vekic D.,117.0,78.0,667.0,882.0,6.0,4.0,6.0,0.0,,,2.0,0.0,Completed,2.5,1.53,2.52,1.58,2.55,1.57,2.45,1.53,2.62,1.61,20251031
50,Chennai,Chennai Open,2025-10-31,WTA250,Outdoor,Hard,Quarterfinals,3,Tararudee L.,Iatcenko P.,171.0,181.0,427.0,391.0,6.0,0.0,6.0,2.0,,,2.0,0.0,Completed,1.73,2.1,1.8,2.11,1.86,2.1,1.76,2.02,1.85,2.16,20251031
50,Chennai,Chennai Open,2025-11-01,WTA250,Outdoor,Hard,Semifinals,3,Tjen J.,Tararudee L.,82.0,171.0,870.0,427.0,7.0,6.0,7.0,6.0,,,2.0,0.0,Completed,1.36,3.2,1.39,3.29,1.4,3.25,1.35,3.09,1.4,3.4,20251101
50,Chennai,Chennai Open,2025-11-01,WTA250,Outdoor,Hard,Semifinals,3,Birrell K.,Garland J.,117.0,132.0,667.0,585.0,6.0,7.0,6.0,3.0,7.0,5.0,2.0,1.0,Completed,1.5,2.63,1.48,2.87,1.5,2.75,1.47,2.61,1.52,2.88,20251101
50,Chennai,Chennai Open,2025-11-02,WTA250,Outdoor,Hard,The Final,3,Tjen J.,Birrell K.,82.0,117.0,870.0,667.0,6.0,4.0,6.0,3.0,,,2.0,0.0,Completed,1.4,3.0,,,1.45,3.0,1.42,2.79,1.51,2.96,20251102
51,Hong Kong,Hong Kong Tennis Open,2025-10-27,WTA250,Outdoor,Hard,1st Round,3,Wang Y.,Inglis M.,298.0,186.0,221.0,385.0,6.0,4.0,6.0,7.0,6.0,3.0,2.0,1.0,Completed,1.44,2.75,,,1.45,2.8,1.44,2.73,1.48,3.0,20251027
51,Hong Kong,Hong Kong Tennis Open,2025-10-27,WTA250,Outdoor,Hard,1st Round,3,Bucsa C.,Ma Y.,68.0,238.0,965.0,305.0,6.0,1.0,6.0,2.0,,,2.0,0.0,Completed,1.17,5.0,,,1.19,5.0,1.18,4.69,1.23,5.3,20251027
51,Hong Kong,Hong Kong Tennis Open,2025-10-27,WTA250,Outdoor,Hard,1st Round,3,Lys E.,Sidorova K.,44.0,541.0,1274.0,89.0,6.0,0.0,6.0,3.0,,,2.0,0.0,Completed,1.05,11.0,,,1.05,11.0,1.04,10.54,1.06,14.0,20251027
51,Hong Kong,Hong Kong Tennis Open,2025-10-27,WTA250,Outdoor,Hard,1st Round,3,Tomljanovic A.,Kobori M.,86.0,470.0,844.0,112.0,7.0,5.0,6.0,2.0,,,2.0,0.0,Completed,1.08,8.0,,,1.11,8.5,1.08,7.86,1.08,12.0,20251027
51,Hong Kong,Hong Kong Tennis Open,2025-10-27,WTA250,Outdoor,Hard,1st Round,3,Morvayova V.,Wong Hong Yi C.,520.0,498.0,95.0,100.0,6.0,1.0,6.0,0.0,,,2.0,0.0,Completed,2.1,1.73,,,2.1,1.84,1.99,1.79,2.14,1.86,20251027
51,Hong Kong,Hong Kong Tennis Open,2025-10-27,WTA250,Outdoor,Hard,1st Round,3,Joint M.,Sevastova A.,32.0,208.0,1490.0,350.0,2.0,6.0,6.0,4.0,6.0,3.0,2.0,1.0,Completed,1.4,3.0,,,1.57,3.05,1.4,2.91,1.43,3.2,20251027
51,Hong Kong,Hong Kong Tennis Open,2025-10-28,WTA250,Outdoor,Hard,1st Round,3,Sakatsume H.,Kenin S.,228.0,28.0,316.0,1589.0,6.0,2.0,6.0,1.0,,,2.0,0.0,Completed,4.0,1.25,,,4.0,1.28,3.77,1.26,4.3,1.29,20251028
51,Hong Kong,Hong Kong Tennis Open,2025-10-28,WTA250,Outdoor,Hard,1st Round,3,Cirstea S.,Galfi D.,45.0,96.0,1243.0,795.0,7.0,5.0,6.0,3.0,,,2.0,0.0,Completed,1.4,3.0,,,1.44,3.0,1.41,2.87,1.41,3.35,20251028
51,Hong Kong,Hong Kong Tennis Open,2025-10-28,WTA250,Outdoor,Hard,1st Round,3,Mboko V.,Gibson T.,21.0,134.0,1913.0,575.0,6.0,7.0,6.0,1.0,6.0,4.0,2.0,1.0,Completed,1.14,5.5,,,1.18,5.5,1.16,5.12,1.17,6.4,20251028
51,Hong Kong,Hong Kong Tennis Open,2025-10-28,WTA250,Outdoor,Hard,1st Round,3,Chong E.,Lamens S.,632.0,85.0,69.0,849.0,6.0,3.0,6.0,4.0,,,2.0,0.0,Completed,11.0,1.05,,,11.0,1.06,9.8,1.05,15.0,1.06,20251028
51,Hong Kong,Hong Kong Tennis Open,2025-10-28,WTA250,Outdoor,Hard,1st Round,3,Arango E.,Uchijima M.,47.0,92.0,1229.0,808.0,6.0,7.0,6.0,1.0,6.0,4.0,2.0,1.0,Completed,2.1,1.73,,,2.12,1.75,2.09,1.72,2.24,1.79,20251028
51,Hong Kong,Hong Kong Tennis Open,2025-10-28,WTA250,Outdoor,Hard,1st Round,3,Fernandez L.A.,Wang Xiy.,22.0,167.0,1821.0,433.0,6.0,1.0,6.0,4.0,,,2.0,0.0,Completed,1.22,4.33,,,1.26,4.4,1.23,4.08,1.28,4.4,20251028
51,Hong Kong,Hong Kong Tennis Open,2025-10-28,WTA250,Outdoor,Hard,1st Round,3,Kalinskaya A.,Rakhimova K.,35.0,106.0,1417.0,731.0,6.0,4.0,6.0,4.0,,,2.0,0.0,Completed,1.29,3.75,,,1.33,3.75,1.29,3.51,1.32,4.0,20251028
51,Hong Kong,Hong Kong Tennis Open,2025-10-28,WTA250,Outdoor,Hard,1st Round,3,Bencic B.,Sasnovich A.,11.0,111.0,3146.0,685.0,6.0,3.0,6.0,4.0,,,2.0,0.0,Completed,1.22,4.33,,,1.25,4.33,1.23,4.03,1.27,4.5,20251028
51,Hong Kong,Hong Kong Tennis Open,2025-10-28,WTA250,Outdoor,Hard,1st Round,3,Zhang S.,Erjavec V.,107.0,98.0,709.0,774.0,6.0,2.0,6.0,2.0,,,2.0,0.0,Completed,1.36,3.2,,,1.38,3.2,1.36,3.06,1.4,3.4,20251028
51,Hong Kong,Hong Kong Tennis Open,2025-10-28,WTA250,Outdoor,Hard,1st Round,3,Eala A.,Boulter K.,51.0,79.0,1131.0,877.0,6.0,4.0,2.0,1.0,,,1.0,0.0,Retired,1.91,1.91,,,1.95,1.91,1.9,1.87,2.0,1.98,20251028
51,Hong Kong,Hong Kong Tennis Open,2025-10-29,WTA250,Outdoor,Hard,2nd Round,3,Joint M.,Morvayova V.,32.0,520.0,1490.0,95.0,6.0,1.0,6.0,4.0,,,2.0,0.0,Completed,1.03,17.0,,,1.03,17.0,1.02,14.57,1.04,21.0,20251029
51,Hong Kong,Hong Kong Tennis Open,2025-10-29,WTA250,Outdoor,Hard,2nd Round,3,Bucsa C.,Arango E.,68.0,47.0,965.0,1229.0,6.0,2.0,6.0,4.0,,,2.0,0.0,Completed,1.36,3.2,,,1.4,3.2,1.37,3.01,1.4,3.35,20251029
51,Hong Kong,Hong Kong Tennis Open,2025-10-29,WTA250,Outdoor,Hard,2nd Round,3,Cirstea S.,Tomljanovic A.,45.0,86.0,1243.0,844.0,4.0,6.0,6.0,4.0,6.0,3.0,2.0,1.0,Completed,1.4,3.0,,,1.42,3.0,1.39,2.94,1.42,3.25,20251029
51,Hong Kong,Hong Kong Tennis Open,2025-10-29,WTA250,Outdoor,Hard,2nd Round,3,Fernandez L.A.,Lys E.,22.0,44.0,1821.0,1274.0,6.0,4.0,6.0,1.0,,,2.0,0.0,Completed,1.5,2.63,1.56,2.59,1.62,2.65,1.53,2.47,1.58,2.68,20251029
51,Hong Kong,Hong Kong Tennis Open,2025-10-30,WTA250,Outdoor,Hard,2nd Round,3,Kalinskaya A.,Zhang S.,35.0,107.0,1417.0,709.0,6.0,1.0,6.0,1.0,,,2.0,0.0,Completed,1.62,2.3,1.68,2.31,1.68,2.3,1.65,2.21,1.7,2.38,20251030
51,Hong Kong,Hong Kong Tennis Open,2025-10-30,WTA250,Outdoor,Hard,2nd Round,3,Bencic B.,Wang Y.,11.0,298.0,3146.0,221.0,6.0,2.0,6.0,2.0,,,2.0,0.0,Completed,1.14,5.5,1.16,6.14,1.15,6.0,1.14,5.47,1.18,6.2,20251030
51,Hong Kong,Hong Kong Tennis Open,2025-10-30,WTA250,Outdoor,Hard,2nd Round,3,Mboko V.,Eala A.,21.0,51.0,1913.0,1131.0,3.0,6.0,6.0,3.0,6.0,4.0,2.0,1.0,Completed,1.44,2.75,1.48,2.82,1.47,2.9,1.42,2.79,1.47,3.05,20251030
51,Hong Kong,Hong Kong Tennis Open,2025-10-30,WTA250,Outdoor,Hard,2nd Round,3,Sakatsume H.,Chong E.,228.0,632.0,316.0,69.0,6.0,2.0,6.0,1.0,,,2.0,0.0,Completed,1.17,5.0,1.21,4.98,1.2,5.4,1.17,4.87,1.21,5.7,20251030
51,Hong Kong,Hong Kong Tennis Open,2025-10-31,WTA250,Outdoor,Hard,Quarterfinals,3,Bucsa C.,Bencic B.,68.0,11.0,965.0,3146.0,,,,,,,,,Walkover,3.75,1.29,3.86,1.3,3.75,1.29,3.62,1.28,4.4,1.27,20251031
51,Hong Kong,Hong Kong Tennis Open,2025-10-31,WTA250,Outdoor,Hard,Quarterfinals,3,Joint M.,Sakatsume H.,32.0,228.0,1490.0,316.0,6.0,4.0,2.0,6.0,6.0,4.0,2.0,1.0,Completed,1.25,4.0,,,1.25,4.0,1.25,3.87,1.3,4.2,20251031
51,Hong Kong,Hong Kong Tennis Open,2025-10-31,WTA250,Outdoor,Hard,Quarterfinals,3,Mboko V.,Kalinskaya A.,21.0,35.0,1913.0,1417.0,6.0,1.0,3.0,1.0,,,1.0,0.0,Retired,1.91,1.91,2.01,1.88,2.0,1.91,1.95,1.83,2.06,1.93,20251031
51,Hong Kong,Hong Kong Tennis Open,2025-10-31,WTA250,Outdoor,Hard,Quarterfinals,3,Fernandez L.A.,Cirstea S.,22.0,45.0,1821.0,1243.0,6.0,4.0,6.0,4.0,,,2.0,0.0,Completed,1.44,2.75,1.43,3.01,1.53,3.0,1.43,2.77,1.46,3.1,20251031
51,Hong Kong,Hong Kong Tennis Open,2025-11-01,WTA250,Outdoor,Hard,Semifinals,3,Bucsa C.,Joint M.,68.0,32.0,965.0,1490.0,6.0,3.0,6.0,1.0,,,2.0,0.0,Completed,2.2,1.67,2.26,1.72,2.23,1.67,2.17,1.67,2.32,1.74,20251101
51,Hong Kong,Hong Kong Tennis Open,2025-11-01,WTA250,Outdoor,Hard,Semifinals,3,Mboko V.,Fernandez L.A.,21.0,22.0,1913.0,1821.0,2.0,6.0,6.0,3.0,6.0,2.0,2.0,1.0,Completed,2.38,1.57,,,2.5,1.57,2.43,1.54,2.62,1.61,20251101
51,Hong Kong,Hong Kong Tennis Open,2025-11-02,WTA250,Outdoor,Hard,The Final,3,Mboko V.,Bucsa C.,21.0,68.0,1913.0,965.0,7.0,5.0,6.0,7.0,6.0,2.0,2.0,1.0,Completed,1.36,3.2,1.41,3.1,1.42,3.2,1.39,2.97,1.45,3.2,20251102
52,Jiujiang,Jiangxi Open,2025-10-27,WTA250,Outdoor,Hard,1st Round,3,Bondar A.,Wei S.,74.0,207.0,900.0,351.0,6.0,2.0,6.0,2.0,,,2.0,0.0,Completed,1.33,3.4,,,1.36,3.4,1.34,3.2,1.37,3.55,20251027
52,Jiujiang,Jiangxi Open,2025-10-27,WTA250,Outdoor,Hard,1st Round,3,Guo H.,Korneeva A.,179.0,155.0,402.0,467.0,3.0,6.0,6.0,2.0,7.0,6.0,2.0,1.0,Completed,2.63,1.5,,,2.85,1.5,2.69,1.45,2.82,1.53,20251027
52,Jiujiang,Jiangxi Open,2025-10-27,WTA250,Outdoor,Hard,1st Round,3,Salkova D.,Falei A.,151.0,340.0,491.0,186.0,7.0,6.0,7.0,5.0,,,2.0,0.0,Completed,1.44,2.75,,,1.52,2.85,1.48,2.61,1.56,2.72,20251027
52,Jiujiang,Jiangxi Open,2025-10-27,WTA250,Outdoor,Hard,1st Round,3,Korpatsch T.,Kudermetova P.,159.0,72.0,461.0,910.0,3.0,0.0,,,,,0.0,0.0,Retired,2.3,1.62,,,2.45,1.62,2.35,1.57,2.52,1.63,20251027
52,Jiujiang,Jiangxi Open,2025-10-27,WTA250,Outdoor,Hard,1st Round,3,Seidel E.,Rakotomanga Rajaonah T.,90.0,123.0,816.0,643.0,6.0,4.0,6.0,3.0,,,2.0,0.0,Completed,1.25,4.0,,,1.28,4.0,1.26,3.73,1.33,3.9,20251027
52,Jiujiang,Jiangxi Open,2025-10-27,WTA250,Outdoor,Hard,1st Round,3,Putintseva Y.,Jimenez Kasintseva V.,75.0,109.0,897.0,697.0,6.0,3.0,6.0,1.0,,,2.0,0.0,Completed,1.57,2.38,,,1.57,2.55,1.52,2.47,1.56,2.7,20251027
52,Jiujiang,Jiangxi Open,2025-10-27,WTA250,Outdoor,Hard,1st Round,3,Zakharova A.,Shibahara E.,99.0,193.0,765.0,370.0,6.0,4.0,6.0,1.0,,,2.0,0.0,Completed,1.44,2.75,,,1.48,2.83,1.45,2.66,1.53,2.88,20251027
52,Jiujiang,Jiangxi Open,2025-10-27,WTA250,Outdoor,Hard,1st Round,3,Zheng W.,Starodubtseva Y.,309.0,115.0,215.0,671.0,6.0,3.0,7.0,6.0,,,2.0,0.0,Completed,7.0,1.1,,,7.5,1.11,6.57,1.1,8.0,1.13,20251027
52,Jiujiang,Jiangxi Open,2025-10-28,WTA250,Outdoor,Hard,1st Round,3,Blinkova A.,Paquet C.,95.0,244.0,798.0,299.0,6.0,4.0,6.0,4.0,,,2.0,0.0,Completed,1.4,3.0,,,1.4,3.2,1.38,2.99,1.47,3.05,20251028
52,Jiujiang,Jiangxi Open,2025-10-28,WTA250,Outdoor,Hard,1st Round,3,Parks A.,Zhu L.,65.0,170.0,988.0,428.0,6.0,3.0,2.0,1.0,,,1.0,0.0,Retired,2.75,1.44,,,2.85,1.57,2.7,1.45,2.84,1.52,20251028
52,Jiujiang,Jiangxi Open,2025-10-28,WTA250,Outdoor,Hard,1st Round,3,Golubic V.,Saigo R.,53.0,365.0,1105.0,168.0,6.0,2.0,6.0,4.0,,,2.0,0.0,Completed,1.1,7.0,,,1.11,7.5,1.1,6.71,1.12,8.6,20251028
52,Jiujiang,Jiangxi Open,2025-10-28,WTA250,Outdoor,Hard,1st Round,3,Cocciaretto E.,Osorio M.,89.0,80.0,822.0,874.0,6.0,2.0,3.0,0.0,,,1.0,0.0,Retired,1.8,2.0,,,1.91,2.0,1.88,1.89,1.94,2.0,20251028
52,Jiujiang,Jiangxi Open,2025-10-28,WTA250,Outdoor,Hard,1st Round,3,Pridankina E.,Yuan Y.,205.0,113.0,353.0,682.0,6.0,2.0,3.0,6.0,7.0,6.0,2.0,1.0,Completed,3.75,1.29,,,3.75,1.29,3.65,1.27,4.2,1.29,20251028
52,Jiujiang,Jiangxi Open,2025-10-28,WTA250,Outdoor,Hard,1st Round,3,Tagger L.,Zhu C.,235.0,596.0,309.0,76.0,6.0,2.0,6.0,1.0,,,2.0,0.0,Completed,1.22,4.33,,,1.24,4.33,1.22,4.09,1.24,4.8,20251028
52,Jiujiang,Jiangxi Open,2025-10-28,WTA250,Outdoor,Hard,1st Round,3,Juvan K.,Liu C.,102.0,222.0,742.0,329.0,3.0,6.0,6.0,2.0,7.0,5.0,2.0,1.0,Completed,1.5,2.63,,,1.53,2.63,1.5,2.56,1.58,2.7,20251028
52,Jiujiang,Jiangxi Open,2025-10-28,WTA250,Outdoor,Hard,1st Round,3,Bai Z.,Li A.,,33.0,,1465.0,6.0,3.0,6.0,1.0,,,2.0,0.0,Completed,9.0,1.07,,,9.0,1.08,8.29,1.07,10.0,1.1,20251028
52,Jiujiang,Jiangxi Open,2025-10-29,WTA250,Outdoor,Hard,2nd Round,3,Tagger L.,Cocciaretto E.,235.0,89.0,309.0,822.0,6.0,4.0,6.0,2.0,,,2.0,0.0,Completed,3.5,1.3,,,3.6,1.33,3.41,1.3,3.7,1.35,20251029
52,Jiujiang,Jiangxi Open,2025-10-29,WTA250,Outdoor,Hard,2nd Round,3,Korpatsch T.,Seidel E.,159.0,90.0,461.0,816.0,3.0,6.0,6.0,0.0,6.0,1.0,2.0,1.0,Completed,4.33,1.22,,,4.33,1.23,4.1,1.22,5.2,1.23,20251029
52,Jiujiang,Jiangxi Open,2025-10-29,WTA250,Outdoor,Hard,2nd Round,3,Golubic V.,Pridankina E.,53.0,205.0,1105.0,353.0,6.0,0.0,4.0,6.0,7.0,5.0,2.0,1.0,Completed,1.2,4.5,,,1.22,4.5,1.21,4.21,1.24,5.0,20251029
52,Jiujiang,Jiangxi Open,2025-10-29,WTA250,Outdoor,Hard,2nd Round,3,Putintseva Y.,Zheng W.,75.0,309.0,897.0,215.0,6.0,2.0,6.0,0.0,,,2.0,0.0,Completed,1.08,8.0,1.1,8.45,1.09,8.0,1.07,7.52,1.1,10.0,20251029
52,Jiujiang,Jiangxi Open,2025-10-30,WTA250,Outdoor,Hard,2nd Round,3,Parks A.,Juvan K.,65.0,102.0,988.0,742.0,1.0,6.0,6.0,1.0,6.0,1.0,2.0,1.0,Completed,2.63,1.5,2.66,1.53,2.65,1.53,2.55,1.5,2.78,1.55,20251030
52,Jiujiang,Jiangxi Open,2025-10-30,WTA250,Outdoor,Hard,2nd Round,3,Salkova D.,Zakharova A.,151.0,99.0,491.0,765.0,7.0,6.0,2.0,6.0,6.0,2.0,2.0,1.0,Completed,2.75,1.44,2.9,1.46,2.83,1.44,2.77,1.43,3.1,1.45,20251030
52,Jiujiang,Jiangxi Open,2025-10-30,WTA250,Outdoor,Hard,2nd Round,3,Blinkova A.,Bondar A.,95.0,74.0,798.0,900.0,7.0,6.0,7.0,5.0,,,2.0,0.0,Completed,2.1,1.73,2.2,1.74,2.11,1.8,2.07,1.73,2.1,1.87,20251030
52,Jiujiang,Jiangxi Open,2025-10-30,WTA250,Outdoor,Hard,2nd Round,3,Bai Z.,Guo H.,,179.0,,402.0,3.0,6.0,7.0,5.0,6.0,4.0,2.0,1.0,Completed,2.75,1.44,2.78,1.5,2.8,1.45,2.72,1.44,2.82,1.53,20251030
52,Jiujiang,Jiangxi Open,2025-10-31,WTA250,Outdoor,Hard,Quarterfinals,3,Tagger L.,Korpatsch T.,235.0,159.0,309.0,461.0,6.0,3.0,6.0,4.0,,,2.0,0.0,Completed,1.5,2.63,1.57,2.56,1.53,2.7,1.5,2.53,1.58,2.66,20251031
52,Jiujiang,Jiangxi Open,2025-10-31,WTA250,Outdoor,Hard,Quarterfinals,3,Golubic V.,Putintseva Y.,53.0,75.0,1105.0,897.0,7.0,5.0,6.0,2.0,,,2.0,0.0,Completed,2.1,1.73,2.23,1.72,2.2,1.73,2.13,1.68,2.28,1.76,20251031
52,Jiujiang,Jiangxi Open,2025-10-31,WTA250,Outdoor,Hard,Quarterfinals,3,Salkova D.,Bai Z.,151.0,,491.0,,6.0,3.0,6.0,4.0,,,2.0,0.0,Completed,1.62,2.3,1.58,2.51,1.62,2.48,1.56,2.39,1.58,2.68,20251031
52,Jiujiang,Jiangxi Open,2025-10-31,WTA250,Outdoor,Hard,Quarterfinals,3,Blinkova A.,Parks A.,95.0,65.0,798.0,988.0,7.0,5.0,7.0,5.0,,,2.0,0.0,Completed,1.73,2.1,1.71,2.24,1.8,2.1,1.73,2.07,1.81,2.2,20251031
52,Jiujiang,Jiangxi Open,2025-11-01,WTA250,Outdoor,Hard,Semifinals,3,Blinkova A.,Salkova D.,95.0,151.0,798.0,491.0,6.0,4.0,6.0,4.0,,,2.0,0.0,Completed,1.57,2.38,1.66,2.36,1.62,2.38,1.6,2.29,1.66,2.48,20251101
52,Jiujiang,Jiangxi Open,2025-11-01,WTA250,Outdoor,Hard,Semifinals,3,Tagger L.,Golubic V.,235.0,53.0,309.0,1105.0,6.0,1.0,4.0,6.0,7.0,5.0,2.0,1.0,Completed,3.0,1.4,2.9,1.47,3.0,1.46,2.78,1.42,2.96,1.51,20251101
52,Jiujiang,Jiangxi Open,2025-11-02,WTA250,Outdoor,Hard,The Final,3,Blinkova A.,Tagger L.,95.0,235.0,798.0,309.0,6.0,3.0,6.0,3.0,,,2.0,0.0,Completed,1.8,2.0,1.93,1.97,1.89,2.0,1.82,1.95,1.88,2.1,20251102
53,Riyadh,WTA Finals,2025-11-01,Tour Championships,Indoor,Hard,Round Robin,3,Swiatek I.,Keys M.,2.0,7.0,8195.0,4335.0,6.0,1.0,6.0,2.0,,,2.0,0.0,Completed,1.17,5.0,1.22,4.75,1.21,5.0,1.2,4.49,1.21,5.5,20251101
53,Riyadh,WTA Finals,2025-11-01,Tour Championships,Indoor,Hard,Round Robin,3,Rybakina E.,Anisimova A.,6.0,4.0,4350.0,5887.0,6.0,3.0,6.0,1.0,,,2.0,0.0,Completed,1.8,2.0,1.84,2.06,1.85,2.5,1.79,2.02,1.88,2.1,20251101
53,Riyadh,WTA Finals,2025-11-02,Tour Championships,Indoor,Hard,Round Robin,3,Sabalenka A.,Paolini J.,1.0,8.0,9870.0,4325.0,6.0,3.0,6.0,1.0,,,2.0,0.0,Completed,1.29,3.75,1.33,3.58,1.32,4.1,1.28,3.69,1.29,4.2,20251102
53,Riyadh,WTA Finals,2025-11-02,Tour Championships,Indoor,Hard,Round Robin,3,Pegula J.,Gauff C.,5.0,3.0,5183.0,6563.0,6.0,3.0,6.0,7.0,6.0,2.0,2.0,1.0,Completed,2.63,1.5,2.63,1.54,2.63,2.2,2.44,1.58,2.66,1.59,20251102
53,Riyadh,WTA Finals,2025-11-03,Tour Championships,Indoor,Hard,Round Robin,3,Rybakina E.,Swiatek I.,6.0,2.0,4350.0,8195.0,3.0,6.0,6.0,1.0,6.0,0.0,2.0,1.0,Completed,2.2,1.67,2.26,1.65,2.25,1.7,2.21,1.66,2.38,1.71,20251103
53,Riyadh,WTA Finals,2025-11-03,Tour Championships,Indoor,Hard,Round Robin,3,Anisimova A.,Keys M.,4.0,7.0,5887.0,4335.0,4.0,6.0,6.0,3.0,6.0,2.0,2.0,1.0,Completed,1.3,3.5,1.27,4.09,1.32,4.1,1.29,3.64,1.31,4.1,20251103
53,Riyadh,WTA Finals,2025-11-04,Tour Championships,Indoor,Hard,Round Robin,3,Gauff C.,Paolini J.,3.0,8.0,6563.0,4325.0,6.0,3.0,6.0,2.0,,,2.0,0.0,Completed,1.44,2.75,1.48,2.84,1.5,3.0,1.45,2.75,1.48,3.05,20251104
53,Riyadh,WTA Finals,2025-11-04,Tour Championships,Indoor,Hard,Round Robin,3,Sabalenka A.,Pegula J.,1.0,5.0,9870.0,5183.0,6.0,4.0,2.0,6.0,6.0,3.0,2.0,1.0,Completed,1.29,3.75,1.33,3.62,1.33,3.75,1.3,3.56,1.33,4.0,20251104
53,Riyadh,WTA Finals,2025-11-05,Tour Championships,Indoor,Hard,Round Robin,3,Rybakina E.,Alexandrova E.,6.0,10.0,4350.0,3375.0,6.0,4.0,6.0,4.0,,,2.0,0.0,Completed,1.36,3.2,,,1.4,3.25,1.36,3.14,1.38,3.55,20251105
53,Riyadh,WTA Finals,2025-11-05,Tour Championships,Indoor,Hard,Round Robin,3,Anisimova A.,Swiatek I.,4.0,2.0,5887.0,8195.0,6.0,7.0,6.0,4.0,6.0,2.0,2.0,1.0,Completed,2.63,1.5,2.84,1.48,2.8,1.5,2.7,1.46,3.0,1.48,20251105
53,Riyadh,WTA Finals,2025-11-06,Tour Championships,Indoor,Hard,Round Robin,3,Pegula J.,Paolini J.,5.0,8.0,5183.0,4325.0,6.0,2.0,6.0,3.0,,,2.0,0.0,Completed,1.25,4.0,1.27,4.1,1.26,4.33,1.24,3.93,1.28,4.4,20251106
53,Riyadh,WTA Finals,2025-11-06,Tour Championships,Indoor,Hard,Round Robin,3,Sabalenka A.,Gauff C.,1.0,3.0,9870.0,6563.0,7.0,6.0,6.0,2.0,,,2.0,0.0,Completed,1.5,2.63,1.51,2.73,1.52,2.75,1.48,2.63,1.52,2.88,20251106
53,Riyadh,WTA Finals,2025-11-07,Tour Championships,Indoor,Hard,Semifinals,3,Rybakina E.,Pegula J.,6.0,5.0,4350.0,5183.0,4.0,6.0,6.0,4.0,6.0,3.0,2.0,1.0,Completed,1.4,2.75,,,1.45,2.95,1.42,2.81,1.48,3.0,20251107
53,Riyadh,WTA Finals,2025-11-07,Tour Championships,Indoor,Hard,The Final,3,Sabalenka A.,Anisimova A.,1.0,4.0,9870.0,5887.0,6.0,3.0,3.0,6.0,6.0,3.0,2.0,1.0,Completed,1.36,3.0,1.43,3.08,1.46,3.1,1.4,2.94,1.44,3.2,20251107
53,Riyadh,WTA Finals,2025-11-08,Tour Championships,Indoor,Hard,The Final,3,Rybakina E.,Sabalenka A.,6.0,1.0,4350.0,9870.0,6.0,3.0,7.0,6.0,,,2.0,0.0,Completed,2.5,1.53,2.6,1.56,2.7,1.56,2.57,1.5,2.76,1.56,20251108
