WTA,Location,Tournament,Date,Tier,Court,surface,Round,best_of,winner_name,loser_name,winner_rank,loser_rank,winner_rank_points,loser_rank_points,W1,L1,W2,L2,W3,L3,Wsets,Lsets,Comment,B365W,B365L,PSW,PSL,MaxW,MaxL,AvgW,AvgL,BFEW,BFEL,tourney_date
1,Auckland,ASB Classic,2026-01-04,WTA250,Outdoor,Hard,1st Round,3,Bejlek S.,Udvardy P.,93,87.0,792,819.0,7.0,5.0,6,1,,,2.0,0.0,Completed,1.57,2.38,1.5,2.75,1.57,2.75,1.5,2.57,1.55,2.78,20260104
1,Auckland,ASB Classic,2026-01-04,WTA250,Outdoor,Hard,1st Round,3,Jovic I.,Knutson G.,35,182.0,1423,386.0,4.0,6.0,6,1,6,0,2.0,1.0,Completed,1.17,5.0,1.21,5.02,1.19,5.25,1.17,4.83,1.22,5.3,20260104
1,Auckland,ASB Classic,2026-01-05,WTA250,Outdoor,Hard,1st Round,3,Costoulas S.,Osuigwe W.,159,152.0,440,455.0,6.0,4.0,3,6,6,1,2.0,1.0,Completed,1.5,2.63,1.5,2.77,1.5,3.1,1.44,2.72,1.5,2.86,20260105
1,Auckland,ASB Classic,2026-01-05,WTA250,Outdoor,Hard,1st Round,3,Wang Xin.,McNally C.,57,83.0,1056,836.0,2.0,6.0,6,3,7,5,2.0,1.0,Completed,2,1.8,1.96,1.93,2.04,1.95,1.93,1.84,2.02,1.92,20260105
1,Auckland,ASB Classic,2026-01-05,WTA250,Outdoor,Hard,1st Round,3,Quevedo K.,Stearns P.,141,64.0,509,982.0,6.0,2.0,7,5,,,2.0,0.0,Completed,3,1.4,2.97,1.44,3.0,1.44,2.84,1.41,3.0,1.46,20260105
1,Auckland,ASB Classic,2026-01-05,WTA250,Outdoor,Hard,1st Round,3,Kraus S.,Grabher J.,108,92.0,709,799.0,6.0,3.0,6,3,,,2.0,0.0,Completed,1.57,2.38,1.58,2.51,1.58,2.5,1.56,2.4,1.59,2.66,20260105
1,Auckland,ASB Classic,2026-01-05,WTA250,Outdoor,Hard,1st Round,3,Jones F.,Navarro E.,72,15.0,912,2515.0,7.0,5.0,2,6,6,4,2.0,1.0,Completed,4.33,1.22,4.31,1.25,4.33,1.25,3.98,1.24,4.7,1.26,20260105
1,Auckland,ASB Classic,2026-01-05,WTA250,Outdoor,Hard,1st Round,3,Zarazua R.,Stephens S.,77,1098.0,844,14.0,7.0,5.0,4,6,6,2,2.0,1.0,Completed,1.25,4.0,1.25,4.43,1.26,4.25,1.23,3.98,1.25,4.8,20260105
1,Auckland,ASB Classic,2026-01-05,WTA250,Outdoor,Hard,1st Round,3,Marcinko P.,Osorio M.,82,76.0,837,860.0,6.0,4.0,0,6,7,6,2.0,1.0,Completed,1.8,2.0,1.79,2.12,1.81,2.01,1.78,1.99,1.79,2.22,20260105
1,Auckland,ASB Classic,2026-01-05,WTA250,Outdoor,Hard,1st Round,3,Boulter K.,Starodubtseva Y.,112,111.0,684,685.0,6.0,3.0,6,3,,,2.0,0.0,Completed,1.8,2.0,1.83,2.06,1.8,2.1,1.77,2.02,1.84,2.16,20260105
1,Auckland,ASB Classic,2026-01-06,WTA250,Outdoor,Hard,1st Round,3,Seidel E.,Barry M.,84,726.0,833,52.0,6.0,2.0,6,1,,,2.0,0.0,Completed,1.02,19.0,1.02,32.06,1.03,19.0,1.02,16.06,1.02,30.0,20260106
1,Auckland,ASB Classic,2026-01-06,WTA250,Outdoor,Hard,1st Round,3,Kartal S.,Tjen J.,68,54.0,951,1075.0,6.0,1.0,6,7,6,3,2.0,1.0,Completed,2,1.8,2.22,1.73,2.2,1.85,2.09,1.72,2.2,1.78,20260106
1,Auckland,ASB Classic,2026-01-06,WTA250,Outdoor,Hard,1st Round,3,Linette M.,Williams V.,52,582.0,1089,80.0,6.0,4.0,4,6,6,2,2.0,1.0,Completed,1.22,4.33,1.23,4.68,1.25,4.5,1.22,4.21,1.22,5.3,20260106
1,Auckland,ASB Classic,2026-01-06,WTA250,Outdoor,Hard,1st Round,3,Cocciaretto E.,Parks A.,81,101.0,837,760.0,6.0,2.0,7,5,,,2.0,0.0,Completed,1.62,2.3,1.68,2.29,1.67,2.35,1.62,2.25,1.7,2.38,20260106
1,Auckland,ASB Classic,2026-01-06,WTA250,Outdoor,Hard,1st Round,3,Svitolina E.,Gracheva V.,13,75.0,2606,887.0,6.0,3.0,6,1,,,2.0,0.0,Completed,1.25,4.0,1.25,4.35,1.25,4.4,1.22,4.13,1.25,4.8,20260106
1,Auckland,ASB Classic,2026-01-06,WTA250,Outdoor,Hard,1st Round,3,Eala A.,Vekic D.,53,69.0,1076,935.0,4.0,6.0,6,4,6,4,2.0,1.0,Completed,1.62,2.3,1.65,2.38,1.65,2.32,1.61,2.27,1.67,2.46,20260106
1,Auckland,ASB Classic,2026-01-06,WTA250,Outdoor,Hard,2nd Round,3,Jovic I.,Bejlek S.,35,93.0,1423,792.0,7.0,6.0,6,4,,,2.0,0.0,Completed,1.4,3.0,1.44,2.95,1.48,3.0,1.43,2.77,1.47,3.05,20260106
1,Auckland,ASB Classic,2026-01-07,WTA250,Outdoor,Hard,2nd Round,3,Jones F.,Kraus S.,72,108.0,912,709.0,1.0,6.0,6,4,6,1,2.0,1.0,Completed,1.4,3.0,1.38,3.26,1.4,3.1,1.38,2.97,1.43,3.25,20260107
1,Auckland,ASB Classic,2026-01-07,WTA250,Outdoor,Hard,2nd Round,3,Wang Xin.,Zarazua R.,57,77.0,1056,844.0,7.0,5.0,6,4,,,2.0,0.0,Completed,1.4,3.0,1.42,3.08,1.42,3.0,1.4,2.89,1.42,3.3,20260107
1,Auckland,ASB Classic,2026-01-07,WTA250,Outdoor,Hard,2nd Round,3,Costoulas S.,Quevedo K.,159,141.0,440,509.0,6.0,2.0,6,0,,,2.0,0.0,Completed,2,1.8,2.06,1.83,2.3,1.83,2.04,1.76,2.08,1.9,20260107
1,Auckland,ASB Classic,2026-01-08,WTA250,Outdoor,Hard,2nd Round,3,Eala A.,Marcinko P.,53,82.0,1076,837.0,6.0,0.0,6,2,,,2.0,0.0,Completed,1.57,2.38,1.63,2.42,1.62,2.6,1.58,2.33,1.63,2.56,20260108
1,Auckland,ASB Classic,2026-01-08,WTA250,Outdoor,Hard,2nd Round,3,Linette M.,Cocciaretto E.,52,81.0,1089,837.0,7.0,5.0,2,6,6,3,2.0,1.0,Completed,2,1.8,2.12,1.79,2.1,1.8,2.02,1.77,2.18,1.81,20260108
1,Auckland,ASB Classic,2026-01-08,WTA250,Outdoor,Hard,2nd Round,3,Svitolina E.,Boulter K.,13,112.0,2606,684.0,7.0,5.0,6,4,,,2.0,0.0,Completed,1.22,4.33,1.26,4.21,1.24,4.75,1.22,4.16,1.26,4.7,20260108
1,Auckland,ASB Classic,2026-01-08,WTA250,Outdoor,Hard,2nd Round,3,Kartal S.,Seidel E.,68,84.0,951,833.0,6.0,3.0,6,1,,,2.0,0.0,Completed,1.3,3.5,1.33,3.61,1.33,3.5,1.3,3.41,1.34,3.85,20260108
1,Auckland,ASB Classic,2026-01-08,WTA250,Outdoor,Hard,Quarterfinals,3,Wang Xin.,Jones F.,57,72.0,1056,912.0,6.0,4.0,4,3,,,1.0,2.0,Retired,1.33,3.4,1.39,3.23,1.38,3.5,1.35,3.14,1.4,3.4,20260108
1,Auckland,ASB Classic,2026-01-09,WTA250,Outdoor,Hard,Quarterfinals,3,Eala A.,Linette M.,53,52.0,1076,1089.0,6.0,3.0,6,2,,,2.0,0.0,Completed,1.53,2.5,1.57,2.55,1.55,2.6,1.52,2.49,1.6,2.62,20260109
1,Auckland,ASB Classic,2026-01-09,WTA250,Outdoor,Hard,Quarterfinals,3,Jovic I.,Costoulas S.,35,159.0,1423,440.0,6.0,2.0,7,6,,,2.0,0.0,Completed,1.25,4.0,1.27,4.1,1.26,4.25,1.25,3.81,1.27,4.5,20260109
1,Auckland,ASB Classic,2026-01-09,WTA250,Outdoor,Hard,Quarterfinals,3,Svitolina E.,Kartal S.,13,68.0,2606,951.0,6.0,4.0,6,7,7,6,2.0,1.0,Completed,1.33,3.4,1.36,3.4,1.34,5.5,1.3,3.61,1.37,3.6,20260109
1,Auckland,ASB Classic,2026-01-10,WTA250,Outdoor,Hard,Semifinals,3,Wang Xin.,Eala A.,57,53.0,1056,1076.0,5.0,7.0,7,5,6,4,2.0,1.0,Completed,2.63,1.5,2.76,1.51,2.75,1.53,2.53,1.51,2.88,1.52,20260110
1,Auckland,ASB Classic,2026-01-10,WTA250,Outdoor,Hard,Semifinals,3,Svitolina E.,Jovic I.,13,35.0,2606,1423.0,7.0,6.0,6,2,,,2.0,0.0,Completed,1.33,3.4,1.38,3.31,1.35,3.4,1.33,3.24,1.37,3.6,20260110
1,Auckland,ASB Classic,2026-01-11,WTA250,Outdoor,Hard,The Final,3,Svitolina E.,Wang Xin.,13,57.0,2606,1056.0,6.0,3.0,7,6,,,2.0,0.0,Completed,1.22,4.33,1.2,5.18,1.22,4.75,1.19,4.5,1.22,5.3,20260111
2,Brisbane,Brisbane International,2026-01-04,WTA500,Outdoor,Hard,1st Round,3,Tomljanovic A.,Jacquemot E.,78,56.0,844,1070.0,6.0,1.0,6,3,,,2.0,0.0,Completed,1.62,2.3,1.66,2.31,1.65,2.3,1.62,2.24,1.74,2.3,20260104
2,Brisbane,Brisbane International,2026-01-04,WTA500,Outdoor,Hard,1st Round,3,Kessler M.,Arango E.,31,48.0,1553,1149.0,6.0,1.0,6,3,,,2.0,0.0,Completed,1.25,4.0,1.26,4.17,1.28,4.25,1.25,3.88,1.3,4.2,20260104
2,Brisbane,Brisbane International,2026-01-04,WTA500,Outdoor,Hard,1st Round,3,Potapova A.,Kasatkina D.,55,40.0,1072,1275.0,7.0,5.0,4,6,6,4,2.0,1.0,Completed,2,1.8,1.94,1.94,2.0,1.97,1.93,1.85,1.96,2.0,20260104
2,Brisbane,Brisbane International,2026-01-04,WTA500,Outdoor,Hard,1st Round,3,Cirstea S.,Pavlyuchenkova A.,41,44.0,1243,1184.0,6.0,3.0,6,1,,,2.0,0.0,Completed,1.5,2.63,1.49,2.78,1.5,2.75,1.49,2.58,1.54,2.74,20260104
2,Brisbane,Brisbane International,2026-01-04,WTA500,Outdoor,Hard,1st Round,3,Kenin S.,Ruse E.G.,28,85.0,1589,825.0,6.0,4.0,4,6,6,3,2.0,1.0,Completed,2,1.8,2.03,1.86,2.1,1.85,1.99,1.79,2.04,1.93,20260104
2,Brisbane,Brisbane International,2026-01-04,WTA500,Outdoor,Hard,1st Round,3,Bouzkova M.,Cristian J.,46,38.0,1182,1324.0,6.0,4.0,6,3,,,2.0,0.0,Completed,1.5,2.63,1.44,2.99,1.5,2.9,1.43,2.77,1.44,3.2,20260104
2,Brisbane,Brisbane International,2026-01-05,WTA500,Outdoor,Hard,1st Round,3,Birrell K.,Sramkova R.,106,71.0,721,914.0,6.0,4.0,3,6,6,3,2.0,1.0,Completed,2.1,1.73,2.24,1.71,2.25,1.75,2.18,1.66,2.2,1.77,20260105
2,Brisbane,Brisbane International,2026-01-05,WTA500,Outdoor,Hard,1st Round,3,Zhang S.,Krueger A.,79,49.0,843,1134.0,6.0,4.0,5,7,6,4,2.0,1.0,Completed,1.67,2.2,1.77,2.16,1.73,2.23,1.69,2.14,1.81,2.16,20260105
2,Brisbane,Brisbane International,2026-01-05,WTA500,Outdoor,Hard,1st Round,3,Gadecki O.,Li A.,204,37.0,350,1334.0,6.0,4.0,6,4,,,2.0,0.0,Completed,2.38,1.57,2.45,1.61,2.42,1.65,2.32,1.59,2.52,1.62,20260105
2,Brisbane,Brisbane International,2026-01-05,WTA500,Outdoor,Hard,1st Round,3,Bucsa C.,Bondar A.,50,73.0,1127,900.0,4.0,6.0,7,6,6,2,2.0,1.0,Completed,1.53,2.5,1.56,2.58,1.67,2.65,1.52,2.5,1.57,2.56,20260105
2,Brisbane,Brisbane International,2026-01-05,WTA500,Outdoor,Hard,1st Round,3,Putintseva Y.,Baptiste H.,74,65.0,891,979.0,6.0,2.0,6,4,,,2.0,0.0,Completed,,,,,,,,,,,20260105
2,Brisbane,Brisbane International,2026-01-05,WTA500,Outdoor,Hard,1st Round,3,Sasnovich A.,Blinkova A.,113,61.0,672,1016.0,7.0,5.0,6,1,,,2.0,0.0,Completed,1.62,2.3,1.64,2.39,1.63,2.5,1.57,2.37,1.64,2.52,20260105
2,Brisbane,Brisbane International,2026-01-05,WTA500,Outdoor,Hard,1st Round,3,Kalinskaya A.,Valentova T.,33,60.0,1461,1035.0,6.0,4.0,6,4,,,2.0,0.0,Completed,2.3,1.62,2.58,1.56,2.4,1.9,2.26,1.62,2.6,1.61,20260105
2,Brisbane,Brisbane International,2026-01-05,WTA500,Outdoor,Hard,1st Round,3,Yastremska D.,Gibson T.,27,118.0,1604,634.0,7.0,6.0,7,6,,,2.0,0.0,Completed,1.5,2.63,1.56,2.58,1.53,3.0,1.5,2.56,1.62,2.6,20260105
2,Brisbane,Brisbane International,2026-01-05,WTA500,Outdoor,Hard,1st Round,3,Frech M.,Vondrousova M.,59,34.0,1051,1445.0,7.0,5.0,6,7,7,6,2.0,1.0,Completed,4.33,1.22,4.46,1.24,4.33,1.23,4.14,1.22,4.5,1.28,20260105
2,Brisbane,Brisbane International,2026-01-05,WTA500,Outdoor,Hard,1st Round,3,Jones E.,Maria T.,147,43.0,491,1229.0,6.0,3.0,6,3,,,2.0,0.0,Completed,1.33,3.4,1.38,3.3,1.38,4.33,1.33,3.29,1.37,3.55,20260105
2,Brisbane,Brisbane International,2026-01-06,WTA500,Outdoor,Hard,2nd Round,3,Keys M.,Kessler M.,7,31.0,4335,1553.0,6.0,4.0,6,3,,,2.0,0.0,Completed,1.67,2.2,1.67,2.33,1.67,2.35,1.64,2.23,1.72,2.36,20260106
2,Brisbane,Brisbane International,2026-01-06,WTA500,Outdoor,Hard,2nd Round,3,Shnaider D.,Potapova A.,21,55.0,1866,1072.0,6.0,1.0,6,3,,,2.0,0.0,Completed,1.62,2.3,1.75,2.18,1.73,2.5,1.65,2.22,1.73,2.3,20260106
2,Brisbane,Brisbane International,2026-01-06,WTA500,Outdoor,Hard,2nd Round,3,Sabalenka A.,Bucsa C.,1,50.0,10490,1127.0,6.0,0.0,6,1,,,2.0,0.0,Completed,1.06,10.0,1.06,12.44,1.06,12.5,1.04,10.47,1.06,15.5,20260106
2,Brisbane,Brisbane International,2026-01-06,WTA500,Outdoor,Hard,2nd Round,3,Alexandrova E.,Kenin S.,10,28.0,3375,1589.0,7.0,6.0,6,3,,,2.0,0.0,Completed,1.3,3.5,1.36,3.38,1.33,3.5,1.33,3.31,1.38,3.5,20260106
2,Brisbane,Brisbane International,2026-01-06,WTA500,Outdoor,Hard,2nd Round,3,Cirstea S.,Ostapenko J.,41,23.0,1243,1800.0,6.0,2.0,7,6,,,2.0,0.0,Completed,1.4,3.0,1.41,3.11,1.44,3.25,1.39,2.95,1.41,3.3,20260106
2,Brisbane,Brisbane International,2026-01-06,WTA500,Outdoor,Hard,2nd Round,3,Muchova K.,Tomljanovic A.,20,78.0,1888,844.0,4.0,6.0,6,1,7,6,2.0,1.0,Completed,1.33,3.4,1.37,3.36,1.36,3.5,1.34,3.22,1.38,3.55,20260106
2,Brisbane,Brisbane International,2026-01-06,WTA500,Outdoor,Hard,2nd Round,3,Rybakina E.,Zhang S.,5,79.0,5850,843.0,6.0,3.0,7,5,,,2.0,0.0,Completed,1.1,7.0,1.11,8.14,1.11,7.0,1.1,6.78,1.11,9.4,20260106
2,Brisbane,Brisbane International,2026-01-06,WTA500,Outdoor,Hard,2nd Round,3,Badosa P.,Bouzkova M.,25,46.0,1675,1182.0,6.0,7.0,6,4,6,2,2.0,1.0,Completed,1.8,2.0,1.81,2.09,1.9,2.05,1.8,1.97,1.87,2.12,20260106
2,Brisbane,Brisbane International,2026-01-07,WTA500,Outdoor,Hard,2nd Round,3,Yastremska D.,Fernandez L.A.,27,22.0,1604,1821.0,6.0,1.0,6,2,,,2.0,0.0,Completed,2.63,1.5,2.7,1.52,2.65,1.52,2.56,1.5,2.78,1.55,20260107
2,Brisbane,Brisbane International,2026-01-07,WTA500,Outdoor,Hard,2nd Round,3,Pegula J.,Kalinskaya A.,6,33.0,5583,1461.0,6.0,2.0,2,6,6,4,2.0,1.0,Completed,1.53,2.5,1.54,2.63,1.6,2.6,1.51,2.51,1.57,2.72,20260107
2,Brisbane,Brisbane International,2026-01-07,WTA500,Outdoor,Hard,2nd Round,3,Sasnovich A.,Tauson C.,113,14.0,672,2530.0,6.0,2.0,6,3,,,2.0,0.0,Completed,2.5,1.53,2.61,1.55,2.55,1.84,2.41,1.56,2.72,1.57,20260107
2,Brisbane,Brisbane International,2026-01-07,WTA500,Outdoor,Hard,2nd Round,3,Samsonova L.,Jones E.,17,147.0,2209,491.0,6.0,4.0,6,1,,,2.0,0.0,Completed,1.44,2.75,1.47,2.86,1.63,2.75,1.48,2.62,1.47,3.05,20260107
2,Brisbane,Brisbane International,2026-01-07,WTA500,Outdoor,Hard,2nd Round,3,Noskova L.,Frech M.,12,59.0,2641,1051.0,6.0,7.0,6,4,6,4,2.0,1.0,Completed,1.29,3.75,1.3,3.83,1.3,3.8,1.27,3.71,1.29,4.3,20260107
2,Brisbane,Brisbane International,2026-01-07,WTA500,Outdoor,Hard,2nd Round,3,Andreeva M.,Gadecki O.,9,204.0,4125,350.0,4.0,6.0,6,1,6,2,2.0,1.0,Completed,1.17,5.0,1.21,4.95,1.2,5.5,1.18,4.73,1.21,5.5,20260107
2,Brisbane,Brisbane International,2026-01-07,WTA500,Outdoor,Hard,2nd Round,3,Kostyuk M.,Putintseva Y.,26,74.0,1659,891.0,6.0,7.0,6,1,6,0,2.0,1.0,Completed,1.44,2.75,1.43,3.05,1.45,2.88,1.42,2.77,1.42,3.3,20260107
2,Brisbane,Brisbane International,2026-01-07,WTA500,Outdoor,Hard,2nd Round,3,Anisimova A.,Birrell K.,3,106.0,6287,721.0,6.0,1.0,6,3,,,2.0,0.0,Completed,1.17,5.0,1.19,5.41,1.19,5.25,1.16,4.99,1.2,5.8,20260107
2,Brisbane,Brisbane International,2026-01-08,WTA500,Outdoor,Hard,3rd Round,3,Sabalenka A.,Cirstea S.,1,41.0,10490,1243.0,6.0,3.0,6,3,,,2.0,0.0,Completed,1.07,9.0,1.17,5.05,1.13,9.0,1.1,7.09,1.15,7.2,20260108
2,Brisbane,Brisbane International,2026-01-08,WTA500,Outdoor,Hard,3rd Round,3,Rybakina E.,Badosa P.,5,25.0,5850,1675.0,6.0,3.0,6,2,,,2.0,0.0,Completed,1.17,5.0,1.22,4.61,1.23,5.2,1.2,4.45,1.21,5.5,20260108
2,Brisbane,Brisbane International,2026-01-08,WTA500,Outdoor,Hard,3rd Round,3,Muchova K.,Alexandrova E.,20,10.0,1888,3375.0,6.0,4.0,7,5,,,2.0,0.0,Completed,2.3,1.62,2.43,1.62,2.38,1.68,2.25,1.63,2.4,1.69,20260108
2,Brisbane,Brisbane International,2026-01-08,WTA500,Outdoor,Hard,3rd Round,3,Keys M.,Shnaider D.,7,21.0,4335,1866.0,6.0,7.0,7,6,7,6,2.0,1.0,Completed,1.57,2.38,1.56,2.58,1.65,2.45,1.58,2.33,1.61,2.62,20260108
2,Brisbane,Brisbane International,2026-01-08,WTA500,Outdoor,Hard,3rd Round,3,Samsonova L.,Sasnovich A.,17,113.0,2209,672.0,6.0,4.0,6,4,,,2.0,0.0,Completed,1.57,2.38,1.63,2.41,1.63,2.38,1.58,2.33,1.67,2.48,20260108
2,Brisbane,Brisbane International,2026-01-08,WTA500,Outdoor,Hard,3rd Round,3,Pegula J.,Yastremska D.,6,27.0,5583,1604.0,5.0,7.0,6,2,6,3,2.0,1.0,Completed,1.36,3.2,1.39,3.25,1.44,3.25,1.36,3.06,1.43,3.25,20260108
2,Brisbane,Brisbane International,2026-01-08,WTA500,Outdoor,Hard,3rd Round,3,Kostyuk M.,Anisimova A.,26,3.0,1659,6287.0,6.0,4.0,6,3,,,2.0,0.0,Completed,3.2,1.36,3.27,1.38,3.25,1.44,3.0,1.38,3.35,1.41,20260108
2,Brisbane,Brisbane International,2026-01-08,WTA500,Outdoor,Hard,3rd Round,3,Andreeva M.,Noskova L.,9,12.0,4125,2641.0,5.0,7.0,6,4,7,5,2.0,1.0,Completed,1.44,2.75,1.49,2.8,1.44,2.95,1.42,2.79,1.53,2.86,20260108
2,Brisbane,Brisbane International,2026-01-09,WTA500,Outdoor,Hard,Quarterfinals,3,Muchova K.,Rybakina E.,20,5.0,1888,5850.0,6.0,2.0,2,6,6,4,2.0,1.0,Completed,4.33,1.22,4.29,1.26,4.33,1.25,4.09,1.23,4.8,1.25,20260109
2,Brisbane,Brisbane International,2026-01-09,WTA500,Outdoor,Hard,Quarterfinals,3,Sabalenka A.,Keys M.,1,7.0,10490,4335.0,6.0,3.0,6,3,,,2.0,0.0,Completed,1.17,5.0,,,1.21,6.0,1.17,4.86,1.19,6.0,20260109
2,Brisbane,Brisbane International,2026-01-09,WTA500,Outdoor,Hard,Quarterfinals,3,Pegula J.,Samsonova L.,6,17.0,5583,2209.0,6.0,3.0,7,6,,,2.0,0.0,Completed,1.36,3.2,,,1.44,3.25,1.36,3.07,1.47,3.05,20260109
2,Brisbane,Brisbane International,2026-01-09,WTA500,Outdoor,Hard,Quarterfinals,3,Kostyuk M.,Andreeva M.,26,9.0,1659,4125.0,7.0,6.0,6,3,,,2.0,0.0,Completed,2.1,1.73,,,2.1,1.83,2.01,1.78,2.08,1.9,20260109
2,Brisbane,Brisbane International,2026-01-10,WTA500,Outdoor,Hard,Semifinals,3,Sabalenka A.,Muchova K.,1,20.0,10490,1888.0,6.0,3.0,6,4,,,2.0,0.0,Completed,1.2,4.5,1.26,4.33,1.23,4.6,1.21,4.32,1.28,4.4,20260110
2,Brisbane,Brisbane International,2026-01-10,WTA500,Outdoor,Hard,Semifinals,3,Kostyuk M.,Pegula J.,26,6.0,1659,5583.0,6.0,0.0,6,3,,,2.0,0.0,Completed,2.2,1.67,,,2.25,1.7,2.2,1.66,2.34,1.72,20260110
2,Brisbane,Brisbane International,2026-01-11,WTA500,Outdoor,Hard,The Final,3,Sabalenka A.,Kostyuk M.,1,26.0,10490,1659.0,6.0,4.0,6,3,,,2.0,0.0,Completed,1.29,3.75,1.29,4.06,1.3,4.0,1.27,3.71,1.3,4.2,20260111
3,Adelaide,Adelaide International,2026-01-12,WTA500,Outdoor,Hard,1st Round,3,Navarro E.,Jones E.,15,155.0,2467,463.0,6.0,3.0,6,3,,,2.0,0.0,Completed,1.3,3.5,1.38,3.3,1.34,3.6,1.32,3.33,1.38,3.45,20260112
3,Adelaide,Adelaide International,2026-01-12,WTA500,Outdoor,Hard,1st Round,3,Mboko V.,Haddad Maia B.,17,59.0,2157,1052.0,5.0,7.0,6,3,6,2,2.0,1.0,Completed,1.29,3.75,1.27,4.17,1.3,4.0,1.26,3.77,1.27,4.5,20260112
3,Adelaide,Adelaide International,2026-01-12,WTA500,Outdoor,Hard,1st Round,3,Tomljanovic A.,Tauson C.,76,14.0,851,2530.0,7.0,6.0,,,,,1.0,0.0,Retired,2.2,1.67,2.21,1.74,2.54,1.67,2.26,1.62,2.22,1.76,20260112
3,Adelaide,Adelaide International,2026-01-12,WTA500,Outdoor,Hard,1st Round,3,Kalinskaya A.,Ruse E.G.,33,79.0,1483,849.0,6.0,0.0,6,3,,,2.0,0.0,Completed,1.57,2.38,1.58,2.53,1.58,2.55,1.54,2.44,1.62,2.56,20260112
3,Adelaide,Adelaide International,2026-01-12,WTA500,Outdoor,Hard,1st Round,3,Bouzkova M.,Badosa P.,45,26.0,1184,1675.0,3.0,6.0,6,3,6,4,2.0,1.0,Completed,2.2,1.67,2.19,1.75,2.23,1.76,2.14,1.68,2.28,1.76,20260112
3,Adelaide,Adelaide International,2026-01-12,WTA500,Outdoor,Hard,1st Round,3,Cristian J.,Alexandrova E.,37,11.0,1324,3375.0,6.0,4.0,6,4,,,2.0,0.0,Completed,4,1.25,4.43,1.24,4.1,1.25,3.97,1.24,4.7,1.25,20260112
3,Adelaide,Adelaide International,2026-01-12,WTA500,Outdoor,Hard,1st Round,3,Kasatkina D.,Sakkari M.,48,52.0,1168,1133.0,7.0,6.0,6,4,,,2.0,0.0,Completed,2.5,1.53,,,2.5,1.57,2.43,1.53,2.56,1.62,20260112
3,Adelaide,Adelaide International,2026-01-13,WTA500,Outdoor,Hard,1st Round,3,Shnaider D.,Fernandez L.A.,23,22.0,1818,1821.0,7.0,5.0,6,3,,,2.0,0.0,Completed,1.73,2.1,1.72,2.23,1.8,2.12,1.74,2.06,1.87,2.12,20260113
3,Adelaide,Adelaide International,2026-01-13,WTA500,Outdoor,Hard,1st Round,3,Birrell K.,Potapova A.,107,54.0,726,1103.0,6.0,4.0,6,4,,,2.0,0.0,Completed,2.2,1.67,2.38,1.65,2.2,1.9,2.09,1.72,2.2,1.8,20260113
3,Adelaide,Adelaide International,2026-01-13,WTA500,Outdoor,Hard,1st Round,3,Vondrousova M.,Samsonova L.,34,18.0,1386,2122.0,6.0,1.0,4,6,6,2,2.0,1.0,Completed,1.73,2.1,1.8,2.11,1.76,2.2,1.72,2.09,1.8,2.2,20260113
3,Adelaide,Adelaide International,2026-01-13,WTA500,Outdoor,Hard,1st Round,3,Joint M.,Kenin S.,32,28.0,1490,1567.0,7.0,6.0,6,4,,,2.0,0.0,Completed,1.8,2.0,1.79,2.12,1.83,2.05,1.78,2.0,1.83,2.14,20260113
3,Adelaide,Adelaide International,2026-01-13,WTA500,Outdoor,Hard,1st Round,3,Valentova T.,Ostapenko J.,60,24.0,1036,1741.0,7.0,5.0,3,2,,,1.0,0.0,Retired,1.36,3.2,1.35,3.5,1.36,3.5,1.33,3.23,1.4,3.35,20260113
3,Adelaide,Adelaide International,2026-01-13,WTA500,Outdoor,Hard,1st Round,3,Putintseva Y.,Galfi D.,105,93.0,741,789.0,6.0,4.0,6,4,,,2.0,0.0,Completed,1.44,2.75,1.49,2.79,1.47,3.0,1.41,2.81,1.44,3.2,20260113
3,Adelaide,Adelaide International,2026-01-13,WTA500,Outdoor,Hard,1st Round,3,Siniakova K.,Yastremska D.,46,27.0,1172,1610.0,6.0,0.0,6,1,,,2.0,0.0,Completed,2.2,1.67,,,2.25,1.67,2.2,1.65,,,20260113
3,Adelaide,Adelaide International,2026-01-13,WTA500,Outdoor,Hard,2nd Round,3,Mboko V.,Kalinskaya A.,17,33.0,2157,1483.0,6.0,2.0,3,6,7,6,2.0,1.0,Completed,1.8,2.0,,,1.85,2.4,1.77,2.02,1.88,2.1,20260113
3,Adelaide,Adelaide International,2026-01-13,WTA500,Outdoor,Hard,2nd Round,3,Andreeva M.,Bouzkova M.,8,45.0,4232,1184.0,6.0,3.0,6,1,,,2.0,0.0,Completed,1.4,3.0,,,1.4,3.05,1.38,2.95,1.46,3.1,20260113
3,Adelaide,Adelaide International,2026-01-14,WTA500,Outdoor,Hard,2nd Round,3,Birrell K.,Vondrousova M.,107,34.0,726,1386.0,,,,,,,,,Walkover,4.33,1.22,,,4.4,1.22,4.22,1.21,4.7,1.25,20260114
3,Adelaide,Adelaide International,2026-01-14,WTA500,Outdoor,Hard,2nd Round,3,Cristian J.,Kasatkina D.,37,48.0,1324,1168.0,6.0,4.0,6,0,,,2.0,0.0,Completed,2,1.8,,,2.17,1.8,2.09,1.71,2.3,1.75,20260114
3,Adelaide,Adelaide International,2026-01-14,WTA500,Outdoor,Hard,2nd Round,3,Keys M.,Valentova T.,9,60.0,4003,1036.0,6.0,4.0,6,1,,,2.0,0.0,Completed,1.67,2.2,,,1.67,2.3,1.64,2.21,1.67,2.44,20260114
3,Adelaide,Adelaide International,2026-01-14,WTA500,Outdoor,Hard,2nd Round,3,Shnaider D.,Siniakova K.,23,46.0,1818,1172.0,6.0,1.0,2,6,7,5,2.0,1.0,Completed,1.57,2.38,,,1.61,2.5,1.58,2.34,1.64,2.5,20260114
3,Adelaide,Adelaide International,2026-01-14,WTA500,Outdoor,Hard,2nd Round,3,Navarro E.,Putintseva Y.,15,105.0,2467,741.0,6.0,1.0,6,4,,,2.0,0.0,Completed,1.57,2.38,,,1.6,3.0,1.55,2.41,1.66,2.48,20260114
3,Adelaide,Adelaide International,2026-01-14,WTA500,Outdoor,Hard,2nd Round,3,Joint M.,Tomljanovic A.,32,76.0,1490,851.0,0.0,2.0,,,,,0.0,0.0,Retired,1.8,2.0,,,1.87,2.07,1.83,1.94,1.94,2.04,20260114
3,Adelaide,Adelaide International,2026-01-15,WTA500,Outdoor,Hard,Quarterfinals,3,Birrell K.,Cristian J.,107,37.0,726,1324.0,5.0,7.0,6,1,7,5,2.0,1.0,Completed,2.5,1.53,,,2.6,1.57,2.45,1.54,2.58,1.6,20260115
3,Adelaide,Adelaide International,2026-01-15,WTA500,Outdoor,Hard,Quarterfinals,3,Mboko V.,Keys M.,17,9.0,2157,4003.0,6.0,4.0,4,6,6,2,2.0,1.0,Completed,2.38,1.57,,,2.43,1.65,2.35,1.57,2.58,1.62,20260115
3,Adelaide,Adelaide International,2026-01-15,WTA500,Outdoor,Hard,Quarterfinals,3,Shnaider D.,Navarro E.,23,15.0,1818,2467.0,6.0,3.0,6,3,,,2.0,0.0,Completed,1.8,2.0,,,1.8,2.1,1.75,2.03,1.86,2.14,20260115
3,Adelaide,Adelaide International,2026-01-15,WTA500,Outdoor,Hard,Quarterfinals,3,Andreeva M.,Joint M.,8,32.0,4232,1490.0,6.0,2.0,6,0,,,2.0,0.0,Completed,1.17,5.0,,,1.19,6.0,1.17,4.89,1.2,5.7,20260115
3,Adelaide,Adelaide International,2026-01-16,WTA500,Outdoor,Hard,Semifinals,3,Mboko V.,Birrell K.,17,107.0,2157,726.0,6.0,2.0,6,1,,,2.0,0.0,Completed,1.17,5.0,,,1.22,5.0,1.19,4.54,1.24,5.0,20260116
3,Adelaide,Adelaide International,2026-01-16,WTA500,Outdoor,Hard,Semifinals,3,Andreeva M.,Shnaider D.,8,23.0,4232,1818.0,6.0,3.0,6,2,,,2.0,0.0,Completed,1.44,2.75,,,1.46,2.8,1.44,2.74,1.52,2.92,20260116
3,Adelaide,Adelaide International,2026-01-17,WTA500,Outdoor,Hard,The Final,3,Andreeva M.,Mboko V.,8,17.0,4232,2157.0,6.0,3.0,6,1,,,2.0,0.0,Completed,1.5,2.63,,,1.55,2.63,1.52,2.5,1.6,2.6,20260117
4,Hobart,Hobart International,2026-01-12,WTA250,Outdoor,Hard,1st Round,3,Zarazua R.,Baptiste H.,84,66.0,832,979.0,6.0,7.0,6,3,6,3,2.0,1.0,Completed,1.8,2.0,1.85,2.05,1.81,2.1,1.78,2.0,1.92,2.06,20260112
4,Hobart,Hobart International,2026-01-12,WTA250,Outdoor,Hard,1st Round,3,Preston T.,Bouzas Maneiro J.,204,40.0,354,1262.0,6.0,4.0,7,6,,,2.0,0.0,Completed,4.33,1.22,3.98,1.29,4.33,1.29,3.82,1.25,4.1,1.3,20260112
4,Hobart,Hobart International,2026-01-12,WTA250,Outdoor,Hard,1st Round,3,Li A.,Volynets K.,38,94.0,1316,783.0,4.0,6.0,7,5,6,2,2.0,1.0,Completed,2,1.8,2.05,1.85,2.0,1.84,1.96,1.81,2.1,1.87,20260112
4,Hobart,Hobart International,2026-01-12,WTA250,Outdoor,Hard,1st Round,3,Cocciaretto E.,Shimizu A.,80,425.0,849,137.0,6.0,3.0,6,4,,,2.0,0.0,Completed,1.11,6.5,1.12,7.37,1.11,7.5,1.09,6.88,1.12,8.4,20260112
4,Hobart,Hobart International,2026-01-12,WTA250,Outdoor,Hard,1st Round,3,Sierra S.,McNally C.,64,83.0,1001,836.0,1.0,6.0,6,4,6,1,2.0,1.0,Completed,3,1.4,3.11,1.41,3.5,1.4,3.02,1.38,3.25,1.42,20260112
4,Hobart,Hobart International,2026-01-12,WTA250,Outdoor,Hard,1st Round,3,Danilovic O.,Kessler M.,68,36.0,957,1335.0,4.0,6.0,6,4,6,4,2.0,1.0,Completed,3.4,1.33,3.42,1.36,3.4,1.42,3.19,1.35,3.55,1.37,20260112
4,Hobart,Hobart International,2026-01-12,WTA250,Outdoor,Hard,1st Round,3,Ruzic A.,Arango E.,71,50.0,925,1149.0,7.0,5.0,6,1,,,2.0,0.0,Completed,1.44,2.75,1.5,2.76,1.5,2.88,1.46,2.69,1.54,2.8,20260112
4,Hobart,Hobart International,2026-01-13,WTA250,Outdoor,Hard,1st Round,3,Bondar A.,Seidel E.,75,78.0,877,850.0,6.0,0.0,6,1,,,2.0,0.0,Completed,1.8,2.0,1.84,2.04,1.85,2.0,1.81,1.96,1.92,2.04,20260113
4,Hobart,Hobart International,2026-01-13,WTA250,Outdoor,Hard,1st Round,3,Sramkova R.,Gracheva V.,72,74.0,914,887.0,6.0,4.0,4,6,6,2,2.0,1.0,Completed,1.73,2.1,1.76,2.16,1.75,2.12,1.72,2.09,1.79,2.18,20260113
4,Hobart,Hobart International,2026-01-13,WTA250,Outdoor,Hard,1st Round,3,Stearns P.,Krejcikova B.,67,55.0,958,1080.0,6.0,4.0,1,6,7,6,2.0,1.0,Completed,3.2,1.36,3.15,1.4,3.4,1.44,3.05,1.37,3.35,1.4,20260113
4,Hobart,Hobart International,2026-01-13,WTA250,Outdoor,Hard,1st Round,3,Jovic I.,Tjen J.,30,56.0,1520,1075.0,6.0,0.0,6,1,,,2.0,0.0,Completed,1.57,2.38,1.63,2.41,1.65,2.43,1.57,2.35,1.66,2.44,20260113
4,Hobart,Hobart International,2026-01-13,WTA250,Outdoor,Hard,1st Round,3,Frech M.,Jacquemot E.,57,58.0,1073,1070.0,6.0,4.0,6,0,,,2.0,0.0,Completed,1.5,2.63,1.51,2.72,1.57,2.63,1.49,2.58,1.56,2.72,20260113
4,Hobart,Hobart International,2026-01-13,WTA250,Outdoor,Hard,1st Round,3,Maria T.,Williams V.,42,576.0,1229,81.0,6.0,4.0,6,3,,,2.0,0.0,Completed,1.53,2.5,1.61,2.46,1.53,2.75,1.5,2.56,1.6,2.6,20260113
4,Hobart,Hobart International,2026-01-13,WTA250,Outdoor,Hard,1st Round,3,Wang Xin.,Gibson T.,43,119.0,1194,634.0,6.0,2.0,6,3,,,2.0,0.0,Completed,1.57,2.38,1.58,2.51,1.6,2.43,1.57,2.33,1.68,2.42,20260113
4,Hobart,Hobart International,2026-01-14,WTA250,Outdoor,Hard,1st Round,3,Linette M.,Selekhmeteva O.,53,98.0,1113,766.0,6.0,3.0,1,6,6,1,2.0,1.0,Completed,1.91,1.91,1.89,2.0,2.0,2.1,1.9,1.87,2.04,1.92,20260114
4,Hobart,Hobart International,2026-01-14,WTA250,Outdoor,Hard,1st Round,3,Raducanu E.,Osorio M.,29,82.0,1563,840.0,6.0,3.0,7,6,,,2.0,0.0,Completed,1.3,3.5,1.35,3.44,1.33,3.5,1.3,3.41,1.31,4.1,20260114
4,Hobart,Hobart International,2026-01-14,WTA250,Outdoor,Hard,2nd Round,3,Cocciaretto E.,Li A.,80,38.0,849,1316.0,1.0,6.0,7,5,7,5,2.0,1.0,Completed,2.2,1.67,,,2.25,1.68,2.19,1.66,2.36,1.71,20260114
4,Hobart,Hobart International,2026-01-14,WTA250,Outdoor,Hard,2nd Round,3,Preston T.,Sramkova R.,204,72.0,354,914.0,6.0,4.0,6,1,,,2.0,0.0,Completed,2.75,1.44,,,2.9,1.5,2.81,1.42,3.0,1.47,20260114
4,Hobart,Hobart International,2026-01-14,WTA250,Outdoor,Hard,2nd Round,3,Jovic I.,Zarazua R.,30,84.0,1520,832.0,6.0,1.0,6,2,,,2.0,0.0,Completed,1.3,3.5,,,1.34,3.55,1.31,3.35,1.36,3.6,20260114
4,Hobart,Hobart International,2026-01-14,WTA250,Outdoor,Hard,2nd Round,3,Bondar A.,Maria T.,75,42.0,877,1229.0,7.0,6.0,7,5,,,2.0,0.0,Completed,1.36,3.2,,,1.4,3.5,1.35,3.16,1.32,4.0,20260114
4,Hobart,Hobart International,2026-01-14,WTA250,Outdoor,Hard,2nd Round,3,Ruzic A.,Sierra S.,71,64.0,925,1001.0,7.0,5.0,6,4,,,2.0,0.0,Completed,1.44,2.75,,,1.53,2.75,1.49,2.58,1.53,2.84,20260114
4,Hobart,Hobart International,2026-01-14,WTA250,Outdoor,Hard,2nd Round,3,Linette M.,Wang Xin.,53,43.0,1113,1194.0,6.0,1.0,7,5,,,2.0,0.0,Completed,2.2,1.67,,,2.35,1.67,2.25,1.62,,,20260114
4,Hobart,Hobart International,2026-01-14,WTA250,Outdoor,Hard,2nd Round,3,Danilovic O.,Stearns P.,68,67.0,957,958.0,7.0,6.0,6,1,,,2.0,0.0,Completed,1.67,2.2,,,1.8,2.2,1.69,2.14,1.76,2.26,20260114
4,Hobart,Hobart International,2026-01-14,WTA250,Outdoor,Hard,2nd Round,3,Raducanu E.,Frech M.,29,57.0,1563,1073.0,,,,,,,,,Walkover,1.3,3.5,,,1.34,3.5,1.32,3.3,1.37,1.02,20260114
4,Hobart,Hobart International,2026-01-15,WTA250,Outdoor,Hard,Quarterfinals,3,Cocciaretto E.,Bondar A.,80,75.0,849,877.0,6.0,2.0,6,2,,,2.0,0.0,Completed,2.2,1.67,,,2.2,1.8,2.11,1.71,2.04,1.96,20260115
4,Hobart,Hobart International,2026-01-15,WTA250,Outdoor,Hard,Quarterfinals,3,Preston T.,Raducanu E.,204,29.0,354,1563.0,6.0,2.0,6,4,,,2.0,0.0,Completed,3.5,1.3,,,4.0,1.3,3.63,1.28,4.5,1.26,20260115
4,Hobart,Hobart International,2026-01-15,WTA250,Outdoor,Hard,Quarterfinals,3,Ruzic A.,Danilovic O.,71,68.0,925,957.0,6.0,3.0,6,3,,,2.0,0.0,Completed,2.38,1.57,,,3.25,1.65,2.4,1.57,2.34,1.74,20260115
4,Hobart,Hobart International,2026-01-15,WTA250,Outdoor,Hard,Quarterfinals,3,Jovic I.,Linette M.,30,53.0,1520,1113.0,6.0,3.0,6,7,6,2,2.0,1.0,Completed,1.25,4.0,,,1.3,4.25,1.26,3.81,1.28,4.4,20260115
4,Hobart,Hobart International,2026-01-16,WTA250,Outdoor,Hard,Semifinals,3,Cocciaretto E.,Ruzic A.,80,71.0,849,925.0,6.0,3.0,6,2,,,2.0,0.0,Completed,1.91,1.91,,,1.94,2.0,1.89,1.89,1.96,2.0,20260116
4,Hobart,Hobart International,2026-01-16,WTA250,Outdoor,Hard,Semifinals,3,Jovic I.,Preston T.,30,204.0,1520,354.0,4.0,6.0,6,4,6,1,2.0,1.0,Completed,1.25,4.0,,,1.26,4.5,1.22,4.17,1.23,5.1,20260116
4,Hobart,Hobart International,2026-01-17,WTA250,Outdoor,Hard,The Final,3,Cocciaretto E.,Jovic I.,80,30.0,849,1520.0,6.0,4.0,6,4,,,2.0,0.0,Completed,3.5,1.3,,,3.75,1.33,3.41,1.31,3.9,1.33,20260117
5,Melbourne,Australian Open,2026-01-18,Grand Slam,Outdoor,Hard,1st Round,3,Putintseva Y.,Haddad Maia B.,94,61.0,799,1052.0,3.0,6.0,7,5,6,3,2.0,1.0,Completed,1.73,2.1,,,1.73,2.15,1.72,2.1,1.79,2.24,20260118
5,Melbourne,Australian Open,2026-01-18,Grand Slam,Outdoor,Hard,1st Round,3,Ruse E.G.,Yastremska D.,79,28.0,872,1610.0,6.0,4.0,7,5,,,2.0,0.0,Completed,2.1,1.73,,,2.15,1.75,2.09,1.72,2.3,1.75,20260118
5,Melbourne,Australian Open,2026-01-18,Grand Slam,Outdoor,Hard,1st Round,3,Gibson T.,Blinkova A.,119,64.0,634,1016.0,6.0,1.0,6,3,,,2.0,0.0,Completed,1.8,2.0,,,1.83,2.1,1.78,2.02,1.87,2.12,20260118
5,Melbourne,Australian Open,2026-01-18,Grand Slam,Outdoor,Hard,1st Round,3,Paolini J.,Sasnovich A.,8,104.0,4267,755.0,6.0,1.0,6,2,,,2.0,0.0,Completed,1.33,3.4,,,1.4,3.4,1.35,3.11,1.4,3.4,20260118
5,Melbourne,Australian Open,2026-01-18,Grand Slam,Outdoor,Hard,1st Round,3,Sakkari M.,Jeanjean L.,53,103.0,1133,760.0,6.0,4.0,6,2,,,2.0,0.0,Completed,1.17,5.0,,,1.24,5.25,1.21,4.34,1.24,5.0,20260118
5,Melbourne,Australian Open,2026-01-18,Grand Slam,Outdoor,Hard,1st Round,3,McNally C.,Sakatsume H.,85,140.0,836,514.0,6.0,3.0,6,1,,,2.0,0.0,Completed,1.4,3.0,,,1.55,3.0,1.45,2.67,1.51,2.94,20260118
5,Melbourne,Australian Open,2026-01-18,Grand Slam,Outdoor,Hard,1st Round,3,Jacquemot E.,Kostyuk M.,60,20.0,1070,1983.0,6.0,7.0,7,6,7,6,2.0,1.0,Completed,8,1.08,,,9.0,1.09,7.83,1.07,10.0,1.1,20260118
5,Melbourne,Australian Open,2026-01-18,Grand Slam,Outdoor,Hard,1st Round,3,Svitolina E.,Bucsa C.,12,52.0,2856,1134.0,6.0,4.0,6,1,,,2.0,0.0,Completed,1.17,5.0,,,1.21,5.25,1.18,4.63,1.2,5.8,20260118
5,Melbourne,Australian Open,2026-01-18,Grand Slam,Outdoor,Hard,1st Round,3,Baptiste H.,Townsend T.,70,116.0,979,652.0,6.0,3.0,6,7,6,3,2.0,1.0,Completed,2.38,1.57,,,3.25,1.58,2.76,1.45,3.25,1.37,20260118
5,Melbourne,Australian Open,2026-01-18,Grand Slam,Outdoor,Hard,1st Round,3,Sonmez Z.,Alexandrova E.,112,11.0,694,3375.0,7.0,5.0,4,6,6,4,2.0,1.0,Completed,4,1.25,,,4.0,1.33,3.67,1.28,4.7,1.26,20260118
5,Melbourne,Australian Open,2026-01-18,Grand Slam,Outdoor,Hard,1st Round,3,Kudermetova P.,Maristany G.,150,185.0,490,386.0,6.0,2.0,6,3,,,2.0,0.0,Completed,,,,,1.33,4.2,1.25,3.82,1.29,4.3,20260118
5,Melbourne,Australian Open,2026-01-18,Grand Slam,Outdoor,Hard,1st Round,3,Sabalenka A.,Rakotomanga Rajaonah T.,1,118.0,10990,640.0,6.0,4.0,6,1,,,2.0,0.0,Completed,-,34.0,,,1.01,51.0,1.01,27.5,1.01,120.0,20260118
5,Melbourne,Australian Open,2026-01-18,Grand Slam,Outdoor,Hard,1st Round,3,Potapova A.,Lamens S.,55,97.0,1106,780.0,3.0,6.0,7,5,6,2,2.0,1.0,Completed,1.4,3.0,,,1.43,3.0,1.41,2.83,1.42,3.3,20260118
5,Melbourne,Australian Open,2026-01-18,Grand Slam,Outdoor,Hard,1st Round,3,Bai Z.,Pavlyuchenkova A.,702,47.0,55,1185.0,6.0,4.0,2,6,7,6,2.0,1.0,Completed,2.3,1.62,,,2.5,1.67,2.3,1.6,2.46,1.67,20260118
5,Melbourne,Australian Open,2026-01-18,Grand Slam,Outdoor,Hard,1st Round,3,Danilovic O.,Williams V.,69,578.0,981,82.0,6.0,7.0,6,3,6,4,2.0,1.0,Completed,1.14,5.5,,,1.17,5.75,1.15,5.28,1.15,7.2,20260118
5,Melbourne,Australian Open,2026-01-18,Grand Slam,Outdoor,Hard,1st Round,3,Raducanu E.,Sawangkaew M.,29,197.0,1607,366.0,6.0,4.0,6,1,,,2.0,0.0,Completed,1.2,4.5,,,1.25,4.6,1.21,4.28,1.25,4.7,20260118
5,Melbourne,Australian Open,2026-01-19,Grand Slam,Outdoor,Hard,1st Round,3,Stearns P.,Kenin S.,68,30.0,987,1567.0,6.0,3.0,6,2,,,2.0,0.0,Completed,2.2,1.67,,,2.21,1.7,2.17,1.67,2.3,1.75,20260119
5,Melbourne,Australian Open,2026-01-19,Grand Slam,Outdoor,Hard,1st Round,3,Frech M.,Erjavec V.,57,102.0,1093,765.0,6.0,1.0,6,1,,,2.0,0.0,Completed,1.22,4.33,,,1.27,4.33,1.24,3.96,1.28,4.4,20260119
5,Melbourne,Australian Open,2026-01-19,Grand Slam,Outdoor,Hard,1st Round,3,Kessler M.,Arango E.,37,51.0,1335,1149.0,6.0,3.0,6,2,,,2.0,0.0,Completed,1.17,5.0,,,1.19,5.25,1.17,4.83,1.19,6.0,20260119
5,Melbourne,Australian Open,2026-01-19,Grand Slam,Outdoor,Hard,1st Round,3,Linette M.,Navarro E.,50,15.0,1157,2515.0,3.0,6.0,6,3,6,3,2.0,1.0,Completed,3.2,1.36,,,3.25,1.36,3.19,1.34,3.25,1.43,20260119
5,Melbourne,Australian Open,2026-01-19,Grand Slam,Outdoor,Hard,1st Round,3,Hunter S.,Bouzas Maneiro J.,367,40.0,169,1262.0,6.0,4.0,6,4,,,2.0,0.0,Completed,2.75,1.44,,,2.8,1.47,2.74,1.43,2.82,1.53,20260119
5,Melbourne,Australian Open,2026-01-19,Grand Slam,Outdoor,Hard,1st Round,3,Marcinko P.,Maria T.,81,42.0,854,1232.0,6.0,3.0,7,5,,,2.0,0.0,Completed,1.4,3.0,,,1.43,3.5,1.4,2.92,1.47,3.1,20260119
5,Melbourne,Australian Open,2026-01-19,Grand Slam,Outdoor,Hard,1st Round,3,Li A.,Osorio M.,38,84.0,1316,840.0,6.0,4.0,6,7,7,5,2.0,1.0,Completed,1.62,2.3,,,1.68,2.3,1.63,2.25,1.68,2.42,20260119
5,Melbourne,Australian Open,2026-01-19,Grand Slam,Outdoor,Hard,1st Round,3,Bondar A.,Mandlik E.,74,182.0,913,387.0,6.0,0.0,6,4,,,2.0,0.0,Completed,1.29,3.75,,,1.3,3.8,1.29,3.53,1.34,3.85,20260119
5,Melbourne,Australian Open,2026-01-19,Grand Slam,Outdoor,Hard,1st Round,3,Gauff C.,Rakhimova K.,3,93.0,6423,802.0,6.0,2.0,6,3,,,2.0,0.0,Completed,1.04,13.0,,,1.06,13.0,1.04,10.41,1.06,16.5,20260119
5,Melbourne,Australian Open,2026-01-19,Grand Slam,Outdoor,Hard,1st Round,3,Hon P.,Stakusic M.,121,127.0,620,565.0,1.0,6.0,6,4,5,3,1.0,1.0,Retired,2.38,1.57,,,2.75,1.62,2.38,1.56,2.38,1.7,20260119
5,Melbourne,Australian Open,2026-01-19,Grand Slam,Outdoor,Hard,1st Round,3,Klimovicova L.,Jones F.,134,71.0,538,951.0,6.0,2.0,3,2,,,1.0,0.0,Retired,1.62,2.3,,,1.73,2.3,1.65,2.21,1.68,2.44,20260119
5,Melbourne,Australian Open,2026-01-19,Grand Slam,Outdoor,Hard,1st Round,3,Pegula J.,Zakharova A.,6,105.0,5453,742.0,6.0,2.0,6,1,,,2.0,0.0,Completed,1.07,9.0,,,1.08,9.5,1.06,8.53,1.07,13.5,20260119
5,Melbourne,Australian Open,2026-01-19,Grand Slam,Outdoor,Hard,1st Round,3,Tauson C.,Galfi D.,14,91.0,2530,805.0,6.0,3.0,6,3,,,2.0,0.0,Completed,1.44,2.75,,,1.47,2.85,1.44,2.73,1.49,3.0,20260119
5,Melbourne,Australian Open,2026-01-19,Grand Slam,Outdoor,Hard,1st Round,3,Parks A.,Eala A.,99,49.0,770,1159.0,0.0,6.0,6,3,6,2,2.0,1.0,Completed,3.75,1.29,,,4.33,1.3,3.89,1.25,4.8,1.25,20260119
5,Melbourne,Australian Open,2026-01-19,Grand Slam,Outdoor,Hard,1st Round,3,Muchova K.,Cristian J.,19,35.0,2083,1427.0,6.0,3.0,7,6,,,2.0,0.0,Completed,1.17,5.0,,,1.22,5.0,1.19,4.56,1.22,5.3,20260119
5,Melbourne,Australian Open,2026-01-19,Grand Slam,Outdoor,Hard,1st Round,3,Anisimova A.,Waltert S.,4,87.0,6320,824.0,6.0,3.0,6,2,,,2.0,0.0,Completed,1.03,15.0,,,1.04,15.0,1.03,11.56,1.05,18.0,20260119
5,Melbourne,Australian Open,2026-01-19,Grand Slam,Outdoor,Hard,1st Round,3,Selekhmeteva O.,Seidel E.,101,82.0,769,850.0,6.0,3.0,3,6,6,0,2.0,1.0,Completed,1.73,2.1,,,1.76,2.12,1.72,2.08,1.81,2.18,20260119
5,Melbourne,Australian Open,2026-01-19,Grand Slam,Outdoor,Hard,1st Round,3,Jovic I.,Volynets K.,27,96.0,1671,783.0,6.0,2.0,6,3,,,2.0,0.0,Completed,1.33,3.4,,,1.36,3.8,1.34,3.21,1.41,3.4,20260119
5,Melbourne,Australian Open,2026-01-19,Grand Slam,Outdoor,Hard,1st Round,3,Mboko V.,Jones E.,16,153.0,2447,464.0,6.0,4.0,6,1,,,2.0,0.0,Completed,1.22,4.33,,,1.24,4.4,1.22,4.11,1.25,4.8,20260119
5,Melbourne,Australian Open,2026-01-19,Grand Slam,Outdoor,Hard,1st Round,3,Noskova L.,Semenistaja D.,13,98.0,2641,779.0,6.0,3.0,6,0,,,2.0,0.0,Completed,1.13,6.0,,,1.18,6.5,1.13,5.74,1.15,7.2,20260119
5,Melbourne,Australian Open,2026-01-19,Grand Slam,Outdoor,Hard,1st Round,3,Tomljanovic A.,Starodubtseva Y.,78,110.0,881,701.0,4.0,6.0,7,6,6,1,2.0,1.0,Completed,1.73,2.1,,,1.75,2.15,1.72,2.09,1.8,2.22,20260119
5,Melbourne,Australian Open,2026-01-19,Grand Slam,Outdoor,Hard,1st Round,3,Badosa P.,Diyas Z.,26,290.0,1676,232.0,6.0,2.0,6,4,,,2.0,0.0,Completed,1.02,17.0,,,1.03,21.0,1.02,13.73,1.06,14.5,20260119
5,Melbourne,Australian Open,2026-01-19,Grand Slam,Outdoor,Hard,1st Round,3,Bouzkova M.,Zarazua R.,44,80.0,1225,855.0,6.0,2.0,7,5,,,2.0,0.0,Completed,1.29,3.75,,,1.3,3.8,1.28,3.58,1.32,4.0,20260119
5,Melbourne,Australian Open,2026-01-19,Grand Slam,Outdoor,Hard,1st Round,3,Shnaider D.,Krejcikova B.,22,58.0,1953,1081.0,2.0,6.0,6,3,6,3,2.0,1.0,Completed,1.53,2.5,,,1.6,2.5,1.56,2.39,1.6,2.6,20260119
5,Melbourne,Australian Open,2026-01-19,Grand Slam,Outdoor,Hard,1st Round,3,Andreeva M.,Vekic D.,7,72.0,4731,935.0,4.0,6.0,6,3,6,0,2.0,1.0,Completed,1.11,6.5,,,1.13,6.75,1.12,6.04,1.15,7.4,20260119
5,Melbourne,Australian Open,2026-01-19,Grand Slam,Outdoor,Hard,1st Round,3,Swiatek I.,Yuan Y.,2,130.0,8328,552.0,7.0,6.0,6,3,,,2.0,0.0,Completed,1.01,26.0,,,1.03,26.0,1.02,16.97,1.02,36.0,20260119
5,Melbourne,Australian Open,2026-01-19,Grand Slam,Outdoor,Hard,1st Round,3,Uchijima M.,Sierra S.,88,63.0,822,1018.0,6.0,3.0,6,1,,,2.0,0.0,Completed,2.75,1.44,,,2.85,1.57,2.66,1.46,3.0,1.49,20260119
5,Melbourne,Australian Open,2026-01-19,Grand Slam,Outdoor,Hard,1st Round,3,Mertens E.,Tararudee L.,21,131.0,1956,549.0,7.0,5.0,6,1,,,2.0,0.0,Completed,1.25,4.0,,,1.25,4.2,1.24,3.96,1.3,4.2,20260119
5,Melbourne,Australian Open,2026-01-20,Grand Slam,Outdoor,Hard,1st Round,3,Siniakova K.,Udvardy P.,45,90.0,1215,819.0,6.0,1.0,6,2,,,2.0,0.0,Completed,1.1,7.0,,,1.13,7.0,1.11,6.37,1.13,7.6,20260120
5,Melbourne,Australian Open,2026-01-20,Grand Slam,Outdoor,Hard,1st Round,3,Tjen J.,Fernandez L.A.,59,23.0,1075,1821.0,6.0,2.0,7,6,,,2.0,0.0,Completed,3.4,1.33,,,3.45,1.44,3.25,1.34,3.6,1.37,20260120
5,Melbourne,Australian Open,2026-01-20,Grand Slam,Outdoor,Hard,1st Round,3,Preston T.,Zhang S.,161,75.0,443,899.0,6.0,3.0,2,6,6,3,2.0,1.0,Completed,2.5,1.53,,,2.63,1.57,2.55,1.5,3.0,1.48,20260120
5,Melbourne,Australian Open,2026-01-20,Grand Slam,Outdoor,Hard,1st Round,3,Gracheva V.,Golubic V.,77,83.0,887,841.0,6.0,1.0,2,6,6,1,2.0,1.0,Completed,1.91,1.91,,,1.93,1.91,1.89,1.88,2.06,1.91,20260120
5,Melbourne,Australian Open,2026-01-20,Grand Slam,Outdoor,Hard,1st Round,3,Krueger A.,Bejlek S.,62,89.0,1026,821.0,6.0,3.0,6,3,,,2.0,0.0,Completed,1.67,2.2,,,1.83,2.25,1.68,2.15,1.78,2.26,20260120
5,Melbourne,Australian Open,2026-01-20,Grand Slam,Outdoor,Hard,1st Round,3,Valentova T.,Joint M.,54,31.0,1121,1549.0,6.0,4.0,6,4,,,2.0,0.0,Completed,1.4,3.0,,,1.44,3.05,1.41,2.85,1.42,3.3,20260120
5,Melbourne,Australian Open,2026-01-20,Grand Slam,Outdoor,Hard,1st Round,3,Keys M.,Oliynykova O.,9,92.0,4111,804.0,7.0,6.0,6,1,,,2.0,0.0,Completed,1.02,17.0,,,1.05,17.0,1.03,12.04,1.06,16.0,20260120
5,Melbourne,Australian Open,2026-01-20,Grand Slam,Outdoor,Hard,1st Round,3,Wang Xin.,Kalinina A.,46,179.0,1197,393.0,6.0,3.0,6,3,,,2.0,0.0,Completed,1.67,2.2,,,1.73,2.25,1.67,2.17,1.73,2.3,20260120
5,Melbourne,Australian Open,2026-01-20,Grand Slam,Outdoor,Hard,1st Round,3,Grabher J.,Cocciaretto E.,95,56.0,799,1099.0,7.0,5.0,2,6,6,4,2.0,1.0,Completed,4,1.25,,,5.0,1.26,4.03,1.23,4.5,1.27,20260120
5,Melbourne,Australian Open,2026-01-20,Grand Slam,Outdoor,Hard,1st Round,3,Pliskova Ka.,Stephens S.,1057,1102.0,16,14.0,7.0,6.0,6,2,,,2.0,0.0,Completed,3,1.4,,,3.0,1.48,2.88,1.41,3.3,1.42,20260120
5,Melbourne,Australian Open,2026-01-20,Grand Slam,Outdoor,Hard,1st Round,3,Fruhvirtova L.,Sun L.,132,86.0,548,825.0,6.0,3.0,7,5,,,2.0,0.0,Completed,2.1,1.73,,,2.2,1.73,2.12,1.7,2.2,1.8,20260120
5,Melbourne,Australian Open,2026-01-20,Grand Slam,Outdoor,Hard,1st Round,3,Kalinskaya A.,Kartal S.,33,66.0,1511,1004.0,7.0,6.0,6,1,,,2.0,0.0,Completed,1.53,2.5,,,1.57,2.55,1.53,2.47,1.58,2.68,20260120
5,Melbourne,Australian Open,2026-01-20,Grand Slam,Outdoor,Hard,1st Round,3,Rybakina E.,Juvan K.,5,100.0,5850,770.0,6.0,4.0,6,3,,,2.0,0.0,Completed,1.03,15.0,,,1.04,15.0,1.03,12.08,1.04,17.5,20260120
5,Melbourne,Australian Open,2026-01-20,Grand Slam,Outdoor,Hard,1st Round,3,Cirstea S.,Lys E.,41,39.0,1249,1303.0,3.0,6.0,6,4,6,3,2.0,1.0,Completed,1.91,1.91,,,2.0,2.0,1.87,1.91,1.93,2.02,20260120
5,Melbourne,Australian Open,2026-01-20,Grand Slam,Outdoor,Hard,1st Round,3,Ostapenko J.,Sramkova R.,24,73.0,1741,914.0,6.0,4.0,6,4,,,2.0,0.0,Completed,1.91,1.91,,,2.15,1.91,1.93,1.85,2.16,1.84,20260120
5,Melbourne,Australian Open,2026-01-20,Grand Slam,Outdoor,Hard,1st Round,3,Siegemund L.,Samsonova L.,48,18.0,1171,2122.0,0.0,6.0,7,5,6,4,2.0,1.0,Completed,4.33,1.22,,,5.5,1.27,4.17,1.22,4.3,1.28,20260120
5,Melbourne,Australian Open,2026-01-20,Grand Slam,Outdoor,Hard,1st Round,3,Bencic B.,Boulter K.,10,113.0,3512,684.0,6.0,0.0,7,5,,,2.0,0.0,Completed,1.13,6.0,,,1.15,7.5,1.13,5.92,1.14,7.4,20260120
5,Melbourne,Australian Open,2026-01-20,Grand Slam,Outdoor,Hard,1st Round,3,Osaka N.,Ruzic A.,17,65.0,2366,1008.0,6.0,3.0,3,6,6,4,2.0,1.0,Completed,1.22,4.33,,,1.25,4.33,1.23,4.08,1.26,4.8,20260120
5,Melbourne,Australian Open,2026-01-20,Grand Slam,Outdoor,Hard,1st Round,3,Inglis M.,Birrell K.,168,76.0,418,892.0,7.0,6.0,6,7,6,4,2.0,1.0,Completed,3,1.4,,,3.1,1.42,2.94,1.39,3.25,1.42,20260120
5,Melbourne,Australian Open,2026-01-20,Grand Slam,Outdoor,Hard,1st Round,3,Bartunkova N.,Kasatkina D.,126,43.0,582,1227.0,7.0,6.0,0,6,6,3,2.0,1.0,Completed,2.75,1.44,,,2.88,1.45,2.78,1.43,2.8,1.55,20260120
5,Melbourne,Australian Open,2026-01-21,Grand Slam,Outdoor,Hard,2nd Round,3,Shnaider D.,Gibson T.,22,119.0,1953,634.0,3.0,6.0,7,5,6,3,2.0,1.0,Completed,1.25,4.0,,,1.26,5.0,1.23,4.18,1.28,4.5,20260121
5,Melbourne,Australian Open,2026-01-21,Grand Slam,Outdoor,Hard,2nd Round,3,Sonmez Z.,Bondar A.,112,74.0,694,913.0,6.0,2.0,6,4,,,2.0,0.0,Completed,1.62,2.3,,,1.72,2.3,1.66,2.19,1.72,2.36,20260121
5,Melbourne,Australian Open,2026-01-21,Grand Slam,Outdoor,Hard,2nd Round,3,Svitolina E.,Klimovicova L.,12,134.0,2856,538.0,7.0,5.0,6,1,,,2.0,0.0,Completed,1.1,7.0,,,1.14,7.0,1.11,6.52,1.12,9.0,20260121
5,Melbourne,Australian Open,2026-01-21,Grand Slam,Outdoor,Hard,2nd Round,3,Sabalenka A.,Bai Z.,1,702.0,10990,55.0,6.0,3.0,6,1,,,2.0,0.0,Completed,1.01,29.0,,,1.02,34.0,1.01,22.65,1.01,50.0,20260121
5,Melbourne,Australian Open,2026-01-21,Grand Slam,Outdoor,Hard,2nd Round,3,Putintseva Y.,Jacquemot E.,94,60.0,799,1070.0,6.0,1.0,6,2,,,2.0,0.0,Completed,1.36,3.2,,,1.42,3.2,1.38,3.0,1.4,3.4,20260121
5,Melbourne,Australian Open,2026-01-21,Grand Slam,Outdoor,Hard,2nd Round,3,Baptiste H.,Hunter S.,70,367.0,979,169.0,6.0,2.0,6,1,,,2.0,0.0,Completed,1.62,2.3,,,1.65,2.38,1.61,2.27,1.76,2.28,20260121
5,Melbourne,Australian Open,2026-01-21,Grand Slam,Outdoor,Hard,2nd Round,3,Mboko V.,McNally C.,16,85.0,2447,836.0,6.0,4.0,6,3,,,2.0,0.0,Completed,1.3,3.5,,,1.35,3.5,1.32,3.31,1.35,3.75,20260121
5,Melbourne,Australian Open,2026-01-21,Grand Slam,Outdoor,Hard,2nd Round,3,Tauson C.,Kudermetova P.,14,150.0,2530,490.0,6.0,3.0,3,6,7,5,2.0,1.0,Completed,1.44,2.75,,,1.5,2.9,1.43,2.77,1.45,3.15,20260121
5,Melbourne,Australian Open,2026-01-21,Grand Slam,Outdoor,Hard,2nd Round,3,Potapova A.,Raducanu E.,55,29.0,1106,1607.0,7.0,6.0,6,2,,,2.0,0.0,Completed,3.2,1.36,,,3.6,1.4,3.13,1.35,3.15,1.45,20260121
5,Melbourne,Australian Open,2026-01-21,Grand Slam,Outdoor,Hard,2nd Round,3,Gauff C.,Danilovic O.,3,69.0,6423,981.0,6.0,2.0,6,2,,,2.0,0.0,Completed,1.08,8.0,,,1.11,10.0,1.09,7.38,1.11,9.6,20260121
5,Melbourne,Australian Open,2026-01-21,Grand Slam,Outdoor,Hard,2nd Round,3,Ruse E.G.,Tomljanovic A.,79,78.0,872,881.0,6.0,4.0,6,4,,,2.0,0.0,Completed,1.67,2.2,,,1.7,2.5,1.66,2.2,1.74,2.32,20260121
5,Melbourne,Australian Open,2026-01-21,Grand Slam,Outdoor,Hard,2nd Round,3,Linette M.,Li A.,50,38.0,1157,1316.0,6.0,3.0,6,3,,,2.0,0.0,Completed,2.1,1.73,,,2.2,1.73,2.12,1.71,2.32,1.74,20260121
5,Melbourne,Australian Open,2026-01-21,Grand Slam,Outdoor,Hard,2nd Round,3,Muchova K.,Parks A.,19,99.0,2083,770.0,4.0,6.0,6,4,6,4,2.0,1.0,Completed,1.08,8.0,,,1.1,8.0,1.09,7.23,1.12,8.8,20260121
5,Melbourne,Australian Open,2026-01-21,Grand Slam,Outdoor,Hard,2nd Round,3,Andreeva M.,Sakkari M.,7,53.0,4731,1133.0,6.0,0.0,6,4,,,2.0,0.0,Completed,1.17,5.0,,,1.18,5.25,1.17,4.89,1.2,5.8,20260121
5,Melbourne,Australian Open,2026-01-21,Grand Slam,Outdoor,Hard,2nd Round,3,Paolini J.,Frech M.,8,57.0,4267,1093.0,6.0,2.0,6,3,,,2.0,0.0,Completed,1.25,4.0,,,1.26,4.33,1.25,3.89,1.3,4.2,20260121
5,Melbourne,Australian Open,2026-01-21,Grand Slam,Outdoor,Hard,2nd Round,3,Jovic I.,Hon P.,27,121.0,1671,620.0,6.0,1.0,6,2,,,2.0,0.0,Completed,1.14,5.5,,,1.18,5.5,1.17,4.87,1.21,5.4,20260121
5,Melbourne,Australian Open,2026-01-22,Grand Slam,Outdoor,Hard,2nd Round,3,Keys M.,Krueger A.,9,62.0,4111,1026.0,6.0,1.0,7,5,,,2.0,0.0,Completed,1.2,4.5,,,1.25,4.75,1.21,4.29,1.25,4.8,20260122
5,Melbourne,Australian Open,2026-01-22,Grand Slam,Outdoor,Hard,2nd Round,3,Selekhmeteva O.,Badosa P.,101,26.0,769,1676.0,6.0,4.0,6,4,,,2.0,0.0,Completed,4,1.25,,,4.0,1.27,3.85,1.26,4.3,1.28,20260122
5,Melbourne,Australian Open,2026-01-22,Grand Slam,Outdoor,Hard,2nd Round,3,Pegula J.,Kessler M.,6,37.0,5453,1335.0,6.0,0.0,6,2,,,2.0,0.0,Completed,1.22,4.33,,,1.25,4.33,1.23,4.1,1.26,4.7,20260122
5,Melbourne,Australian Open,2026-01-22,Grand Slam,Outdoor,Hard,2nd Round,3,Pliskova Ka.,Tjen J.,1057,59.0,16,1075.0,6.0,4.0,6,4,,,2.0,0.0,Completed,3.5,1.3,,,3.66,1.34,3.44,1.31,3.75,1.36,20260122
5,Melbourne,Australian Open,2026-01-22,Grand Slam,Outdoor,Hard,2nd Round,3,Kalinskaya A.,Grabher J.,33,95.0,1511,799.0,6.0,3.0,6,3,,,2.0,0.0,Completed,1.08,8.0,,,1.11,8.0,1.09,7.04,1.11,9.4,20260122
5,Melbourne,Australian Open,2026-01-22,Grand Slam,Outdoor,Hard,2nd Round,3,Inglis M.,Siegemund L.,168,48.0,418,1171.0,6.0,4.0,6,7,7,6,2.0,1.0,Completed,2.3,1.62,,,2.3,1.68,2.22,1.64,2.5,1.65,20260122
5,Melbourne,Australian Open,2026-01-22,Grand Slam,Outdoor,Hard,2nd Round,3,Wang Xin.,Ostapenko J.,46,24.0,1197,1741.0,4.0,6.0,6,4,6,4,2.0,1.0,Completed,1.62,2.3,,,1.67,2.3,1.64,2.22,1.65,2.5,20260122
5,Melbourne,Australian Open,2026-01-22,Grand Slam,Outdoor,Hard,2nd Round,3,Noskova L.,Preston T.,13,161.0,2641,443.0,6.0,2.0,4,6,6,2,2.0,1.0,Completed,1.14,5.5,,,1.17,6.0,1.15,5.27,1.18,6.0,20260122
5,Melbourne,Australian Open,2026-01-22,Grand Slam,Outdoor,Hard,2nd Round,3,Stearns P.,Marcinko P.,68,81.0,987,854.0,6.0,2.0,7,5,,,2.0,0.0,Completed,1.67,2.2,,,1.67,2.3,1.63,2.23,1.69,2.42,20260122
5,Melbourne,Australian Open,2026-01-22,Grand Slam,Outdoor,Hard,2nd Round,3,Anisimova A.,Siniakova K.,4,45.0,6320,1215.0,6.0,1.0,6,4,,,2.0,0.0,Completed,1.29,3.75,,,1.29,3.75,1.29,3.58,1.29,4.3,20260122
5,Melbourne,Australian Open,2026-01-22,Grand Slam,Outdoor,Hard,2nd Round,3,Mertens E.,Uchijima M.,21,88.0,1956,822.0,6.0,3.0,6,1,,,2.0,0.0,Completed,1.11,6.5,,,1.13,7.5,1.11,6.27,1.13,7.8,20260122
5,Melbourne,Australian Open,2026-01-22,Grand Slam,Outdoor,Hard,2nd Round,3,Valentova T.,Fruhvirtova L.,54,132.0,1121,548.0,7.0,5.0,2,6,6,3,2.0,1.0,Completed,1.2,4.5,,,1.23,5.2,1.2,4.5,1.23,5.1,20260122
5,Melbourne,Australian Open,2026-01-22,Grand Slam,Outdoor,Hard,2nd Round,3,Swiatek I.,Bouzkova M.,2,44.0,8328,1225.0,6.0,2.0,6,3,,,2.0,0.0,Completed,1.07,9.0,,,1.1,9.0,1.09,7.27,1.11,9.6,20260122
5,Melbourne,Australian Open,2026-01-22,Grand Slam,Outdoor,Hard,2nd Round,3,Osaka N.,Cirstea S.,17,41.0,2366,1249.0,6.0,3.0,4,6,6,2,2.0,1.0,Completed,1.57,2.38,,,1.65,2.5,1.57,2.36,1.64,2.5,20260122
5,Melbourne,Australian Open,2026-01-22,Grand Slam,Outdoor,Hard,2nd Round,3,Bartunkova N.,Bencic B.,126,10.0,582,3512.0,6.0,3.0,0,6,6,4,2.0,1.0,Completed,10,1.06,,,10.0,1.08,8.56,1.06,12.0,1.08,20260122
5,Melbourne,Australian Open,2026-01-22,Grand Slam,Outdoor,Hard,2nd Round,3,Rybakina E.,Gracheva V.,5,77.0,5850,887.0,7.0,5.0,6,2,,,2.0,0.0,Completed,1.04,13.0,,,1.04,13.0,1.03,11.46,1.05,20.0,20260122
5,Melbourne,Australian Open,2026-01-23,Grand Slam,Outdoor,Hard,3rd Round,3,Mboko V.,Tauson C.,16,14.0,2447,2530.0,7.0,6.0,5,7,6,3,2.0,1.0,Completed,1.5,2.63,,,1.52,2.75,1.49,2.58,1.49,2.98,20260123
5,Melbourne,Australian Open,2026-01-23,Grand Slam,Outdoor,Hard,3rd Round,3,Sabalenka A.,Potapova A.,1,55.0,10990,1106.0,7.0,6.0,7,6,,,2.0,0.0,Completed,1.04,13.0,,,1.04,14.0,1.04,11.38,1.03,26.0,20260123
5,Melbourne,Australian Open,2026-01-23,Grand Slam,Outdoor,Hard,3rd Round,3,Putintseva Y.,Sonmez Z.,94,112.0,799,694.0,6.0,3.0,6,7,6,3,2.0,1.0,Completed,1.73,2.1,,,1.83,2.15,1.74,2.07,1.82,2.2,20260123
5,Melbourne,Australian Open,2026-01-23,Grand Slam,Outdoor,Hard,3rd Round,3,Gauff C.,Baptiste H.,3,70.0,6423,979.0,3.0,6.0,6,0,6,3,2.0,1.0,Completed,1.06,10.0,,,1.08,10.0,1.07,8.27,1.09,11.5,20260123
5,Melbourne,Australian Open,2026-01-23,Grand Slam,Outdoor,Hard,3rd Round,3,Muchova K.,Linette M.,19,50.0,2083,1157.0,6.0,1.0,6,1,,,2.0,0.0,Completed,1.2,4.5,,,1.23,4.6,1.21,4.36,1.22,5.3,20260123
5,Melbourne,Australian Open,2026-01-23,Grand Slam,Outdoor,Hard,3rd Round,3,Jovic I.,Paolini J.,27,8.0,1671,4267.0,6.0,2.0,7,6,,,2.0,0.0,Completed,2.2,1.67,,,2.28,1.73,2.16,1.68,2.22,1.8,20260123
5,Melbourne,Australian Open,2026-01-23,Grand Slam,Outdoor,Hard,3rd Round,3,Svitolina E.,Shnaider D.,12,22.0,2856,1953.0,7.0,6.0,6,3,,,2.0,0.0,Completed,1.5,2.63,,,1.53,2.75,1.49,2.58,1.51,2.92,20260123
5,Melbourne,Australian Open,2026-01-23,Grand Slam,Outdoor,Hard,3rd Round,3,Andreeva M.,Ruse E.G.,7,79.0,4731,872.0,6.0,3.0,6,4,,,2.0,0.0,Completed,1.1,7.0,,,1.13,7.5,1.11,6.23,1.13,8.0,20260123
5,Melbourne,Australian Open,2026-01-23,Grand Slam,Outdoor,Hard,3rd Round,3,Pegula J.,Selekhmeteva O.,6,101.0,5453,769.0,6.0,3.0,6,2,,,2.0,0.0,Completed,1.05,11.0,,,1.06,11.0,1.05,9.35,1.08,12.0,20260123
5,Melbourne,Australian Open,2026-01-23,Grand Slam,Outdoor,Hard,3rd Round,3,Keys M.,Pliskova Ka.,9,1057.0,4111,16.0,6.0,3.0,6,3,,,2.0,0.0,Completed,1.14,5.5,,,1.15,6.5,1.14,5.49,1.17,6.2,20260123
5,Melbourne,Australian Open,2026-01-24,Grand Slam,Outdoor,Hard,3rd Round,3,Anisimova A.,Stearns P.,4,68.0,6320,987.0,6.0,1.0,6,4,,,2.0,0.0,Completed,1.14,5.5,,,1.17,6.0,1.15,5.3,1.19,6.2,20260124
5,Melbourne,Australian Open,2026-01-24,Grand Slam,Outdoor,Hard,3rd Round,3,Wang Xin.,Noskova L.,46,13.0,1197,2641.0,7.0,5.0,6,4,,,2.0,0.0,Completed,2.75,1.44,,,2.9,1.5,2.71,1.45,2.98,1.49,20260124
5,Melbourne,Australian Open,2026-01-24,Grand Slam,Outdoor,Hard,3rd Round,3,Mertens E.,Bartunkova N.,21,126.0,1956,582.0,6.0,0.0,6,4,,,2.0,0.0,Completed,1.29,3.75,,,1.29,4.33,1.27,3.74,1.33,4.0,20260124
5,Melbourne,Australian Open,2026-01-24,Grand Slam,Outdoor,Hard,3rd Round,3,Swiatek I.,Kalinskaya A.,2,33.0,8328,1511.0,6.0,1.0,1,6,6,1,2.0,1.0,Completed,1.22,4.33,,,1.25,4.5,1.22,4.15,1.26,4.8,20260124
5,Melbourne,Australian Open,2026-01-24,Grand Slam,Outdoor,Hard,3rd Round,3,Inglis M.,Osaka N.,168,17.0,418,2366.0,,,,,,,,,Walkover,7,1.1,,,7.0,1.12,6.54,1.1,8.4,1.13,20260124
5,Melbourne,Australian Open,2026-01-24,Grand Slam,Outdoor,Hard,3rd Round,3,Rybakina E.,Valentova T.,5,54.0,5850,1121.0,6.0,2.0,6,3,,,2.0,0.0,Completed,1.17,5.0,,,1.2,5.0,1.18,4.78,1.19,6.0,20260124
5,Melbourne,Australian Open,2026-01-25,Grand Slam,Outdoor,Hard,4th Round,3,Sabalenka A.,Mboko V.,1,16.0,10990,2447.0,6.0,1.0,7,6,,,2.0,0.0,Completed,1.14,5.5,,,1.17,5.75,1.16,5.22,1.18,6.2,20260125
5,Melbourne,Australian Open,2026-01-25,Grand Slam,Outdoor,Hard,4th Round,3,Jovic I.,Putintseva Y.,27,94.0,1671,799.0,6.0,0.0,6,1,,,2.0,0.0,Completed,1.29,3.75,,,1.44,4.0,1.29,3.59,1.29,4.3,20260125
5,Melbourne,Australian Open,2026-01-25,Grand Slam,Outdoor,Hard,4th Round,3,Gauff C.,Muchova K.,3,19.0,6423,2083.0,6.0,1.0,3,6,6,3,2.0,1.0,Completed,1.44,2.75,,,1.49,2.8,1.45,2.71,1.48,3.0,20260125
5,Melbourne,Australian Open,2026-01-25,Grand Slam,Outdoor,Hard,4th Round,3,Svitolina E.,Andreeva M.,12,7.0,2856,4731.0,6.0,2.0,6,4,,,2.0,0.0,Completed,2.5,1.53,,,2.7,1.57,2.53,1.51,2.72,1.57,20260125
5,Melbourne,Australian Open,2026-01-26,Grand Slam,Outdoor,Hard,4th Round,3,Pegula J.,Keys M.,6,9.0,5453,4111.0,6.0,3.0,6,4,,,2.0,0.0,Completed,1.62,2.3,,,1.65,2.5,1.59,2.33,1.63,2.58,20260126
5,Melbourne,Australian Open,2026-01-26,Grand Slam,Outdoor,Hard,4th Round,3,Anisimova A.,Wang Xin.,4,46.0,6320,1197.0,7.0,6.0,6,4,,,2.0,0.0,Completed,1.14,5.5,,,1.17,6.5,1.14,5.5,1.16,7.0,20260126
5,Melbourne,Australian Open,2026-01-26,Grand Slam,Outdoor,Hard,4th Round,3,Rybakina E.,Mertens E.,5,21.0,5850,1956.0,6.0,1.0,6,3,,,2.0,0.0,Completed,1.14,5.5,,,1.18,5.5,1.15,5.22,1.17,6.4,20260126
5,Melbourne,Australian Open,2026-01-26,Grand Slam,Outdoor,Hard,4th Round,3,Swiatek I.,Inglis M.,2,168.0,8328,418.0,6.0,0.0,6,3,,,2.0,0.0,Completed,1.01,23.0,,,1.02,23.0,1.01,16.77,1.02,34.0,20260126
5,Melbourne,Australian Open,2026-01-27,Grand Slam,Outdoor,Hard,Quarterfinals,3,Sabalenka A.,Jovic I.,1,27.0,10990,1671.0,6.0,3.0,6,0,,,2.0,0.0,Completed,1.14,5.5,,,1.16,6.0,1.14,5.41,1.17,6.8,20260127
5,Melbourne,Australian Open,2026-01-27,Grand Slam,Outdoor,Hard,Quarterfinals,3,Svitolina E.,Gauff C.,12,3.0,2856,6423.0,6.0,1.0,6,2,,,2.0,0.0,Completed,2.63,1.5,,,2.8,1.55,2.58,1.5,2.68,1.59,20260127
5,Melbourne,Australian Open,2026-01-28,Grand Slam,Outdoor,Hard,Quarterfinals,3,Rybakina E.,Swiatek I.,5,2.0,5850,8328.0,7.0,5.0,6,1,,,2.0,0.0,Completed,1.67,2.2,,,1.75,2.2,1.71,2.13,1.78,2.26,20260128
5,Melbourne,Australian Open,2026-01-28,Grand Slam,Outdoor,Hard,Quarterfinals,3,Pegula J.,Anisimova A.,6,4.0,5453,6320.0,6.0,2.0,7,6,,,2.0,0.0,Completed,2.1,1.73,,,2.1,1.83,2.05,1.76,2.24,1.8,20260128
5,Melbourne,Australian Open,2026-01-29,Grand Slam,Outdoor,Hard,Semifinals,3,Sabalenka A.,Svitolina E.,1,12.0,10990,2856.0,6.0,2.0,6,3,,,2.0,0.0,Completed,1.2,4.5,,,1.29,4.6,1.22,4.19,1.24,5.0,20260129
5,Melbourne,Australian Open,2026-01-29,Grand Slam,Outdoor,Hard,Semifinals,3,Rybakina E.,Pegula J.,5,6.0,5850,5453.0,6.0,3.0,7,6,,,2.0,0.0,Completed,1.44,2.75,,,1.48,2.95,1.43,2.77,1.47,3.1,20260129
5,Melbourne,Australian Open,2026-01-31,Grand Slam,Outdoor,Hard,The Final,3,Rybakina E.,Sabalenka A.,5,1.0,5850,10990.0,6.0,4.0,4,6,6,4,2.0,1.0,Completed,2.38,1.62,,,2.48,1.63,2.36,1.6,2.48,1.67,20260131
6,Abu Dhabi,Abu Dhabi WTA Women's Tennis Open,2026-02-01,WTA500,Outdoor,Hard,1st Round,3,Samsonova L.,Kenin S.,18,28.0,2062,1567.0,6.0,4.0,6,0,,,2.0,0.0,Completed,1.5,2.63,,,1.5,2.75,1.47,2.59,1.53,2.84,20260201
6,Abu Dhabi,Abu Dhabi WTA Women's Tennis Open,2026-02-01,WTA500,Outdoor,Hard,1st Round,3,Kessler M.,Pavlyuchenkova A.,32,100.0,1395,765.0,6.0,3.0,6,3,,,2.0,0.0,Completed,1.44,2.75,,,1.46,3.0,1.41,2.79,1.45,3.05,20260201
6,Abu Dhabi,Abu Dhabi WTA Women's Tennis Open,2026-02-01,WTA500,Outdoor,Hard,1st Round,3,Fernandez L.A.,Paquet C.,25,220.0,1701,323.0,6.0,0.0,6,3,,,2.0,0.0,Completed,1.17,5.0,,,1.17,19.0,1.16,7.5,,,20260201
6,Abu Dhabi,Abu Dhabi WTA Women's Tennis Open,2026-02-01,WTA500,Outdoor,Hard,1st Round,3,Baptiste H.,Kostovic T.,56,171.0,1071,416.0,4.0,6.0,6,3,6,4,2.0,1.0,Completed,1.25,4.0,,,1.3,4.0,1.28,3.6,1.32,3.95,20260201
6,Abu Dhabi,Abu Dhabi WTA Women's Tennis Open,2026-02-02,WTA500,Outdoor,Hard,1st Round,3,Bejlek S.,Krueger A.,101,55.0,753,1086.0,6.0,3.0,6,0,,,2.0,0.0,Completed,2.1,1.73,,,2.17,1.76,2.07,1.73,2.22,1.8,20260202
6,Abu Dhabi,Abu Dhabi WTA Women's Tennis Open,2026-02-02,WTA500,Outdoor,Hard,1st Round,3,Sasnovich A.,Badosa P.,109,65.0,710,966.0,6.0,4.0,3,6,6,1,2.0,1.0,Completed,3,1.4,,,3.0,1.47,2.86,1.39,3.05,1.47,20260202
6,Abu Dhabi,Abu Dhabi WTA Women's Tennis Open,2026-02-02,WTA500,Outdoor,Hard,1st Round,3,Kartal S.,Bucsa C.,61,57.0,1004,1069.0,6.0,3.0,7,6,,,2.0,0.0,Completed,1.4,3.0,,,1.42,3.0,1.4,2.84,1.43,3.2,20260202
6,Abu Dhabi,Abu Dhabi WTA Women's Tennis Open,2026-02-02,WTA500,Outdoor,Hard,1st Round,3,Waltert S.,Kasatkina D.,94,62.0,786,997.0,7.0,6.0,3,6,6,4,2.0,1.0,Completed,2.5,1.53,,,2.55,1.56,2.45,1.53,2.56,1.6,20260202
6,Abu Dhabi,Abu Dhabi WTA Women's Tennis Open,2026-02-02,WTA500,Outdoor,Hard,1st Round,3,Tjen J.,Joint M.,47,29.0,1139,1549.0,7.0,6.0,3,6,6,3,2.0,1.0,Completed,1.8,2.0,,,1.84,2.2,1.76,2.02,1.81,2.18,20260202
6,Abu Dhabi,Abu Dhabi WTA Women's Tennis Open,2026-02-02,WTA500,Outdoor,Hard,1st Round,3,Yastremska D.,Haddad Maia B.,43,68.0,1175,932.0,6.0,2.0,7,5,,,2.0,0.0,Completed,1.57,2.38,,,1.67,2.38,1.6,2.27,1.69,2.42,20260202
6,Abu Dhabi,Abu Dhabi WTA Women's Tennis Open,2026-02-02,WTA500,Outdoor,Hard,1st Round,3,Ostapenko J.,Selekhmeteva O.,24,76.0,1801,868.0,5.0,7.0,7,6,6,2,2.0,1.0,Completed,1.8,2.0,,,2.3,2.0,1.97,1.81,2.1,1.88,20260202
6,Abu Dhabi,Abu Dhabi WTA Women's Tennis Open,2026-02-02,WTA500,Outdoor,Hard,1st Round,3,Eala A.,Sonmez Z.,45,79.0,1163,854.0,6.0,4.0,6,3,,,2.0,0.0,Completed,2,1.8,,,2.1,2.0,1.99,1.79,2.2,1.82,20260202
6,Abu Dhabi,Abu Dhabi WTA Women's Tennis Open,2026-02-03,WTA500,Outdoor,Hard,2nd Round,3,Samsonova L.,Tjen J.,18,47.0,2062,1139.0,6.0,2.0,6,2,,,2.0,0.0,Completed,1.53,2.5,,,1.63,2.63,1.52,2.48,1.6,2.6,20260203
6,Abu Dhabi,Abu Dhabi WTA Women's Tennis Open,2026-02-03,WTA500,Outdoor,Hard,2nd Round,3,Kessler M.,Fernandez L.A.,32,25.0,1395,1701.0,6.0,3.0,6,2,,,2.0,0.0,Completed,2.1,1.73,,,2.25,1.73,2.13,1.69,2.4,1.7,20260203
6,Abu Dhabi,Abu Dhabi WTA Women's Tennis Open,2026-02-03,WTA500,Outdoor,Hard,2nd Round,3,Baptiste H.,Navarro E.,56,17.0,1071,2095.0,7.0,6.0,0,6,6,3,2.0,1.0,Completed,3,1.4,,,3.0,1.42,2.87,1.4,3.1,1.46,20260203
6,Abu Dhabi,Abu Dhabi WTA Women's Tennis Open,2026-02-03,WTA500,Outdoor,Hard,2nd Round,3,Tauson C.,Waltert S.,16,94.0,2345,786.0,6.0,3.0,6,1,,,2.0,0.0,Completed,1.29,3.75,,,1.44,3.8,1.31,3.4,1.31,4.0,20260203
6,Abu Dhabi,Abu Dhabi WTA Women's Tennis Open,2026-02-04,WTA500,Outdoor,Hard,2nd Round,3,Alexandrova E.,Yastremska D.,11,43.0,2983,1175.0,6.0,3.0,6,0,,,2.0,0.0,Completed,1.44,2.75,,,1.55,2.8,1.5,2.54,1.51,2.92,20260204
6,Abu Dhabi,Abu Dhabi WTA Women's Tennis Open,2026-02-04,WTA500,Outdoor,Hard,2nd Round,3,Bejlek S.,Ostapenko J.,101,24.0,753,1801.0,6.0,4.0,6,3,,,2.0,0.0,Completed,1.8,2.0,,,1.94,2.1,1.84,1.94,1.92,2.06,20260204
6,Abu Dhabi,Abu Dhabi WTA Women's Tennis Open,2026-02-04,WTA500,Outdoor,Hard,2nd Round,3,Kartal S.,Zarazua R.,61,92.0,1004,804.0,6.0,0.0,6,3,,,2.0,0.0,Completed,,,,,1.07,12.5,1.06,9.83,,,20260204
6,Abu Dhabi,Abu Dhabi WTA Women's Tennis Open,2026-02-04,WTA500,Outdoor,Hard,2nd Round,3,Eala A.,Sasnovich A.,45,109.0,1163,710.0,2.0,6.0,6,4,7,6,2.0,1.0,Completed,1.57,2.38,,,1.6,2.43,1.57,2.34,1.61,2.58,20260204
6,Abu Dhabi,Abu Dhabi WTA Women's Tennis Open,2026-02-05,WTA500,Outdoor,Hard,Quarterfinals,3,Tauson C.,Kessler M.,16,32.0,2345,1395.0,6.0,3.0,6,4,,,2.0,0.0,Completed,1.57,2.38,,,1.85,2.4,1.63,2.26,1.66,2.48,20260205
6,Abu Dhabi,Abu Dhabi WTA Women's Tennis Open,2026-02-05,WTA500,Outdoor,Hard,Quarterfinals,3,Bejlek S.,Kartal S.,101,61.0,753,1004.0,6.0,0.0,6,2,,,2.0,0.0,Completed,3.5,1.3,,,3.6,1.47,3.25,1.33,3.75,1.35,20260205
6,Abu Dhabi,Abu Dhabi WTA Women's Tennis Open,2026-02-05,WTA500,Outdoor,Hard,Quarterfinals,3,Alexandrova E.,Eala A.,11,45.0,2983,1163.0,6.0,3.0,6,3,,,2.0,0.0,Completed,1.29,3.75,,,1.3,3.85,1.29,3.6,1.32,4.0,20260205
6,Abu Dhabi,Abu Dhabi WTA Women's Tennis Open,2026-02-05,WTA500,Outdoor,Hard,Quarterfinals,3,Baptiste H.,Samsonova L.,56,18.0,1071,2062.0,6.0,2.0,4,6,6,4,2.0,1.0,Completed,3.2,1.36,,,3.5,1.4,3.06,1.36,3.35,1.41,20260205
6,Abu Dhabi,Abu Dhabi WTA Women's Tennis Open,2026-02-06,WTA500,Outdoor,Hard,Semifinals,3,Alexandrova E.,Baptiste H.,11,56.0,2983,1071.0,3.0,6.0,7,6,6,3,2.0,1.0,Completed,1.25,4.0,,,1.27,4.0,1.25,3.8,1.29,4.3,20260206
6,Abu Dhabi,Abu Dhabi WTA Women's Tennis Open,2026-02-06,WTA500,Outdoor,Hard,Semifinals,3,Bejlek S.,Tauson C.,101,16.0,753,2345.0,7.0,5.0,3,6,7,5,2.0,1.0,Completed,2.75,1.44,,,2.95,1.45,2.78,1.42,2.96,1.5,20260206
6,Abu Dhabi,Abu Dhabi WTA Women's Tennis Open,2026-02-07,WTA500,Outdoor,Hard,The Final,3,Bejlek S.,Alexandrova E.,101,11.0,753,2983.0,7.0,6.0,6,1,,,2.0,0.0,Completed,3,1.4,,,3.0,1.57,2.83,1.42,3.1,1.46,20260207
7,Cluj-Napoca,Transylvania Open,2026-02-01,WTA250,Indoor,Hard,1st Round,3,Yuan Y.,Ruzic A.,130,67.0,582,933.0,6.0,4.0,5,7,6,2,2.0,1.0,Completed,2.2,1.67,,,2.3,1.73,2.13,1.68,2.28,1.76,20260201
7,Cluj-Napoca,Transylvania Open,2026-02-01,WTA250,Indoor,Hard,1st Round,3,Sorribes Tormo S.,Tomova V.,478,143.0,113,518.0,6.0,2.0,7,5,,,2.0,0.0,Completed,2.63,1.5,,,3.1,1.53,2.56,1.49,2.74,1.55,20260201
7,Cluj-Napoca,Transylvania Open,2026-02-01,WTA250,Indoor,Hard,1st Round,3,Bondar A.,Seidel E.,64,83.0,973,837.0,4.0,6.0,7,6,6,0,2.0,1.0,Completed,1.73,2.1,,,1.83,2.1,1.79,1.98,1.93,2.04,20260201
7,Cluj-Napoca,Transylvania Open,2026-02-01,WTA250,Indoor,Hard,1st Round,3,Oliynykova O.,Sherif M.,91,106.0,805,720.0,6.0,7.0,6,4,6,4,2.0,1.0,Completed,1.53,2.5,,,1.57,2.5,1.54,2.42,1.62,2.58,20260201
7,Cluj-Napoca,Transylvania Open,2026-02-02,WTA250,Indoor,Hard,1st Round,3,Juvan K.,Bertea E.R.,97,295.0,778,215.0,6.0,3.0,6,4,,,2.0,0.0,Completed,1.2,4.5,,,1.2,5.25,1.17,4.69,1.2,5.7,20260202
7,Cluj-Napoca,Transylvania Open,2026-02-02,WTA250,Indoor,Hard,1st Round,3,Zakharova A.,Pliskova Ka.,107,416.0,719,146.0,4.0,6.0,6,2,6,2,2.0,1.0,Completed,2.63,1.5,,,2.88,1.55,2.63,1.46,2.86,1.52,20260202
7,Cluj-Napoca,Transylvania Open,2026-02-02,WTA250,Indoor,Hard,1st Round,3,Zidansek T.,Erjavec V.,153,103.0,467,735.0,6.0,1.0,6,4,,,2.0,0.0,Completed,1.53,2.5,,,1.6,2.54,1.54,2.4,1.6,2.6,20260202
7,Cluj-Napoca,Transylvania Open,2026-02-02,WTA250,Indoor,Hard,1st Round,3,Danilovic O.,Bulgaru M.,88,206.0,811,346.0,6.0,4.0,6,3,,,2.0,0.0,Completed,1.08,8.0,,,1.08,8.5,1.07,7.63,1.08,12.0,20260202
7,Cluj-Napoca,Transylvania Open,2026-02-02,WTA250,Indoor,Hard,1st Round,3,Chwalinska M.,Bogdan A.,146,538.0,493,97.0,6.0,3.0,6,2,,,2.0,0.0,Completed,1.14,5.5,,,1.2,5.5,1.17,4.87,1.21,5.6,20260202
7,Cluj-Napoca,Transylvania Open,2026-02-02,WTA250,Indoor,Hard,1st Round,3,Raducanu E.,Minnen G.,30,125.0,1547,599.0,6.0,0.0,6,4,,,2.0,0.0,Completed,1.3,3.5,,,1.33,3.55,1.31,3.37,1.36,3.7,20260202
7,Cluj-Napoca,Transylvania Open,2026-02-02,WTA250,Indoor,Hard,1st Round,3,Cirstea S.,Rakhimova K.,36,93.0,1303,802.0,6.0,4.0,6,4,,,2.0,0.0,Completed,1.4,3.0,,,1.42,3.0,1.4,2.86,1.44,3.15,20260202
7,Cluj-Napoca,Transylvania Open,2026-02-03,WTA250,Indoor,Hard,1st Round,3,Potapova A.,Bronzetti L.,58,110.0,1068,688.0,5.0,7.0,6,4,7,5,2.0,1.0,Completed,1.17,5.0,,,1.18,5.5,1.17,4.81,1.19,6.0,20260203
7,Cluj-Napoca,Transylvania Open,2026-02-03,WTA250,Indoor,Hard,1st Round,3,Wang Xin.,Quevedo K.,33,134.0,1356,553.0,6.0,3.0,6,0,,,2.0,0.0,Completed,1.2,4.5,,,1.22,5.0,1.2,4.37,1.22,5.2,20260203
7,Cluj-Napoca,Transylvania Open,2026-02-03,WTA250,Indoor,Hard,1st Round,3,Masarova R.,Ruse E.G.,114,72.0,649,892.0,6.0,1.0,4,6,6,2,2.0,1.0,Completed,3.75,1.29,,,4.0,1.33,3.7,1.26,4.2,1.29,20260203
7,Cluj-Napoca,Transylvania Open,2026-02-03,WTA250,Indoor,Hard,1st Round,3,Snigur D.,Rakotomanga Rajaonah T.,144,116.0,516,649.0,6.0,3.0,6,3,,,2.0,0.0,Completed,1.29,3.75,,,1.29,4.25,1.24,3.93,1.27,4.4,20260203
7,Cluj-Napoca,Transylvania Open,2026-02-03,WTA250,Indoor,Hard,1st Round,3,Cristian J.,Stefanini L.,35,140.0,1307,527.0,6.0,2.0,2,6,7,5,2.0,1.0,Completed,1.22,4.33,,,1.23,5.0,1.21,4.23,1.27,4.5,20260203
7,Cluj-Napoca,Transylvania Open,2026-02-03,WTA250,Indoor,Hard,2nd Round,3,Oliynykova O.,Bondar A.,91,64.0,805,973.0,6.0,4.0,6,4,,,2.0,0.0,Completed,2.5,1.53,,,3.1,1.53,2.51,1.5,2.54,1.64,20260203
7,Cluj-Napoca,Transylvania Open,2026-02-03,WTA250,Indoor,Hard,2nd Round,3,Yuan Y.,Sorribes Tormo S.,130,478.0,582,113.0,4.0,6.0,6,2,7,6,2.0,1.0,Completed,1.3,3.5,,,1.3,3.6,1.29,3.45,1.34,3.85,20260203
7,Cluj-Napoca,Transylvania Open,2026-02-04,WTA250,Indoor,Hard,2nd Round,3,Wang Xin.,Masarova R.,33,114.0,1356,649.0,6.0,4.0,6,2,,,2.0,0.0,Completed,1.2,4.5,,,1.25,4.5,1.22,4.04,1.26,4.7,20260204
7,Cluj-Napoca,Transylvania Open,2026-02-04,WTA250,Indoor,Hard,2nd Round,3,Potapova A.,Zakharova A.,58,107.0,1068,719.0,1.0,6.0,6,4,6,3,2.0,1.0,Completed,1.3,3.5,,,1.35,3.5,1.33,3.25,1.37,3.55,20260204
7,Cluj-Napoca,Transylvania Open,2026-02-04,WTA250,Indoor,Hard,2nd Round,3,Chwalinska M.,Danilovic O.,146,88.0,493,811.0,6.0,1.0,1,6,6,2,2.0,1.0,Completed,2.2,1.67,,,2.32,1.8,2.14,1.68,2.24,1.79,20260204
7,Cluj-Napoca,Transylvania Open,2026-02-04,WTA250,Indoor,Hard,2nd Round,3,Snigur D.,Cristian J.,144,35.0,516,1307.0,6.0,1.0,6,0,,,2.0,0.0,Completed,2.38,1.57,,,2.5,1.87,2.34,1.58,2.66,1.59,20260204
7,Cluj-Napoca,Transylvania Open,2026-02-04,WTA250,Indoor,Hard,2nd Round,3,Cirstea S.,Zidansek T.,36,153.0,1303,467.0,6.0,1.0,6,0,,,2.0,0.0,Completed,1.17,5.0,,,1.18,5.25,1.16,4.93,1.19,5.8,20260204
7,Cluj-Napoca,Transylvania Open,2026-02-04,WTA250,Indoor,Hard,2nd Round,3,Raducanu E.,Juvan K.,30,97.0,1547,778.0,7.0,5.0,6,1,,,2.0,0.0,Completed,1.22,4.33,,,1.3,4.33,1.28,3.61,1.28,4.3,20260204
7,Cluj-Napoca,Transylvania Open,2026-02-05,WTA250,Indoor,Hard,Quarterfinals,3,Oliynykova O.,Wang Xin.,91,33.0,805,1356.0,6.0,4.0,6,4,,,2.0,0.0,Completed,5.5,1.14,,,5.5,1.17,5.07,1.15,6.4,1.18,20260205
7,Cluj-Napoca,Transylvania Open,2026-02-05,WTA250,Indoor,Hard,Quarterfinals,3,Raducanu E.,Chwalinska M.,30,146.0,1547,493.0,6.0,0.0,6,4,,,2.0,0.0,Completed,1.22,4.33,,,1.25,4.5,1.21,4.23,1.25,4.8,20260205
7,Cluj-Napoca,Transylvania Open,2026-02-05,WTA250,Indoor,Hard,Quarterfinals,3,Cirstea S.,Potapova A.,36,58.0,1303,1068.0,7.0,5.0,6,4,,,2.0,0.0,Completed,1.44,2.75,,,1.45,3.5,1.42,2.8,1.5,2.96,20260205
7,Cluj-Napoca,Transylvania Open,2026-02-05,WTA250,Indoor,Hard,Quarterfinals,3,Snigur D.,Yuan Y.,144,130.0,516,582.0,4.0,6.0,6,0,7,5,2.0,1.0,Completed,1.5,2.63,,,1.52,2.75,1.49,2.56,1.58,2.68,20260205
7,Cluj-Napoca,Transylvania Open,2026-02-06,WTA250,Indoor,Hard,Semifinals,3,Raducanu E.,Oliynykova O.,30,91.0,1547,805.0,7.0,5.0,3,6,6,3,2.0,1.0,Completed,1.17,5.0,,,1.19,6.0,1.15,5.09,1.18,6.2,20260206
7,Cluj-Napoca,Transylvania Open,2026-02-06,WTA250,Indoor,Hard,Semifinals,3,Cirstea S.,Snigur D.,36,144.0,1303,516.0,6.0,0.0,6,3,,,2.0,0.0,Completed,1.33,3.4,,,1.36,3.5,1.34,3.17,1.37,3.6,20260206
7,Cluj-Napoca,Transylvania Open,2026-02-07,WTA250,Indoor,Hard,The Final,3,Cirstea S.,Raducanu E.,36,30.0,1303,1547.0,6.0,0.0,6,2,,,2.0,0.0,Completed,1.73,2.1,,,1.73,2.25,1.68,2.14,1.8,2.22,20260207
8,Ostrava,Ostrava Open,2026-02-01,WTA250,Indoor,Hard,1st Round,3,Avanesyan E.,Uchijima M.,169,87.0,421,822.0,6.0,3.0,2,6,6,3,2.0,1.0,Completed,2.75,1.44,,,2.75,1.6,2.51,1.51,2.6,1.6,20260201
8,Ostrava,Ostrava Open,2026-02-01,WTA250,Indoor,Hard,1st Round,3,Volynets K.,Klimovicova L.,96,131.0,783,569.0,6.0,2.0,6,1,,,2.0,0.0,Completed,2,1.8,,,2.02,1.85,1.98,1.8,2.06,1.92,20260201
8,Ostrava,Ostrava Open,2026-02-01,WTA250,Indoor,Hard,1st Round,3,Martincova T.,Galfi D.,459,90.0,120,806.0,2.0,6.0,6,3,7,5,2.0,1.0,Completed,3,1.4,,,3.0,1.45,2.83,1.41,2.86,1.51,20260201
8,Ostrava,Ostrava Open,2026-02-01,WTA250,Indoor,Hard,1st Round,3,Udvardy P.,Vidmanova D.,98,137.0,771,536.0,7.0,5.0,6,3,,,2.0,0.0,Completed,3.2,1.36,,,3.3,1.4,3.13,1.35,3.4,1.39,20260201
8,Ostrava,Ostrava Open,2026-02-01,WTA250,Indoor,Hard,1st Round,3,McNally C.,Lamens S.,71,105.0,896,720.0,6.0,3.0,7,5,,,2.0,0.0,Completed,1.29,3.75,,,1.32,3.75,1.3,3.5,1.35,3.7,20260201
8,Ostrava,Ostrava Open,2026-02-02,WTA250,Indoor,Hard,1st Round,3,Parry D.,Dodin O.,119,686.0,627,59.0,6.0,1.0,6,4,,,2.0,0.0,Completed,1.8,2.0,,,1.91,2.3,1.8,2.0,1.96,2.0,20260202
8,Ostrava,Ostrava Open,2026-02-02,WTA250,Indoor,Hard,1st Round,3,Parks A.,Grabher J.,85,78.0,830,859.0,7.0,6.0,6,2,,,2.0,0.0,Completed,1.36,3.2,,,1.4,3.5,1.35,3.14,1.41,3.35,20260202
8,Ostrava,Ostrava Open,2026-02-02,WTA250,Indoor,Hard,1st Round,3,Korpatsch T.,Siskova A.,124,255.0,600,274.0,6.0,4.0,6,4,,,2.0,0.0,Completed,1.57,2.38,,,1.67,2.65,1.6,2.3,1.7,2.38,20260202
8,Ostrava,Ostrava Open,2026-02-02,WTA250,Indoor,Hard,1st Round,3,Ferro F.,Fruhvirtova B.,281,1311.0,240,7.0,6.0,1.0,6,1,,,2.0,0.0,Completed,1.17,5.0,,,1.19,5.5,1.17,4.93,1.22,5.3,20260202
8,Ostrava,Ostrava Open,2026-02-02,WTA250,Indoor,Hard,1st Round,3,Bartunkova N.,Blinkova A.,108,75.0,712,868.0,6.0,4.0,6,4,,,2.0,0.0,Completed,1.53,2.5,,,1.55,2.63,1.51,2.48,1.59,2.68,20260202
8,Ostrava,Ostrava Open,2026-02-02,WTA250,Indoor,Hard,1st Round,3,Fruhvirtova L.,Barthel M.,121,215.0,618,333.0,7.0,6.0,6,4,,,2.0,0.0,Completed,1.62,2.3,,,1.67,2.6,1.57,2.36,1.58,2.7,20260202
8,Ostrava,Ostrava Open,2026-02-03,WTA250,Indoor,Hard,1st Round,3,Sramkova R.,Valdmannova V.,81,300.0,848,210.0,6.0,2.0,6,3,,,2.0,0.0,Completed,1.57,2.38,,,1.73,2.6,1.56,2.38,1.56,2.74,20260203
8,Ostrava,Ostrava Open,2026-02-03,WTA250,Indoor,Hard,1st Round,3,Boulter K.,Havlickova L.,120,276.0,624,244.0,6.0,4.0,3,6,6,1,2.0,1.0,Completed,1.67,2.2,,,1.67,2.3,1.62,2.25,1.75,2.3,20260203
8,Ostrava,Ostrava Open,2026-02-03,WTA250,Indoor,Hard,1st Round,3,Golubic V.,Kraus S.,89,104.0,810,727.0,6.0,4.0,6,0,,,2.0,0.0,Completed,1.36,3.2,,,1.38,3.5,1.35,3.07,1.39,3.5,20260203
8,Ostrava,Ostrava Open,2026-02-03,WTA250,Indoor,Hard,2nd Round,3,Volynets K.,Maria T.,96,54.0,783,1089.0,7.0,5.0,6,1,,,2.0,0.0,Completed,1.3,3.5,,,1.34,4.0,1.3,3.4,1.34,3.85,20260203
8,Ostrava,Ostrava Open,2026-02-03,WTA250,Indoor,Hard,2nd Round,3,McNally C.,Martincova T.,71,459.0,896,120.0,6.0,4.0,6,4,,,2.0,0.0,Completed,1.2,4.5,,,1.25,4.5,1.22,4.08,1.24,4.9,20260203
8,Ostrava,Ostrava Open,2026-02-03,WTA250,Indoor,Hard,2nd Round,3,Parks A.,Avanesyan E.,85,169.0,830,421.0,6.0,4.0,6,2,,,2.0,0.0,Completed,1.33,3.4,,,1.4,3.4,1.36,3.06,1.42,3.3,20260203
8,Ostrava,Ostrava Open,2026-02-04,WTA250,Indoor,Hard,2nd Round,3,Korpatsch T.,Arango E.,124,46.0,600,1142.0,6.0,3.0,6,4,,,2.0,0.0,Completed,1.53,2.5,,,1.54,2.9,1.5,2.53,1.59,2.66,20260204
8,Ostrava,Ostrava Open,2026-02-04,WTA250,Indoor,Hard,2nd Round,3,Boulter K.,Golubic V.,120,89.0,624,810.0,6.0,2.0,6,2,,,2.0,0.0,Completed,1.73,2.1,,,1.8,2.13,1.74,2.05,1.93,2.06,20260204
8,Ostrava,Ostrava Open,2026-02-04,WTA250,Indoor,Hard,2nd Round,3,Fruhvirtova L.,Sramkova R.,121,81.0,618,848.0,6.0,3.0,6,1,,,2.0,0.0,Completed,2.2,1.67,,,2.23,1.7,2.16,1.67,2.26,1.76,20260204
8,Ostrava,Ostrava Open,2026-02-04,WTA250,Indoor,Hard,2nd Round,3,Bartunkova N.,Ferro F.,108,281.0,712,240.0,6.0,4.0,3,6,6,1,2.0,1.0,Completed,1.36,3.2,,,1.47,3.2,1.39,2.92,1.4,3.4,20260204
8,Ostrava,Ostrava Open,2026-02-04,WTA250,Indoor,Hard,2nd Round,3,Parry D.,Udvardy P.,119,98.0,627,771.0,6.0,1.0,6,2,,,2.0,0.0,Completed,1.5,2.63,,,1.55,2.7,1.5,2.54,1.54,2.8,20260204
8,Ostrava,Ostrava Open,2026-02-05,WTA250,Indoor,Hard,Quarterfinals,3,Volynets K.,Parks A.,96,85.0,783,830.0,5.0,7.0,6,4,6,2,2.0,1.0,Completed,2.1,1.73,,,2.1,2.1,2.03,1.76,2.26,1.77,20260205
8,Ostrava,Ostrava Open,2026-02-05,WTA250,Indoor,Hard,Quarterfinals,3,Boulter K.,Fruhvirtova L.,120,121.0,624,618.0,6.0,3.0,6,2,,,2.0,0.0,Completed,1.67,2.2,,,1.67,2.42,1.62,2.28,1.76,2.28,20260205
8,Ostrava,Ostrava Open,2026-02-05,WTA250,Indoor,Hard,Quarterfinals,3,Parry D.,Bartunkova N.,119,108.0,627,712.0,6.0,1.0,6,3,,,2.0,0.0,Completed,2.63,1.5,,,2.63,1.57,2.5,1.51,2.92,1.51,20260205
8,Ostrava,Ostrava Open,2026-02-05,WTA250,Indoor,Hard,Quarterfinals,3,Korpatsch T.,McNally C.,124,71.0,600,896.0,6.0,4.0,6,2,,,2.0,0.0,Completed,3.75,1.29,,,4.33,1.3,3.63,1.28,4.0,1.3,20260205
8,Ostrava,Ostrava Open,2026-02-06,WTA250,Indoor,Hard,Semifinals,3,Boulter K.,Volynets K.,120,96.0,624,783.0,6.0,1.0,6,3,,,2.0,0.0,Completed,1.57,2.38,,,1.65,2.38,1.61,2.26,1.75,2.3,20260206
8,Ostrava,Ostrava Open,2026-02-06,WTA250,Indoor,Hard,Semifinals,3,Korpatsch T.,Parry D.,124,119.0,600,627.0,6.0,4.0,6,4,,,2.0,0.0,Completed,2.38,1.57,,,2.38,1.62,2.29,1.59,2.38,1.72,20260206
8,Ostrava,Ostrava Open,2026-02-07,WTA250,Indoor,Hard,The Final,3,Boulter K.,Korpatsch T.,120,124.0,624,600.0,5.0,7.0,6,2,6,1,2.0,1.0,Completed,1.5,2.63,,,1.5,2.75,1.46,2.66,1.53,2.84,20260207
9,Doha,Qatar Open,2026-02-08,WTA1000,Outdoor,Hard,1st Round,3,Frech M.,Samsonova L.,59,17.0,1033,2116.0,6.0,3.0,4,6,7,6,2.0,1.0,Completed,3,1.4,,,3.0,1.4,2.94,1.37,3.2,1.44,20260208
9,Doha,Qatar Open,2026-02-08,WTA1000,Outdoor,Hard,1st Round,3,Zvonareva V.,Stearns P.,580,55.0,83,1078.0,2.0,6.0,6,2,6,3,2.0,1.0,Completed,2.5,1.53,,,2.65,1.57,2.45,1.52,2.6,1.61,20260208
9,Doha,Qatar Open,2026-02-08,WTA1000,Outdoor,Hard,1st Round,3,Gracheva V.,Siegemund L.,73,51.0,887,1111.0,7.0,6.0,6,4,,,2.0,0.0,Completed,1.44,2.75,,,1.47,2.8,1.43,2.73,1.5,2.9,20260208
9,Doha,Qatar Open,2026-02-08,WTA1000,Outdoor,Hard,1st Round,3,Mertens E.,Pavlyuchenkova A.,22,110.0,1936,706.0,6.0,2.0,6,1,,,2.0,0.0,Completed,1.2,4.5,,,1.23,4.5,1.21,4.16,1.24,4.9,20260208
9,Doha,Qatar Open,2026-02-08,WTA1000,Outdoor,Hard,1st Round,3,Parks A.,Shnaider D.,77,21.0,872,1953.0,1.0,6.0,6,4,7,6,2.0,1.0,Completed,3.5,1.3,,,3.5,1.33,3.39,1.3,3.8,1.34,20260208
9,Doha,Qatar Open,2026-02-08,WTA1000,Outdoor,Hard,1st Round,3,Cocciaretto E.,Jacquemot E.,57,60.0,1063,1031.0,7.0,6.0,6,2,,,2.0,0.0,Completed,1.5,2.63,,,1.53,2.75,1.48,2.64,1.51,2.68,20260208
9,Doha,Qatar Open,2026-02-08,WTA1000,Outdoor,Hard,1st Round,3,Li A.,Fernandez L.A.,41,27.0,1243,1653.0,6.0,4.0,6,3,,,2.0,0.0,Completed,2.3,1.62,,,2.3,1.67,2.21,1.64,2.34,1.72,20260208
9,Doha,Qatar Open,2026-02-08,WTA1000,Outdoor,Hard,1st Round,3,Linette M.,Kartal S.,47,50.0,1179,1112.0,6.0,4.0,3,6,6,3,2.0,1.0,Completed,2.75,1.44,,,3.0,1.45,2.78,1.42,3.0,1.49,20260208
9,Doha,Qatar Open,2026-02-08,WTA1000,Outdoor,Hard,1st Round,3,Mboko V.,Bouzkova M.,13,37.0,2606,1285.0,7.0,5.0,6,2,,,2.0,0.0,Completed,1.44,2.75,,,1.5,2.75,1.45,2.66,1.51,2.92,20260208
9,Doha,Qatar Open,2026-02-08,WTA1000,Outdoor,Hard,1st Round,3,Pliskova Ka.,Sierra S.,418,62.0,147,987.0,6.0,1.0,6,2,,,2.0,0.0,Completed,1.8,2.0,,,1.82,2.15,1.76,2.03,1.84,2.14,20260208
9,Doha,Qatar Open,2026-02-08,WTA1000,Outdoor,Hard,1st Round,3,Kasatkina D.,Uchijima M.,61,88.0,997,810.0,4.0,6.0,6,3,6,0,2.0,1.0,Completed,1.5,2.63,,,1.53,3.8,1.46,2.73,1.57,2.68,20260208
9,Doha,Qatar Open,2026-02-08,WTA1000,Outdoor,Hard,1st Round,3,Muchova K.,Cristian J.,19,36.0,2058,1307.0,6.0,2.0,6,3,,,2.0,0.0,Completed,1.17,5.0,,,1.19,5.25,1.17,4.68,1.21,5.4,20260208
9,Doha,Qatar Open,2026-02-09,WTA1000,Outdoor,Hard,1st Round,3,Noskova L.,Joint M.,12,30.0,2626,1549.0,6.0,4.0,6,0,,,2.0,0.0,Completed,1.44,2.75,,,1.5,3.1,1.41,2.8,1.49,3.0,20260209
9,Doha,Qatar Open,2026-02-09,WTA1000,Outdoor,Hard,1st Round,3,Yastremska D.,Bucsa C.,42,56.0,1225,1069.0,6.0,4.0,4,6,7,6,2.0,1.0,Completed,1.67,2.2,,,1.67,2.63,1.63,2.24,1.72,2.36,20260209
9,Doha,Qatar Open,2026-02-09,WTA1000,Outdoor,Hard,1st Round,3,Wang Xin.,Arango E.,33,49.0,1383,1142.0,6.0,1.0,7,5,,,2.0,0.0,Completed,1.17,5.0,,,1.18,5.6,1.15,5.21,1.22,5.5,20260209
9,Doha,Qatar Open,2026-02-09,WTA1000,Outdoor,Hard,1st Round,3,Siniakova K.,Tauson C.,44,14.0,1207,2530.0,6.0,4.0,6,1,,,2.0,0.0,Completed,2.1,1.73,,,2.25,1.8,2.14,1.68,2.24,1.79,20260209
9,Doha,Qatar Open,2026-02-09,WTA1000,Outdoor,Hard,1st Round,3,Valentova T.,Eala A.,48,40.0,1175,1244.0,7.0,6.0,6,1,,,2.0,0.0,Completed,1.44,2.75,,,1.54,2.75,1.47,2.61,1.51,2.92,20260209
9,Doha,Qatar Open,2026-02-09,WTA1000,Outdoor,Hard,1st Round,3,Navarro E.,Maria T.,18,54.0,2095,1089.0,7.0,5.0,6,1,,,2.0,0.0,Completed,1.1,7.0,,,1.13,7.5,1.11,6.33,1.12,8.6,20260209
9,Doha,Qatar Open,2026-02-09,WTA1000,Outdoor,Hard,1st Round,3,Zheng Q.,Kenin S.,26,29.0,1658,1567.0,4.0,6.0,6,1,6,2,2.0,1.0,Completed,1.44,2.75,,,1.45,2.88,1.43,2.75,1.5,2.96,20260209
9,Doha,Qatar Open,2026-02-09,WTA1000,Outdoor,Hard,1st Round,3,Ostapenko J.,Zakharova A.,24,105.0,1860,737.0,6.0,7.0,6,3,6,4,2.0,1.0,Completed,1.8,2.0,,,1.8,2.35,1.7,2.12,1.87,2.12,20260209
9,Doha,Qatar Open,2026-02-09,WTA1000,Outdoor,Hard,1st Round,3,Sakkari M.,Sonmez Z.,52,85.0,1110,843.0,6.0,1.0,6,3,,,2.0,0.0,Completed,1.67,2.2,,,1.73,2.23,1.68,2.14,1.76,2.26,20260209
9,Doha,Qatar Open,2026-02-09,WTA1000,Outdoor,Hard,1st Round,3,Kalinskaya A.,Bouzas Maneiro J.,28,45.0,1575,1202.0,6.0,2.0,6,1,,,2.0,0.0,Completed,1.3,3.5,,,1.33,3.66,1.3,3.41,1.33,3.9,20260209
9,Doha,Qatar Open,2026-02-09,WTA1000,Outdoor,Hard,1st Round,3,Osorio M.,Raducanu E.,80,25.0,851,1700.0,2.0,6.0,6,4,2,0,1.0,1.0,Retired,1.91,1.91,,,1.91,1.95,1.87,1.9,1.95,2.02,20260209
9,Doha,Qatar Open,2026-02-09,WTA1000,Outdoor,Hard,1st Round,3,Tjen J.,Haddad Maia B.,46,67.0,1185,932.0,6.0,0.0,6,1,,,2.0,0.0,Completed,1.8,2.0,,,1.81,4.0,1.69,2.31,1.86,2.12,20260209
9,Doha,Qatar Open,2026-02-09,WTA1000,Outdoor,Hard,2nd Round,3,Pliskova Ka.,Anisimova A.,418,4.0,147,6680.0,5.0,7.0,7,6,4,1,1.0,1.0,Retired,6,1.13,,,6.5,1.14,5.75,1.13,6.8,1.16,20260209
9,Doha,Qatar Open,2026-02-09,WTA1000,Outdoor,Hard,2nd Round,3,Andreeva M.,Linette M.,7,47.0,4731,1179.0,7.0,6.0,6,1,,,2.0,0.0,Completed,1.13,6.0,,,1.14,7.5,1.12,5.83,1.16,6.8,20260209
9,Doha,Qatar Open,2026-02-10,WTA1000,Outdoor,Hard,2nd Round,3,Kasatkina D.,Mertens E.,61,22.0,997,1936.0,6.0,4.0,6,0,,,2.0,0.0,Completed,3.75,1.29,,,3.75,1.3,3.58,1.28,3.85,1.34,20260210
9,Doha,Qatar Open,2026-02-10,WTA1000,Outdoor,Hard,2nd Round,3,Li A.,Frech M.,41,59.0,1243,1033.0,6.0,3.0,6,4,,,2.0,0.0,Completed,1.53,2.5,,,1.6,2.55,1.53,2.46,1.64,2.54,20260210
9,Doha,Qatar Open,2026-02-10,WTA1000,Outdoor,Hard,2nd Round,3,Sakkari M.,Paolini J.,52,8.0,1110,4267.0,6.0,4.0,6,2,,,2.0,0.0,Completed,2.5,1.53,,,2.5,1.6,2.4,1.54,2.56,1.63,20260210
9,Doha,Qatar Open,2026-02-10,WTA1000,Outdoor,Hard,2nd Round,3,Ostapenko J.,Alexandrova E.,24,10.0,1860,3200.0,6.0,4.0,6,2,,,2.0,0.0,Completed,3,1.4,,,3.33,1.42,2.97,1.39,3.25,1.43,20260210
9,Doha,Qatar Open,2026-02-10,WTA1000,Outdoor,Hard,2nd Round,3,Cocciaretto E.,Gauff C.,57,5.0,1063,6423.0,6.0,4.0,6,2,,,2.0,0.0,Completed,9,1.07,,,9.0,1.1,7.69,1.08,10.0,1.1,20260210
9,Doha,Qatar Open,2026-02-10,WTA1000,Outdoor,Hard,2nd Round,3,Mboko V.,Zvonareva V.,13,580.0,2606,83.0,6.0,4.0,6,4,,,2.0,0.0,Completed,1.11,6.5,,,1.14,7.0,1.11,6.16,1.14,7.6,20260210
9,Doha,Qatar Open,2026-02-10,WTA1000,Outdoor,Hard,2nd Round,3,Gracheva V.,Noskova L.,73,12.0,887,2626.0,6.0,2.0,2,6,7,5,2.0,1.0,Completed,3.2,1.36,,,3.5,1.36,3.18,1.34,3.55,1.38,20260210
9,Doha,Qatar Open,2026-02-10,WTA1000,Outdoor,Hard,2nd Round,3,Svitolina E.,Yastremska D.,9,42.0,3205,1225.0,6.0,1.0,6,4,,,2.0,0.0,Completed,1.22,4.33,,,1.29,5.5,1.22,4.19,1.26,4.7,20260210
9,Doha,Qatar Open,2026-02-10,WTA1000,Outdoor,Hard,2nd Round,3,Swiatek I.,Tjen J.,2,46.0,7978,1185.0,6.0,0.0,6,3,,,2.0,0.0,Completed,1.05,11.0,,,1.08,11.0,1.06,8.92,1.09,11.5,20260210
9,Doha,Qatar Open,2026-02-10,WTA1000,Outdoor,Hard,2nd Round,3,Osorio M.,Siniakova K.,80,44.0,851,1207.0,6.0,2.0,5,7,6,3,2.0,1.0,Completed,2.3,1.62,,,2.3,1.68,2.23,1.63,2.4,1.69,20260210
9,Doha,Qatar Open,2026-02-10,WTA1000,Outdoor,Hard,2nd Round,3,Muchova K.,Valentova T.,19,48.0,2058,1175.0,6.0,1.0,6,4,,,2.0,0.0,Completed,1.44,2.75,,,1.57,2.8,1.46,2.69,1.48,3.0,20260210
9,Doha,Qatar Open,2026-02-10,WTA1000,Outdoor,Hard,2nd Round,3,Zheng Q.,Parks A.,26,77.0,1658,872.0,7.0,6.0,3,6,6,2,2.0,1.0,Completed,1.36,3.2,,,1.36,3.5,1.34,3.17,1.38,3.55,20260210
9,Doha,Qatar Open,2026-02-10,WTA1000,Outdoor,Hard,2nd Round,3,Rybakina E.,Wang Xin.,3,33.0,7523,1383.0,6.0,2.0,6,4,,,2.0,0.0,Completed,1.14,5.5,,,1.17,5.7,1.14,5.41,1.17,6.4,20260210
9,Doha,Qatar Open,2026-02-10,WTA1000,Outdoor,Hard,2nd Round,3,Kalinskaya A.,Navarro E.,28,18.0,1575,2095.0,7.0,5.0,2,6,6,2,2.0,1.0,Completed,1.53,2.5,,,1.6,2.6,1.54,2.44,1.62,2.56,20260210
9,Doha,Qatar Open,2026-02-11,WTA1000,Outdoor,Hard,3rd Round,3,Sakkari M.,Gracheva V.,52,73.0,1110,887.0,7.0,6.0,6,0,,,2.0,0.0,Completed,1.44,2.75,,,1.57,2.75,1.49,2.59,1.53,2.84,20260211
9,Doha,Qatar Open,2026-02-11,WTA1000,Outdoor,Hard,3rd Round,3,Cocciaretto E.,Li A.,57,41.0,1063,1243.0,7.0,6.0,5,7,6,4,2.0,1.0,Completed,2.1,1.73,,,2.3,1.73,2.12,1.68,2.3,1.75,20260211
9,Doha,Qatar Open,2026-02-11,WTA1000,Outdoor,Hard,3rd Round,3,Mboko V.,Andreeva M.,13,7.0,2606,4731.0,6.0,3.0,3,6,7,6,2.0,1.0,Completed,2.5,1.53,,,2.63,2.1,2.46,1.56,2.72,1.57,20260211
9,Doha,Qatar Open,2026-02-11,WTA1000,Outdoor,Hard,3rd Round,3,Ostapenko J.,Osorio M.,24,80.0,1860,851.0,6.0,3.0,6,1,,,2.0,0.0,Completed,1.73,2.1,,,2.75,2.13,1.86,1.97,1.89,2.1,20260211
9,Doha,Qatar Open,2026-02-11,WTA1000,Outdoor,Hard,3rd Round,3,Swiatek I.,Kasatkina D.,2,61.0,7978,997.0,5.0,7.0,6,1,6,1,2.0,1.0,Completed,1.03,15.0,,,1.05,15.0,1.04,11.12,1.05,17.5,20260211
9,Doha,Qatar Open,2026-02-11,WTA1000,Outdoor,Hard,3rd Round,3,Muchova K.,Pliskova Ka.,19,418.0,2058,147.0,5.0,2.0,,,,,0.0,0.0,Retired,1.22,4.33,,,1.23,5.5,1.2,4.47,1.23,5.2,20260211
9,Doha,Qatar Open,2026-02-11,WTA1000,Outdoor,Hard,3rd Round,3,Rybakina E.,Zheng Q.,3,26.0,7523,1658.0,4.0,6.0,6,2,7,5,2.0,1.0,Completed,1.17,5.0,,,1.17,5.6,1.15,5.28,1.17,6.4,20260211
9,Doha,Qatar Open,2026-02-11,WTA1000,Outdoor,Hard,3rd Round,3,Kalinskaya A.,Svitolina E.,28,9.0,1575,3205.0,6.0,4.0,6,3,,,2.0,0.0,Completed,3,1.4,,,3.3,1.4,3.12,1.35,3.3,1.42,20260211
9,Doha,Qatar Open,2026-02-12,WTA1000,Outdoor,Hard,Quarterfinals,3,Ostapenko J.,Cocciaretto E.,24,57.0,1860,1063.0,7.0,5.0,6,4,,,2.0,0.0,Completed,1.53,2.5,,,1.54,2.6,1.52,2.5,1.59,2.66,20260212
9,Doha,Qatar Open,2026-02-12,WTA1000,Outdoor,Hard,Quarterfinals,3,Sakkari M.,Swiatek I.,52,2.0,1110,7978.0,2.0,6.0,6,4,7,5,2.0,1.0,Completed,7,1.1,,,7.5,1.11,6.74,1.09,7.2,1.15,20260212
9,Doha,Qatar Open,2026-02-12,WTA1000,Outdoor,Hard,Quarterfinals,3,Mboko V.,Rybakina E.,13,3.0,2606,7523.0,7.0,5.0,4,6,6,4,2.0,1.0,Completed,3.5,1.3,,,3.75,1.33,3.39,1.31,3.8,1.35,20260212
9,Doha,Qatar Open,2026-02-12,WTA1000,Outdoor,Hard,Quarterfinals,3,Muchova K.,Kalinskaya A.,19,28.0,2058,1575.0,6.0,3.0,6,4,,,2.0,0.0,Completed,1.62,2.3,,,1.62,2.63,1.57,2.38,1.6,2.62,20260212
9,Doha,Qatar Open,2026-02-13,WTA1000,Outdoor,Hard,Semifinals,3,Mboko V.,Ostapenko J.,13,24.0,2606,1860.0,6.0,3.0,6,2,,,2.0,0.0,Completed,1.44,2.75,,,1.47,2.95,1.44,2.73,1.52,2.86,20260213
9,Doha,Qatar Open,2026-02-13,WTA1000,Outdoor,Hard,Semifinals,3,Muchova K.,Sakkari M.,19,52.0,2058,1110.0,3.0,6.0,6,4,6,1,2.0,1.0,Completed,1.36,3.2,,,1.37,3.3,1.35,3.12,1.43,3.2,20260213
9,Doha,Qatar Open,2026-02-14,WTA1000,Outdoor,Hard,The Final,3,Muchova K.,Mboko V.,19,13.0,2058,2606.0,6.0,4.0,7,5,,,2.0,0.0,Completed,2,1.8,,,2.07,1.81,2.01,1.77,2.14,1.86,20260214
10,Dubai,Dubai Duty Free Tennis Championships,2026-02-15,WTA1000,Outdoor,Hard,1st Round,3,Tjen J.,Yastremska D.,46,44.0,1236,1265.0,6.0,4.0,6,1,,,2.0,0.0,Completed,2,1.8,,,2.0,1.87,1.95,1.82,2.06,1.91,20260215
10,Dubai,Dubai Duty Free Tennis Championships,2026-02-15,WTA1000,Outdoor,Hard,1st Round,3,Noskova L.,Li A.,14,36.0,2571,1333.0,6.0,3.0,5,7,6,4,2.0,1.0,Completed,1.44,2.75,,,1.45,3.25,1.42,2.8,1.47,3.1,20260215
10,Dubai,Dubai Duty Free Tennis Championships,2026-02-15,WTA1000,Outdoor,Hard,1st Round,3,Stearns P.,Frech M.,58,55.0,1023,1053.0,6.0,4.0,6,2,,,2.0,0.0,Completed,2,1.8,,,2.1,16.0,1.81,3.5,2.06,1.6,20260215
10,Dubai,Dubai Duty Free Tennis Championships,2026-02-15,WTA1000,Outdoor,Hard,1st Round,3,Birrell K.,Maria T.,94,54.0,789,1079.0,6.0,4.0,3,6,7,5,2.0,1.0,Completed,1.25,4.0,,,1.3,4.0,1.27,3.66,1.28,4.3,20260215
10,Dubai,Dubai Duty Free Tennis Championships,2026-02-15,WTA1000,Outdoor,Hard,1st Round,3,Mertens E.,Bouzkova M.,22,38.0,1881,1317.0,6.0,2.0,6,2,,,2.0,0.0,Completed,1.62,2.3,,,1.73,2.38,1.66,2.18,1.78,2.28,20260215
10,Dubai,Dubai Duty Free Tennis Championships,2026-02-15,WTA1000,Outdoor,Hard,1st Round,3,Krejcikova B.,Pavlyuchenkova A.,53,110.0,1091,716.0,6.0,4.0,6,4,,,2.0,0.0,Completed,1.33,3.4,,,1.4,3.5,1.34,3.23,1.33,3.9,20260215
10,Dubai,Dubai Duty Free Tennis Championships,2026-02-15,WTA1000,Outdoor,Hard,1st Round,3,Fernandez L.A.,Samsonova L.,29,18.0,1543,2105.0,5.0,7.0,7,5,6,3,2.0,1.0,Completed,2.1,1.73,,,2.3,1.78,2.11,1.71,2.2,1.81,20260215
10,Dubai,Dubai Duty Free Tennis Championships,2026-02-15,WTA1000,Outdoor,Hard,1st Round,3,Seidel E.,Bucsa C.,95,63.0,785,984.0,6.0,1.0,6,4,,,2.0,0.0,Completed,2.2,1.67,,,2.3,1.68,2.18,1.66,2.34,1.72,20260215
10,Dubai,Dubai Duty Free Tennis Championships,2026-02-15,WTA1000,Outdoor,Hard,1st Round,3,Shnaider D.,Joint M.,21,28.0,1953,1549.0,6.0,4.0,6,1,,,2.0,0.0,Completed,1.4,3.0,,,1.4,3.15,1.37,3.0,1.45,3.2,20260215
10,Dubai,Dubai Duty Free Tennis Championships,2026-02-15,WTA1000,Outdoor,Hard,1st Round,3,Linette M.,Sun L.,50,98.0,1124,780.0,4.0,6.0,6,4,6,1,2.0,1.0,Completed,1.57,2.38,,,1.67,2.45,1.57,2.36,1.63,2.58,20260215
10,Dubai,Dubai Duty Free Tennis Championships,2026-02-15,WTA1000,Outdoor,Hard,1st Round,3,Eala A.,Baptiste H.,47,45.0,1227,1264.0,6.0,4.0,0,1,,,1.0,0.0,Retired,1.8,2.0,,,1.81,2.1,1.77,2.02,1.81,2.2,20260215
10,Dubai,Dubai Duty Free Tennis Championships,2026-02-15,WTA1000,Outdoor,Hard,1st Round,3,Bejlek S.,Sonmez Z.,41,84.0,1277,843.0,6.0,2.0,6,2,,,2.0,0.0,Completed,1.44,2.75,,,1.5,3.25,1.45,2.67,1.54,2.8,20260215
10,Dubai,Dubai Duty Free Tennis Championships,2026-02-16,WTA1000,Outdoor,Hard,1st Round,3,Jovic I.,Rakhimova K.,20,91.0,2008,802.0,6.0,1.0,1,6,6,1,2.0,1.0,Completed,1.22,4.33,,,1.25,4.33,1.22,4.18,1.22,5.3,20260216
10,Dubai,Dubai Duty Free Tennis Championships,2026-02-16,WTA1000,Outdoor,Hard,1st Round,3,Navarro E.,Ruse E.G.,19,80.0,2100,864.0,6.0,4.0,7,5,,,2.0,0.0,Completed,1.5,2.63,,,1.55,3.0,1.47,2.61,1.53,2.84,20260216
10,Dubai,Dubai Duty Free Tennis Championships,2026-02-16,WTA1000,Outdoor,Hard,1st Round,3,Gracheva V.,Sramkova R.,60,103.0,1007,758.0,7.0,5.0,1,6,6,4,2.0,1.0,Completed,1.73,2.1,,,1.73,2.2,1.7,2.1,1.78,2.26,20260216
10,Dubai,Dubai Duty Free Tennis Championships,2026-02-16,WTA1000,Outdoor,Hard,1st Round,3,Cirstea S.,Sasnovich A.,32,113.0,1439,673.0,6.0,3.0,7,6,,,2.0,0.0,Completed,1.33,3.4,,,1.36,3.4,1.34,3.19,1.38,3.5,20260216
10,Dubai,Dubai Duty Free Tennis Championships,2026-02-16,WTA1000,Outdoor,Hard,1st Round,3,Tauson C.,Kenin S.,15,30.0,2530,1472.0,7.0,6.0,6,2,,,2.0,0.0,Completed,1.25,4.0,,,1.3,4.33,1.27,3.66,1.31,4.1,20260216
10,Dubai,Dubai Duty Free Tennis Championships,2026-02-16,WTA1000,Outdoor,Hard,1st Round,3,Kasatkina D.,Siegemund L.,61,52.0,997,1101.0,6.0,2.0,6,3,,,2.0,0.0,Completed,1.4,3.0,,,1.41,3.2,1.39,2.96,1.44,3.15,20260216
10,Dubai,Dubai Duty Free Tennis Championships,2026-02-16,WTA1000,Outdoor,Hard,1st Round,3,Bencic B.,Bouzas Maneiro J.,13,48.0,2843,1202.0,2.0,6.0,6,1,6,2,2.0,1.0,Completed,1.17,5.0,,,1.2,5.5,1.16,5.01,1.18,6.2,20260216
10,Dubai,Dubai Duty Free Tennis Championships,2026-02-16,WTA1000,Outdoor,Hard,1st Round,3,Zakharova A.,Uchijima M.,104,90.0,754,810.0,6.0,2.0,6,4,,,2.0,0.0,Completed,2,1.8,,,2.0,2.5,1.86,1.94,2.06,1.91,20260216
10,Dubai,Dubai Duty Free Tennis Championships,2026-02-16,WTA1000,Outdoor,Hard,1st Round,3,Kalinskaya A.,Ostapenko J.,23,27.0,1780,1600.0,2.0,6.0,6,1,6,4,2.0,1.0,Completed,1.44,2.75,,,1.48,2.88,1.44,2.71,1.48,3.0,20260216
10,Dubai,Dubai Duty Free Tennis Championships,2026-02-16,WTA1000,Outdoor,Hard,1st Round,3,Ruzic A.,Raducanu E.,67,25.0,933,1700.0,6.0,1.0,5,7,6,2,2.0,1.0,Completed,4,1.25,,,4.0,1.29,3.72,1.26,4.2,1.3,20260216
10,Dubai,Dubai Duty Free Tennis Championships,2026-02-16,WTA1000,Outdoor,Hard,1st Round,3,Badosa P.,Siniakova K.,70,42.0,901,1272.0,6.0,3.0,7,5,,,2.0,0.0,Completed,2,1.8,,,2.05,1.83,1.99,1.78,2.12,1.88,20260216
10,Dubai,Dubai Duty Free Tennis Championships,2026-02-16,WTA1000,Outdoor,Hard,1st Round,3,Cristian J.,Marcinko P.,39,69.0,1307,912.0,6.0,1.0,6,1,,,2.0,0.0,Completed,1.62,2.3,,,1.75,2.3,1.71,2.11,1.76,2.28,20260216
10,Dubai,Dubai Duty Free Tennis Championships,2026-02-16,WTA1000,Outdoor,Hard,2nd Round,3,Tjen J.,Fernandez L.A.,46,29.0,1236,1543.0,7.0,6.0,6,4,,,2.0,0.0,Completed,2.1,1.73,,,2.17,1.83,2.05,1.74,2.2,1.81,20260216
10,Dubai,Dubai Duty Free Tennis Championships,2026-02-16,WTA1000,Outdoor,Hard,2nd Round,3,Anisimova A.,Krejcikova B.,6,53.0,5690,1091.0,,,,,,,,,Walkover,1.4,3.0,,,1.42,3.0,1.4,2.87,1.4,3.4,20260216
10,Dubai,Dubai Duty Free Tennis Championships,2026-02-17,WTA1000,Outdoor,Hard,2nd Round,3,Tauson C.,Stearns P.,15,58.0,2530,1023.0,6.0,2.0,6,4,,,2.0,0.0,Completed,1.4,3.0,,,1.41,3.15,1.39,2.94,1.43,3.25,20260217
10,Dubai,Dubai Duty Free Tennis Championships,2026-02-17,WTA1000,Outdoor,Hard,2nd Round,3,Linette M.,Alexandrova E.,50,12.0,1124,2918.0,6.0,2.0,4,6,6,1,2.0,1.0,Completed,3.2,1.36,,,3.2,1.4,2.94,1.38,3.5,1.39,20260217
10,Dubai,Dubai Duty Free Tennis Championships,2026-02-17,WTA1000,Outdoor,Hard,2nd Round,3,Pegula J.,Gracheva V.,5,60.0,5888,1007.0,6.0,4.0,6,0,,,2.0,0.0,Completed,1.11,6.5,,,1.15,6.5,1.12,5.75,1.14,7.6,20260217
10,Dubai,Dubai Duty Free Tennis Championships,2026-02-17,WTA1000,Outdoor,Hard,2nd Round,3,Andreeva M.,Kasatkina D.,7,61.0,4786,997.0,,,,,,,,,Walkover,1.17,5.0,,,1.19,5.25,1.17,4.75,1.21,5.6,20260217
10,Dubai,Dubai Duty Free Tennis Championships,2026-02-17,WTA1000,Outdoor,Hard,2nd Round,3,Jovic I.,Shnaider D.,20,21.0,2008,1953.0,6.0,4.0,1,6,6,0,2.0,1.0,Completed,1.73,2.1,,,1.75,2.25,1.68,2.15,1.7,2.38,20260217
10,Dubai,Dubai Duty Free Tennis Championships,2026-02-17,WTA1000,Outdoor,Hard,2nd Round,3,Bencic B.,Bejlek S.,13,41.0,2843,1277.0,,,,,,,,,Walkover,1.44,2.75,,,1.5,2.8,1.46,2.64,1.54,2.82,20260217
10,Dubai,Dubai Duty Free Tennis Championships,2026-02-17,WTA1000,Outdoor,Hard,2nd Round,3,Mertens E.,Navarro E.,22,19.0,1881,2100.0,6.0,2.0,6,2,,,2.0,0.0,Completed,1.67,2.2,,,1.67,2.3,1.63,2.22,1.69,2.44,20260217
10,Dubai,Dubai Duty Free Tennis Championships,2026-02-17,WTA1000,Outdoor,Hard,2nd Round,3,Cristian J.,Seidel E.,39,95.0,1307,785.0,6.0,0.0,,,,,1.0,0.0,Retired,1.67,2.2,,,1.7,2.3,1.66,2.16,1.75,2.32,20260217
10,Dubai,Dubai Duty Free Tennis Championships,2026-02-17,WTA1000,Outdoor,Hard,2nd Round,3,Ruzic A.,Zakharova A.,67,104.0,933,754.0,6.0,1.0,6,7,6,1,2.0,1.0,Completed,1.91,1.91,,,1.91,2.0,1.84,1.94,1.96,2.02,20260217
10,Dubai,Dubai Duty Free Tennis Championships,2026-02-17,WTA1000,Outdoor,Hard,2nd Round,3,Gauff C.,Kalinskaya A.,4,23.0,6423,1780.0,6.0,4.0,6,4,,,2.0,0.0,Completed,1.53,2.5,,,1.56,2.63,1.51,2.52,1.59,2.64,20260217
10,Dubai,Dubai Duty Free Tennis Championships,2026-02-17,WTA1000,Outdoor,Hard,2nd Round,3,Svitolina E.,Badosa P.,9,70.0,3260,901.0,6.0,4.0,,,,,1.0,0.0,Retired,1.36,3.2,,,1.42,3.25,1.37,2.99,1.4,3.4,20260217
10,Dubai,Dubai Duty Free Tennis Championships,2026-02-17,WTA1000,Outdoor,Hard,2nd Round,3,Cirstea S.,Noskova L.,32,14.0,1439,2571.0,6.0,1.0,6,4,,,2.0,0.0,Completed,1.67,2.2,,,1.68,2.75,1.63,2.28,1.71,2.38,20260217
10,Dubai,Dubai Duty Free Tennis Championships,2026-02-17,WTA1000,Outdoor,Hard,2nd Round,3,Rybakina E.,Birrell K.,3,94.0,7523,789.0,6.0,1.0,6,2,,,2.0,0.0,Completed,1.03,15.0,,,1.04,17.0,1.03,12.64,1.04,21.0,20260217
10,Dubai,Dubai Duty Free Tennis Championships,2026-02-17,WTA1000,Outdoor,Hard,2nd Round,3,Eala A.,Paolini J.,47,8.0,1227,4157.0,6.0,1.0,7,6,,,2.0,0.0,Completed,2.75,1.44,,,2.9,1.45,2.73,1.44,2.96,1.5,20260217
10,Dubai,Dubai Duty Free Tennis Championships,2026-02-18,WTA1000,Outdoor,Hard,3rd Round,3,Anisimova A.,Tjen J.,6,46.0,5690,1236.0,6.0,1.0,6,3,,,2.0,0.0,Completed,1.2,4.5,,,1.25,4.6,1.2,4.34,1.24,4.8,20260218
10,Dubai,Dubai Duty Free Tennis Championships,2026-02-18,WTA1000,Outdoor,Hard,3rd Round,3,Tauson C.,Linette M.,15,50.0,2530,1124.0,6.0,4.0,6,2,,,2.0,0.0,Completed,1.4,3.0,,,1.4,3.2,1.36,3.03,1.38,3.6,20260218
10,Dubai,Dubai Duty Free Tennis Championships,2026-02-18,WTA1000,Outdoor,Hard,3rd Round,3,Andreeva M.,Cristian J.,7,39.0,4786,1307.0,7.0,5.0,6,3,,,2.0,0.0,Completed,1.11,6.5,,,1.13,6.75,1.12,6.13,1.15,7.4,20260218
10,Dubai,Dubai Duty Free Tennis Championships,2026-02-18,WTA1000,Outdoor,Hard,3rd Round,3,Pegula J.,Jovic I.,5,20.0,5888,2008.0,6.0,4.0,6,2,,,2.0,0.0,Completed,1.4,3.0,,,1.4,3.15,1.38,2.96,1.44,3.2,20260218
10,Dubai,Dubai Duty Free Tennis Championships,2026-02-18,WTA1000,Outdoor,Hard,3rd Round,3,Ruzic A.,Rybakina E.,67,3.0,933,7523.0,5.0,7.0,6,4,1,0,1.0,1.0,Retired,13,1.04,,,13.0,1.05,10.58,1.04,21.0,1.04,20260218
10,Dubai,Dubai Duty Free Tennis Championships,2026-02-18,WTA1000,Outdoor,Hard,3rd Round,3,Svitolina E.,Bencic B.,9,13.0,3260,2843.0,4.0,6.0,6,1,6,3,2.0,1.0,Completed,1.67,2.2,,,1.73,2.5,1.68,2.16,1.8,2.24,20260218
10,Dubai,Dubai Duty Free Tennis Championships,2026-02-18,WTA1000,Outdoor,Hard,3rd Round,3,Gauff C.,Mertens E.,4,22.0,6423,1881.0,2.0,6.0,7,6,6,3,2.0,1.0,Completed,1.44,2.75,,,1.47,2.75,1.45,2.71,1.51,2.94,20260218
10,Dubai,Dubai Duty Free Tennis Championships,2026-02-18,WTA1000,Outdoor,Hard,3rd Round,3,Eala A.,Cirstea S.,47,32.0,1227,1439.0,7.0,5.0,6,4,,,2.0,0.0,Completed,3.2,1.36,,,3.2,1.4,3.01,1.37,3.3,1.42,20260218
10,Dubai,Dubai Duty Free Tennis Championships,2026-02-19,WTA1000,Outdoor,Hard,Quarterfinals,3,Pegula J.,Tauson C.,5,15.0,5888,2530.0,6.0,3.0,2,6,6,4,2.0,1.0,Completed,1.3,3.5,,,1.36,3.5,1.32,3.36,1.37,3.6,20260219
10,Dubai,Dubai Duty Free Tennis Championships,2026-02-19,WTA1000,Outdoor,Hard,Quarterfinals,3,Anisimova A.,Andreeva M.,6,7.0,5690,4786.0,2.0,6.0,7,5,7,6,2.0,1.0,Completed,1.91,1.91,,,1.91,2.0,1.82,1.96,1.95,2.02,20260219
10,Dubai,Dubai Duty Free Tennis Championships,2026-02-19,WTA1000,Outdoor,Hard,Quarterfinals,3,Gauff C.,Eala A.,4,47.0,6423,1227.0,6.0,0.0,6,2,,,2.0,0.0,Completed,1.4,3.0,,,1.42,3.0,1.4,2.87,1.42,3.3,20260219
10,Dubai,Dubai Duty Free Tennis Championships,2026-02-19,WTA1000,Outdoor,Hard,Quarterfinals,3,Svitolina E.,Ruzic A.,9,67.0,3260,933.0,3.0,6.0,6,2,6,3,2.0,1.0,Completed,1.1,7.0,,,1.12,7.5,1.1,6.85,1.14,7.6,20260219
10,Dubai,Dubai Duty Free Tennis Championships,2026-02-20,WTA1000,Outdoor,Hard,Semifinals,3,Pegula J.,Anisimova A.,5,6.0,5888,5690.0,1.0,6.0,6,4,6,3,2.0,1.0,Completed,1.57,2.38,,,1.6,2.4,1.57,2.36,1.65,2.52,20260220
10,Dubai,Dubai Duty Free Tennis Championships,2026-02-20,WTA1000,Outdoor,Hard,Semifinals,3,Svitolina E.,Gauff C.,9,4.0,3260,6423.0,6.0,4.0,6,7,6,4,2.0,1.0,Completed,2.1,1.73,,,2.38,1.76,2.11,1.71,2.14,1.86,20260220
10,Dubai,Dubai Duty Free Tennis Championships,2026-02-21,WTA1000,Outdoor,Hard,The Final,3,Pegula J.,Svitolina E.,5,9.0,5888,3260.0,6.0,2.0,6,4,,,2.0,0.0,Completed,1.57,2.38,,,1.66,2.38,1.61,2.28,1.68,2.44,20260221
11,Austin,ATX Open,2026-02-23,WTA250,Outdoor,Hard,1st Round,3,Selekhmeteva O.,Parks A.,76,95.0,878,789.0,6.0,4.0,3,6,6,3,2.0,1.0,Completed,1.73,2.1,,,2.0,2.1,1.84,1.92,1.81,2.2,20260223
11,Austin,ATX Open,2026-02-23,WTA250,Outdoor,Hard,1st Round,3,Rakhimova K.,Bondar A.,92,65.0,802,978.0,6.0,3.0,7,5,,,2.0,0.0,Completed,1.73,2.1,,,1.8,2.15,1.73,2.06,1.83,2.18,20260223
11,Austin,ATX Open,2026-02-23,WTA250,Outdoor,Hard,1st Round,3,Bartunkova N.,Volynets K.,107,96.0,728,786.0,6.0,4.0,7,5,,,2.0,0.0,Completed,2,1.8,,,2.0,1.89,1.95,1.82,2.02,1.97,20260223
11,Austin,ATX Open,2026-02-24,WTA250,Outdoor,Hard,1st Round,3,Osuigwe W.,Mandlik E.,163,174.0,444,408.0,2.0,6.0,6,3,6,1,2.0,1.0,Completed,2.3,1.62,,,2.31,1.75,2.23,1.63,2.4,1.7,20260224
11,Austin,ATX Open,2026-02-24,WTA250,Outdoor,Hard,1st Round,3,Townsend T.,Fruhvirtova L.,119,121.0,666,657.0,4.0,6.0,7,6,7,5,2.0,1.0,Completed,1.57,2.38,,,1.57,2.45,1.55,2.4,,,20260224
11,Austin,ATX Open,2026-02-24,WTA250,Outdoor,Hard,1st Round,3,Masarova R.,Wang Xin.,120,30.0,660,1438.0,6.0,3.0,6,2,,,2.0,0.0,Completed,3.75,1.29,,,4.0,1.3,3.67,1.27,4.1,1.31,20260224
11,Austin,ATX Open,2026-02-24,WTA250,Outdoor,Hard,1st Round,3,Jovic I.,Blinkova A.,18,84.0,2095,848.0,6.0,3.0,6,4,,,2.0,0.0,Completed,1.08,8.0,,,1.1,8.5,1.08,7.4,1.12,8.6,20260224
11,Austin,ATX Open,2026-02-24,WTA250,Outdoor,Hard,1st Round,3,Galfi D.,Andreescu B.,87,164.0,821,443.0,6.0,3.0,5,7,6,4,2.0,1.0,Completed,2.38,1.57,,,2.75,1.61,2.34,1.57,2.54,1.64,20260224
11,Austin,ATX Open,2026-02-24,WTA250,Outdoor,Hard,1st Round,3,Juvan K.,Liu C.,93,214.0,796,338.0,6.0,4.0,7,6,,,2.0,0.0,Completed,1.8,2.0,,,1.82,2.01,1.8,1.97,1.92,2.06,20260224
11,Austin,ATX Open,2026-02-24,WTA250,Outdoor,Hard,1st Round,3,Tomljanovic A.,Williams V.,74,560.0,881,92.0,6.0,4.0,6,1,,,2.0,0.0,Completed,1.33,3.4,,,1.34,3.5,1.31,3.35,1.34,3.9,20260224
11,Austin,ATX Open,2026-02-24,WTA250,Outdoor,Hard,1st Round,3,Birrell K.,Marcinko P.,80,70.0,857,902.0,0.0,6.0,6,3,6,4,2.0,1.0,Completed,1.62,2.3,,,1.65,2.3,1.62,2.24,1.66,2.48,20260224
11,Austin,ATX Open,2026-02-24,WTA250,Outdoor,Hard,1st Round,3,Krueger A.,McNally C.,103,67.0,752,928.0,6.0,1.0,7,6,,,2.0,0.0,Completed,2.38,1.57,,,2.38,1.61,2.31,1.58,2.56,1.64,20260224
11,Austin,ATX Open,2026-02-24,WTA250,Outdoor,Hard,1st Round,3,Yuan Y.,Sramkova R.,128,102.0,607,758.0,4.0,6.0,7,5,6,1,2.0,1.0,Completed,2.1,1.73,,,2.1,1.8,2.06,1.74,2.26,1.76,20260224
11,Austin,ATX Open,2026-02-25,WTA250,Outdoor,Hard,1st Round,3,Stearns P.,Jones F.,62,73.0,988,890.0,3.0,6.0,6,3,6,2,2.0,1.0,Completed,1.3,3.5,,,1.35,3.5,1.32,3.3,1.41,3.35,20260225
11,Austin,ATX Open,2026-02-25,WTA250,Outdoor,Hard,1st Round,3,Zakharova A.,Stoiana M.,88,176.0,819,399.0,3.0,6.0,6,2,6,4,2.0,1.0,Completed,1.73,2.1,,,1.76,2.2,1.71,2.1,1.78,2.24,20260225
11,Austin,ATX Open,2026-02-25,WTA250,Outdoor,Hard,1st Round,3,Dolehide C.,Sun L.,126,98.0,627,780.0,6.0,2.0,6,3,,,2.0,0.0,Completed,2,1.8,,,2.0,1.87,1.97,1.8,2.06,1.91,20260225
11,Austin,ATX Open,2026-02-25,WTA250,Outdoor,Hard,2nd Round,3,Selekhmeteva O.,Rakhimova K.,76,92.0,878,802.0,6.0,2.0,7,5,,,2.0,0.0,Completed,2.2,1.67,,,2.25,1.7,2.17,1.66,2.38,1.71,20260225
11,Austin,ATX Open,2026-02-25,WTA250,Outdoor,Hard,2nd Round,3,Masarova R.,Osuigwe W.,120,163.0,660,444.0,7.0,6.0,6,3,,,2.0,0.0,Completed,1.36,3.2,,,1.4,3.25,1.36,3.08,1.41,3.3,20260225
11,Austin,ATX Open,2026-02-25,WTA250,Outdoor,Hard,2nd Round,3,Townsend T.,Bartunkova N.,119,107.0,666,728.0,6.0,1.0,6,4,,,2.0,0.0,Completed,2.38,1.57,,,2.38,1.72,2.24,1.62,2.52,1.64,20260225
11,Austin,ATX Open,2026-02-26,WTA250,Outdoor,Hard,2nd Round,3,Yuan Y.,Galfi D.,128,87.0,607,821.0,6.0,3.0,6,2,,,2.0,0.0,Completed,2,1.8,,,2.02,1.81,1.98,1.79,2.14,1.85,20260226
11,Austin,ATX Open,2026-02-26,WTA250,Outdoor,Hard,2nd Round,3,Krueger A.,Zakharova A.,103,88.0,752,819.0,7.0,5.0,6,3,,,2.0,0.0,Completed,1.53,2.5,,,1.54,2.75,1.5,2.52,1.56,2.74,20260226
11,Austin,ATX Open,2026-02-26,WTA250,Outdoor,Hard,2nd Round,3,Stearns P.,Juvan K.,62,93.0,988,796.0,6.0,0.0,6,2,,,2.0,0.0,Completed,1.53,2.38,,,1.6,2.43,1.56,2.37,1.71,2.4,20260226
11,Austin,ATX Open,2026-02-26,WTA250,Outdoor,Hard,2nd Round,3,Birrell K.,Dolehide C.,80,126.0,857,627.0,6.0,4.0,6,2,,,2.0,0.0,Completed,1.8,2.0,,,1.83,2.02,1.8,1.96,1.92,2.04,20260226
11,Austin,ATX Open,2026-02-27,WTA250,Outdoor,Hard,2nd Round,3,Tomljanovic A.,Jovic I.,74,18.0,881,2095.0,4.0,6.0,6,4,6,4,2.0,1.0,Completed,4.33,1.2,,,4.5,1.22,4.28,1.21,5.1,1.22,20260227
11,Austin,ATX Open,2026-02-27,WTA250,Outdoor,Hard,Quarterfinals,3,Birrell K.,Tomljanovic A.,80,74.0,857,881.0,6.0,3.0,6,3,,,2.0,0.0,Completed,2.2,1.67,,,2.25,1.68,2.17,1.66,2.26,1.76,20260227
11,Austin,ATX Open,2026-02-27,WTA250,Outdoor,Hard,Quarterfinals,3,Townsend T.,Masarova R.,119,120.0,666,660.0,5.0,7.0,6,2,6,2,2.0,1.0,Completed,1.5,2.63,,,1.53,2.75,1.49,2.57,1.54,2.78,20260227
11,Austin,ATX Open,2026-02-28,WTA250,Outdoor,Hard,Quarterfinals,3,Stearns P.,Selekhmeteva O.,62,76.0,988,878.0,6.0,1.0,5,7,7,5,2.0,1.0,Completed,1.53,2.5,,,1.56,2.5,1.53,2.45,1.61,2.58,20260228
11,Austin,ATX Open,2026-02-28,WTA250,Outdoor,Hard,Quarterfinals,3,Krueger A.,Yuan Y.,103,128.0,752,607.0,7.0,6.0,6,4,,,2.0,0.0,Completed,1.73,2.1,,,1.8,2.25,1.74,2.05,1.83,2.16,20260228
11,Austin,ATX Open,2026-02-28,WTA250,Outdoor,Hard,Semifinals,3,Stearns P.,Birrell K.,62,80.0,988,857.0,6.0,3.0,3,6,6,2,2.0,1.0,Completed,1.57,2.38,,,1.62,2.43,1.58,2.32,1.66,2.48,20260228
11,Austin,ATX Open,2026-02-28,WTA250,Outdoor,Hard,Semifinals,3,Townsend T.,Krueger A.,119,103.0,666,752.0,7.0,6.0,6,3,,,2.0,0.0,Completed,1.8,2.0,,,1.85,2.04,1.81,1.95,1.97,2.0,20260228
11,Austin,ATX Open,2026-03-01,WTA250,Outdoor,Hard,The Final,3,Stearns P.,Townsend T.,62,119.0,988,666.0,7.0,6.0,7,5,,,2.0,0.0,Completed,2,1.8,,,2.12,1.85,2.0,1.78,2.16,1.85,20260301
12,Merida,Merida Open,2026-02-23,WTA500,Outdoor,Hard,1st Round,3,Stakusic M.,Yastremska D.,142,49.0,542,1170.0,6.0,4.0,6,3,,,2.0,0.0,Completed,2.5,1.53,,,2.55,1.6,2.39,1.54,2.46,1.67,20260223
12,Merida,Merida Open,2026-02-23,WTA500,Outdoor,Hard,1st Round,3,Jimenez Kasintseva V.,Putintseva Y.,122,77.0,657,871.0,6.0,4.0,1,6,6,4,2.0,1.0,Completed,3.5,1.3,,,3.5,1.35,3.28,1.32,3.8,1.35,20260223
12,Merida,Merida Open,2026-02-24,WTA500,Outdoor,Hard,1st Round,3,Boulter K.,Haddad Maia B.,69,66.0,904,942.0,6.0,4.0,6,4,,,2.0,0.0,Completed,1.4,3.0,,,1.44,3.0,1.39,2.82,1.43,3.25,20260224
12,Merida,Merida Open,2026-02-24,WTA500,Outdoor,Hard,1st Round,3,Arango E.,Potapova A.,59,91.0,1027,810.0,7.0,6.0,6,2,,,2.0,0.0,Completed,3.2,1.36,,,3.75,1.38,3.2,1.33,3.4,1.4,20260224
12,Merida,Merida Open,2026-02-24,WTA500,Outdoor,Hard,1st Round,3,Osorio M.,Tjen J.,61,36.0,991,1341.0,6.0,4.0,6,3,,,2.0,0.0,Completed,1.91,1.91,,,1.91,2.0,1.83,1.92,1.9,2.08,20260224
12,Merida,Merida Open,2026-02-24,WTA500,Outdoor,Hard,1st Round,3,Linette M.,Maria T.,47,55.0,1234,1079.0,7.0,6.0,6,3,,,2.0,0.0,Completed,1.3,3.5,,,1.35,3.5,1.31,3.35,1.33,3.9,20260224
12,Merida,Merida Open,2026-02-24,WTA500,Outdoor,Hard,1st Round,3,Bucsa C.,Vekic D.,63,100.0,984,768.0,6.0,3.0,6,2,,,2.0,0.0,Completed,2.3,1.62,,,2.32,1.65,2.27,1.61,2.46,1.67,20260224
12,Merida,Merida Open,2026-02-24,WTA500,Outdoor,Hard,1st Round,3,Bouzas Maneiro J.,Watson H.,48,281.0,1202,241.0,6.0,3.0,6,1,,,2.0,0.0,Completed,1.3,3.5,,,1.38,3.8,1.31,3.38,1.32,4.0,20260224
12,Merida,Merida Open,2026-02-24,WTA500,Outdoor,Hard,1st Round,3,Frech M.,Timofeeva M.,57,155.0,1053,463.0,6.0,4.0,7,6,,,2.0,0.0,Completed,1.44,2.75,,,1.5,3.0,1.45,2.69,1.53,2.82,20260224
12,Merida,Merida Open,2026-02-25,WTA500,Outdoor,Hard,1st Round,3,Sonmez Z.,Brace C.,81,204.0,851,359.0,6.0,2.0,6,0,,,2.0,0.0,Completed,1.36,3.2,,,1.38,3.25,1.35,3.12,1.4,3.4,20260225
12,Merida,Merida Open,2026-02-25,WTA500,Outdoor,Hard,1st Round,3,Hon P.,Zarazua R.,136,89.0,555,814.0,6.0,2.0,2,6,6,4,2.0,1.0,Completed,2.2,1.67,,,2.25,1.76,2.16,1.68,2.32,1.75,20260225
12,Merida,Merida Open,2026-02-25,WTA500,Outdoor,Hard,1st Round,3,Zhang S.,Lepchenko V.,86,152.0,821,483.0,6.0,2.0,6,1,,,2.0,0.0,Completed,1.2,4.5,,,1.23,4.75,1.21,4.28,1.24,5.0,20260225
12,Merida,Merida Open,2026-02-25,WTA500,Outdoor,Hard,2nd Round,3,Jimenez Kasintseva V.,Linette M.,122,47.0,657,1234.0,5.0,7.0,7,6,7,5,2.0,1.0,Completed,3.5,1.3,,,3.75,1.3,3.47,1.28,3.85,1.34,20260225
12,Merida,Merida Open,2026-02-25,WTA500,Outdoor,Hard,2nd Round,3,Bouzkova M.,Arango E.,34,59.0,1347,1027.0,2.0,6.0,6,1,2,0,1.0,1.0,Retired,1.29,3.75,,,1.3,3.75,1.28,3.51,1.33,3.9,20260225
12,Merida,Merida Open,2026-02-26,WTA500,Outdoor,Hard,2nd Round,3,Boulter K.,Osorio M.,69,61.0,904,991.0,6.0,3.0,0,0,,,1.0,0.0,Retired,2.2,1.67,,,3.0,1.7,2.2,1.64,2.42,1.69,20260226
12,Merida,Merida Open,2026-02-26,WTA500,Outdoor,Hard,2nd Round,3,Bucsa C.,Stakusic M.,63,142.0,984,542.0,7.0,6.0,6,3,,,2.0,0.0,Completed,1.67,2.2,,,1.7,2.75,1.63,2.23,1.72,2.34,20260226
12,Merida,Merida Open,2026-02-26,WTA500,Outdoor,Hard,2nd Round,3,Frech M.,Bouzas Maneiro J.,57,48.0,1053,1202.0,6.0,0.0,6,3,,,2.0,0.0,Completed,2.1,1.73,,,2.14,1.8,2.08,1.72,2.2,1.81,20260226
12,Merida,Merida Open,2026-02-26,WTA500,Outdoor,Hard,2nd Round,3,Sonmez Z.,Li A.,81,39.0,851,1333.0,3.0,6.0,7,6,6,4,2.0,1.0,Completed,2,1.8,,,2.01,1.85,1.96,1.8,2.08,1.9,20260226
12,Merida,Merida Open,2026-02-27,WTA500,Outdoor,Hard,2nd Round,3,Paolini J.,Hon P.,7,136.0,4047,555.0,6.0,0.0,6,2,,,2.0,0.0,Completed,1.17,5.0,,,1.19,6.0,1.17,4.88,1.19,5.7,20260227
12,Merida,Merida Open,2026-02-27,WTA500,Outdoor,Hard,2nd Round,3,Zhang S.,Navarro E.,86,20.0,821,2045.0,6.0,4.0,6,4,,,2.0,0.0,Completed,2.63,1.5,,,2.75,1.5,2.61,1.47,2.8,1.54,20260227
12,Merida,Merida Open,2026-02-27,WTA500,Outdoor,Hard,Quarterfinals,3,Frech M.,Bouzkova M.,57,34.0,1053,1347.0,6.0,3.0,4,6,6,3,2.0,1.0,Completed,2.38,1.57,,,2.38,1.62,2.3,1.58,2.5,1.65,20260227
12,Merida,Merida Open,2026-02-27,WTA500,Outdoor,Hard,Quarterfinals,3,Bucsa C.,Sonmez Z.,63,81.0,984,851.0,6.0,3.0,6,4,,,2.0,0.0,Completed,1.91,1.91,,,2.0,1.95,1.9,1.86,2.08,1.9,20260227
12,Merida,Merida Open,2026-02-28,WTA500,Outdoor,Hard,Quarterfinals,3,Zhang S.,Jimenez Kasintseva V.,86,122.0,821,657.0,6.0,1.0,6,3,,,2.0,0.0,Completed,1.36,3.2,,,1.36,3.5,1.33,3.21,1.38,3.5,20260228
12,Merida,Merida Open,2026-02-28,WTA500,Outdoor,Hard,Quarterfinals,3,Paolini J.,Boulter K.,7,69.0,4047,904.0,0.0,6.0,6,3,6,3,2.0,1.0,Completed,1.53,2.5,,,1.62,2.63,1.52,2.47,1.57,2.72,20260228
12,Merida,Merida Open,2026-03-01,WTA500,Outdoor,Hard,Semifinals,3,Frech M.,Zhang S.,57,86.0,1053,821.0,6.0,2.0,6,7,6,3,2.0,1.0,Completed,2.1,1.73,,,2.11,1.75,2.09,1.71,2.24,1.79,20260301
12,Merida,Merida Open,2026-03-01,WTA500,Outdoor,Hard,Semifinals,3,Bucsa C.,Paolini J.,63,7.0,984,4047.0,7.0,5.0,6,4,,,2.0,0.0,Completed,3.4,1.33,,,3.5,1.43,3.02,1.37,3.5,1.39,20260301
12,Merida,Merida Open,2026-03-01,WTA500,Outdoor,Hard,The Final,3,Bucsa C.,Frech M.,63,57.0,984,1053.0,6.0,1.0,4,6,6,4,2.0,1.0,Completed,1.57,2.38,,,1.65,2.38,1.62,2.25,1.7,2.38,20260301
13,Indian Wells,BNP Paribas Open,2026-03-04,WTA1000,Outdoor,Hard,1st Round,3,Cirstea S.,Maria T.,38,59.0,1344,1069.0,6.0,4.0,4,6,6,3,2.0,1.0,Completed,1.1,7.0,,,1.12,7.0,1.1,6.5,1.11,9.4,20260304
13,Indian Wells,BNP Paribas Open,2026-03-04,WTA1000,Outdoor,Hard,1st Round,3,Putintseva Y.,Badosa P.,76,106.0,871,738.0,6.0,4.0,6,2,0,0,2.0,0.0,Completed,2.75,1.44,,,2.8,1.48,2.71,1.44,2.86,1.52,20260304
13,Indian Wells,BNP Paribas Open,2026-03-04,WTA1000,Outdoor,Hard,1st Round,3,Birrell K.,Selekhmeteva O.,69,71.0,925,917.0,6.0,1.0,6,4,,,2.0,0.0,Completed,2.1,1.73,,,2.15,1.75,2.1,1.71,2.32,1.74,20260304
13,Indian Wells,BNP Paribas Open,2026-03-04,WTA1000,Outdoor,Hard,1st Round,3,Potapova A.,Stakusic M.,91,130.0,810,601.0,4.0,6.0,6,1,7,5,2.0,1.0,Completed,2,1.8,,,2.0,1.88,1.92,1.83,2.04,1.94,20260304
13,Indian Wells,BNP Paribas Open,2026-03-04,WTA1000,Outdoor,Hard,1st Round,3,Tomljanovic A.,Ruse E.G.,85,74.0,837,892.0,7.0,5.0,6,2,,,2.0,0.0,Completed,2,1.8,,,2.05,1.8,2.02,1.76,2.1,1.87,20260304
13,Indian Wells,BNP Paribas Open,2026-03-04,WTA1000,Outdoor,Hard,1st Round,3,Gibson T.,Li A.,112,41.0,721,1333.0,6.0,3.0,7,5,,,2.0,0.0,Completed,2.38,1.57,,,2.42,1.6,2.34,1.57,2.56,1.62,20260304
13,Indian Wells,BNP Paribas Open,2026-03-04,WTA1000,Outdoor,Hard,1st Round,3,Sonmez Z.,Kessler M.,80,51.0,851,1193.0,7.0,6.0,6,0,,,2.0,0.0,Completed,2.2,1.67,,,2.3,1.68,2.23,1.63,2.46,1.67,20260304
13,Indian Wells,BNP Paribas Open,2026-03-04,WTA1000,Outdoor,Hard,1st Round,3,Bouzas Maneiro J.,Haddad Maia B.,50,67.0,1202,942.0,6.0,1.0,6,7,6,1,2.0,1.0,Completed,1.62,2.3,,,1.68,2.3,1.64,2.21,1.69,2.4,20260304
13,Indian Wells,BNP Paribas Open,2026-03-04,WTA1000,Outdoor,Hard,1st Round,3,Zakharova A.,Seidel E.,86,83.0,831,847.0,6.0,2.0,6,2,,,2.0,0.0,Completed,1.67,2.2,,,1.67,2.25,1.63,2.23,1.67,2.48,20260304
13,Indian Wells,BNP Paribas Open,2026-03-04,WTA1000,Outdoor,Hard,1st Round,3,Sakatsume H.,Parks A.,136,96.0,556,789.0,6.0,4.0,6,3,,,2.0,0.0,Completed,2,1.8,,,2.08,1.81,2.01,1.76,2.2,1.81,20260304
13,Indian Wells,BNP Paribas Open,2026-03-04,WTA1000,Outdoor,Hard,1st Round,3,Jimenez Kasintseva V.,McNally C.,97,68.0,788,928.0,6.0,2.0,6,7,6,4,2.0,1.0,Completed,2.63,1.5,,,3.0,1.5,2.75,1.43,3.3,1.42,20260304
13,Indian Wells,BNP Paribas Open,2026-03-05,WTA1000,Outdoor,Hard,1st Round,3,Blinkova A.,Galfi D.,94,84.0,795,838.0,6.0,4.0,7,5,,,2.0,0.0,Completed,3,1.4,,,3.05,1.44,2.88,1.4,3.05,1.46,20260305
13,Indian Wells,BNP Paribas Open,2026-03-05,WTA1000,Outdoor,Hard,1st Round,3,Cristian J.,Tjen J.,35,39.0,1367,1341.0,4.0,6.0,6,4,7,6,2.0,1.0,Completed,2.1,1.73,,,2.25,1.8,2.05,1.74,2.22,1.8,20260305
13,Indian Wells,BNP Paribas Open,2026-03-05,WTA1000,Outdoor,Hard,1st Round,3,Rakhimova K.,Andreescu B.,88,165.0,814,444.0,6.0,7.0,6,0,6,1,2.0,1.0,Completed,2.1,1.73,,,2.1,1.76,2.05,1.74,2.18,1.82,20260305
13,Indian Wells,BNP Paribas Open,2026-03-05,WTA1000,Outdoor,Hard,1st Round,3,Osorio M.,Stephens S.,61,780.0,1041,43.0,6.0,4.0,6,1,,,2.0,0.0,Completed,1.29,3.75,,,1.3,3.8,1.27,3.65,1.32,3.95,20260305
13,Indian Wells,BNP Paribas Open,2026-03-05,WTA1000,Outdoor,Hard,1st Round,3,Yastremska D.,Zhang S.,52,62.0,1170,1039.0,6.0,3.0,6,2,,,2.0,0.0,Completed,1.91,1.91,,,1.95,1.91,1.89,1.86,2.06,1.92,20260305
13,Indian Wells,BNP Paribas Open,2026-03-05,WTA1000,Outdoor,Hard,1st Round,3,Krueger A.,Linette M.,82,49.0,849,1234.0,6.0,1.0,6,4,,,2.0,0.0,Completed,2,1.8,,,2.0,1.87,1.94,1.82,2.06,1.92,20260305
13,Indian Wells,BNP Paribas Open,2026-03-05,WTA1000,Outdoor,Hard,1st Round,3,Townsend T.,Bouzkova M.,87,33.0,829,1425.0,6.0,2.0,6,1,,,2.0,0.0,Completed,1.8,2.0,,,1.83,2.05,1.77,2.0,1.86,2.14,20260305
13,Indian Wells,BNP Paribas Open,2026-03-05,WTA1000,Outdoor,Hard,1st Round,3,Siegemund L.,Marcinko P.,55,72.0,1110,902.0,3.0,6.0,6,3,6,4,2.0,1.0,Completed,2,1.8,,,2.01,1.84,1.96,1.81,2.02,1.97,20260305
13,Indian Wells,BNP Paribas Open,2026-03-05,WTA1000,Outdoor,Hard,1st Round,3,Kartal S.,Tararudee L.,54,124.0,1127,632.0,6.0,4.0,6,4,,,2.0,0.0,Completed,1.36,3.2,,,1.38,3.2,1.36,3.07,1.43,3.25,20260305
13,Indian Wells,BNP Paribas Open,2026-03-05,WTA1000,Outdoor,Hard,1st Round,3,Vekic D.,Valentova T.,103,47.0,768,1256.0,7.0,6.0,7,6,,,2.0,0.0,Completed,2.63,1.5,,,2.75,1.52,2.55,1.49,2.72,1.57,20260305
13,Indian Wells,BNP Paribas Open,2026-03-05,WTA1000,Outdoor,Hard,1st Round,3,Day K.,Jones F.,187,93.0,386,806.0,6.0,3.0,6,1,,,2.0,0.0,Completed,1.67,2.2,,,1.67,2.32,1.61,2.26,1.67,2.46,20260305
13,Indian Wells,BNP Paribas Open,2026-03-05,WTA1000,Outdoor,Hard,1st Round,3,Parry D.,Williams V.,111,554.0,724,93.0,6.0,3.0,6,7,6,1,2.0,1.0,Completed,1.25,4.0,,,1.27,4.25,1.25,3.87,1.27,4.4,20260305
13,Indian Wells,BNP Paribas Open,2026-03-05,WTA1000,Outdoor,Hard,1st Round,3,Bondar A.,Jacquemot E.,66,63.0,978,1026.0,7.0,6.0,7,5,,,2.0,0.0,Completed,1.5,2.63,,,1.54,2.75,1.5,2.55,1.53,2.84,20260305
13,Indian Wells,BNP Paribas Open,2026-03-05,WTA1000,Outdoor,Hard,1st Round,3,Bucsa C.,Vidmanova D.,31,122.0,1436,667.0,6.0,4.0,6,0,,,2.0,0.0,Completed,1.5,2.63,,,1.65,2.65,1.49,2.58,1.56,2.72,20260305
13,Indian Wells,BNP Paribas Open,2026-03-05,WTA1000,Outdoor,Hard,1st Round,3,Tagger L.,Gracheva V.,119,58.0,673,1072.0,6.0,2.0,6,4,,,2.0,0.0,Completed,2.2,1.67,,,2.21,1.73,2.15,1.68,2.36,1.72,20260305
13,Indian Wells,BNP Paribas Open,2026-03-06,WTA1000,Outdoor,Hard,1st Round,3,Hunter S.,Frech M.,234,36.0,301,1348.0,3.0,6.0,7,5,6,3,2.0,1.0,Completed,3.2,1.36,,,3.2,1.42,2.94,1.39,3.3,1.42,20260306
13,Indian Wells,BNP Paribas Open,2026-03-06,WTA1000,Outdoor,Hard,1st Round,3,Siniakova K.,Kenin S.,44,45.0,1269,1267.0,1.0,6.0,6,4,6,1,2.0,1.0,Completed,1.44,2.75,,,1.55,2.75,1.47,2.62,1.51,2.92,20260306
13,Indian Wells,BNP Paribas Open,2026-03-06,WTA1000,Outdoor,Hard,1st Round,3,Volynets K.,Sramkova R.,98,118.0,786,680.0,6.0,1.0,0,0,,,1.0,0.0,Retired,1.73,2.1,,,1.75,2.12,1.71,2.09,1.79,2.22,20260306
13,Indian Wells,BNP Paribas Open,2026-03-06,WTA1000,Outdoor,Hard,1st Round,3,Ruzic A.,Brady J.,57,801.0,1075,40.0,3.0,6.0,6,4,6,2,2.0,1.0,Completed,1.44,2.75,,,1.5,2.85,1.44,2.7,1.51,2.92,20260306
13,Indian Wells,BNP Paribas Open,2026-03-06,WTA1000,Outdoor,Hard,1st Round,3,Baptiste H.,Arango E.,43,108.0,1274,737.0,2.0,6.0,6,2,6,3,2.0,1.0,Completed,1.3,3.5,,,1.35,3.6,1.3,3.45,1.35,3.75,20260306
13,Indian Wells,BNP Paribas Open,2026-03-06,WTA1000,Outdoor,Hard,1st Round,3,Sierra S.,Stearns P.,65,48.0,980,1237.0,7.0,5.0,7,5,,,2.0,0.0,Completed,5,1.17,,,5.0,1.2,4.57,1.18,5.3,1.21,20260306
13,Indian Wells,BNP Paribas Open,2026-03-06,WTA1000,Outdoor,Hard,2nd Round,3,Noskova L.,Bouzas Maneiro J.,14,50.0,2421,1202.0,6.0,3.0,6,3,,,2.0,0.0,Completed,1.4,3.0,,,1.44,3.0,1.4,2.88,1.45,3.1,20260306
13,Indian Wells,BNP Paribas Open,2026-03-06,WTA1000,Outdoor,Hard,2nd Round,3,Gibson T.,Alexandrova E.,112,11.0,721,2918.0,6.0,3.0,7,5,,,2.0,0.0,Completed,2.75,1.44,,,2.9,1.45,2.78,1.42,3.1,1.46,20260306
13,Indian Wells,BNP Paribas Open,2026-03-06,WTA1000,Outdoor,Hard,2nd Round,3,Raducanu E.,Zakharova A.,24,86.0,1645,831.0,6.0,1.0,6,3,,,2.0,0.0,Completed,1.5,2.63,,,1.62,2.75,1.49,2.59,1.56,2.76,20260306
13,Indian Wells,BNP Paribas Open,2026-03-06,WTA1000,Outdoor,Hard,2nd Round,3,Mboko V.,Birrell K.,10,69.0,3211,925.0,6.0,4.0,7,6,,,2.0,0.0,Completed,1.17,5.0,,,1.18,5.0,1.17,4.75,1.23,5.1,20260306
13,Indian Wells,BNP Paribas Open,2026-03-06,WTA1000,Outdoor,Hard,2nd Round,3,Tauson C.,Putintseva Y.,17,76.0,2095,871.0,7.0,6.0,6,2,,,2.0,0.0,Completed,1.36,3.2,,,1.37,3.3,1.35,3.15,1.41,3.35,20260306
13,Indian Wells,BNP Paribas Open,2026-03-06,WTA1000,Outdoor,Hard,2nd Round,3,Cirstea S.,Shnaider D.,38,20.0,1344,1953.0,6.0,2.0,7,6,,,2.0,0.0,Completed,1.62,2.3,,,1.67,2.3,1.63,2.24,1.7,2.4,20260306
13,Indian Wells,BNP Paribas Open,2026-03-06,WTA1000,Outdoor,Hard,2nd Round,3,Kalinskaya A.,Sonmez Z.,22,80.0,1813,851.0,6.0,4.0,7,6,,,2.0,0.0,Completed,1.36,3.2,,,1.38,4.0,1.35,3.15,1.43,3.25,20260306
13,Indian Wells,BNP Paribas Open,2026-03-06,WTA1000,Outdoor,Hard,2nd Round,3,Sabalenka A.,Sakatsume H.,1,136.0,10675,556.0,6.0,4.0,6,2,,,2.0,0.0,Completed,1.02,19.0,,,1.02,19.0,1.02,14.59,1.02,32.0,20260306
13,Indian Wells,BNP Paribas Open,2026-03-06,WTA1000,Outdoor,Hard,2nd Round,3,Tomljanovic A.,Wang Xin.,85,30.0,837,1438.0,6.0,3.0,6,1,,,2.0,0.0,Completed,1.8,2.0,,,1.85,2.02,1.81,1.96,1.9,2.08,20260306
13,Indian Wells,BNP Paribas Open,2026-03-06,WTA1000,Outdoor,Hard,2nd Round,3,Paolini J.,Potapova A.,7,91.0,4232,810.0,6.0,7.0,6,2,6,3,2.0,1.0,Completed,1.4,3.0,,,1.4,3.05,1.39,2.95,1.46,3.15,20260306
13,Indian Wells,BNP Paribas Open,2026-03-06,WTA1000,Outdoor,Hard,2nd Round,3,Gauff C.,Rakhimova K.,4,88.0,6803,814.0,6.0,3.0,7,6,,,2.0,0.0,Completed,1.07,9.0,,,1.08,9.0,1.07,8.02,1.12,8.2,20260306
13,Indian Wells,BNP Paribas Open,2026-03-06,WTA1000,Outdoor,Hard,2nd Round,3,Cristian J.,Joint M.,35,29.0,1367,1465.0,0.0,6.0,6,2,7,5,2.0,1.0,Completed,1.57,2.38,,,1.62,2.75,1.57,2.34,1.66,2.5,20260306
13,Indian Wells,BNP Paribas Open,2026-03-07,WTA1000,Outdoor,Hard,2nd Round,3,Osaka N.,Jimenez Kasintseva V.,16,97.0,2324,788.0,7.0,5.0,6,2,,,2.0,0.0,Completed,1.2,4.5,,,1.22,4.7,1.2,4.35,1.27,4.5,20260307
13,Indian Wells,BNP Paribas Open,2026-03-07,WTA1000,Outdoor,Hard,2nd Round,3,Osorio M.,Jovic I.,61,18.0,1041,2095.0,4.0,6.0,7,6,6,3,2.0,1.0,Completed,3,1.4,,,3.0,1.47,2.82,1.41,3.05,1.47,20260307
13,Indian Wells,BNP Paribas Open,2026-03-07,WTA1000,Outdoor,Hard,2nd Round,3,Anisimova A.,Blinkova A.,6,94.0,6070,795.0,5.0,7.0,6,1,6,0,2.0,1.0,Completed,1.05,11.0,,,1.06,11.0,1.05,9.73,1.07,13.5,20260307
13,Indian Wells,BNP Paribas Open,2026-03-07,WTA1000,Outdoor,Hard,2nd Round,3,Eala A.,Yastremska D.,32,52.0,1432,1170.0,7.0,5.0,4,6,7,5,2.0,1.0,Completed,1.67,2.2,,,1.7,2.3,1.66,2.17,1.72,2.38,20260307
13,Indian Wells,BNP Paribas Open,2026-03-07,WTA1000,Outdoor,Hard,2nd Round,3,Bencic B.,Hunter S.,12,234.0,2898,301.0,6.0,3.0,6,2,,,2.0,0.0,Completed,1.11,6.5,,,1.12,7.0,1.11,6.28,1.15,7.4,20260307
13,Indian Wells,BNP Paribas Open,2026-03-07,WTA1000,Outdoor,Hard,2nd Round,3,Sakkari M.,Tagger L.,34,119.0,1410,673.0,7.0,5.0,6,0,,,2.0,0.0,Completed,1.44,2.75,,,1.5,2.75,1.46,2.65,1.56,2.74,20260307
13,Indian Wells,BNP Paribas Open,2026-03-07,WTA1000,Outdoor,Hard,2nd Round,3,Muchova K.,Bondar A.,13,66.0,2668,978.0,7.0,5.0,6,2,,,2.0,0.0,Completed,1.08,8.0,,,1.08,8.5,1.07,7.77,1.1,10.0,20260307
13,Indian Wells,BNP Paribas Open,2026-03-07,WTA1000,Outdoor,Hard,2nd Round,3,Rybakina E.,Baptiste H.,3,43.0,7253,1274.0,7.0,6.0,2,6,6,2,2.0,1.0,Completed,1.07,9.0,,,1.07,9.0,1.07,8.16,1.11,9.2,20260307
13,Indian Wells,BNP Paribas Open,2026-03-07,WTA1000,Outdoor,Hard,2nd Round,3,Ostapenko J.,Volynets K.,26,98.0,1600,786.0,6.0,4.0,7,6,,,2.0,0.0,Completed,1.53,2.5,,,1.6,2.5,1.55,2.41,1.61,2.6,20260307
13,Indian Wells,BNP Paribas Open,2026-03-07,WTA1000,Outdoor,Hard,2nd Round,3,Swiatek I.,Day K.,2,187.0,7588,386.0,6.0,0.0,7,6,,,2.0,0.0,Completed,1.02,17.0,,,1.02,19.0,1.02,14.45,1.03,22.0,20260307
13,Indian Wells,BNP Paribas Open,2026-03-07,WTA1000,Outdoor,Hard,2nd Round,3,Kartal S.,Navarro E.,54,25.0,1127,1605.0,6.0,1.0,3,6,7,6,2.0,1.0,Completed,1.91,1.91,,,1.91,2.75,1.81,1.99,1.9,2.06,20260307
13,Indian Wells,BNP Paribas Open,2026-03-07,WTA1000,Outdoor,Hard,2nd Round,3,Krueger A.,Samsonova L.,82,19.0,849,2050.0,3.0,6.0,7,5,6,2,2.0,1.0,Completed,2.1,1.73,,,2.2,1.75,2.08,1.72,2.18,1.82,20260307
13,Indian Wells,BNP Paribas Open,2026-03-07,WTA1000,Outdoor,Hard,2nd Round,3,Andreeva M.,Sierra S.,8,65.0,4001,980.0,6.0,0.0,6,0,,,2.0,0.0,Completed,1.04,13.0,,,1.04,14.0,1.03,11.09,1.06,16.0,20260307
13,Indian Wells,BNP Paribas Open,2026-03-07,WTA1000,Outdoor,Hard,2nd Round,3,Siniakova K.,Fernandez L.A.,44,27.0,1269,1598.0,5.0,7.0,6,4,7,6,2.0,1.0,Completed,1.8,2.0,,,1.86,2.07,1.79,1.98,1.9,2.08,20260307
13,Indian Wells,BNP Paribas Open,2026-03-08,WTA1000,Outdoor,Hard,2nd Round,3,Ruzic A.,Zheng Q.,57,23.0,1075,1758.0,6.0,4.0,7,5,,,2.0,0.0,Completed,3.4,1.33,,,3.65,1.33,3.45,1.3,3.75,1.36,20260308
13,Indian Wells,BNP Paribas Open,2026-03-08,WTA1000,Outdoor,Hard,2nd Round,3,Mertens E.,Bucsa C.,21,31.0,1936,1436.0,6.0,2.0,6,1,,,2.0,0.0,Completed,1.44,2.75,,,1.45,2.8,1.44,2.71,1.5,2.9,20260308
13,Indian Wells,BNP Paribas Open,2026-03-08,WTA1000,Outdoor,Hard,2nd Round,3,Pegula J.,Vekic D.,5,103.0,6583,768.0,4.0,6.0,6,2,6,3,2.0,1.0,Completed,1.1,7.0,,,1.11,7.0,1.1,6.61,1.11,8.8,20260308
13,Indian Wells,BNP Paribas Open,2026-03-08,WTA1000,Outdoor,Hard,2nd Round,3,Keys M.,Parry D.,15,111.0,2351,724.0,6.0,4.0,6,3,,,2.0,0.0,Completed,1.22,4.33,,,1.26,4.33,1.24,3.93,1.27,4.4,20260308
13,Indian Wells,BNP Paribas Open,2026-03-08,WTA1000,Outdoor,Hard,2nd Round,3,Kostyuk M.,Townsend T.,28,87.0,1583,829.0,6.0,3.0,6,2,,,2.0,0.0,Completed,1.57,2.38,,,1.64,2.38,1.6,2.28,1.64,2.5,20260308
13,Indian Wells,BNP Paribas Open,2026-03-08,WTA1000,Outdoor,Hard,2nd Round,3,Svitolina E.,Siegemund L.,9,55.0,3845,1110.0,7.0,6.0,4,6,6,3,2.0,1.0,Completed,1.1,7.0,,,1.1,10.0,1.09,7.16,1.11,9.2,20260308
13,Indian Wells,BNP Paribas Open,2026-03-08,WTA1000,Outdoor,Hard,3rd Round,3,Noskova L.,Cirstea S.,14,38.0,2421,1344.0,6.0,7.0,6,4,6,4,2.0,1.0,Completed,2.1,1.73,,,2.12,1.74,2.1,1.71,2.28,1.77,20260308
13,Indian Wells,BNP Paribas Open,2026-03-08,WTA1000,Outdoor,Hard,3rd Round,3,Gibson T.,Tauson C.,112,17.0,721,2095.0,7.0,6.0,4,6,6,4,2.0,1.0,Completed,3.75,1.29,,,3.75,1.3,3.55,1.29,3.9,1.33,20260308
13,Indian Wells,BNP Paribas Open,2026-03-08,WTA1000,Outdoor,Hard,3rd Round,3,Sabalenka A.,Cristian J.,1,35.0,10675,1367.0,6.0,4.0,6,1,,,2.0,0.0,Completed,1.03,15.0,,,1.04,15.0,1.03,11.95,1.05,18.5,20260308
13,Indian Wells,BNP Paribas Open,2026-03-08,WTA1000,Outdoor,Hard,3rd Round,3,Paolini J.,Tomljanovic A.,7,85.0,4232,837.0,7.0,5.0,5,7,6,1,2.0,1.0,Completed,1.5,2.63,,,1.53,2.63,1.51,2.53,1.57,2.74,20260308
13,Indian Wells,BNP Paribas Open,2026-03-08,WTA1000,Outdoor,Hard,3rd Round,3,Osaka N.,Osorio M.,16,61.0,2324,1041.0,6.0,1.0,3,6,6,1,2.0,1.0,Completed,1.44,2.75,,,1.55,2.75,1.51,2.52,1.58,2.68,20260308
13,Indian Wells,BNP Paribas Open,2026-03-08,WTA1000,Outdoor,Hard,3rd Round,3,Anisimova A.,Raducanu E.,6,24.0,6070,1645.0,6.0,1.0,6,1,,,2.0,0.0,Completed,1.3,3.5,,,1.33,3.5,1.31,3.36,1.36,3.75,20260308
13,Indian Wells,BNP Paribas Open,2026-03-09,WTA1000,Outdoor,Hard,3rd Round,3,Eala A.,Gauff C.,32,4.0,1432,6803.0,6.0,2.0,2,0,,,1.0,0.0,Retired,5,1.17,,,5.0,1.2,4.66,1.18,5.5,1.21,20260309
13,Indian Wells,BNP Paribas Open,2026-03-09,WTA1000,Outdoor,Hard,3rd Round,3,Mboko V.,Kalinskaya A.,10,22.0,3211,1813.0,6.0,4.0,6,1,,,2.0,0.0,Completed,1.57,2.38,,,1.58,2.6,1.55,2.4,1.64,2.56,20260309
13,Indian Wells,BNP Paribas Open,2026-03-09,WTA1000,Outdoor,Hard,3rd Round,3,Pegula J.,Ostapenko J.,5,26.0,6583,1600.0,4.0,6.0,6,3,6,2,2.0,1.0,Completed,1.2,4.5,,,1.22,4.5,1.21,4.27,1.22,5.4,20260309
13,Indian Wells,BNP Paribas Open,2026-03-09,WTA1000,Outdoor,Hard,3rd Round,3,Muchova K.,Ruzic A.,13,57.0,2668,1075.0,6.0,0.0,6,3,,,2.0,0.0,Completed,1.13,6.0,,,1.17,7.0,1.14,5.61,1.17,6.4,20260309
13,Indian Wells,BNP Paribas Open,2026-03-09,WTA1000,Outdoor,Hard,3rd Round,3,Siniakova K.,Andreeva M.,44,8.0,1269,4001.0,4.0,6.0,7,6,6,3,2.0,1.0,Completed,5,1.17,,,5.25,1.18,4.86,1.17,5.9,1.2,20260309
13,Indian Wells,BNP Paribas Open,2026-03-09,WTA1000,Outdoor,Hard,3rd Round,3,Bencic B.,Mertens E.,12,21.0,2898,1936.0,6.0,2.0,6,3,,,2.0,0.0,Completed,1.8,2.0,,,1.83,2.06,1.78,1.99,1.88,2.12,20260309
13,Indian Wells,BNP Paribas Open,2026-03-09,WTA1000,Outdoor,Hard,3rd Round,3,Svitolina E.,Krueger A.,9,82.0,3845,849.0,6.0,4.0,6,2,,,2.0,0.0,Completed,1.22,4.33,,,1.29,4.33,1.26,3.8,1.27,4.5,20260309
13,Indian Wells,BNP Paribas Open,2026-03-09,WTA1000,Outdoor,Hard,3rd Round,3,Swiatek I.,Sakkari M.,2,34.0,7588,1410.0,6.0,3.0,6,2,,,2.0,0.0,Completed,1.2,4.5,,,1.23,4.5,1.21,4.26,1.22,5.2,20260309
13,Indian Wells,BNP Paribas Open,2026-03-10,WTA1000,Outdoor,Hard,3rd Round,3,Kartal S.,Keys M.,54,15.0,1127,2351.0,2.0,6.0,6,2,6,3,2.0,1.0,Completed,2.63,1.5,,,2.75,1.5,2.63,1.47,2.8,1.54,20260310
13,Indian Wells,BNP Paribas Open,2026-03-10,WTA1000,Outdoor,Hard,3rd Round,3,Rybakina E.,Kostyuk M.,3,28.0,7253,1583.0,6.0,4.0,6,4,,,2.0,0.0,Completed,1.29,3.75,,,1.3,3.75,1.29,3.57,1.33,3.9,20260310
13,Indian Wells,BNP Paribas Open,2026-03-10,WTA1000,Outdoor,Hard,4th Round,3,Sabalenka A.,Osaka N.,1,16.0,10675,2324.0,6.0,2.0,6,4,,,2.0,0.0,Completed,1.17,5.0,,,1.18,5.5,1.16,5.06,1.18,6.2,20260310
13,Indian Wells,BNP Paribas Open,2026-03-10,WTA1000,Outdoor,Hard,4th Round,3,Gibson T.,Paolini J.,112,7.0,721,4232.0,7.0,5.0,2,6,6,1,2.0,1.0,Completed,2.75,1.44,,,3.3,1.45,2.93,1.39,3.4,1.41,20260310
13,Indian Wells,BNP Paribas Open,2026-03-11,WTA1000,Outdoor,Hard,4th Round,3,Mboko V.,Anisimova A.,10,6.0,3211,6070.0,6.0,4.0,6,1,,,2.0,0.0,Completed,2.38,1.57,,,2.38,1.65,2.29,1.59,2.46,1.67,20260311
13,Indian Wells,BNP Paribas Open,2026-03-11,WTA1000,Outdoor,Hard,4th Round,3,Noskova L.,Eala A.,14,32.0,2421,1432.0,6.0,2.0,6,0,,,2.0,0.0,Completed,1.57,2.38,,,1.58,2.6,1.54,2.4,1.65,2.5,20260311
13,Indian Wells,BNP Paribas Open,2026-03-11,WTA1000,Outdoor,Hard,4th Round,3,Swiatek I.,Muchova K.,2,13.0,7588,2668.0,6.0,2.0,6,0,,,2.0,0.0,Completed,1.5,2.63,,,1.5,2.75,1.47,2.64,1.5,2.96,20260311
13,Indian Wells,BNP Paribas Open,2026-03-11,WTA1000,Outdoor,Hard,4th Round,3,Pegula J.,Bencic B.,5,12.0,6583,2898.0,6.0,3.0,7,6,,,2.0,0.0,Completed,1.53,2.5,,,1.6,2.5,1.56,2.37,1.63,2.54,20260311
13,Indian Wells,BNP Paribas Open,2026-03-11,WTA1000,Outdoor,Hard,4th Round,3,Svitolina E.,Siniakova K.,9,44.0,3845,1269.0,6.0,1.0,1,1,,,1.0,0.0,Retired,1.29,3.75,,,1.3,4.0,1.29,3.6,1.31,4.1,20260311
13,Indian Wells,BNP Paribas Open,2026-03-11,WTA1000,Outdoor,Hard,4th Round,3,Rybakina E.,Kartal S.,3,54.0,7253,1127.0,6.0,4.0,4,3,,,1.0,0.0,Retired,1.14,5.5,,,1.17,5.75,1.15,5.15,1.21,5.6,20260311
13,Indian Wells,BNP Paribas Open,2026-03-12,WTA1000,Outdoor,Hard,Quarterfinals,3,Sabalenka A.,Mboko V.,1,10.0,10675,3211.0,7.0,6.0,6,4,,,2.0,0.0,Completed,1.29,3.75,,,1.3,3.75,1.29,3.56,1.31,4.1,20260312
13,Indian Wells,BNP Paribas Open,2026-03-12,WTA1000,Outdoor,Hard,Quarterfinals,3,Noskova L.,Gibson T.,14,112.0,2421,721.0,6.0,2.0,4,6,6,2,2.0,1.0,Completed,1.29,3.75,,,1.3,3.75,1.28,3.61,1.33,3.9,20260312
13,Indian Wells,BNP Paribas Open,2026-03-12,WTA1000,Outdoor,Hard,Quarterfinals,3,Svitolina E.,Swiatek I.,9,2.0,3845,7588.0,6.0,2.0,4,6,6,4,2.0,1.0,Completed,3.75,1.29,,,4.0,1.32,3.56,1.29,3.9,1.34,20260312
13,Indian Wells,BNP Paribas Open,2026-03-13,WTA1000,Outdoor,Hard,Quarterfinals,3,Rybakina E.,Pegula J.,3,5.0,7253,6583.0,6.0,1.0,7,6,,,2.0,0.0,Completed,1.53,2.5,,,1.56,2.6,1.53,2.48,1.54,2.78,20260313
13,Indian Wells,BNP Paribas Open,2026-03-13,WTA1000,Outdoor,Hard,Semifinals,3,Sabalenka A.,Noskova L.,1,14.0,10675,2421.0,6.0,3.0,6,4,,,2.0,0.0,Completed,1.08,8.0,,,1.12,8.5,1.09,7.21,1.13,8.0,20260313
13,Indian Wells,BNP Paribas Open,2026-03-14,WTA1000,Outdoor,Hard,Semifinals,3,Rybakina E.,Svitolina E.,3,9.0,7253,3845.0,7.0,5.0,6,4,,,2.0,0.0,Completed,1.4,3.0,,,1.45,3.05,1.39,2.96,1.42,3.3,20260314
13,Indian Wells,BNP Paribas Open,2026-03-15,WTA1000,Outdoor,Hard,The Final,3,Sabalenka A.,Rybakina E.,1,3.0,10675,7253.0,3.0,6.0,6,3,7,6,2.0,1.0,Completed,1.62,2.3,,,1.65,2.35,1.62,2.28,1.68,2.44,20260315
14,Miami,Miami Open,2026-03-17,WTA1000,Outdoor,Hard,1st Round,3,Jacquemot E.,Vidmanova D.,62,118.0,1021,697.0,6.0,7.0,7,5,7,5,2.0,1.0,Completed,2.75,1.44,,,2.9,1.46,2.75,1.43,3.1,1.46,20260317
14,Miami,Miami Open,2026-03-17,WTA1000,Outdoor,Hard,1st Round,3,Tomljanovic A.,Waltert S.,81,88.0,872,842.0,6.0,3.0,6,4,,,2.0,0.0,Completed,1.33,3.4,,,1.36,3.5,1.33,3.25,1.36,3.7,20260317
14,Miami,Miami Open,2026-03-17,WTA1000,Outdoor,Hard,1st Round,3,Linette M.,Gracheva V.,50,60.0,1209,1047.0,2.0,6.0,6,2,6,0,2.0,1.0,Completed,1.8,2.0,,,1.8,2.07,1.76,2.02,1.84,2.16,20260317
14,Miami,Miami Open,2026-03-17,WTA1000,Outdoor,Hard,1st Round,3,Kessler M.,Frech M.,51,37.0,1168,1348.0,2.0,6.0,6,4,6,2,2.0,1.0,Completed,1.62,2.3,,,1.62,2.33,1.6,2.27,1.65,2.48,20260317
14,Miami,Miami Open,2026-03-17,WTA1000,Outdoor,Hard,1st Round,3,Siegemund L.,Marcinko P.,53,76.0,1143,896.0,6.0,4.0,6,4,,,2.0,0.0,Completed,1.73,2.1,,,1.75,2.12,1.72,2.07,1.81,2.22,20260317
14,Miami,Miami Open,2026-03-17,WTA1000,Outdoor,Hard,1st Round,3,Boulter K.,Bouzas Maneiro J.,67,48.0,957,1227.0,7.0,6.0,6,4,,,2.0,0.0,Completed,1.67,2.2,,,2.1,2.35,1.73,2.11,1.78,2.26,20260317
14,Miami,Miami Open,2026-03-17,WTA1000,Outdoor,Hard,1st Round,3,Cirstea S.,Zhang S.,35,61.0,1374,1036.0,6.0,3.0,6,4,,,2.0,0.0,Completed,1.29,3.75,,,1.32,3.75,1.29,3.52,1.31,4.0,20260317
14,Miami,Miami Open,2026-03-17,WTA1000,Outdoor,Hard,1st Round,3,Sonmez Z.,Haddad Maia B.,83,69.0,866,942.0,6.0,3.0,6,2,,,2.0,0.0,Completed,1.4,3.0,,,1.46,3.0,1.42,2.76,1.5,2.9,20260317
14,Miami,Miami Open,2026-03-17,WTA1000,Outdoor,Hard,1st Round,3,Blinkova A.,Kenin S.,92,46.0,820,1242.0,3.0,6.0,6,1,6,3,2.0,1.0,Completed,2.38,1.57,,,2.4,1.6,2.34,1.57,2.6,1.61,20260317
14,Miami,Miami Open,2026-03-18,WTA1000,Outdoor,Hard,1st Round,3,Osorio M.,Siniakova K.,58,42.0,1071,1324.0,6.0,1.0,6,4,,,2.0,0.0,Completed,2,1.8,,,2.03,1.83,1.97,1.79,2.04,1.93,20260318
14,Miami,Miami Open,2026-03-19,WTA1000,Outdoor,Hard,1st Round,3,Gibson T.,Bejlek S.,68,41.0,950,1326.0,6.0,1.0,6,0,,,2.0,0.0,Completed,1.8,2.0,,,1.8,2.1,1.74,2.04,1.72,2.34,20260319
14,Miami,Miami Open,2026-03-19,WTA1000,Outdoor,Hard,1st Round,3,Badosa P.,Sasnovich A.,100,116.0,797,701.0,7.0,5.0,6,3,,,2.0,0.0,Completed,1.5,2.63,,,1.5,2.65,1.5,2.54,1.59,2.64,20260319
14,Miami,Miami Open,2026-03-19,WTA1000,Outdoor,Hard,1st Round,3,Parks A.,Kraus S.,105,120.0,764,690.0,7.0,5.0,7,6,,,2.0,0.0,Completed,1.67,2.2,,,1.73,2.2,1.68,2.14,1.8,2.2,20260319
14,Miami,Miami Open,2026-03-19,WTA1000,Outdoor,Hard,1st Round,3,Valentova T.,Volynets K.,49,95.0,1217,811.0,6.0,2.0,6,4,,,2.0,0.0,Completed,1.57,2.38,,,1.58,2.43,1.55,2.36,1.66,2.48,20260319
14,Miami,Miami Open,2026-03-19,WTA1000,Outdoor,Hard,1st Round,3,Kalieva E.,Galfi D.,154,87.0,484,842.0,6.0,3.0,6,7,7,6,2.0,1.0,Completed,2.2,1.67,,,2.2,1.75,2.15,1.68,2.32,1.73,20260319
14,Miami,Miami Open,2026-03-19,WTA1000,Outdoor,Hard,1st Round,3,Zakharova A.,Bondar A.,74,65.0,899,986.0,5.0,7.0,6,3,6,1,2.0,1.0,Completed,1.44,2.75,,,1.5,2.75,1.45,2.68,1.48,3.0,20260319
14,Miami,Miami Open,2026-03-19,WTA1000,Outdoor,Hard,1st Round,3,Starodubtseva Y.,Lys E.,108,77.0,751,893.0,6.0,1.0,6,4,,,2.0,0.0,Completed,2.2,1.67,,,2.25,1.67,2.19,1.66,2.38,1.7,20260319
14,Miami,Miami Open,2026-03-19,WTA1000,Outdoor,Hard,1st Round,3,Cocciaretto E.,Semenistaja D.,44,103.0,1255,786.0,6.0,4.0,6,1,,,2.0,0.0,Completed,1.36,3.2,,,1.36,3.25,1.34,3.16,1.38,3.55,20260319
14,Miami,Miami Open,2026-03-19,WTA1000,Outdoor,Hard,1st Round,3,Jones F.,Williams V.,93,517.0,815,103.0,7.0,5.0,7,5,,,2.0,0.0,Completed,1.5,2.63,,,1.5,2.7,1.47,2.62,1.51,2.86,20260319
14,Miami,Miami Open,2026-03-19,WTA1000,Outdoor,Hard,1st Round,3,Stearns P.,Golubic V.,47,84.0,1237,864.0,7.0,6.0,6,4,,,2.0,0.0,Completed,1.36,3.2,,,1.36,3.3,1.34,3.19,1.37,3.6,20260319
14,Miami,Miami Open,2026-03-19,WTA1000,Outdoor,Hard,1st Round,3,Tagger L.,Seidel E.,115,86.0,708,845.0,6.0,7.0,6,4,7,5,2.0,1.0,Completed,1.67,2.2,,,1.7,2.38,1.65,2.19,1.7,2.38,20260319
14,Miami,Miami Open,2026-03-19,WTA1000,Outdoor,Hard,1st Round,3,Selekhmeteva O.,Arango E.,71,109.0,912,746.0,6.0,3.0,4,6,6,3,2.0,1.0,Completed,1.4,3.0,,,1.4,3.1,1.38,2.97,1.42,3.25,20260319
14,Miami,Miami Open,2026-03-19,WTA1000,Outdoor,Hard,1st Round,3,Li A.,Birrell K.,39,70.0,1333,915.0,6.0,2.0,2,6,6,3,2.0,1.0,Completed,2,1.8,,,2.07,1.83,1.99,1.78,2.02,1.95,20260319
14,Miami,Miami Open,2026-03-19,WTA1000,Outdoor,Hard,1st Round,3,Putintseva Y.,Tjen J.,75,40.0,896,1330.0,3.0,6.0,6,3,6,4,2.0,1.0,Completed,2.1,1.73,,,2.1,1.77,2.04,1.74,2.2,1.81,20260319
14,Miami,Miami Open,2026-03-19,WTA1000,Outdoor,Hard,1st Round,3,Baptiste H.,Maria T.,45,59.0,1244,1069.0,7.0,5.0,6,2,,,2.0,0.0,Completed,1.2,4.5,,,1.22,4.6,1.2,4.38,1.25,4.8,20260319
14,Miami,Miami Open,2026-03-19,WTA1000,Outdoor,Hard,1st Round,3,McNally C.,Masarova R.,72,113.0,903,730.0,6.0,2.0,7,5,,,2.0,0.0,Completed,1.73,2.1,,,1.86,2.1,1.75,2.03,1.76,2.28,20260319
14,Miami,Miami Open,2026-03-19,WTA1000,Outdoor,Hard,1st Round,3,Rakhimova K.,Sierra S.,82,63.0,869,1000.0,6.0,1.0,6,3,,,2.0,0.0,Completed,1.44,2.75,,,1.44,2.9,1.41,2.82,1.44,3.2,20260319
14,Miami,Miami Open,2026-03-19,WTA1000,Outdoor,Hard,1st Round,3,Yastremska D.,Krueger A.,54,79.0,1140,879.0,2.0,6.0,6,4,7,5,2.0,1.0,Completed,2.1,1.73,,,2.15,1.73,2.11,1.7,2.26,1.78,20260319
14,Miami,Miami Open,2026-03-19,WTA1000,Outdoor,Hard,1st Round,3,Townsend T.,Sun L.,80,111.0,874,735.0,7.0,6.0,6,3,,,2.0,0.0,Completed,1.57,2.38,,,1.6,2.38,1.57,2.33,1.66,2.48,20260319
14,Miami,Miami Open,2026-03-19,WTA1000,Outdoor,Hard,1st Round,3,Ruse E.G.,Ruzic A.,73,55.0,900,1111.0,7.0,5.0,7,6,,,2.0,0.0,Completed,1.62,2.3,,,1.73,2.31,1.62,2.23,1.67,2.46,20260319
14,Miami,Miami Open,2026-03-19,WTA1000,Outdoor,Hard,1st Round,3,Jones E.,Fruhvirtova L.,147,121.0,532,685.0,3.0,6.0,7,6,7,6,2.0,1.0,Completed,2,1.8,,,2.0,2.1,1.95,1.82,2.2,1.81,20260319
14,Miami,Miami Open,2026-03-20,WTA1000,Outdoor,Hard,1st Round,3,Stephens S.,Brady J.,717,744.0,54,50.0,6.0,4.0,6,2,,,2.0,0.0,Completed,2.75,1.44,,,2.88,1.44,2.8,1.41,3.1,1.46,20260320
14,Miami,Miami Open,2026-03-19,WTA1000,Outdoor,Hard,2nd Round,3,Eala A.,Siegemund L.,29,53.0,1525,1143.0,6.0,7.0,6,3,6,3,2.0,1.0,Completed,1.53,2.5,,,1.54,2.55,1.52,2.47,1.55,2.78,20260319
14,Miami,Miami Open,2026-03-19,WTA1000,Outdoor,Hard,2nd Round,3,Linette M.,Swiatek I.,50,3.0,1209,7413.0,1.0,6.0,7,5,6,3,2.0,1.0,Completed,17,1.02,,,17.0,1.04,12.25,1.03,18.0,1.05,20260319
14,Miami,Miami Open,2026-03-19,WTA1000,Outdoor,Hard,2nd Round,3,Bouzkova M.,Jacquemot E.,32,62.0,1425,1021.0,6.0,2.0,6,2,,,2.0,0.0,Completed,1.3,3.5,,,1.3,3.75,1.29,3.5,1.36,3.65,20260319
14,Miami,Miami Open,2026-03-20,WTA1000,Outdoor,Hard,2nd Round,3,Andreeva M.,Kessler M.,10,51.0,3066,1168.0,6.0,1.0,6,7,6,1,2.0,1.0,Completed,1.2,4.5,,,1.3,4.5,1.22,4.15,1.25,4.8,20260320
14,Miami,Miami Open,2026-03-20,WTA1000,Outdoor,Hard,2nd Round,3,Mboko V.,Blinkova A.,9,92.0,3351,820.0,6.0,2.0,6,0,,,2.0,0.0,Completed,1.06,10.0,,,1.07,10.0,1.06,8.67,1.09,11.0,20260320
14,Miami,Miami Open,2026-03-20,WTA1000,Outdoor,Hard,2nd Round,3,Bencic B.,Sonmez Z.,12,83.0,2803,866.0,6.0,3.0,6,2,,,2.0,0.0,Completed,1.25,4.0,,,1.25,4.33,1.23,3.99,1.27,4.6,20260320
14,Miami,Miami Open,2026-03-20,WTA1000,Outdoor,Hard,2nd Round,3,Cirstea S.,Noskova L.,35,13.0,1374,2801.0,6.0,2.0,3,6,6,4,2.0,1.0,Completed,2.1,1.73,,,2.2,1.75,2.13,1.69,2.2,1.82,20260320
14,Miami,Miami Open,2026-03-20,WTA1000,Outdoor,Hard,2nd Round,3,Zakharova A.,Kalinskaya A.,74,21.0,899,1868.0,3.0,6.0,6,1,7,5,2.0,1.0,Completed,3,1.4,,,3.0,1.44,2.9,1.4,3.2,1.43,20260320
14,Miami,Miami Open,2026-03-20,WTA1000,Outdoor,Hard,2nd Round,3,Shnaider D.,Valentova T.,20,49.0,1898,1217.0,7.0,6.0,7,6,,,2.0,0.0,Completed,1.91,1.91,,,1.91,1.92,1.88,1.89,2.02,1.95,20260320
14,Miami,Miami Open,2026-03-20,WTA1000,Outdoor,Hard,2nd Round,3,Anisimova A.,Tomljanovic A.,6,81.0,6180,872.0,6.0,1.0,5,7,6,4,2.0,1.0,Completed,1.13,6.0,,,1.16,6.0,1.14,5.55,1.18,6.2,20260320
14,Miami,Miami Open,2026-03-20,WTA1000,Outdoor,Hard,2nd Round,3,Parks A.,Sakkari M.,105,33.0,764,1410.0,6.0,3.0,6,3,,,2.0,0.0,Completed,3.5,1.3,,,3.6,1.3,3.46,1.29,3.65,1.36,20260320
14,Miami,Miami Open,2026-03-20,WTA1000,Outdoor,Hard,2nd Round,3,Boulter K.,Tauson C.,67,16.0,957,2095.0,6.0,7.0,6,4,1,0,1.0,1.0,Retired,2.5,1.53,,,2.75,1.53,2.62,1.47,2.96,1.5,20260320
14,Miami,Miami Open,2026-03-20,WTA1000,Outdoor,Hard,2nd Round,3,Starodubtseva Y.,Bucsa C.,108,30.0,751,1446.0,6.0,2.0,3,2,,,1.0,0.0,Retired,2.5,1.53,,,2.5,1.57,2.44,1.54,2.54,1.63,20260320
14,Miami,Miami Open,2026-03-20,WTA1000,Outdoor,Hard,2nd Round,3,Mertens E.,Kalieva E.,19,154.0,1936,484.0,6.0,2.0,6,0,,,2.0,0.0,Completed,1.14,5.5,,,1.17,5.5,1.15,5.03,1.17,6.2,20260320
14,Miami,Miami Open,2026-03-20,WTA1000,Outdoor,Hard,2nd Round,3,Paolini J.,Townsend T.,7,80.0,4232,874.0,6.0,3.0,1,6,6,2,2.0,1.0,Completed,1.67,2.2,,,1.75,2.2,1.69,2.13,1.78,2.26,20260320
14,Miami,Miami Open,2026-03-20,WTA1000,Outdoor,Hard,2nd Round,3,Muchova K.,Osorio M.,14,58.0,2668,1071.0,4.0,6.0,6,2,7,5,2.0,1.0,Completed,1.3,3.5,,,1.3,3.8,1.29,3.5,1.3,4.2,20260320
14,Miami,Miami Open,2026-03-20,WTA1000,Outdoor,Hard,2nd Round,3,Gauff C.,Cocciaretto E.,4,44.0,6748,1255.0,3.0,6.0,6,4,6,3,2.0,1.0,Completed,1.17,5.0,,,1.21,5.0,1.18,4.6,1.21,5.3,20260320
14,Miami,Miami Open,2026-03-20,WTA1000,Outdoor,Hard,2nd Round,3,Baptiste H.,Samsonova L.,45,22.0,1244,1845.0,6.0,3.0,7,5,,,2.0,0.0,Completed,1.8,2.0,,,1.84,2.0,1.8,1.96,1.86,2.14,20260320
14,Miami,Miami Open,2026-03-20,WTA1000,Outdoor,Hard,2nd Round,3,Ostapenko J.,Yastremska D.,24,54.0,1655,1140.0,6.0,4.0,6,4,,,2.0,0.0,Completed,1.62,2.3,,,1.62,2.35,1.6,2.27,1.7,2.4,20260320
14,Miami,Miami Open,2026-03-20,WTA1000,Outdoor,Hard,2nd Round,3,Alexandrova E.,Tagger L.,11,115.0,2918,708.0,6.0,3.0,6,3,,,2.0,0.0,Completed,1.4,3.0,,,1.41,3.0,1.38,2.94,1.42,3.25,20260320
14,Miami,Miami Open,2026-03-20,WTA1000,Outdoor,Hard,2nd Round,3,Svitolina E.,Jones E.,8,147.0,4020,532.0,6.0,2.0,6,4,,,2.0,0.0,Completed,1.07,9.0,,,1.12,9.0,1.09,7.06,1.11,9.2,20260320
14,Miami,Miami Open,2026-03-20,WTA1000,Outdoor,Hard,2nd Round,3,McNally C.,Wang Xin.,72,34.0,903,1383.0,6.0,4.0,1,6,6,0,2.0,1.0,Completed,1.8,2.0,,,1.91,2.0,1.84,1.91,1.98,1.99,20260320
14,Miami,Miami Open,2026-03-21,WTA1000,Outdoor,Hard,2nd Round,3,Kostyuk M.,Rakhimova K.,28,82.0,1528,869.0,6.0,2.0,6,4,,,2.0,0.0,Completed,1.25,4.0,,,1.25,4.1,1.24,3.95,1.28,4.4,20260321
14,Miami,Miami Open,2026-03-21,WTA1000,Outdoor,Hard,2nd Round,3,Sabalenka A.,Li A.,1,39.0,11025,1333.0,7.0,6.0,6,4,,,2.0,0.0,Completed,1.03,15.0,,,1.03,17.0,1.03,12.46,1.05,17.5,20260321
14,Miami,Miami Open,2026-03-21,WTA1000,Outdoor,Hard,2nd Round,3,Cristian J.,Stearns P.,36,47.0,1367,1237.0,6.0,4.0,7,5,,,2.0,0.0,Completed,2.3,1.62,,,2.3,1.67,2.24,1.62,2.44,1.68,20260321
14,Miami,Miami Open,2026-03-21,WTA1000,Outdoor,Hard,2nd Round,3,Rybakina E.,Putintseva Y.,2,75.0,7783,896.0,6.0,3.0,6,3,,,2.0,0.0,Completed,1.11,6.5,,,1.12,7.5,1.11,6.38,1.14,7.8,20260321
14,Miami,Miami Open,2026-03-21,WTA1000,Outdoor,Hard,2nd Round,3,Jovic I.,Badosa P.,17,100.0,2070,797.0,6.0,2.0,6,1,,,2.0,0.0,Completed,1.57,2.38,,,1.6,2.38,1.57,2.32,1.63,2.56,20260321
14,Miami,Miami Open,2026-03-21,WTA1000,Outdoor,Hard,2nd Round,3,Fernandez L.A.,Selekhmeteva O.,25,71.0,1598,912.0,7.0,6.0,3,6,6,1,2.0,1.0,Completed,1.5,2.63,,,1.5,2.63,1.48,2.58,1.56,2.72,20260321
14,Miami,Miami Open,2026-03-21,WTA1000,Outdoor,Hard,2nd Round,3,Pegula J.,Jones F.,5,93.0,6678,815.0,6.0,1.0,3,0,,,1.0,0.0,Retired,1.02,17.0,,,1.04,17.0,1.03,12.5,1.04,21.0,20260321
14,Miami,Miami Open,2026-03-21,WTA1000,Outdoor,Hard,2nd Round,3,Zheng Q.,Stephens S.,26,717.0,1553,54.0,6.0,3.0,6,2,,,2.0,0.0,Completed,1.13,6.0,,,1.14,6.0,1.13,5.69,1.14,7.4,20260321
14,Miami,Miami Open,2026-03-21,WTA1000,Outdoor,Hard,2nd Round,3,Keys M.,Ruse E.G.,18,73.0,2026,900.0,6.0,0.0,6,3,,,2.0,0.0,Completed,1.4,3.0,,,1.42,3.0,1.4,2.9,1.44,3.15,20260321
14,Miami,Miami Open,2026-03-21,WTA1000,Outdoor,Hard,2nd Round,3,Gibson T.,Osaka N.,68,15.0,950,2434.0,7.0,5.0,6,4,,,2.0,0.0,Completed,2.75,1.44,,,2.8,1.46,2.73,1.43,2.88,1.52,20260321
14,Miami,Miami Open,2026-03-21,WTA1000,Outdoor,Hard,3rd Round,3,Bencic B.,Shnaider D.,12,20.0,2803,1898.0,6.0,3.0,6,3,,,2.0,0.0,Completed,1.36,3.2,,,1.41,3.2,1.39,2.96,1.43,3.25,20260321
14,Miami,Miami Open,2026-03-21,WTA1000,Outdoor,Hard,3rd Round,3,Andreeva M.,Bouzkova M.,10,32.0,3066,1425.0,7.0,6.0,6,2,,,2.0,0.0,Completed,1.17,5.0,,,1.17,5.5,1.16,5.06,1.19,6.0,20260321
14,Miami,Miami Open,2026-03-21,WTA1000,Outdoor,Hard,3rd Round,3,Anisimova A.,Starodubtseva Y.,6,108.0,6180,751.0,6.0,4.0,6,2,,,2.0,0.0,Completed,1.1,7.0,,,1.11,7.5,1.1,6.63,1.13,7.6,20260321
14,Miami,Miami Open,2026-03-21,WTA1000,Outdoor,Hard,3rd Round,3,Mboko V.,Zakharova A.,9,74.0,3351,899.0,6.0,1.0,7,5,,,2.0,0.0,Completed,1.14,5.5,,,1.14,6.0,1.13,5.58,1.16,6.8,20260321
14,Miami,Miami Open,2026-03-21,WTA1000,Outdoor,Hard,3rd Round,3,Muchova K.,Boulter K.,14,67.0,2668,957.0,6.0,3.0,7,5,,,2.0,0.0,Completed,1.25,4.0,,,1.28,4.0,1.25,3.76,1.28,4.4,20260321
14,Miami,Miami Open,2026-03-21,WTA1000,Outdoor,Hard,3rd Round,3,Cirstea S.,Mertens E.,35,19.0,1374,1936.0,6.0,3.0,6,2,,,2.0,0.0,Completed,2,1.8,,,2.06,1.87,1.98,1.79,2.08,1.89,20260321
14,Miami,Miami Open,2026-03-21,WTA1000,Outdoor,Hard,3rd Round,3,Eala A.,Linette M.,29,50.0,1525,1209.0,6.0,3.0,7,6,,,2.0,0.0,Completed,1.67,2.2,,,1.7,2.25,1.67,2.15,1.74,2.3,20260321
14,Miami,Miami Open,2026-03-21,WTA1000,Outdoor,Hard,3rd Round,3,Gauff C.,Parks A.,4,105.0,6748,764.0,3.0,6.0,6,0,6,1,2.0,1.0,Completed,1.11,6.5,,,1.12,9.5,1.11,6.63,1.15,7.2,20260321
14,Miami,Miami Open,2026-03-22,WTA1000,Outdoor,Hard,3rd Round,3,Cristian J.,Alexandrova E.,36,11.0,1367,2918.0,6.0,3.0,4,6,7,6,2.0,1.0,Completed,2.75,1.44,,,2.75,1.5,2.67,1.45,3.0,1.48,20260322
14,Miami,Miami Open,2026-03-22,WTA1000,Outdoor,Hard,3rd Round,3,Ostapenko J.,Paolini J.,24,7.0,1655,4232.0,5.0,7.0,6,2,7,5,2.0,1.0,Completed,2.2,1.67,,,2.25,1.67,2.16,1.67,2.28,1.76,20260322
14,Miami,Miami Open,2026-03-22,WTA1000,Outdoor,Hard,3rd Round,3,Pegula J.,Fernandez L.A.,5,25.0,6678,1598.0,6.0,2.0,6,2,,,2.0,0.0,Completed,1.14,5.5,,,1.15,6.0,1.14,5.56,1.16,6.8,20260322
14,Miami,Miami Open,2026-03-22,WTA1000,Outdoor,Hard,3rd Round,3,Baptiste H.,Svitolina E.,45,8.0,1244,4020.0,6.0,3.0,7,5,,,2.0,0.0,Completed,4.33,1.22,,,4.4,1.23,4.1,1.22,4.8,1.25,20260322
14,Miami,Miami Open,2026-03-22,WTA1000,Outdoor,Hard,3rd Round,3,Gibson T.,Jovic I.,68,17.0,950,2070.0,6.0,2.0,6,2,,,2.0,0.0,Completed,2.63,1.5,,,2.75,1.5,2.62,1.47,2.86,1.53,20260322
14,Miami,Miami Open,2026-03-22,WTA1000,Outdoor,Hard,3rd Round,3,Rybakina E.,Kostyuk M.,2,28.0,7783,1528.0,6.0,3.0,6,4,,,2.0,0.0,Completed,1.22,4.33,,,1.22,4.6,1.21,4.33,1.25,4.8,20260322
14,Miami,Miami Open,2026-03-22,WTA1000,Outdoor,Hard,3rd Round,3,Zheng Q.,Keys M.,26,18.0,1553,2026.0,4.0,6.0,6,2,6,4,2.0,1.0,Completed,2.1,1.73,,,2.2,1.73,2.11,1.7,2.18,1.84,20260322
14,Miami,Miami Open,2026-03-22,WTA1000,Outdoor,Hard,3rd Round,3,Sabalenka A.,McNally C.,1,72.0,11025,903.0,6.0,4.0,6,2,,,2.0,0.0,Completed,1.05,11.0,,,1.05,12.0,1.05,10.06,1.06,15.0,20260322
14,Miami,Miami Open,2026-03-23,WTA1000,Outdoor,Hard,4th Round,3,Muchova K.,Eala A.,14,29.0,2668,1525.0,6.0,0.0,6,2,,,2.0,0.0,Completed,1.25,4.0,,,1.26,4.0,1.24,3.87,1.28,4.5,20260323
14,Miami,Miami Open,2026-03-23,WTA1000,Outdoor,Hard,4th Round,3,Mboko V.,Andreeva M.,9,10.0,3351,3066.0,7.0,6.0,4,6,6,0,2.0,1.0,Completed,1.91,1.91,,,1.93,1.95,1.87,1.89,1.95,2.02,20260323
14,Miami,Miami Open,2026-03-23,WTA1000,Outdoor,Hard,4th Round,3,Gauff C.,Cirstea S.,4,35.0,6748,1374.0,6.0,4.0,3,6,6,2,2.0,1.0,Completed,1.5,2.63,,,1.53,2.63,1.51,2.5,1.57,2.7,20260323
14,Miami,Miami Open,2026-03-23,WTA1000,Outdoor,Hard,4th Round,3,Baptiste H.,Ostapenko J.,45,24.0,1244,1655.0,6.0,3.0,6,4,,,2.0,0.0,Completed,1.91,1.91,,,1.92,1.95,1.87,1.88,1.94,2.04,20260323
14,Miami,Miami Open,2026-03-23,WTA1000,Outdoor,Hard,4th Round,3,Pegula J.,Cristian J.,5,36.0,6678,1367.0,6.0,4.0,6,1,,,2.0,0.0,Completed,1.08,8.0,,,1.11,8.5,1.09,7.21,1.12,9.0,20260323
14,Miami,Miami Open,2026-03-23,WTA1000,Outdoor,Hard,4th Round,3,Sabalenka A.,Zheng Q.,1,26.0,11025,1553.0,6.0,3.0,6,4,,,2.0,0.0,Completed,1.13,6.0,,,1.16,6.0,1.14,5.43,1.15,7.2,20260323
14,Miami,Miami Open,2026-03-24,WTA1000,Outdoor,Hard,4th Round,3,Bencic B.,Anisimova A.,12,6.0,2803,6180.0,6.0,2.0,6,2,,,2.0,0.0,Completed,2.3,1.62,,,2.31,1.68,2.25,1.62,2.46,1.66,20260324
14,Miami,Miami Open,2026-03-24,WTA1000,Outdoor,Hard,4th Round,3,Rybakina E.,Gibson T.,2,68.0,7783,950.0,6.0,2.0,6,2,,,2.0,0.0,Completed,1.13,6.0,,,1.13,7.0,1.11,6.23,1.14,7.6,20260324
14,Miami,Miami Open,2026-03-24,WTA1000,Outdoor,Hard,Quarterfinals,3,Muchova K.,Mboko V.,14,9.0,2668,3351.0,7.0,5.0,7,6,,,2.0,0.0,Completed,1.91,1.91,,,1.91,1.91,1.88,1.89,1.94,2.04,20260324
14,Miami,Miami Open,2026-03-24,WTA1000,Outdoor,Hard,Quarterfinals,3,Gauff C.,Bencic B.,4,12.0,6748,2803.0,6.0,3.0,1,6,6,3,2.0,1.0,Completed,1.91,1.91,,,2.0,1.91,1.95,1.82,2.16,1.84,20260324
14,Miami,Miami Open,2026-03-25,WTA1000,Outdoor,Hard,Quarterfinals,3,Rybakina E.,Pegula J.,2,5.0,7783,6678.0,2.0,6.0,6,3,6,4,2.0,1.0,Completed,1.44,2.75,,,1.48,2.8,1.43,2.75,1.5,2.96,20260325
14,Miami,Miami Open,2026-03-25,WTA1000,Outdoor,Hard,Quarterfinals,3,Sabalenka A.,Baptiste H.,1,45.0,11025,1244.0,6.0,4.0,6,4,,,2.0,0.0,Completed,1.08,8.0,,,1.08,9.5,1.07,8.02,1.09,11.5,20260325
14,Miami,Miami Open,2026-03-26,WTA1000,Outdoor,Hard,Semifinals,3,Gauff C.,Muchova K.,4,14.0,6748,2668.0,6.0,1.0,6,1,,,2.0,0.0,Completed,1.8,2.0,,,1.91,2.0,1.84,1.93,1.97,2.02,20260326
14,Miami,Miami Open,2026-03-27,WTA1000,Outdoor,Hard,Semifinals,3,Sabalenka A.,Rybakina E.,1,2.0,11025,7783.0,6.0,4.0,6,3,,,2.0,0.0,Completed,1.73,2.1,,,1.75,2.17,1.72,2.09,1.76,2.28,20260327
14,Miami,Miami Open,2026-03-28,WTA1000,Outdoor,Hard,The Final,3,Sabalenka A.,Gauff C.,1,4.0,11025,6748.0,6.0,2.0,4,6,6,3,2.0,1.0,Completed,1.29,3.75,,,1.32,3.8,1.28,3.64,1.3,4.3,20260328
15,Bogota,Copa Colsanitas,2026-03-30,WTA250,Outdoor,Clay,1st Round,3,Kawa K.,Monnet C.,132,171.0,588,420.0,6.0,1.0,6,0,,,2.0,0.0,Completed,1.4,3.0,,,1.4,3.0,1.39,2.89,1.46,3.05,20260330
15,Bogota,Copa Colsanitas,2026-03-30,WTA250,Outdoor,Clay,1st Round,3,Riera J.,Janicijevic S.,186,245.0,387,287.0,7.0,6.0,6,1,,,2.0,0.0,Completed,1.44,2.75,,,1.5,2.75,1.46,2.66,1.54,2.8,20260330
15,Bogota,Copa Colsanitas,2026-03-30,WTA250,Outdoor,Clay,1st Round,3,Pareja J.,Mandlik E.,269,174.0,254,416.0,6.0,3.0,6,3,,,2.0,0.0,Completed,1.53,2.5,,,1.62,2.55,1.52,2.47,1.57,2.72,20260330
15,Bogota,Copa Colsanitas,2026-03-30,WTA250,Outdoor,Clay,1st Round,3,Papamichail D.,Tikhonova A.,163,1178.0,448,11.0,6.0,3.0,6,1,,,2.0,0.0,Completed,1.67,2.2,,,1.67,2.23,1.65,2.19,1.71,2.38,20260330
15,Bogota,Copa Colsanitas,2026-03-30,WTA250,Outdoor,Clay,1st Round,3,Maria T.,Mediorreal A.V.,60,753.0,1047,48.0,6.0,2.0,6,1,,,2.0,0.0,Completed,1.04,13.0,,,1.06,16.0,1.03,12.3,1.06,15.0,20260330
15,Bogota,Copa Colsanitas,2026-03-31,WTA250,Outdoor,Clay,1st Round,3,Udvardy P.,Torres Murcia M.C.,92,880.0,804,30.0,6.0,1.0,1,6,6,0,2.0,1.0,Completed,1.01,26.0,,,1.03,31.0,1.01,18.18,1.01,100.0,20260331
15,Bogota,Copa Colsanitas,2026-03-31,WTA250,Outdoor,Clay,1st Round,3,Lepchenko V.,Karatancheva L.,155,288.0,483,231.0,3.0,6.0,6,3,6,2,2.0,1.0,Completed,1.5,2.63,,,1.52,2.63,1.49,2.54,1.6,2.66,20260331
15,Bogota,Copa Colsanitas,2026-03-31,WTA250,Outdoor,Clay,1st Round,3,Semenistaja D.,Seidel E.,98,82.0,791,850.0,6.0,2.0,6,2,,,2.0,0.0,Completed,2,1.8,,,2.05,1.91,1.95,1.81,2.02,1.96,20260331
15,Bogota,Copa Colsanitas,2026-03-31,WTA250,Outdoor,Clay,1st Round,3,Maristany G.,Jones F.,178,101.0,401,775.0,6.0,1.0,6,1,,,2.0,0.0,Completed,2.63,1.5,,,2.65,1.57,2.49,1.51,2.78,1.55,20260331
15,Bogota,Copa Colsanitas,2026-03-31,WTA250,Outdoor,Clay,1st Round,3,Osorio M.,Dolehide C.,54,135.0,1096,571.0,6.0,7.0,6,2,6,1,2.0,1.0,Completed,1.3,3.5,,,1.33,3.75,1.27,3.63,1.28,4.4,20260331
15,Bogota,Copa Colsanitas,2026-03-31,WTA250,Outdoor,Clay,1st Round,3,Blinkova A.,Montgomery R.,99,368.0,790,169.0,6.0,2.0,6,3,,,2.0,0.0,Completed,1.57,2.38,,,1.57,2.5,1.54,2.4,1.63,2.54,20260331
15,Bogota,Copa Colsanitas,2026-03-31,WTA250,Outdoor,Clay,1st Round,3,Bouzas Maneiro J.,Rakotomanga Rajaonah T.,48,131.0,1210,597.0,6.0,2.0,6,2,,,2.0,0.0,Completed,1.22,4.33,,,1.25,4.4,1.23,4.1,1.25,4.8,20260331
15,Bogota,Copa Colsanitas,2026-03-31,WTA250,Outdoor,Clay,1st Round,3,Ortenzi J.,Burillo Escorihuela I.,206,211.0,339,329.0,6.0,1.0,6,4,,,2.0,0.0,Completed,1.36,3.2,,,1.42,3.2,1.38,2.94,1.48,3.0,20260331
15,Bogota,Copa Colsanitas,2026-03-31,WTA250,Outdoor,Clay,1st Round,3,Arango E.,Carle M.,106,177.0,755,402.0,1.0,6.0,6,2,6,0,2.0,1.0,Completed,1.5,2.63,,,1.5,2.7,1.46,2.63,1.53,2.82,20260331
15,Bogota,Copa Colsanitas,2026-03-31,WTA250,Outdoor,Clay,1st Round,3,Vandewinkel H.,Costoulas S.,96,134.0,795,580.0,6.0,3.0,2,6,6,3,2.0,1.0,Completed,1.44,2.75,,,1.48,2.75,1.45,2.67,1.51,2.94,20260331
15,Bogota,Copa Colsanitas,2026-04-01,WTA250,Outdoor,Clay,1st Round,3,Bouzkova M.,Sanchez A.S.,26,231.0,1480,304.0,6.0,0.0,6,2,,,2.0,0.0,Completed,1.04,13.0,,,1.05,15.0,1.04,11.3,1.04,17.5,20260401
15,Bogota,Copa Colsanitas,2026-04-01,WTA250,Outdoor,Clay,2nd Round,3,Semenistaja D.,Papamichail D.,98,163.0,791,448.0,6.0,1.0,1,6,6,2,2.0,1.0,Completed,1.36,3.2,,,1.36,3.7,1.3,3.4,1.29,4.2,20260401
15,Bogota,Copa Colsanitas,2026-04-01,WTA250,Outdoor,Clay,2nd Round,3,Udvardy P.,Pareja J.,92,269.0,804,254.0,6.0,0.0,2,6,6,1,2.0,1.0,Completed,1.73,2.1,,,1.85,2.1,1.78,1.99,1.86,2.14,20260401
15,Bogota,Copa Colsanitas,2026-04-01,WTA250,Outdoor,Clay,2nd Round,3,Kawa K.,Maria T.,132,60.0,588,1047.0,6.0,3.0,6,3,,,2.0,0.0,Completed,1.4,3.0,,,1.42,3.0,1.39,2.89,1.44,3.15,20260401
15,Bogota,Copa Colsanitas,2026-04-02,WTA250,Outdoor,Clay,2nd Round,3,Riera J.,Blinkova A.,186,99.0,387,790.0,0.0,6.0,6,2,6,1,2.0,1.0,Completed,2.1,1.73,,,2.11,1.77,2.05,1.73,2.18,1.82,20260402
15,Bogota,Copa Colsanitas,2026-04-02,WTA250,Outdoor,Clay,2nd Round,3,Arango E.,Maristany G.,106,178.0,755,401.0,7.0,5.0,6,2,,,2.0,0.0,Completed,1.73,2.1,,,1.73,2.14,1.71,2.11,1.84,2.16,20260402
15,Bogota,Copa Colsanitas,2026-04-02,WTA250,Outdoor,Clay,2nd Round,3,Ortenzi J.,Osorio M.,206,54.0,339,1096.0,7.0,6.0,7,6,,,2.0,0.0,Completed,6,1.13,,,6.0,1.14,5.88,1.12,7.0,1.15,20260402
15,Bogota,Copa Colsanitas,2026-04-02,WTA250,Outdoor,Clay,2nd Round,3,Bouzkova M.,Vandewinkel H.,26,96.0,1480,795.0,6.0,4.0,,,,,1.0,0.0,Retired,1.44,2.75,,,1.45,2.9,1.43,2.75,1.48,3.0,20260402
15,Bogota,Copa Colsanitas,2026-04-02,WTA250,Outdoor,Clay,2nd Round,3,Lepchenko V.,Bouzas Maneiro J.,155,48.0,483,1210.0,6.0,0.0,2,6,7,5,2.0,1.0,Completed,4.5,1.2,,,5.0,1.2,4.63,1.18,5.3,1.22,20260402
15,Bogota,Copa Colsanitas,2026-04-03,WTA250,Outdoor,Clay,Quarterfinals,3,Ortenzi J.,Riera J.,206,186.0,339,387.0,6.0,7.0,6,3,6,2,2.0,1.0,Completed,2.2,1.67,,,2.25,1.68,2.21,1.63,2.32,1.74,20260403
15,Bogota,Copa Colsanitas,2026-04-03,WTA250,Outdoor,Clay,Quarterfinals,3,Bouzkova M.,Semenistaja D.,26,98.0,1480,791.0,6.0,1.0,7,5,,,2.0,0.0,Completed,1.36,3.2,,,1.37,3.5,1.34,3.16,1.38,3.45,20260403
15,Bogota,Copa Colsanitas,2026-04-03,WTA250,Outdoor,Clay,Quarterfinals,3,Arango E.,Lepchenko V.,106,155.0,755,483.0,6.0,4.0,6,3,,,2.0,0.0,Completed,1.36,3.2,,,1.48,3.2,1.44,2.69,1.48,3.0,20260403
15,Bogota,Copa Colsanitas,2026-04-03,WTA250,Outdoor,Clay,Quarterfinals,3,Udvardy P.,Kawa K.,92,132.0,804,588.0,7.0,6.0,6,1,,,2.0,0.0,Completed,2.5,1.53,,,2.5,1.66,2.26,1.6,2.4,1.7,20260403
15,Bogota,Copa Colsanitas,2026-04-04,WTA250,Outdoor,Clay,Semifinals,3,Bouzkova M.,Ortenzi J.,26,206.0,1480,339.0,7.0,6.0,6,2,,,2.0,0.0,Completed,1.13,6.0,,,1.17,6.0,1.15,5.17,1.2,5.7,20260404
15,Bogota,Copa Colsanitas,2026-04-04,WTA250,Outdoor,Clay,Semifinals,3,Udvardy P.,Arango E.,92,106.0,804,755.0,6.0,7.0,6,3,7,6,2.0,1.0,Completed,2,1.8,,,2.1,1.8,2.03,1.75,2.18,1.83,20260404
15,Bogota,Copa Colsanitas,2026-04-05,WTA250,Outdoor,Clay,The Final,3,Bouzkova M.,Udvardy P.,26,92.0,1480,804.0,6.0,7.0,6,2,6,2,2.0,1.0,Completed,1.36,3.2,,,1.36,3.35,1.33,3.21,1.37,3.6,20260405
16,Charleston,Charleston Open,2026-03-30,WTA500,Outdoor,Clay,1st Round,3,Volynets K.,Lys E.,86,76.0,831,893.0,5.0,7.0,6,2,6,0,2.0,1.0,Completed,1.73,2.1,,,1.73,2.2,1.69,2.13,1.77,2.28,20260330
16,Charleston,Charleston Open,2026-03-30,WTA500,Outdoor,Clay,1st Round,3,Putintseva Y.,Sun L.,72,105.0,921,755.0,7.0,6.0,6,2,,,2.0,0.0,Completed,1.4,3.0,,,1.43,3.0,1.4,2.85,1.48,3.0,20260330
16,Charleston,Charleston Open,2026-03-30,WTA500,Outdoor,Clay,1st Round,3,Yastremska D.,Zakharova A.,49,66.0,1165,978.0,7.0,5.0,6,2,,,2.0,0.0,Completed,1.62,2.3,,,1.67,2.3,1.64,2.21,1.79,2.22,20260330
16,Charleston,Charleston Open,2026-03-30,WTA500,Outdoor,Clay,1st Round,3,Kessler M.,Kalieva E.,53,143.0,1138,543.0,4.0,6.0,6,3,6,3,2.0,1.0,Completed,1.53,2.5,,,1.62,2.55,1.54,2.42,1.63,2.56,20260330
16,Charleston,Charleston Open,2026-03-30,WTA500,Outdoor,Clay,1st Round,3,Urhobo A.,Sierra S.,273,65.0,245,989.0,7.0,5.0,3,0,,,1.0,0.0,Retired,2,1.8,,,2.0,1.95,1.88,1.88,1.93,2.04,20260330
16,Charleston,Charleston Open,2026-03-30,WTA500,Outdoor,Clay,1st Round,3,Zarazua R.,Stephens S.,85,554.0,835,89.0,6.0,2.0,6,0,,,2.0,0.0,Completed,1.73,2.1,,,1.8,2.2,1.7,2.11,1.83,2.2,20260330
16,Charleston,Charleston Open,2026-03-30,WTA500,Outdoor,Clay,1st Round,3,Tomova V.,Brady J.,169,689.0,424,60.0,6.0,4.0,6,3,,,2.0,0.0,Completed,1.8,2.0,,,1.8,2.38,1.65,2.18,1.64,2.5,20260330
16,Charleston,Charleston Open,2026-03-30,WTA500,Outdoor,Clay,1st Round,3,Bondar A.,Vidmanova D.,68,116.0,966,706.0,7.0,5.0,7,5,,,2.0,0.0,Completed,1.57,2.38,,,1.57,2.54,1.53,2.44,1.59,2.66,20260330
16,Charleston,Charleston Open,2026-03-30,WTA500,Outdoor,Clay,1st Round,3,Vekic D.,Tomljanovic A.,115,75.0,707,897.0,3.0,6.0,6,1,6,4,2.0,1.0,Completed,1.8,2.0,,,1.83,2.08,1.77,2.01,1.87,2.1,20260330
16,Charleston,Charleston Open,2026-03-31,WTA500,Outdoor,Clay,1st Round,3,Parks A.,Stoiana M.,97,173.0,794,419.0,2.0,6.0,6,4,6,1,2.0,1.0,Completed,1.67,2.2,,,1.73,2.2,1.68,2.13,1.78,2.26,20260331
16,Charleston,Charleston Open,2026-03-31,WTA500,Outdoor,Clay,1st Round,3,Andreescu B.,Galfi D.,140,84.0,553,837.0,1.0,6.0,6,4,6,1,2.0,1.0,Completed,1.73,2.1,,,1.73,2.14,1.7,2.11,1.76,2.26,20260331
16,Charleston,Charleston Open,2026-03-31,WTA500,Outdoor,Clay,1st Round,3,Yuan Y.,Sherif M.,121,102.0,674,773.0,2.0,6.0,7,6,7,6,2.0,1.0,Completed,2.2,1.67,,,2.2,1.68,2.19,1.65,2.46,1.67,20260331
16,Charleston,Charleston Open,2026-03-31,WTA500,Outdoor,Clay,1st Round,3,Starodubtseva Y.,Zhang S.,89,62.0,816,1031.0,6.0,3.0,6,0,,,2.0,0.0,Completed,1.5,2.63,,,1.57,2.63,1.52,2.47,1.6,2.58,20260331
16,Charleston,Charleston Open,2026-03-31,WTA500,Outdoor,Clay,1st Round,3,Krueger A.,McNally C.,103,69.0,769,958.0,6.0,4.0,1,6,6,3,2.0,1.0,Completed,2,1.8,,,2.07,1.81,2.0,1.78,2.12,1.87,20260331
16,Charleston,Charleston Open,2026-03-31,WTA500,Outdoor,Clay,1st Round,3,Badosa P.,Day K.,113,162.0,712,448.0,6.0,4.0,6,3,,,2.0,0.0,Completed,1.3,3.5,,,1.3,3.75,1.29,3.53,1.34,3.85,20260331
16,Charleston,Charleston Open,2026-03-31,WTA500,Outdoor,Clay,1st Round,3,Kudermetova P.,Oliynykova O.,156,71.0,481,931.0,3.0,6.0,7,6,6,4,2.0,1.0,Completed,2.2,1.67,,,2.2,1.76,2.08,1.72,2.16,1.85,20260331
16,Charleston,Charleston Open,2026-03-31,WTA500,Outdoor,Clay,2nd Round,3,Kalinskaya A.,Tomova V.,22,169.0,1813,424.0,6.0,2.0,6,4,,,2.0,0.0,Completed,1.2,4.5,,,1.22,4.5,1.2,4.34,1.25,4.8,20260331
16,Charleston,Charleston Open,2026-03-31,WTA500,Outdoor,Clay,2nd Round,3,Bejlek S.,Urhobo A.,40,273.0,1321,245.0,6.0,1.0,6,1,,,2.0,0.0,Completed,1.36,3.2,,,1.36,3.25,1.34,3.16,1.38,3.5,20260331
16,Charleston,Charleston Open,2026-03-31,WTA500,Outdoor,Clay,2nd Round,3,Bencic B.,Yastremska D.,12,49.0,2983,1165.0,6.0,2.0,6,7,6,3,2.0,1.0,Completed,1.25,4.0,,,1.27,4.0,1.25,3.73,1.3,4.2,20260331
16,Charleston,Charleston Open,2026-04-01,WTA500,Outdoor,Clay,2nd Round,3,Shnaider D.,Volynets K.,19,86.0,1953,831.0,7.0,5.0,7,5,,,2.0,0.0,Completed,1.44,2.75,,,1.44,3.05,1.41,2.82,1.49,3.0,20260401
16,Charleston,Charleston Open,2026-04-01,WTA500,Outdoor,Clay,2nd Round,3,Kessler M.,Tjen J.,53,41.0,1138,1317.0,6.0,2.0,6,1,,,2.0,0.0,Completed,1.73,2.1,,,1.73,2.25,1.66,2.17,1.69,2.42,20260401
16,Charleston,Charleston Open,2026-04-01,WTA500,Outdoor,Clay,2nd Round,3,Cocciaretto E.,Yuan Y.,43,121.0,1280,674.0,6.0,0.0,7,5,,,2.0,0.0,Completed,1.3,3.5,,,1.3,3.75,1.29,3.53,1.32,4.0,20260401
16,Charleston,Charleston Open,2026-04-01,WTA500,Outdoor,Clay,2nd Round,3,Jovic I.,Parks A.,16,97.0,2105,794.0,6.0,3.0,6,2,,,2.0,0.0,Completed,1.2,4.5,,,1.22,4.5,1.21,4.31,1.24,4.8,20260401
16,Charleston,Charleston Open,2026-04-01,WTA500,Outdoor,Clay,2nd Round,3,Stearns P.,Krueger A.,46,103.0,1237,769.0,7.0,6.0,7,5,,,2.0,0.0,Completed,1.62,2.3,,,1.68,2.38,1.6,2.27,1.66,2.46,20260401
16,Charleston,Charleston Open,2026-04-01,WTA500,Outdoor,Clay,2nd Round,3,Bondar A.,Frech M.,68,38.0,966,1348.0,7.0,5.0,6,3,,,2.0,0.0,Completed,1.91,1.91,,,1.95,1.91,1.87,1.88,1.98,2.0,20260401
16,Charleston,Charleston Open,2026-04-01,WTA500,Outdoor,Clay,2nd Round,3,Pegula J.,Putintseva Y.,5,72.0,6243,921.0,4.0,6.0,6,4,7,5,2.0,1.0,Completed,1.13,6.0,,,1.15,6.5,1.13,5.73,1.14,7.6,20260401
16,Charleston,Charleston Open,2026-04-01,WTA500,Outdoor,Clay,2nd Round,3,Badosa P.,Sakkari M.,113,36.0,712,1370.0,6.0,3.0,6,4,,,2.0,0.0,Completed,1.8,2.0,,,1.86,2.0,1.81,1.96,1.93,2.04,20260401
16,Charleston,Charleston Open,2026-04-01,WTA500,Outdoor,Clay,2nd Round,3,Fernandez L.A.,Kudermetova P.,24,156.0,1598,481.0,6.0,2.0,6,1,,,2.0,0.0,Completed,1.53,2.5,,,1.58,2.5,1.54,2.43,1.61,2.6,20260401
16,Charleston,Charleston Open,2026-04-01,WTA500,Outdoor,Clay,2nd Round,3,Keys M.,Vekic D.,18,115.0,2026,707.0,6.0,2.0,6,3,,,2.0,0.0,Completed,1.36,3.2,,,1.36,3.5,1.33,3.26,1.37,3.65,20260401
16,Charleston,Charleston Open,2026-04-01,WTA500,Outdoor,Clay,2nd Round,3,Kenin S.,Andreescu B.,47,140.0,1217,553.0,6.0,4.0,6,4,,,2.0,0.0,Completed,2.5,1.53,,,2.7,1.56,2.53,1.51,2.86,1.52,20260401
16,Charleston,Charleston Open,2026-04-01,WTA500,Outdoor,Clay,2nd Round,3,Starodubtseva Y.,Gorgodze E.,89,164.0,816,446.0,3.0,6.0,6,1,6,2,2.0,1.0,Completed,1.2,4.5,,,1.29,5.0,1.19,4.46,1.2,5.8,20260401
16,Charleston,Charleston Open,2026-04-02,WTA500,Outdoor,Clay,2nd Round,3,Zarazua R.,Baptiste H.,85,33.0,835,1394.0,3.0,6.0,6,3,6,4,2.0,1.0,Completed,3.2,1.36,,,3.3,1.44,3.15,1.34,3.45,1.39,20260402
16,Charleston,Charleston Open,2026-04-02,WTA500,Outdoor,Clay,3rd Round,3,Bencic B.,Bejlek S.,12,40.0,2983,1321.0,7.0,6.0,6,2,,,2.0,0.0,Completed,1.44,2.75,,,1.5,2.75,1.45,2.68,1.49,3.0,20260402
16,Charleston,Charleston Open,2026-04-02,WTA500,Outdoor,Clay,3rd Round,3,Kessler M.,Stearns P.,53,46.0,1138,1237.0,6.0,0.0,3,6,6,4,2.0,1.0,Completed,2.3,1.62,,,2.75,1.63,2.32,1.58,2.48,1.65,20260402
16,Charleston,Charleston Open,2026-04-02,WTA500,Outdoor,Clay,3rd Round,3,Pegula J.,Cocciaretto E.,5,43.0,6243,1280.0,1.0,6.0,6,1,7,6,2.0,1.0,Completed,1.2,4.5,,,1.23,4.5,1.21,4.23,1.22,5.3,20260402
16,Charleston,Charleston Open,2026-04-02,WTA500,Outdoor,Clay,3rd Round,3,Shnaider D.,Fernandez L.A.,19,24.0,1953,1598.0,6.0,3.0,6,0,,,2.0,0.0,Completed,1.5,2.63,,,1.53,2.65,1.5,2.55,1.63,2.58,20260402
16,Charleston,Charleston Open,2026-04-02,WTA500,Outdoor,Clay,3rd Round,3,Starodubtseva Y.,Zarazua R.,89,85.0,816,835.0,6.0,1.0,6,0,,,2.0,0.0,Completed,1.73,2.1,,,1.73,2.5,1.69,2.14,1.78,2.24,20260402
16,Charleston,Charleston Open,2026-04-02,WTA500,Outdoor,Clay,3rd Round,3,Keys M.,Bondar A.,18,68.0,2026,966.0,6.0,2.0,7,5,,,2.0,0.0,Completed,1.2,4.5,,,1.22,4.9,1.19,4.53,1.24,5.1,20260402
16,Charleston,Charleston Open,2026-04-02,WTA500,Outdoor,Clay,3rd Round,3,Jovic I.,Kenin S.,16,47.0,2105,1217.0,7.0,5.0,7,5,,,2.0,0.0,Completed,1.36,3.2,,,1.36,3.5,1.34,3.21,1.38,3.55,20260402
16,Charleston,Charleston Open,2026-04-03,WTA500,Outdoor,Clay,3rd Round,3,Kalinskaya A.,Badosa P.,22,113.0,1813,712.0,6.0,4.0,6,2,,,2.0,0.0,Completed,2.2,1.67,,,2.5,1.67,2.26,1.61,2.34,1.73,20260403
16,Charleston,Charleston Open,2026-04-03,WTA500,Outdoor,Clay,Quarterfinals,3,Pegula J.,Shnaider D.,5,19.0,6243,1953.0,3.0,6.0,6,3,6,2,2.0,1.0,Completed,1.36,3.2,,,1.4,3.3,1.37,3.02,1.45,3.15,20260403
16,Charleston,Charleston Open,2026-04-03,WTA500,Outdoor,Clay,Quarterfinals,3,Keys M.,Bencic B.,18,12.0,2026,2983.0,4.0,6.0,6,3,6,2,2.0,1.0,Completed,2.1,1.73,,,2.1,1.8,2.05,1.74,2.2,1.81,20260403
16,Charleston,Charleston Open,2026-04-03,WTA500,Outdoor,Clay,Quarterfinals,3,Jovic I.,Kalinskaya A.,16,22.0,2105,1813.0,6.0,3.0,6,4,,,2.0,0.0,Completed,2.1,1.73,,,2.1,1.77,2.06,1.73,2.2,1.81,20260403
16,Charleston,Charleston Open,2026-04-03,WTA500,Outdoor,Clay,Quarterfinals,3,Starodubtseva Y.,Kessler M.,89,53.0,816,1138.0,6.0,4.0,6,4,,,2.0,0.0,Completed,2.1,1.73,,,2.15,1.74,2.1,1.71,2.24,1.78,20260403
16,Charleston,Charleston Open,2026-04-04,WTA500,Outdoor,Clay,Semifinals,3,Pegula J.,Jovic I.,5,16.0,6243,2105.0,6.0,4.0,5,7,6,3,2.0,1.0,Completed,1.4,3.0,,,1.4,3.1,1.37,3.0,1.43,3.25,20260404
16,Charleston,Charleston Open,2026-04-04,WTA500,Outdoor,Clay,Semifinals,3,Starodubtseva Y.,Keys M.,89,18.0,816,2026.0,6.0,1.0,6,4,,,2.0,0.0,Completed,4.5,1.2,,,4.5,1.22,4.35,1.2,5.3,1.22,20260404
16,Charleston,Charleston Open,2026-04-05,WTA500,Outdoor,Clay,The Final,3,Pegula J.,Starodubtseva Y.,5,89.0,6243,816.0,6.0,2.0,6,2,,,2.0,0.0,Completed,1.25,4.0,,,1.26,4.0,1.25,3.8,1.29,4.4,20260405
17,Linz,Ladies Linz Open,2026-04-06,WTA500,Indoor,Clay,1st Round,3,Galfi D.,Parks A.,103,93.0,769,814.0,6.0,3.0,6,3,,,2.0,0.0,Completed,1.53,2.5,,,1.53,2.75,1.46,2.66,1.47,3.05,20260406
17,Linz,Ladies Linz Open,2026-04-06,WTA500,Indoor,Clay,1st Round,3,Ruse E.G.,Boulter K.,87,62.0,840,1012.0,7.0,6.0,7,6,,,2.0,0.0,Completed,1.73,2.1,,,1.73,2.25,1.69,2.13,1.82,2.18,20260406
17,Linz,Ladies Linz Open,2026-04-06,WTA500,Indoor,Clay,1st Round,3,Stephens S.,Maria T.,552,61.0,90,1023.0,1.0,6.0,7,6,6,4,2.0,1.0,Completed,1.57,2.38,,,1.6,2.5,1.56,2.36,1.62,2.58,20260406
17,Linz,Ladies Linz Open,2026-04-07,WTA500,Indoor,Clay,1st Round,3,Yastremska D.,Li A.,49,36.0,1172,1356.0,7.0,5.0,4,6,6,3,2.0,1.0,Completed,1.57,2.38,,,1.62,2.45,1.57,2.34,1.71,2.38,20260407
17,Linz,Ladies Linz Open,2026-04-07,WTA500,Indoor,Clay,1st Round,3,Korpatsch T.,Cristian J.,109,33.0,737,1382.0,4.0,6.0,6,1,6,4,2.0,1.0,Completed,2.75,1.44,,,2.75,1.45,2.71,1.44,2.92,1.5,20260407
17,Linz,Ladies Linz Open,2026-04-07,WTA500,Indoor,Clay,1st Round,3,Cirstea S.,Kraus S.,29,119.0,1459,699.0,6.0,3.0,6,3,,,2.0,0.0,Completed,1.22,4.33,,,1.25,4.5,1.22,4.12,1.28,4.4,20260407
17,Linz,Ladies Linz Open,2026-04-07,WTA500,Indoor,Clay,1st Round,3,Tagger L.,Badosa P.,117,102.0,705,771.0,6.0,4.0,7,6,,,2.0,0.0,Completed,3,1.4,,,3.1,1.4,3.0,1.37,3.25,1.43,20260407
17,Linz,Ladies Linz Open,2026-04-07,WTA500,Indoor,Clay,1st Round,3,Vekic D.,Volynets K.,104,88.0,762,831.0,6.0,3.0,3,6,6,4,2.0,1.0,Completed,2.2,1.67,,,2.2,1.73,2.12,1.69,2.24,1.79,20260407
17,Linz,Ladies Linz Open,2026-04-07,WTA500,Indoor,Clay,1st Round,3,Eala A.,Grabher J.,46,89.0,1255,829.0,6.0,4.0,6,3,,,2.0,0.0,Completed,1.5,2.63,,,1.53,2.63,1.5,2.52,1.66,2.5,20260407
17,Linz,Ladies Linz Open,2026-04-07,WTA500,Indoor,Clay,1st Round,3,Pliskova Ka.,Sasnovich A.,258,115.0,267,716.0,6.0,4.0,6,4,,,2.0,0.0,Completed,1.73,2.1,,,1.95,2.3,1.71,2.09,,,20260407
17,Linz,Ladies Linz Open,2026-04-08,WTA500,Indoor,Clay,1st Round,3,Kalinina A.,Udvardy P.,120,71.0,695,918.0,5.0,7.0,6,1,6,0,2.0,1.0,Completed,1.25,4.0,,,1.26,4.0,1.25,3.81,1.29,4.3,20260408
17,Linz,Ladies Linz Open,2026-04-08,WTA500,Indoor,Clay,1st Round,3,Potapova A.,Zhang S.,97,64.0,800,989.0,6.0,4.0,6,4,,,2.0,0.0,Completed,1.4,3.0,,,1.4,3.25,1.36,3.07,1.36,3.7,20260408
17,Linz,Ladies Linz Open,2026-04-08,WTA500,Indoor,Clay,2nd Round,3,Ruse E.G.,Yastremska D.,87,49.0,840,1172.0,4.0,6.0,6,4,6,4,2.0,1.0,Completed,2,1.8,,,2.02,1.83,1.98,1.79,2.06,1.92,20260408
17,Linz,Ladies Linz Open,2026-04-08,WTA500,Indoor,Clay,2nd Round,3,Ostapenko J.,Eala A.,23,46.0,1706,1255.0,6.0,4.0,7,5,,,2.0,0.0,Completed,1.53,2.5,,,1.57,2.63,1.51,2.5,1.65,2.48,20260408
17,Linz,Ladies Linz Open,2026-04-08,WTA500,Indoor,Clay,2nd Round,3,Andreeva M.,Stephens S.,10,552.0,3121,90.0,6.0,4.0,6,2,,,2.0,0.0,Completed,1.06,10.0,,,1.06,10.0,1.05,9.43,1.05,17.5,20260408
17,Linz,Ladies Linz Open,2026-04-08,WTA500,Indoor,Clay,2nd Round,3,Cirstea S.,Galfi D.,29,103.0,1459,769.0,5.0,0.0,,,,,0.0,0.0,Retired,1.29,3.75,,,1.29,4.33,1.23,3.94,1.27,4.7,20260408
17,Linz,Ladies Linz Open,2026-04-09,WTA500,Indoor,Clay,2nd Round,3,Vekic D.,Kalinina A.,104,120.0,762,695.0,,,,,,,,,Walkover,2,1.8,,,2.1,1.8,2.06,1.73,2.42,1.69,20260409
17,Linz,Ladies Linz Open,2026-04-09,WTA500,Indoor,Clay,2nd Round,3,Tagger L.,Samsonova L.,117,21.0,705,1845.0,6.0,2.0,7,6,,,2.0,0.0,Completed,1.8,2.0,,,1.8,2.1,1.74,2.05,1.72,2.36,20260409
17,Linz,Ladies Linz Open,2026-04-09,WTA500,Indoor,Clay,2nd Round,3,Pliskova Ka.,Alexandrova E.,258,13.0,267,2886.0,6.0,1.0,6,3,,,2.0,0.0,Completed,3.5,1.3,,,3.5,1.34,3.35,1.31,3.65,1.37,20260409
17,Linz,Ladies Linz Open,2026-04-09,WTA500,Indoor,Clay,2nd Round,3,Potapova A.,Korpatsch T.,97,109.0,800,737.0,6.0,2.0,6,1,,,2.0,0.0,Completed,1.53,2.5,,,1.57,2.5,1.53,2.45,1.62,2.56,20260409
17,Linz,Ladies Linz Open,2026-04-10,WTA500,Indoor,Clay,Quarterfinals,3,Ruse E.G.,Ostapenko J.,87,23.0,840,1706.0,4.0,6.0,6,4,6,1,2.0,1.0,Completed,2.63,1.5,,,2.63,1.5,2.58,1.48,2.62,1.61,20260410
17,Linz,Ladies Linz Open,2026-04-10,WTA500,Indoor,Clay,Quarterfinals,3,Andreeva M.,Cirstea S.,10,29.0,3121,1459.0,7.0,6.0,4,6,6,2,2.0,1.0,Completed,1.4,3.0,,,1.4,3.15,1.38,2.95,1.42,3.3,20260410
17,Linz,Ladies Linz Open,2026-04-10,WTA500,Indoor,Clay,Quarterfinals,3,Potapova A.,Tagger L.,97,117.0,800,705.0,7.0,6.0,6,0,,,2.0,0.0,Completed,2.2,1.67,,,2.2,1.75,2.1,1.71,2.3,1.75,20260410
17,Linz,Ladies Linz Open,2026-04-10,WTA500,Indoor,Clay,Quarterfinals,3,Vekic D.,Pliskova Ka.,104,258.0,762,267.0,7.0,5.0,6,4,,,2.0,0.0,Completed,1.91,1.91,,,2.0,1.91,1.95,1.83,2.1,1.9,20260410
17,Linz,Ladies Linz Open,2026-04-11,WTA500,Indoor,Clay,Semifinals,3,Andreeva M.,Ruse E.G.,10,87.0,3121,840.0,6.0,4.0,6,1,,,2.0,0.0,Completed,1.13,6.0,,,1.16,6.0,1.15,5.24,1.17,6.6,20260411
17,Linz,Ladies Linz Open,2026-04-11,WTA500,Indoor,Clay,Semifinals,3,Potapova A.,Vekic D.,97,104.0,800,762.0,6.0,4.0,6,2,,,2.0,0.0,Completed,1.62,2.3,,,1.72,2.5,1.63,2.25,1.64,2.5,20260411
17,Linz,Ladies Linz Open,2026-04-12,WTA500,Indoor,Clay,The Final,3,Andreeva M.,Potapova A.,10,97.0,3121,800.0,1.0,6.0,6,4,6,3,2.0,1.0,Completed,1.25,4.0,,,1.28,4.0,1.25,3.83,1.27,4.5,20260412
18,Rouen,Open de Rouen,2026-04-13,WTA250,Indoor,Clay,1st Round,3,Li A.,Kasatkina D.,36,70.0,1356,918.0,6.0,7.0,6,2,6,4,2.0,1.0,Completed,1.73,2.1,,,1.82,2.1,1.76,2.01,1.79,2.24,20260413
18,Rouen,Open de Rouen,2026-04-13,WTA250,Indoor,Clay,1st Round,3,Rakhimova K.,Kalieva E.,72,140.0,914,543.0,6.0,3.0,7,6,,,2.0,0.0,Completed,1.57,2.38,,,1.58,2.4,1.55,2.36,1.69,2.42,20260413
18,Rouen,Open de Rouen,2026-04-13,WTA250,Indoor,Clay,1st Round,3,Podrez V.,Stephens S.,206,552.0,338,90.0,6.0,2.0,6,1,,,2.0,0.0,Completed,1.8,2.0,,,1.8,2.1,1.76,2.01,1.84,2.16,20260413
18,Rouen,Open de Rouen,2026-04-13,WTA250,Indoor,Clay,1st Round,3,Boulter K.,Timofeeva M.,62,153.0,1012,494.0,6.0,2.0,6,2,,,2.0,0.0,Completed,1.44,2.75,,,1.48,2.88,1.44,2.68,1.51,2.94,20260413
18,Rouen,Open de Rouen,2026-04-14,WTA250,Indoor,Clay,1st Round,3,Salkova D.,Blinkova A.,124,90.0,613,819.0,7.0,5.0,6,1,,,2.0,0.0,Completed,1.73,2.1,,,1.8,2.11,1.72,2.06,1.8,2.22,20260414
18,Rouen,Open de Rouen,2026-04-14,WTA250,Indoor,Clay,1st Round,3,Shymanovich I.,Fruhvirtova L.,182,143.0,398,541.0,6.0,3.0,7,5,,,2.0,0.0,Completed,1.91,1.91,,,1.95,1.91,1.9,1.86,2.26,1.78,20260414
18,Rouen,Open de Rouen,2026-04-14,WTA250,Indoor,Clay,1st Round,3,Kostyuk M.,Parry D.,27,95.0,1473,806.0,6.0,1.0,6,4,,,2.0,0.0,Completed,1.2,4.5,,,1.21,5.0,1.18,4.64,1.19,6.0,20260414
18,Rouen,Open de Rouen,2026-04-14,WTA250,Indoor,Clay,1st Round,3,McNally C.,Volynets K.,69,88.0,919,831.0,1.0,6.0,6,1,6,1,2.0,1.0,Completed,2,1.8,,,2.1,1.8,2.03,1.74,2.38,1.71,20260414
18,Rouen,Open de Rouen,2026-04-14,WTA250,Indoor,Clay,1st Round,3,Wang Xin.,Paquet C.,32,236.0,1383,295.0,3.0,6.0,6,4,6,3,2.0,1.0,Completed,1.33,3.4,,,1.37,3.4,1.34,3.16,1.39,3.45,20260414
18,Rouen,Open de Rouen,2026-04-14,WTA250,Indoor,Clay,1st Round,3,Cocciaretto E.,Charaeva A.,42,126.0,1310,600.0,6.0,3.0,4,6,6,2,2.0,1.0,Completed,1.25,4.0,,,1.25,4.1,1.24,3.88,1.3,4.1,20260414
18,Rouen,Open de Rouen,2026-04-14,WTA250,Indoor,Clay,1st Round,3,Cristian J.,Rakotomanga Rajaonah T.,33,136.0,1382,565.0,2.0,6.0,7,6,7,5,2.0,1.0,Completed,1.17,5.0,,,1.17,6.0,1.15,5.17,1.19,5.8,20260414
18,Rouen,Open de Rouen,2026-04-14,WTA250,Indoor,Clay,1st Round,3,Baptiste H.,Ponchet J.,35,170.0,1372,427.0,3.0,6.0,7,6,6,2,2.0,1.0,Completed,1.13,6.0,,,1.17,6.25,1.12,5.8,1.15,7.2,20260414
18,Rouen,Open de Rouen,2026-04-15,WTA250,Indoor,Clay,1st Round,3,Oliynykova O.,Tagger L.,68,117.0,931,705.0,6.0,3.0,4,6,6,4,2.0,1.0,Completed,2.2,1.67,,,2.23,1.73,2.15,1.68,2.14,1.86,20260415
18,Rouen,Open de Rouen,2026-04-15,WTA250,Indoor,Clay,1st Round,3,Bondar A.,Tan H.,63,202.0,999,352.0,6.0,2.0,4,6,6,0,2.0,1.0,Completed,1.2,4.5,,,1.21,4.5,1.2,4.35,1.21,5.6,20260415
18,Rouen,Open de Rouen,2026-04-15,WTA250,Indoor,Clay,1st Round,3,Maria T.,Jacquemot E.,61,59.0,1023,1029.0,6.0,4.0,6,3,,,2.0,0.0,Completed,3.2,1.36,,,3.2,1.4,3.03,1.36,3.45,1.4,20260415
18,Rouen,Open de Rouen,2026-04-15,WTA250,Indoor,Clay,1st Round,3,Cirstea S.,Ferro F.,29,216.0,1459,323.0,6.0,3.0,6,7,7,6,2.0,1.0,Completed,1.11,6.5,,,1.14,6.5,1.12,6.0,1.15,7.2,20260415
18,Rouen,Open de Rouen,2026-04-15,WTA250,Indoor,Clay,2nd Round,3,Li A.,Rakhimova K.,36,72.0,1356,914.0,4.0,6.0,6,2,6,3,2.0,1.0,Completed,1.4,3.0,,,1.47,3.0,1.41,2.83,1.45,3.15,20260415
18,Rouen,Open de Rouen,2026-04-15,WTA250,Indoor,Clay,2nd Round,3,Kostyuk M.,McNally C.,27,69.0,1473,919.0,2.0,6.0,6,2,6,1,2.0,1.0,Completed,1.2,4.5,,,1.25,4.5,1.21,4.27,1.22,5.3,20260415
18,Rouen,Open de Rouen,2026-04-15,WTA250,Indoor,Clay,2nd Round,3,Boulter K.,Cristian J.,62,33.0,1012,1382.0,7.0,6.0,4,6,6,1,2.0,1.0,Completed,1.67,2.2,,,1.7,2.2,1.67,2.16,1.76,2.28,20260415
18,Rouen,Open de Rouen,2026-04-16,WTA250,Indoor,Clay,2nd Round,3,Maria T.,Salkova D.,61,124.0,1023,613.0,6.0,3.0,6,2,,,2.0,0.0,Completed,3,1.4,,,3.0,1.4,2.94,1.38,3.25,1.43,20260416
18,Rouen,Open de Rouen,2026-04-16,WTA250,Indoor,Clay,2nd Round,3,Shymanovich I.,Baptiste H.,182,35.0,398,1372.0,6.0,3.0,5,7,6,3,2.0,1.0,Completed,4,1.25,,,4.2,1.25,3.95,1.23,4.3,1.29,20260416
18,Rouen,Open de Rouen,2026-04-16,WTA250,Indoor,Clay,2nd Round,3,Podrez V.,Cocciaretto E.,206,42.0,338,1310.0,7.0,6.0,4,6,6,4,2.0,1.0,Completed,3.5,1.3,,,4.0,1.32,3.68,1.27,4.0,1.31,20260416
18,Rouen,Open de Rouen,2026-04-16,WTA250,Indoor,Clay,2nd Round,3,Cirstea S.,Wang Xin.,29,32.0,1459,1383.0,5.0,3.0,,,,,0.0,0.0,Retired,1.25,4.0,,,1.28,4.0,1.25,3.78,1.31,4.0,20260416
18,Rouen,Open de Rouen,2026-04-16,WTA250,Indoor,Clay,2nd Round,3,Bondar A.,Oliynykova O.,63,68.0,999,931.0,6.0,0.0,4,6,6,0,2.0,1.0,Completed,1.91,1.91,,,2.15,1.91,1.91,1.86,2.06,1.93,20260416
18,Rouen,Open de Rouen,2026-04-17,WTA250,Indoor,Clay,Quarterfinals,3,Maria T.,Shymanovich I.,61,182.0,1023,398.0,7.0,6.0,6,2,,,2.0,0.0,Completed,2.1,1.73,,,2.25,1.73,2.19,1.66,2.44,1.68,20260417
18,Rouen,Open de Rouen,2026-04-17,WTA250,Indoor,Clay,Quarterfinals,3,Podrez V.,Boulter K.,206,62.0,338,1012.0,6.0,4.0,6,1,,,2.0,0.0,Completed,2.63,1.5,,,2.75,1.53,2.59,1.49,2.54,1.64,20260417
18,Rouen,Open de Rouen,2026-04-17,WTA250,Indoor,Clay,Quarterfinals,3,Kostyuk M.,Li A.,27,36.0,1473,1356.0,6.0,0.0,6,7,6,3,2.0,1.0,Completed,1.25,4.0,,,1.25,4.2,1.24,3.87,1.29,4.3,20260417
18,Rouen,Open de Rouen,2026-04-17,WTA250,Indoor,Clay,Quarterfinals,3,Cirstea S.,Bondar A.,29,63.0,1459,999.0,7.0,6.0,6,2,,,2.0,0.0,Completed,1.4,3.0,,,1.44,3.0,1.38,2.92,1.43,3.2,20260417
18,Rouen,Open de Rouen,2026-04-18,WTA250,Indoor,Clay,Semifinals,3,Kostyuk M.,Maria T.,27,61.0,1473,1023.0,6.0,3.0,6,0,,,2.0,0.0,Completed,1.07,9.0,,,1.08,9.0,1.07,7.63,1.1,10.0,20260418
18,Rouen,Open de Rouen,2026-04-18,WTA250,Indoor,Clay,Semifinals,3,Podrez V.,Cirstea S.,206,29.0,338,1459.0,,,,,,,,,Walkover,4.5,1.2,,,4.5,1.23,4.23,1.21,4.2,1.29,20260418
18,Rouen,Open de Rouen,2026-04-19,WTA250,Indoor,Clay,The Final,3,Kostyuk M.,Podrez V.,27,206.0,1473,338.0,6.0,3.0,6,4,,,2.0,0.0,Completed,1.14,5.5,,,1.15,6.0,1.14,5.27,1.2,5.8,20260419
19,Stuttgart,Porsche Tennis Grand Prix,2026-04-13,WTA500,Indoor,Clay,1st Round,3,Siegemund L.,Tomova V.,51,155.0,1158,480.0,4.0,6.0,7,6,6,1,2.0,1.0,Completed,1.57,2.38,,,1.67,2.43,1.58,2.31,1.62,2.58,20260413
19,Stuttgart,Porsche Tennis Grand Prix,2026-04-13,WTA500,Indoor,Clay,1st Round,3,Samsonova L.,Ruzic A.,21,57.0,1845,1046.0,6.0,0.0,6,4,,,2.0,0.0,Completed,1.4,3.0,,,1.44,3.25,1.4,2.86,1.42,3.35,20260413
19,Stuttgart,Porsche Tennis Grand Prix,2026-04-14,WTA500,Indoor,Clay,1st Round,3,Muchova K.,Sasnovich A.,12,115.0,2993,716.0,6.0,2.0,6,4,,,2.0,0.0,Completed,1.25,4.0,,,1.27,4.0,1.24,3.87,1.29,4.2,20260414
19,Stuttgart,Porsche Tennis Grand Prix,2026-04-14,WTA500,Indoor,Clay,1st Round,3,Mertens E.,Seidel E.,20,85.0,1906,850.0,6.0,3.0,6,4,,,2.0,0.0,Completed,1.14,5.5,,,1.17,6.25,1.14,5.52,1.16,6.8,20260414
19,Stuttgart,Porsche Tennis Grand Prix,2026-04-14,WTA500,Indoor,Clay,1st Round,3,Alexandrova E.,Knutson G.,13,223.0,2886,311.0,6.0,2.0,6,2,,,2.0,0.0,Completed,1.11,6.5,,,1.12,7.0,1.11,6.25,1.13,8.0,20260414
19,Stuttgart,Porsche Tennis Grand Prix,2026-04-14,WTA500,Indoor,Clay,1st Round,3,Fernandez L.A.,Eala A.,25,46.0,1598,1255.0,6.0,1.0,6,4,,,2.0,0.0,Completed,1.57,2.38,,,1.6,2.42,1.57,2.34,1.68,2.42,20260414
19,Stuttgart,Porsche Tennis Grand Prix,2026-04-14,WTA500,Indoor,Clay,1st Round,3,Lys E.,Badosa P.,75,102.0,891,771.0,2.0,6.0,7,5,6,4,2.0,1.0,Completed,3.4,1.33,,,3.45,1.35,3.24,1.33,3.5,1.39,20260414
19,Stuttgart,Porsche Tennis Grand Prix,2026-04-14,WTA500,Indoor,Clay,1st Round,3,Shnaider D.,Korpatsch T.,19,109.0,2001,737.0,6.0,3.0,6,1,,,2.0,0.0,Completed,1.2,4.5,,,1.2,4.9,1.18,4.55,1.25,4.9,20260414
19,Stuttgart,Porsche Tennis Grand Prix,2026-04-15,WTA500,Indoor,Clay,1st Round,3,Sonmez Z.,Paolini J.,76,8.0,891,3907.0,6.0,2.0,6,2,,,2.0,0.0,Completed,4,1.25,,,4.33,1.25,4.05,1.23,4.8,1.24,20260415
19,Stuttgart,Porsche Tennis Grand Prix,2026-04-15,WTA500,Indoor,Clay,1st Round,3,Parks A.,Noha Akugue N.,93,192.0,814,378.0,6.0,4.0,6,2,,,2.0,0.0,Completed,1.5,2.63,,,1.64,2.63,1.52,2.48,1.66,2.5,20260415
19,Stuttgart,Porsche Tennis Grand Prix,2026-04-15,WTA500,Indoor,Clay,1st Round,3,Noskova L.,Zhang S.,14,64.0,2801,989.0,5.0,7.0,6,1,6,4,2.0,1.0,Completed,1.11,6.5,,,1.15,6.5,1.13,5.72,1.14,7.8,20260415
19,Stuttgart,Porsche Tennis Grand Prix,2026-04-15,WTA500,Indoor,Clay,1st Round,3,Andreeva M.,Ostapenko J.,10,23.0,3121,1706.0,5.0,7.0,6,2,6,4,2.0,1.0,Completed,1.3,3.5,,,1.36,3.5,1.31,3.34,1.35,3.7,20260415
19,Stuttgart,Porsche Tennis Grand Prix,2026-04-15,WTA500,Indoor,Clay,2nd Round,3,Swiatek I.,Siegemund L.,4,51.0,7263,1158.0,6.0,2.0,6,3,,,2.0,0.0,Completed,1.03,15.0,,,1.04,17.0,1.03,12.12,1.04,19.5,20260415
19,Stuttgart,Porsche Tennis Grand Prix,2026-04-15,WTA500,Indoor,Clay,2nd Round,3,Svitolina E.,Lys E.,7,75.0,3965,891.0,6.0,1.0,6,0,,,2.0,0.0,Completed,1.17,5.0,,,1.2,5.0,1.18,4.6,1.2,5.7,20260415
19,Stuttgart,Porsche Tennis Grand Prix,2026-04-16,WTA500,Indoor,Clay,2nd Round,3,Muchova K.,Mertens E.,12,20.0,2993,1906.0,1.0,6.0,6,3,6,0,2.0,1.0,Completed,1.4,3.0,,,1.45,3.0,1.41,2.81,1.46,3.1,20260416
19,Stuttgart,Porsche Tennis Grand Prix,2026-04-16,WTA500,Indoor,Clay,2nd Round,3,Noskova L.,Alexandrova E.,14,13.0,2801,2886.0,6.0,1.0,6,1,,,2.0,0.0,Completed,1.67,2.2,,,1.73,2.2,1.68,2.13,1.77,2.26,20260416
19,Stuttgart,Porsche Tennis Grand Prix,2026-04-16,WTA500,Indoor,Clay,2nd Round,3,Andreeva M.,Parks A.,10,93.0,3121,814.0,7.0,6.0,6,3,,,2.0,0.0,Completed,1.08,8.0,,,1.1,8.5,1.08,7.38,1.11,9.4,20260416
19,Stuttgart,Porsche Tennis Grand Prix,2026-04-16,WTA500,Indoor,Clay,2nd Round,3,Rybakina E.,Shnaider D.,2,19.0,8108,2001.0,6.0,3.0,6,4,,,2.0,0.0,Completed,1.25,4.0,,,1.25,4.33,1.23,4.03,1.26,4.8,20260416
19,Stuttgart,Porsche Tennis Grand Prix,2026-04-16,WTA500,Indoor,Clay,2nd Round,3,Gauff C.,Samsonova L.,3,21.0,7278,1845.0,7.0,5.0,6,1,,,2.0,0.0,Completed,1.17,5.0,,,1.2,5.3,1.16,4.83,1.19,6.0,20260416
19,Stuttgart,Porsche Tennis Grand Prix,2026-04-16,WTA500,Indoor,Clay,2nd Round,3,Fernandez L.A.,Sonmez Z.,25,76.0,1598,891.0,6.0,7.0,6,1,7,6,2.0,1.0,Completed,1.8,2.0,,,1.83,4.0,1.43,3.27,,,20260416
19,Stuttgart,Porsche Tennis Grand Prix,2026-04-17,WTA500,Indoor,Clay,Quarterfinals,3,Svitolina E.,Noskova L.,7,14.0,3965,2801.0,7.0,6.0,7,5,,,2.0,0.0,Completed,1.5,2.63,,,1.6,2.63,1.51,2.51,1.5,2.96,20260417
19,Stuttgart,Porsche Tennis Grand Prix,2026-04-17,WTA500,Indoor,Clay,Quarterfinals,3,Muchova K.,Gauff C.,12,3.0,2993,7278.0,6.0,3.0,5,7,6,3,2.0,1.0,Completed,3.4,1.33,,,3.4,1.36,3.2,1.34,3.4,1.41,20260417
19,Stuttgart,Porsche Tennis Grand Prix,2026-04-17,WTA500,Indoor,Clay,Quarterfinals,3,Andreeva M.,Swiatek I.,10,4.0,3121,7263.0,3.0,6.0,6,4,6,3,2.0,1.0,Completed,2.63,1.5,,,2.7,1.5,2.58,1.48,2.9,1.52,20260417
19,Stuttgart,Porsche Tennis Grand Prix,2026-04-17,WTA500,Indoor,Clay,Quarterfinals,3,Rybakina E.,Fernandez L.A.,2,25.0,8108,1598.0,6.0,7.0,6,4,7,6,2.0,1.0,Completed,1.07,9.0,,,1.08,9.0,1.07,7.73,1.1,10.5,20260417
19,Stuttgart,Porsche Tennis Grand Prix,2026-04-18,WTA500,Indoor,Clay,Semifinals,3,Muchova K.,Svitolina E.,12,7.0,2993,3965.0,6.0,4.0,2,6,6,4,2.0,1.0,Completed,2.1,1.73,,,2.2,1.73,2.14,1.68,2.26,1.78,20260418
19,Stuttgart,Porsche Tennis Grand Prix,2026-04-18,WTA500,Indoor,Clay,Semifinals,3,Rybakina E.,Andreeva M.,2,10.0,8108,3121.0,7.0,5.0,6,1,,,2.0,0.0,Completed,1.73,2.1,,,1.8,2.1,1.73,2.06,1.86,2.14,20260418
19,Stuttgart,Porsche Tennis Grand Prix,2026-04-19,WTA500,Indoor,Clay,The Final,3,Rybakina E.,Muchova K.,2,12.0,8108,2993.0,7.0,5.0,6,1,,,2.0,0.0,Completed,1.4,3.0,,,1.42,3.0,1.4,2.87,1.46,3.1,20260419
20,Madrid,Mutua Madrid Open,2026-04-21,WTA1000,Outdoor,Clay,1st Round,3,Marcinko P.,Jimenez Kasintseva V.,74,115.0,919,711.0,6.0,0.0,7,5,,,2.0,0.0,Completed,1.4,3.0,,,1.4,3.2,1.36,3.07,,,20260421
20,Madrid,Mutua Madrid Open,2026-04-21,WTA1000,Outdoor,Clay,1st Round,3,Samson L.,Maria T.,171,54.0,428,1106.0,6.0,4.0,6,2,,,2.0,0.0,Completed,1.8,2.0,,,1.8,2.2,1.73,2.06,,,20260421
20,Madrid,Mutua Madrid Open,2026-04-21,WTA1000,Outdoor,Clay,1st Round,3,Siegemund L.,Begu I.,47,182.0,1217,399.0,6.0,4.0,6,0,,,2.0,0.0,Completed,1.44,2.75,,,1.45,2.88,1.43,2.73,,,20260421
20,Madrid,Mutua Madrid Open,2026-04-21,WTA1000,Outdoor,Clay,1st Round,3,Bouzas Maneiro J.,Haddad Maia B.,50,69.0,1186,947.0,6.0,1.0,6,1,,,2.0,0.0,Completed,1.4,3.0,,,1.44,3.0,1.43,2.77,,,20260421
20,Madrid,Mutua Madrid Open,2026-04-21,WTA1000,Outdoor,Clay,1st Round,3,Grabher J.,Badosa P.,107,103.0,746,771.0,7.0,6.0,4,6,6,0,2.0,1.0,Completed,5.5,1.14,,,5.5,1.17,5.18,1.15,,,20260421
20,Madrid,Mutua Madrid Open,2026-04-21,WTA1000,Outdoor,Clay,1st Round,3,Bondar A.,Golubic V.,63,81.0,1023,881.0,6.0,2.0,6,3,,,2.0,0.0,Completed,1.2,4.5,,,1.22,4.6,1.2,4.39,,,20260421
20,Madrid,Mutua Madrid Open,2026-04-21,WTA1000,Outdoor,Clay,1st Round,3,Linette M.,Montgomery R.,57,339.0,1059,188.0,6.0,4.0,6,3,,,2.0,0.0,Completed,1.57,2.38,,,1.65,2.38,1.59,2.3,,,20260421
20,Madrid,Mutua Madrid Open,2026-04-21,WTA1000,Outdoor,Clay,1st Round,3,Quevedo K.,Williams V.,140,479.0,541,113.0,6.0,2.0,6,4,,,2.0,0.0,Completed,1.2,4.5,,,1.22,4.5,1.2,4.31,,,20260421
20,Madrid,Mutua Madrid Open,2026-04-21,WTA1000,Outdoor,Clay,1st Round,3,Osorio M.,Zakharova A.,83,79.0,876,894.0,6.0,0.0,6,3,,,2.0,0.0,Completed,1.36,3.2,,,1.4,3.25,1.36,3.06,,,20260421
20,Madrid,Mutua Madrid Open,2026-04-21,WTA1000,Outdoor,Clay,1st Round,3,Stearns P.,Boisson L.,43,46.0,1296,1259.0,6.0,1.0,6,3,,,2.0,0.0,Completed,1.4,3.0,,,1.4,3.1,1.37,3.0,,,20260421
20,Madrid,Mutua Madrid Open,2026-04-22,WTA1000,Outdoor,Clay,1st Round,3,Ruse E.G.,Ruzic A.,71,59.0,937,1046.0,6.0,3.0,4,6,6,0,2.0,1.0,Completed,1.36,3.2,,,1.4,3.25,1.35,3.08,,,20260422
20,Madrid,Mutua Madrid Open,2026-04-22,WTA1000,Outdoor,Clay,1st Round,3,Sonmez Z.,Martinez Cirez C.,67,352.0,963,180.0,7.0,5.0,6,2,,,2.0,0.0,Completed,1.07,9.0,,,1.07,11.0,1.05,9.59,,,20260422
20,Madrid,Mutua Madrid Open,2026-04-22,WTA1000,Outdoor,Clay,1st Round,3,Udvardy P.,Birrell K.,78,82.0,906,880.0,6.0,4.0,1,6,6,1,2.0,1.0,Completed,1.67,2.2,,,1.67,2.63,1.53,2.47,,,20260422
20,Madrid,Mutua Madrid Open,2026-04-22,WTA1000,Outdoor,Clay,1st Round,3,Zhang S.,Lys E.,65,72.0,989,926.0,6.0,4.0,6,3,,,2.0,0.0,Completed,2.75,1.44,,,2.9,1.48,2.68,1.45,,,20260422
20,Madrid,Mutua Madrid Open,2026-04-22,WTA1000,Outdoor,Clay,1st Round,3,Snigur D.,Kasatkina D.,98,75.0,796,918.0,6.0,3.0,3,6,7,6,2.0,1.0,Completed,2.2,1.67,,,2.43,1.67,2.34,1.57,,,20260422
20,Madrid,Mutua Madrid Open,2026-04-22,WTA1000,Outdoor,Clay,1st Round,3,Galfi D.,Tomljanovic A.,117,85.0,704,867.0,7.0,6.0,6,4,,,2.0,0.0,Completed,2,1.8,,,2.02,1.81,1.99,1.78,,,20260422
20,Madrid,Mutua Madrid Open,2026-04-22,WTA1000,Outdoor,Clay,1st Round,3,Parks A.,Cocciaretto E.,84,41.0,872,1310.0,6.0,3.0,6,2,,,2.0,0.0,Completed,2.75,1.44,,,2.88,1.5,2.76,1.43,,,20260422
20,Madrid,Mutua Madrid Open,2026-04-22,WTA1000,Outdoor,Clay,1st Round,3,Starodubtseva Y.,Uchijima M.,53,94.0,1139,810.0,6.0,3.0,1,6,6,3,2.0,1.0,Completed,1.44,2.75,,,1.5,2.75,1.48,2.58,,,20260422
20,Madrid,Mutua Madrid Open,2026-04-22,WTA1000,Outdoor,Clay,1st Round,3,Eala A.,Pavlyuchenkova A.,44,116.0,1285,707.0,6.0,3.0,6,3,,,2.0,0.0,Completed,1.57,2.38,,,1.62,2.4,1.57,2.35,,,20260422
20,Madrid,Mutua Madrid Open,2026-04-22,WTA1000,Outdoor,Clay,1st Round,3,Kalinina A.,Rakhimova K.,110,73.0,738,919.0,6.0,2.0,5,7,6,2,2.0,1.0,Completed,1.5,2.63,,,1.5,2.8,1.46,2.65,,,20260422
20,Madrid,Mutua Madrid Open,2026-04-22,WTA1000,Outdoor,Clay,1st Round,3,Arango E.,Gibson T.,86,58.0,843,1050.0,6.0,3.0,6,2,,,2.0,0.0,Completed,2,1.8,,,2.02,1.91,1.98,1.8,,,20260422
20,Madrid,Mutua Madrid Open,2026-04-22,WTA1000,Outdoor,Clay,1st Round,3,Tjen J.,Charaeva A.,39,129.0,1317,573.0,6.0,4.0,6,2,,,2.0,0.0,Completed,2,1.8,,,2.1,1.82,2.04,1.75,,,20260422
20,Madrid,Mutua Madrid Open,2026-04-22,WTA1000,Outdoor,Clay,1st Round,3,Putintseva Y.,Valentova T.,80,51.0,893,1161.0,6.0,4.0,4,6,6,3,2.0,1.0,Completed,2.2,1.67,,,2.25,1.7,2.16,1.66,,,20260422
20,Madrid,Mutua Madrid Open,2026-04-22,WTA1000,Outdoor,Clay,1st Round,3,Sierra S.,Yastremska D.,88,49.0,825,1200.0,7.0,6.0,7,6,,,2.0,0.0,Completed,3.75,1.29,,,3.8,1.3,3.61,1.28,,,20260422
20,Madrid,Mutua Madrid Open,2026-04-22,WTA1000,Outdoor,Clay,1st Round,3,Waltert S.,Oliynykova O.,97,70.0,796,945.0,7.0,5.0,6,0,,,2.0,0.0,Completed,2,1.8,,,2.0,1.85,1.95,1.81,,,20260422
20,Madrid,Mutua Madrid Open,2026-04-22,WTA1000,Outdoor,Clay,1st Round,3,Pliskova Ka.,Kraus S.,197,104.0,375,765.0,2.0,6.0,6,1,6,4,2.0,1.0,Completed,1.8,2.0,,,1.91,2.06,1.81,1.96,,,20260422
20,Madrid,Mutua Madrid Open,2026-04-22,WTA1000,Outdoor,Clay,1st Round,3,Jeanjean L.,Selekhmeteva O.,126,77.0,586,910.0,6.0,4.0,6,1,,,2.0,0.0,Completed,2.5,1.53,,,2.55,1.57,2.47,1.52,,,20260422
20,Madrid,Mutua Madrid Open,2026-04-22,WTA1000,Outdoor,Clay,1st Round,3,Kenin S.,Krueger A.,68,108.0,952,741.0,7.0,6.0,6,4,,,2.0,0.0,Completed,2,1.8,,,2.1,1.8,2.03,1.76,,,20260422
20,Madrid,Mutua Madrid Open,2026-04-22,WTA1000,Outdoor,Clay,1st Round,3,Boulter K.,Townsend T.,61,90.0,1036,814.0,6.0,4.0,6,2,,,2.0,0.0,Completed,2,1.8,,,2.0,1.83,1.96,1.8,,,20260422
20,Madrid,Mutua Madrid Open,2026-04-22,WTA1000,Outdoor,Clay,1st Round,3,Siniakova K.,Kalieva E.,42,134.0,1299,562.0,6.0,3.0,6,4,,,2.0,0.0,Completed,1.44,2.75,,,1.48,2.85,1.45,2.71,,,20260422
20,Madrid,Mutua Madrid Open,2026-04-22,WTA1000,Outdoor,Clay,1st Round,3,McNally C.,Volynets K.,76,101.0,916,775.0,6.0,1.0,6,2,,,2.0,0.0,Completed,1.73,2.1,,,1.75,2.18,1.71,2.11,,,20260422
20,Madrid,Mutua Madrid Open,2026-04-22,WTA1000,Outdoor,Clay,1st Round,3,Grant T.C.,Jacquemot E.,262,62.0,260,1029.0,6.0,1.0,6,2,,,2.0,0.0,Completed,1.67,2.2,,,1.73,2.23,1.68,2.13,,,20260422
20,Madrid,Mutua Madrid Open,2026-04-23,WTA1000,Outdoor,Clay,2nd Round,3,Bencic B.,Marcinko P.,12,74.0,3090,919.0,6.0,4.0,6,2,,,2.0,0.0,Completed,1.2,4.5,,,1.22,5.0,1.2,4.41,,,20260423
20,Madrid,Mutua Madrid Open,2026-04-23,WTA1000,Outdoor,Clay,2nd Round,3,Bondar A.,Svitolina E.,63,7.0,1023,3910.0,6.0,3.0,6,4,,,2.0,0.0,Completed,5.5,1.14,,,6.0,1.17,5.2,1.15,,,20260423
20,Madrid,Mutua Madrid Open,2026-04-23,WTA1000,Outdoor,Clay,2nd Round,3,Cristian J.,Starodubtseva Y.,33,53.0,1382,1139.0,3.0,6.0,7,6,6,4,2.0,1.0,Completed,2.2,1.67,,,2.25,1.68,2.2,1.66,,,20260423
20,Madrid,Mutua Madrid Open,2026-04-23,WTA1000,Outdoor,Clay,2nd Round,3,Samson L.,Wang Xin.,171,31.0,428,1401.0,2.0,6.0,6,3,6,0,2.0,1.0,Completed,2,1.8,,,2.1,1.83,2.0,1.77,,,20260423
20,Madrid,Mutua Madrid Open,2026-04-23,WTA1000,Outdoor,Clay,2nd Round,3,Shnaider D.,Bouzas Maneiro J.,19,50.0,2001,1186.0,3.0,6.0,7,5,6,1,2.0,1.0,Completed,1.33,3.4,,,1.36,3.5,1.33,3.3,,,20260423
20,Madrid,Mutua Madrid Open,2026-04-23,WTA1000,Outdoor,Clay,2nd Round,3,Swiatek I.,Snigur D.,4,98.0,7273,796.0,6.0,1.0,6,2,,,2.0,0.0,Completed,1.02,19.0,,,1.03,21.0,1.02,15.08,,,20260423
20,Madrid,Mutua Madrid Open,2026-04-23,WTA1000,Outdoor,Clay,2nd Round,3,Galfi D.,Kalinskaya A.,117,22.0,704,1813.0,6.0,3.0,6,3,,,2.0,0.0,Completed,2.63,1.5,,,2.75,1.5,2.66,1.46,,,20260423
20,Madrid,Mutua Madrid Open,2026-04-23,WTA1000,Outdoor,Clay,2nd Round,3,Kalinina A.,Bouzkova M.,110,24.0,738,1676.0,6.0,4.0,6,3,,,2.0,0.0,Completed,2,1.8,,,2.1,1.8,2.05,1.75,,,20260423
20,Madrid,Mutua Madrid Open,2026-04-23,WTA1000,Outdoor,Clay,2nd Round,3,Paolini J.,Siegemund L.,9,47.0,3722,1217.0,3.0,6.0,6,2,6,4,2.0,1.0,Completed,1.44,2.75,,,1.44,2.88,1.42,2.77,,,20260423
20,Madrid,Mutua Madrid Open,2026-04-23,WTA1000,Outdoor,Clay,2nd Round,3,Sabalenka A.,Stearns P.,1,43.0,10895,1296.0,7.0,5.0,6,3,,,2.0,0.0,Completed,1.04,13.0,,,1.05,17.0,1.04,11.44,,,20260423
20,Madrid,Mutua Madrid Open,2026-04-23,WTA1000,Outdoor,Clay,2nd Round,3,Li A.,Parks A.,34,84.0,1380,872.0,6.0,2.0,6,7,6,3,2.0,1.0,Completed,1.73,2.1,,,1.73,2.2,1.68,2.15,,,20260423
20,Madrid,Mutua Madrid Open,2026-04-23,WTA1000,Outdoor,Clay,2nd Round,3,Osaka N.,Osorio M.,15,83.0,2324,876.0,6.0,2.0,7,5,,,2.0,0.0,Completed,1.91,1.91,,,1.91,1.91,1.88,1.88,,,20260423
20,Madrid,Mutua Madrid Open,2026-04-23,WTA1000,Outdoor,Clay,2nd Round,3,Jovic I.,Linette M.,16,57.0,2270,1059.0,6.0,4.0,6,1,,,2.0,0.0,Completed,1.53,2.5,,,1.54,2.6,1.51,2.53,,,20260423
20,Madrid,Mutua Madrid Open,2026-04-23,WTA1000,Outdoor,Clay,2nd Round,3,Fernandez L.A.,Grabher J.,25,107.0,1646,746.0,6.0,2.0,6,3,,,2.0,0.0,Completed,1.2,4.5,,,1.2,5.2,1.18,4.8,,,20260423
20,Madrid,Mutua Madrid Open,2026-04-23,WTA1000,Outdoor,Clay,2nd Round,3,Andreeva M.,Udvardy P.,8,78.0,3746,906.0,7.0,5.0,6,2,,,2.0,0.0,Completed,1.04,13.0,,,1.05,13.0,1.04,10.96,,,20260423
20,Madrid,Mutua Madrid Open,2026-04-23,WTA1000,Outdoor,Clay,2nd Round,3,Baptiste H.,Quevedo K.,32,140.0,1392,541.0,6.0,1.0,6,4,,,2.0,0.0,Completed,1.44,2.75,,,1.44,2.88,1.42,2.78,,,20260423
20,Madrid,Mutua Madrid Open,2026-04-24,WTA1000,Outdoor,Clay,2nd Round,3,Sierra S.,Frech M.,88,38.0,825,1318.0,6.0,2.0,6,4,,,2.0,0.0,Completed,2.2,1.67,,,2.35,1.67,2.23,1.63,,,20260424
20,Madrid,Mutua Madrid Open,2026-04-24,WTA1000,Outdoor,Clay,2nd Round,3,Pliskova Ka.,Sakkari M.,197,37.0,375,1348.0,6.0,4.0,7,6,,,2.0,0.0,Completed,2.3,1.62,,,2.3,1.67,2.22,1.64,,,20260424
20,Madrid,Mutua Madrid Open,2026-04-24,WTA1000,Outdoor,Clay,2nd Round,3,Potapova A.,Zhang S.,56,65.0,1065,989.0,6.0,3.0,6,1,,,2.0,0.0,Completed,1.3,3.5,,,1.3,3.5,1.3,3.5,,,20260424
20,Madrid,Mutua Madrid Open,2026-04-24,WTA1000,Outdoor,Clay,2nd Round,3,Zheng Q.,Kenin S.,36,68.0,1350,952.0,1.0,6.0,6,3,6,3,2.0,1.0,Completed,1.25,4.0,,,1.25,4.5,1.24,3.93,,,20260424
20,Madrid,Mutua Madrid Open,2026-04-24,WTA1000,Outdoor,Clay,2nd Round,3,Sonmez Z.,Bucsa C.,67,30.0,963,1426.0,6.0,1.0,6,7,6,2,2.0,1.0,Completed,1.53,2.5,,,1.57,2.5,1.53,2.45,,,20260424
20,Madrid,Mutua Madrid Open,2026-04-24,WTA1000,Outdoor,Clay,2nd Round,3,Samsonova L.,Tjen J.,20,39.0,1895,1317.0,6.0,2.0,6,1,,,2.0,0.0,Completed,1.44,2.75,,,1.5,2.75,1.46,2.65,,,20260424
20,Madrid,Mutua Madrid Open,2026-04-24,WTA1000,Outdoor,Clay,2nd Round,3,Mertens E.,Eala A.,21,44.0,1858,1285.0,6.0,2.0,6,1,,,2.0,0.0,Completed,1.33,3.4,,,1.37,3.4,1.35,3.12,,,20260424
20,Madrid,Mutua Madrid Open,2026-04-24,WTA1000,Outdoor,Clay,2nd Round,3,Rybakina E.,Ruse E.G.,2,71.0,8500,937.0,4.0,6.0,6,3,7,5,2.0,1.0,Completed,1.05,11.0,,,1.06,15.0,1.05,10.09,,,20260424
20,Madrid,Mutua Madrid Open,2026-04-24,WTA1000,Outdoor,Clay,2nd Round,3,Ostapenko J.,Waltert S.,40,97.0,1314,796.0,6.0,2.0,7,5,,,2.0,0.0,Completed,1.62,2.3,,,1.62,2.4,1.59,2.31,,,20260424
20,Madrid,Mutua Madrid Open,2026-04-24,WTA1000,Outdoor,Clay,2nd Round,3,Cirstea S.,Grant T.C.,26,262.0,1540,260.0,6.0,2.0,7,6,,,2.0,0.0,Completed,1.33,3.4,,,1.33,3.55,1.32,3.31,,,20260424
20,Madrid,Mutua Madrid Open,2026-04-24,WTA1000,Outdoor,Clay,2nd Round,3,Noskova L.,Arango E.,13,86.0,2849,843.0,6.0,3.0,6,2,,,2.0,0.0,Completed,1.11,6.5,,,1.16,7.0,1.13,5.7,,,20260424
20,Madrid,Mutua Madrid Open,2026-04-24,WTA1000,Outdoor,Clay,2nd Round,3,Kostyuk M.,Putintseva Y.,23,80.0,1722,893.0,6.0,1.0,6,3,,,2.0,0.0,Completed,1.29,3.75,,,1.29,4.0,1.25,3.81,,,20260424
20,Madrid,Mutua Madrid Open,2026-04-24,WTA1000,Outdoor,Clay,2nd Round,3,Siniakova K.,Blinkova A.,42,89.0,1299,819.0,6.0,2.0,6,2,,,2.0,0.0,Completed,,,,,1.01,34.0,1.01,30.0,,,20260424
20,Madrid,Mutua Madrid Open,2026-04-24,WTA1000,Outdoor,Clay,2nd Round,3,Gauff C.,Jeanjean L.,3,126.0,7279,586.0,6.0,3.0,6,0,,,2.0,0.0,Completed,1.04,13.0,,,1.05,13.0,1.04,11.5,,,20260424
20,Madrid,Mutua Madrid Open,2026-04-24,WTA1000,Outdoor,Clay,2nd Round,3,McNally C.,Mboko V.,76,10.0,916,3531.0,6.0,4.0,6,1,,,2.0,0.0,Completed,3.4,1.33,,,3.75,1.34,3.36,1.31,,,20260424
20,Madrid,Mutua Madrid Open,2026-04-24,WTA1000,Outdoor,Clay,2nd Round,3,Pegula J.,Boulter K.,5,61.0,6136,1036.0,6.0,4.0,6,4,,,2.0,0.0,Completed,1.13,6.0,,,1.15,6.5,1.13,5.7,,,20260424
20,Madrid,Mutua Madrid Open,2026-04-25,WTA1000,Outdoor,Clay,3rd Round,3,Bencic B.,Shnaider D.,12,19.0,3090,2001.0,6.0,2.0,7,6,,,2.0,0.0,Completed,1.57,2.38,,,1.62,2.75,1.55,2.41,,,20260425
20,Madrid,Mutua Madrid Open,2026-04-25,WTA1000,Outdoor,Clay,3rd Round,3,Bondar A.,Samson L.,63,171.0,1023,428.0,7.0,6.0,6,1,,,2.0,0.0,Completed,1.3,3.5,,,1.3,3.6,1.29,3.52,,,20260425
20,Madrid,Mutua Madrid Open,2026-04-25,WTA1000,Outdoor,Clay,3rd Round,3,Fernandez L.A.,Jovic I.,25,16.0,1646,2270.0,3.0,6.0,6,3,6,2,2.0,1.0,Completed,2.3,1.62,,,2.35,1.62,2.29,1.6,,,20260425
20,Madrid,Mutua Madrid Open,2026-04-25,WTA1000,Outdoor,Clay,3rd Round,3,Andreeva M.,Galfi D.,8,117.0,3746,704.0,6.0,3.0,6,2,,,2.0,0.0,Completed,1.1,7.0,,,1.14,7.5,1.11,6.38,,,20260425
20,Madrid,Mutua Madrid Open,2026-04-25,WTA1000,Outdoor,Clay,3rd Round,3,Li A.,Swiatek I.,34,4.0,1380,7273.0,7.0,6.0,2,6,3,0,1.0,1.0,Retired,10,1.06,,,10.0,1.07,8.88,1.06,,,20260425
20,Madrid,Mutua Madrid Open,2026-04-25,WTA1000,Outdoor,Clay,3rd Round,3,Baptiste H.,Paolini J.,32,9.0,1392,3722.0,7.0,5.0,6,3,,,2.0,0.0,Completed,2.3,1.62,,,2.3,1.67,2.24,1.63,,,20260425
20,Madrid,Mutua Madrid Open,2026-04-25,WTA1000,Outdoor,Clay,3rd Round,3,Sabalenka A.,Cristian J.,1,33.0,10895,1382.0,6.0,1.0,6,4,,,2.0,0.0,Completed,1.03,15.0,,,1.03,17.0,1.03,12.71,,,20260425
20,Madrid,Mutua Madrid Open,2026-04-25,WTA1000,Outdoor,Clay,3rd Round,3,Osaka N.,Kalinina A.,15,110.0,2324,738.0,6.0,1.0,6,3,,,2.0,0.0,Completed,1,51.0,,,1.03,51.0,1.02,28.44,,,20260425
20,Madrid,Mutua Madrid Open,2026-04-26,WTA1000,Outdoor,Clay,3rd Round,3,Gauff C.,Cirstea S.,3,26.0,7279,1540.0,4.0,6.0,7,5,6,1,2.0,1.0,Completed,1.25,4.0,,,1.25,4.5,1.23,3.98,,,20260426
20,Madrid,Mutua Madrid Open,2026-04-26,WTA1000,Outdoor,Clay,3rd Round,3,Sierra S.,Sonmez Z.,88,67.0,825,963.0,0.0,6.0,6,2,6,3,2.0,1.0,Completed,2.38,1.57,,,2.88,1.58,2.42,1.54,,,20260426
20,Madrid,Mutua Madrid Open,2026-04-26,WTA1000,Outdoor,Clay,3rd Round,3,McNally C.,Siniakova K.,76,42.0,916,1299.0,6.0,3.0,2,6,7,6,2.0,1.0,Completed,1.73,2.1,,,1.8,2.13,1.73,2.07,,,20260426
20,Madrid,Mutua Madrid Open,2026-04-26,WTA1000,Outdoor,Clay,3rd Round,3,Noskova L.,Samsonova L.,13,20.0,2849,1895.0,,,,,,,,,Walkover,1.53,2.5,,,1.57,2.5,1.54,2.43,,,20260426
20,Madrid,Mutua Madrid Open,2026-04-26,WTA1000,Outdoor,Clay,3rd Round,3,Pliskova Ka.,Mertens E.,197,21.0,375,1858.0,7.0,5.0,2,6,7,6,2.0,1.0,Completed,3.2,1.36,,,3.5,1.4,3.14,1.35,,,20260426
20,Madrid,Mutua Madrid Open,2026-04-26,WTA1000,Outdoor,Clay,3rd Round,3,Kostyuk M.,Pegula J.,23,5.0,1722,6136.0,6.0,1.0,6,4,,,2.0,0.0,Completed,2.2,1.67,,,2.25,1.68,2.19,1.66,,,20260426
20,Madrid,Mutua Madrid Open,2026-04-26,WTA1000,Outdoor,Clay,3rd Round,3,Rybakina E.,Zheng Q.,2,36.0,8500,1350.0,4.0,6.0,6,4,6,3,2.0,1.0,Completed,1.25,4.0,,,1.27,4.2,1.25,3.86,,,20260426
20,Madrid,Mutua Madrid Open,2026-04-26,WTA1000,Outdoor,Clay,3rd Round,3,Potapova A.,Ostapenko J.,56,40.0,1065,1314.0,4.0,6.0,6,4,6,4,2.0,1.0,Completed,2,1.8,,,2.0,1.83,1.97,1.8,,,20260426
20,Madrid,Mutua Madrid Open,2026-04-27,WTA1000,Outdoor,Clay,4th Round,3,Baptiste H.,Bencic B.,32,12.0,1392,3090.0,6.0,1.0,6,7,6,3,2.0,1.0,Completed,3,1.4,,,3.3,1.4,3.09,1.35,,,20260427
20,Madrid,Mutua Madrid Open,2026-04-27,WTA1000,Outdoor,Clay,4th Round,3,Fernandez L.A.,Li A.,25,34.0,1646,1380.0,6.0,3.0,6,2,,,2.0,0.0,Completed,1.57,2.38,,,1.65,2.38,1.59,2.3,,,20260427
20,Madrid,Mutua Madrid Open,2026-04-27,WTA1000,Outdoor,Clay,4th Round,3,Sabalenka A.,Osaka N.,1,15.0,10895,2324.0,6.0,7.0,6,3,6,2,2.0,1.0,Completed,1.13,6.0,,,1.14,6.0,1.13,5.65,,,20260427
20,Madrid,Mutua Madrid Open,2026-04-27,WTA1000,Outdoor,Clay,4th Round,3,Pliskova Ka.,Sierra S.,197,88.0,375,825.0,6.0,4.0,6,3,,,2.0,0.0,Completed,1.57,2.38,,,1.64,2.38,1.6,2.27,,,20260427
20,Madrid,Mutua Madrid Open,2026-04-27,WTA1000,Outdoor,Clay,4th Round,3,Andreeva M.,Bondar A.,8,63.0,3746,1023.0,6.0,7.0,6,3,7,6,2.0,1.0,Completed,1.2,4.5,,,1.25,4.5,1.21,4.19,,,20260427
20,Madrid,Mutua Madrid Open,2026-04-27,WTA1000,Outdoor,Clay,4th Round,3,Noskova L.,Gauff C.,13,3.0,2849,7279.0,6.0,4.0,1,6,7,6,2.0,1.0,Completed,2.38,1.57,,,2.5,1.58,2.39,1.55,,,20260427
20,Madrid,Mutua Madrid Open,2026-04-27,WTA1000,Outdoor,Clay,4th Round,3,Kostyuk M.,McNally C.,23,76.0,1722,916.0,6.0,2.0,6,3,,,2.0,0.0,Completed,1.17,5.0,,,1.17,5.3,1.16,4.99,,,20260427
20,Madrid,Mutua Madrid Open,2026-04-27,WTA1000,Outdoor,Clay,4th Round,3,Potapova A.,Rybakina E.,56,2.0,1065,8500.0,7.0,6.0,6,4,,,2.0,0.0,Completed,5.5,1.14,,,6.0,1.15,5.6,1.13,,,20260427
20,Madrid,Mutua Madrid Open,2026-04-28,WTA1000,Outdoor,Clay,Quarterfinals,3,Andreeva M.,Fernandez L.A.,8,25.0,3746,1646.0,7.0,6.0,6,3,,,2.0,0.0,Completed,1.36,3.2,,,1.41,3.25,1.38,3.0,,,20260428
20,Madrid,Mutua Madrid Open,2026-04-28,WTA1000,Outdoor,Clay,Quarterfinals,3,Baptiste H.,Sabalenka A.,32,1.0,1392,10895.0,2.0,6.0,6,2,7,6,2.0,1.0,Completed,7,1.1,,,7.5,1.12,6.73,1.1,,,20260428
20,Madrid,Mutua Madrid Open,2026-04-29,WTA1000,Outdoor,Clay,Quarterfinals,3,Potapova A.,Pliskova Ka.,56,197.0,1065,375.0,6.0,1.0,6,7,6,3,2.0,1.0,Completed,1.53,2.5,,,1.57,2.5,1.53,2.44,,,20260429
20,Madrid,Mutua Madrid Open,2026-04-29,WTA1000,Outdoor,Clay,Quarterfinals,3,Kostyuk M.,Noskova L.,23,13.0,1722,2849.0,7.0,6.0,6,0,,,2.0,0.0,Completed,1.5,2.63,,,1.53,2.75,1.48,2.59,,,20260429
20,Madrid,Mutua Madrid Open,2026-04-30,WTA1000,Outdoor,Clay,Semifinals,3,Andreeva M.,Baptiste H.,8,32.0,3746,1392.0,6.0,4.0,7,6,,,2.0,0.0,Completed,1.5,2.63,,,1.5,2.75,1.47,2.65,,,20260430
20,Madrid,Mutua Madrid Open,2026-04-30,WTA1000,Outdoor,Clay,Semifinals,3,Kostyuk M.,Potapova A.,23,56.0,1722,1065.0,6.0,2.0,1,6,6,1,2.0,1.0,Completed,1.33,3.4,,,1.36,3.4,1.34,3.2,,,20260430
20,Madrid,Mutua Madrid Open,2026-05-02,WTA1000,Outdoor,Clay,The Final,3,Kostyuk M.,Andreeva M.,23,8.0,1722,3746.0,6.0,3.0,7,5,,,2.0,0.0,Completed,2.2,1.67,,,2.3,1.73,2.18,1.68,,,20260502
21,Rome,Internazionali BNL d'Italia,2026-05-05,WTA1000,Outdoor,Clay,1st Round,3,Krejcikova B.,Jacquemot E.,53,64.0,1156,1007.0,6.0,2.0,6,4,	,,2.0,0.0,Completed,1.53,2.5,,,1.53,2.55,1.52,2.48,1.61,2.6,20260505
21,Rome,Internazionali BNL d'Italia,2026-05-05,WTA1000,Outdoor,Clay,1st Round,3,Zheng Q.,Bondar A.,32,58.0,1405,1043.0,3.0,6.0,6,3,6,4,2.0,1.0,Completed,1.36,3.2,,,1.42,3.2,1.37,2.98,1.39,3.5,20260505
21,Rome,Internazionali BNL d'Italia,2026-05-05,WTA1000,Outdoor,Clay,1st Round,3,Oliynykova O.,Marcinko P.,68,69.0,940,934.0,6.0,1.0,6,3,,	,2.0,0.0,Completed,2.1,1.73,,,2.12,1.73,2.09,1.72,2.2,1.8,20260505
21,Rome,Internazionali BNL d'Italia,2026-05-05,WTA1000,Outdoor,Clay,1st Round,3,Andreescu B.,Kenin S.,137,74.0,564,922.0,6.0,4.0,7,5,,	,2.0,0.0,Completed,1.8,2.0,,,1.83,2.1,1.77,2.0,1.9,2.06,20260505
21,Rome,Internazionali BNL d'Italia,2026-05-05,WTA1000,Outdoor,Clay,1st Round,3,Ruzic A.,Rakhimova K.,59,76.0,1041,919.0,6.0,4.0,1,6,6,3,2.0,1.0,Completed,2,1.8,,,2.0,1.83,1.97,1.79,2.16,1.84,20260505
21,Rome,Internazionali BNL d'Italia,2026-05-05,WTA1000,Outdoor,Clay,1st Round,3,Kessler M.,Bronzetti L.,50,173.0,1204,459.0,6.0,3.0,5,7,6,4,2.0,1.0,Completed,1.53,2.5,,,1.57,2.55,1.52,2.5,1.53,2.82,20260505
21,Rome,Internazionali BNL d'Italia,2026-05-05,WTA1000,Outdoor,Clay,1st Round,3,Zakharova A.,Yastremska D.,81,52.0,888,1175.0,4.0,6.0,7,5,7,6,2.0,1.0,Completed,3.4,1.33,,,3.5,1.36,3.21,1.34,3.65,1.37,20260505
21,Rome,Internazionali BNL d'Italia,2026-05-05,WTA1000,Outdoor,Clay,1st Round,3,Sonmez Z.,Ruggeri J.,65,265.0,998,260.0,4.0,6.0,6,2,6,2,2.0,1.0,Completed,1.11,6.5,,,1.12,7.0,1.11,6.28,1.13,8.0,20260505
21,Rome,Internazionali BNL d'Italia,2026-05-05,WTA1000,Outdoor,Clay,1st Round,3,Gibson T.,Trevisan M.,62,516.0,1021,100.0,6.0,4.0,0,6,6,3,2.0,1.0,Completed,1.44,2.75,,,1.5,2.8,1.45,2.68,1.47,3.05,20260505
21,Rome,Internazionali BNL d'Italia,2026-05-05,WTA1000,Outdoor,Clay,1st Round,3,Li A.,Zhang S.,29,73.0,1435,924.0,1.0,6.0,6,4,6,2,2.0,1.0,Completed,1.25,4.0,,,1.3,4.0,1.26,3.73,1.31,4.2,20260505
21,Rome,Internazionali BNL d'Italia,2026-05-06,WTA1000,Outdoor,Clay,1st Round,3,Maria T.,Linette M.,54,55.0,1086,1084.0,6.0,0.0,6,3,,	,2.0,0.0,Completed,3.75,1.29,,,3.75,1.3,3.52,1.29,4.2,1.3,20260506
21,Rome,Internazionali BNL d'Italia,2026-05-06,WTA1000,Outdoor,Clay,1st Round,3,Udvardy P.,Korneeva A.,71,122.0,931,657.0,6.0,2.0,7,6,	,,2.0,0.0,Completed,1.73,2.1,,,1.83,2.1,1.75,2.03,1.92,2.06,20260506
21,Rome,Internazionali BNL d'Italia,2026-05-06,WTA1000,Outdoor,Clay,1st Round,3,Ostapenko J.,Stefanini L.,36,154.0,1369,495.0,6.0,0.0,6,1,,	,2.0,0.0,Completed,1.07,9.0,,,1.09,9.0,1.08,7.75,1.1,10.0,20260506
21,Rome,Internazionali BNL d'Italia,2026-05-06,WTA1000,Outdoor,Clay,1st Round,3,Eala A.,Frech M.,42,45.0,1285,1263.0,6.0,0.0,3,6,6,4,2.0,1.0,Completed,1.8,2.0,,,1.83,2.04,1.78,1.98,1.89,2.08,20260506
21,Rome,Internazionali BNL d'Italia,2026-05-06,WTA1000,Outdoor,Clay,1st Round,3,Jeanjean L.,Haddad Maia B.,127,78.0,608,904.0,7.0,6.0,6,4,	,,2.0,0.0,Completed,1.67,2.2,,,1.67,2.38,1.64,2.22,1.69,2.42,20260506
21,Rome,Internazionali BNL d'Italia,2026-05-06,WTA1000,Outdoor,Clay,1st Round,3,Siniakova K.,Boisson L.,39,43.0,1342,1268.0,6.0,2.0,6,3,	,,2.0,0.0,Completed,1.3,3.5,,,1.38,3.6,1.32,3.32,1.37,3.6,20260506
21,Rome,Internazionali BNL d'Italia,2026-05-06,WTA1000,Outdoor,Clay,1st Round,3,Grant T.C.,Pigato L.,234,141.0,305,547.0,1.0,6.0,6,2,6,4,2.0,1.0,Completed,1.91,1.91,,,1.96,1.95,1.9,1.87,2.06,1.92,20260506
21,Rome,Internazionali BNL d'Italia,2026-05-06,WTA1000,Outdoor,Clay,1st Round,3,Golubic V.,Urgesi F.,90,410.0,854,145.0,6.0,1.0,6,1,	,,2.0,0.0,Completed,1.44,2.75,,,1.53,2.75,1.5,2.56,1.62,2.58,20260506
21,Rome,Internazionali BNL d'Italia,2026-05-06,WTA1000,Outdoor,Clay,1st Round,3,Siegemund L.,Bejlek S.,46,37.0,1250,1360.0,6.0,4.0,6,4,	,,2.0,0.0,Completed,2.5,1.53,,,2.55,1.54,2.48,1.52,2.48,1.67,20260506
21,Rome,Internazionali BNL d'Italia,2026-05-06,WTA1000,Outdoor,Clay,1st Round,3,Sierra S.,Korpatsch T.,72,87.0,924,868.0,6.0,3.0,6,1,	,,2.0,0.0,Completed,1.57,2.38,,,1.65,2.38,1.61,2.27,1.75,2.3,20260506
21,Rome,Internazionali BNL d'Italia,2026-05-06,WTA1000,Outdoor,Clay,1st Round,3,Townsend T.,Brancaccio N.,96,171.0,824,463.0,6.0,3.0,6,2,	,,2.0,0.0,Completed,1.3,3.5,,,1.3,3.8,1.27,3.68,1.28,4.3,20260506
21,Rome,Internazionali BNL d'Italia,2026-05-06,WTA1000,Outdoor,Clay,1st Round,3,Stearns P.,Tjen J.,49,40.0,1211,1317.0,6.0,4.0,6,4,	,,2.0,0.0,Completed,1.44,2.75,,,1.44,3.0,1.41,2.83,1.47,3.1,20260506
21,Rome,Internazionali BNL d'Italia,2026-05-06,WTA1000,Outdoor,Clay,1st Round,3,Sakkari M.,Tagger L.,47,92.0,1238,836.0,5.0,7.0,6,3,6,0,2.0,1.0,Completed,1.57,2.38,,,1.67,2.38,1.63,2.22,1.76,2.28,20260506
21,Rome,Internazionali BNL d'Italia,2026-05-06,WTA1000,Outdoor,Clay,1st Round,3,Valentova T.,Putintseva Y.,48,77.0,1231,918.0,6.0,3.0,6,2,,	,2.0,0.0,Completed,1.62,2.3,,,1.68,2.3,1.65,2.19,1.71,2.36,20260506
21,Rome,Internazionali BNL d'Italia,2026-05-06,WTA1000,Outdoor,Clay,1st Round,3,Potapova A.,Galfi D.,38,119.0,1355,674.0,5.0,7.0,6,2,6,4,2.0,1.0,Completed,1.36,3.2,,,1.37,3.25,1.35,3.11,1.38,3.5,20260506
21,Rome,Internazionali BNL d'Italia,2026-05-06,WTA1000,Outdoor,Clay,1st Round,3,Masarova R.,Selekhmeteva O.,160,84.0,479,871.0,7.0,5.0,5,7,6,1,2.0,1.0,Completed,1.73,2.1,,,1.73,2.23,1.66,2.17,1.73,2.34,20260506
21,Rome,Internazionali BNL d'Italia,2026-05-06,WTA1000,Outdoor,Clay,1st Round,3,Lys E.,Boulter K.,80,60.0,901,1036.0,6.0,4.0,3,6,6,4,2.0,1.0,Completed,2.3,1.62,,,2.33,1.67,2.24,1.63,2.2,1.83,20260506
21,Rome,Internazionali BNL d'Italia,2026-05-06,WTA1000,Outdoor,Clay,1st Round,3,Pliskova Ka.,Bouzas Maneiro J.,130,51.0,590,1186.0,4.0,6.0,6,3,7,5,2.0,1.0,Completed,1.67,2.2,,,1.67,2.43,1.58,2.32,1.66,2.46,20260506
21,Rome,Internazionali BNL d'Italia,2026-05-06,WTA1000,Outdoor,Clay,1st Round,3,Cocciaretto E.,Kraus S.,41,103.0,1290,780.0,6.0,2.0,6,4,	,,2.0,0.0,Completed,1.67,2.2,,,1.75,2.2,1.7,2.1,1.83,2.16,20260506
21,Rome,Internazionali BNL d'Italia,2026-05-06,WTA1000,Outdoor,Clay,1st Round,3,McNally C.,Kasatkina D.,63,66.0,1018,987.0,6.0,2.0,6,3,	,,2.0,0.0,Completed,2,1.8,,,2.01,1.85,1.97,1.79,2.08,1.9,20260506
21,Rome,Internazionali BNL d'Italia,2026-05-07,WTA1000,Outdoor,Clay,1st Round,3,Basiletti N.,Tomljanovic A.,427,88.0,137,867.0,7.0,5.0,6,4,	,,2.0,0.0,Completed,3.2,1.36,,,3.5,1.91,2.95,1.45,3.8,1.35,20260507
21,Rome,Internazionali BNL d'Italia,2026-05-07,WTA1000,Outdoor,Clay,1st Round,3,Waltert S.,Starodubtseva Y.,91,57.0,840,1044.0,7.0,5.0,4,6,6,1,2.0,1.0,Completed,2.1,1.73,,,2.13,1.74,2.1,1.72,2.2,1.82,20260507
21,Rome,Internazionali BNL d'Italia,2026-05-07,WTA1000,Outdoor,Clay,2nd Round,3,Zheng Q.,Bucsa C.,32,31.0,1405,1406.0,7.0,6.0,6,2,,	,2.0,0.0,Completed,1.14,5.5,,,1.16,6.5,1.14,5.54,1.18,6.2,20260507
21,Rome,Internazionali BNL d'Italia,2026-05-07,WTA1000,Outdoor,Clay,2nd Round,3,Andreeva M.,Ruzic A.,7,59.0,4181,1041.0,6.0,1.0,6,0,,	,2.0,0.0,Completed,1.08,8.0,,,1.08,9.0,1.07,7.92,1.08,11.5,20260507
21,Rome,Internazionali BNL d'Italia,2026-05-07,WTA1000,Outdoor,Clay,2nd Round,3,Mertens E.,Udvardy P.,22,71.0,1858,931.0,6.0,4.0,6,2,,	,2.0,0.0,Completed,1.25,4.0,,,1.25,5.0,1.22,4.06,1.26,4.5,20260507
21,Rome,Internazionali BNL d'Italia,2026-05-07,WTA1000,Outdoor,Clay,2nd Round,3,Paolini J.,Jeanjean L.,8,127.0,3722,608.0,6.0,7.0,6,2,6,4,2.0,1.0,Completed,1.2,4.5,,,1.22,4.6,1.2,4.35,1.22,5.3,20260507
21,Rome,Internazionali BNL d'Italia,2026-05-07,WTA1000,Outdoor,Clay,2nd Round,3,Noskova L.,Zakharova A.,13,81.0,2999,888.0,6.0,4.0,6,1,,	,2.0,0.0,Completed,1.13,6.0,,,1.14,6.0,1.13,5.56,1.16,7.0,20260507
21,Rome,Internazionali BNL d'Italia,2026-05-07,WTA1000,Outdoor,Clay,2nd Round,3,Cirstea S.,Maria T.,27,54.0,1595,1086.0,6.0,2.0,6,0,,	,2.0,0.0,Completed,1.13,6.0,,,1.14,8.0,1.11,6.29,1.12,8.8,20260507
21,Rome,Internazionali BNL d'Italia,2026-05-07,WTA1000,Outdoor,Clay,2nd Round,3,Oliynykova O.,Tauson C.,68,18.0,940,2030.0,6.0,1.0,3,1,,	,1.0,0.0,Retired,2,1.8,,,2.1,1.8,2.04,1.75,2.12,1.86,20260507
21,Rome,Internazionali BNL d'Italia,2026-05-07,WTA1000,Outdoor,Clay,2nd Round,3,Golubic V.,Joint M.,90,34.0,854,1380.0,7.0,5.0,6,2,,	,2.0,0.0,Completed,1.8,2.0,,,1.91,2.0,1.84,1.92,1.9,2.1,20260507
21,Rome,Internazionali BNL d'Italia,2026-05-07,WTA1000,Outdoor,Clay,2nd Round,3,Kalinskaya A.,Siniakova K.,24,39.0,1758,1342.0,4.0,6.0,7,6,7,5,2.0,1.0,Completed,2,1.8,,,2.02,1.85,1.99,1.79,2.12,1.87,20260507
21,Rome,Internazionali BNL d'Italia,2026-05-07,WTA1000,Outdoor,Clay,2nd Round,3,Gauff C.,Valentova T.,4,48.0,6749,1231.0,6.0,3.0,6,4,	,,2.0,0.0,Completed,1.22,4.33,,,1.26,4.35,1.22,4.06,1.25,4.8,20260507
21,Rome,Internazionali BNL d'Italia,2026-05-07,WTA1000,Outdoor,Clay,2nd Round,3,Ostapenko J.,Ruse E.G.,36,67.0,1369,963.0,2.0,6.0,6,2,6,3,2.0,1.0,Completed,1.62,2.3,,,1.8,2.63,1.59,2.33,1.5,2.96,20260507
21,Rome,Internazionali BNL d'Italia,2026-05-07,WTA1000,Outdoor,Clay,2nd Round,3,Bencic B.,Andreescu B.,12,137.0,3090,564.0,6.0,4.0,6,1,	,,2.0,0.0,Completed,1.25,4.0,,,1.29,4.0,1.25,3.78,1.28,4.3,20260507
21,Rome,Internazionali BNL d'Italia,2026-05-07,WTA1000,Outdoor,Clay,2nd Round,3,Townsend T.,Bouzkova M.,96,26.0,824,1651.0,6.0,3.0,7,5,,	,2.0,0.0,Completed,1.8,2.0,,,1.85,2.1,1.79,1.98,1.8,2.24,20260507
21,Rome,Internazionali BNL d'Italia,2026-05-07,WTA1000,Outdoor,Clay,2nd Round,3,Sierra S.,Kalinina A.,72,93.0,924,833.0,6.0,2.0,6,3,	,,2.0,0.0,Completed,3,1.4,,,3.0,1.44,2.81,1.41,3.05,1.47,20260507
21,Rome,Internazionali BNL d'Italia,2026-05-07,WTA1000,Outdoor,Clay,2nd Round,3,Jovic I.,Kessler M.,17,50.0,2235,1204.0,7.0,6.0,7,6,,	,2.0,0.0,Completed,1.3,3.5,,,1.36,3.5,1.32,3.31,1.37,3.55,20260507
21,Rome,Internazionali BNL d'Italia,2026-05-07,WTA1000,Outdoor,Clay,2nd Round,3,Sabalenka A.,Krejcikova B.,1,53.0,10110,1156.0,6.0,2.0,6,3,	,,2.0,0.0,Completed,1.05,11.0,,,1.06,13.0,1.05,10.08,1.08,13.0,20260507
21,Rome,Internazionali BNL d'Italia,2026-05-08,WTA1000,Outdoor,Clay,2nd Round,3,Eala A.,Wang Xin.,42,33.0,1285,1401.0,6.0,4.0,6,3,,	,2.0,0.0,Completed,1.73,2.1,,,1.75,2.16,1.72,2.09,1.78,2.26,20260508
21,Rome,Internazionali BNL d'Italia,2026-05-08,WTA1000,Outdoor,Clay,2nd Round,3,Shnaider D.,Gibson T.,20,62.0,1946,1021.0,5.0,7.0,6,1,6,1,2.0,1.0,Completed,1.17,5.0,,,1.17,6.5,1.15,5.31,1.18,6.2,20260508
21,Rome,Internazionali BNL d'Italia,2026-05-08,WTA1000,Outdoor,Clay,2nd Round,3,Swiatek I.,McNally C.,3,63.0,6948,1018.0,6.0,1.0,6,7,6,3,2.0,1.0,Completed,1.1,7.0,,,1.1,7.5,1.09,6.98,1.13,7.8,20260508
21,Rome,Internazionali BNL d'Italia,2026-05-08,WTA1000,Outdoor,Clay,2nd Round,3,Samsonova L.,Li A.,21,29.0,1895,1435.0,6.0,4.0,6,3,	,,2.0,0.0,Completed,1.67,2.2,,,1.73,2.2,1.7,2.12,1.95,2.04,20260508
21,Rome,Internazionali BNL d'Italia,2026-05-08,WTA1000,Outdoor,Clay,2nd Round,3,Potapova A.,Muchova K.,38,11.0,1355,3318.0,6.0,3.0,6,2,	,,2.0,0.0,Completed,2.75,1.44,,,3.0,1.48,2.74,1.43,3.15,1.45,20260508
21,Rome,Internazionali BNL d'Italia,2026-05-08,WTA1000,Outdoor,Clay,2nd Round,3,Keys M.,Stearns P.,19,49.0,1946,1211.0,4.0,6.0,6,4,6,2,2.0,1.0,Completed,1.57,2.38,,,1.62,2.4,1.58,2.32,1.69,2.4,20260508
21,Rome,Internazionali BNL d'Italia,2026-05-08,WTA1000,Outdoor,Clay,2nd Round,3,Osaka N.,Lys E.,16,80.0,2341,901.0,6.0,4.0,4,6,6,3,2.0,1.0,Completed,1.29,3.75,,,1.3,3.75,1.29,3.48,1.32,3.95,20260508
21,Rome,Internazionali BNL d'Italia,2026-05-08,WTA1000,Outdoor,Clay,2nd Round,3,Pegula J.,Sonmez Z.,5,65.0,6136,998.0,6.0,4.0,6,0,	,,2.0,0.0,Completed,1.2,4.5,,,1.22,4.5,1.21,4.27,1.23,5.2,20260508
21,Rome,Internazionali BNL d'Italia,2026-05-08,WTA1000,Outdoor,Clay,2nd Round,3,Siegemund L.,Alexandrova E.,46,14.0,1250,2669.0,6.0,4.0,6,7,6,1,2.0,1.0,Completed,2,1.8,,,2.03,2.0,1.96,1.81,2.12,1.87,20260508
21,Rome,Internazionali BNL d'Italia,2026-05-08,WTA1000,Outdoor,Clay,2nd Round,3,Baptiste H.,Waltert S.,25,91.0,1747,840.0,6.0,7.0,6,4,6,4,2.0,1.0,Completed,1.4,3.0,,,1.44,3.0,1.4,2.86,1.47,3.1,20260508
21,Rome,Internazionali BNL d'Italia,2026-05-08,WTA1000,Outdoor,Clay,2nd Round,3,Bartunkova N.,Grant T.C.,94,234.0,831,305.0,4.0,6.0,6,3,6,4,2.0,1.0,Completed,1.57,2.38,,,1.62,2.4,1.59,2.31,1.6,2.6,20260508
21,Rome,Internazionali BNL d'Italia,2026-05-08,WTA1000,Outdoor,Clay,2nd Round,3,Svitolina E.,Basiletti N.,10,427.0,3530,137.0,6.0,1.0,6,3,	,,2.0,0.0,Completed,1.05,11.0,,,1.05,13.0,1.04,10.5,1.07,14.5,20260508
21,Rome,Internazionali BNL d'Italia,2026-05-08,WTA1000,Outdoor,Clay,2nd Round,3,Pliskova Ka.,Cristian J.,130,28.0,590,1437.0,6.0,7.0,7,6,6,4,2.0,1.0,Completed,1.73,2.1,,,1.75,2.14,1.72,2.09,1.92,2.08,20260508
21,Rome,Internazionali BNL d'Italia,2026-05-08,WTA1000,Outdoor,Clay,2nd Round,3,Masarova R.,Fernandez L.A.,160,23.0,479,1851.0,4.0,6.0,6,4,6,4,2.0,1.0,Completed,3,1.4,,,3.0,1.44,2.79,1.42,2.98,1.49,20260508
21,Rome,Internazionali BNL d'Italia,2026-05-08,WTA1000,Outdoor,Clay,2nd Round,3,Cocciaretto E.,Navarro E.,41,35.0,1290,1377.0,6.0,3.0,6,3,,	,2.0,0.0,Completed,1.4,3.0,,,1.48,3.0,1.42,2.83,1.46,3.1,20260508
21,Rome,Internazionali BNL d'Italia,2026-05-08,WTA1000,Outdoor,Clay,2nd Round,3,Rybakina E.,Sakkari M.,2,47.0,8555,1238.0,6.0,4.0,6,1,,	,2.0,0.0,Completed,1.1,7.0,,,1.12,8.0,1.1,6.56,1.12,8.6,20260508
21,Rome,Internazionali BNL d'Italia,2026-05-09,WTA1000,Outdoor,Clay,3rd Round,3,Gauff C.,Sierra S.,4,72.0,6749,924.0,5.0,7.0,6,0,6,4,2.0,1.0,Completed,1.08,8.0,,,1.09,8.5,1.08,7.58,1.1,10.0,20260509
21,Rome,Internazionali BNL d'Italia,2026-05-09,WTA1000,Outdoor,Clay,3rd Round,3,Noskova L.,Oliynykova O.,13,68.0,2999,940.0,6.0,1.0,6,3,,	,2.0,0.0,Completed,1.3,3.5,,,1.3,3.75,1.28,3.54,1.32,3.9,20260509
21,Rome,Internazionali BNL d'Italia,2026-05-09,WTA1000,Outdoor,Clay,3rd Round,3,Mertens E.,Paolini J.,22,8.0,1858,3722.0,4.0,6.0,7,6,6,3,2.0,1.0,Completed,1.73,2.1,,,1.85,2.14,1.76,2.03,1.96,2.04,20260509
21,Rome,Internazionali BNL d'Italia,2026-05-09,WTA1000,Outdoor,Clay,3rd Round,3,Ostapenko J.,Zheng Q.,36,32.0,1369,1405.0,4.0,6.0,6,4,6,4,2.0,1.0,Completed,2.75,1.44,,,2.8,1.47,2.71,1.44,2.92,1.51,20260509
21,Rome,Internazionali BNL d'Italia,2026-05-09,WTA1000,Outdoor,Clay,3rd Round,3,Cirstea S.,Sabalenka A.,27,1.0,1595,10110.0,2.0,6.0,6,3,7,5,2.0,1.0,Completed,6,1.13,,,7.0,1.14,5.78,1.13,7.0,1.16,20260509
21,Rome,Internazionali BNL d'Italia,2026-05-09,WTA1000,Outdoor,Clay,3rd Round,3,Andreeva M.,Golubic V.,7,90.0,4181,854.0,6.0,1.0,4,6,6,0,2.0,1.0,Completed,1.04,13.0,,,1.04,19.0,1.03,12.56,1.05,18.5,20260509
21,Rome,Internazionali BNL d'Italia,2026-05-09,WTA1000,Outdoor,Clay,3rd Round,3,Jovic I.,Townsend T.,17,96.0,2235,824.0,7.0,5.0,6,2,,	,2.0,0.0,Completed,1.73,2.1,,,1.78,2.1,1.73,2.06,1.79,2.24,20260509
21,Rome,Internazionali BNL d'Italia,2026-05-09,WTA1000,Outdoor,Clay,3rd Round,3,Kalinskaya A.,Bencic B.,24,12.0,1758,3090.0,6.0,4.0,6,3,,	,2.0,0.0,Completed,3.4,1.33,,,3.6,1.33,3.39,1.31,3.55,1.37,20260509
21,Rome,Internazionali BNL d'Italia,2026-05-10,WTA1000,Outdoor,Clay,3rd Round,3,Bartunkova N.,Keys M.,94,19.0,831,1946.0,6.0,3.0,1,6,6,4,2.0,1.0,Completed,3.4,1.33,,,3.5,1.34,3.27,1.33,3.65,1.37,20260510
21,Rome,Internazionali BNL d'Italia,2026-05-10,WTA1000,Outdoor,Clay,3rd Round,3,Svitolina E.,Baptiste H.,10,25.0,3530,1747.0,6.0,1.0,6,2,	,,2.0,0.0,Completed,1.4,3.0,,,1.42,3.0,1.39,2.91,1.42,3.25,20260510
21,Rome,Internazionali BNL d'Italia,2026-05-10,WTA1000,Outdoor,Clay,3rd Round,3,Pegula J.,Masarova R.,5,160.0,6136,479.0,6.0,0.0,6,0,	,,2.0,0.0,Completed,1.14,5.5,,,1.15,6.0,1.14,5.5,1.17,6.4,20260510
21,Rome,Internazionali BNL d'Italia,2026-05-10,WTA1000,Outdoor,Clay,3rd Round,3,Potapova A.,Samsonova L.,38,21.0,1355,1895.0,6.0,3.0,6,2,,	,2.0,0.0,Completed,1.5,2.63,,,1.55,2.63,1.52,2.47,1.6,2.66,20260510
21,Rome,Internazionali BNL d'Italia,2026-05-10,WTA1000,Outdoor,Clay,3rd Round,3,Osaka N.,Shnaider D.,16,20.0,2341,1946.0,6.0,1.0,6,2,	,,2.0,0.0,Completed,1.91,1.91,,,1.96,1.91,1.91,1.85,2.04,1.93,20260510
21,Rome,Internazionali BNL d'Italia,2026-05-10,WTA1000,Outdoor,Clay,3rd Round,3,Rybakina E.,Eala A.,2,42.0,8555,1285.0,6.0,4.0,6,3,,	,2.0,0.0,Completed,1.05,11.0,,,1.07,15.0,1.05,9.75,1.08,12.5,20260510
21,Rome,Internazionali BNL d'Italia,2026-05-10,WTA1000,Outdoor,Clay,3rd Round,3,Swiatek I.,Cocciaretto E.,3,41.0,6948,1290.0,6.0,1.0,6,0,,	,2.0,0.0,Completed,1.1,7.0,,,1.13,7.0,1.1,6.45,1.15,7.2,20260510
21,Rome,Internazionali BNL d'Italia,2026-05-10,WTA1000,Outdoor,Clay,3rd Round,3,Pliskova Ka.,Siegemund L.,130,46.0,590,1250.0,6.0,1.0,6,4,,	,2.0,0.0,Completed,1.8,2.0,,,1.81,2.04,1.78,1.99,1.87,2.1,20260510
21,Rome,Internazionali BNL d'Italia,2026-05-11,WTA1000,Outdoor,Clay,4th Round,3,Cirstea S.,Noskova L.,27,13.0,1595,2999.0,6.0,2.0,6,4,	,,2.0,0.0,Completed,2,1.8,,,2.02,1.83,1.98,1.8,2.08,1.9,20260511
21,Rome,Internazionali BNL d'Italia,2026-05-11,WTA1000,Outdoor,Clay,4th Round,3,Gauff C.,Jovic I.,4,17.0,6749,2235.0,5.0,7.0,7,5,6,2,2.0,1.0,Completed,1.29,3.75,,,1.33,3.75,1.31,3.41,1.31,4.1,20260511
21,Rome,Internazionali BNL d'Italia,2026-05-11,WTA1000,Outdoor,Clay,4th Round,3,Ostapenko J.,Kalinskaya A.,36,24.0,1369,1758.0,6.0,1.0,6,2,,	,2.0,0.0,Completed,1.8,2.0,,,1.8,2.06,1.76,2.01,1.85,2.16,20260511
21,Rome,Internazionali BNL d'Italia,2026-05-11,WTA1000,Outdoor,Clay,4th Round,3,Andreeva M.,Mertens E.,7,22.0,4181,1858.0,6.0,3.0,6,3,,	,2.0,0.0,Completed,1.3,3.5,,,1.34,3.5,1.32,3.26,1.39,3.55,20260511
21,Rome,Internazionali BNL d'Italia,2026-05-11,WTA1000,Outdoor,Clay,4th Round,3,Svitolina E.,Bartunkova N.,10,94.0,3530,831.0,6.0,2.0,6,3,	,,2.0,0.0,Completed,1.13,6.0,,,1.17,6.0,1.14,5.46,1.16,7.0,20260511
21,Rome,Internazionali BNL d'Italia,2026-05-11,WTA1000,Outdoor,Clay,4th Round,3,Pegula J.,Potapova A.,5,38.0,6136,1355.0,7.0,6.0,6,2,	,,2.0,0.0,Completed,1.44,2.75,,,1.53,2.75,1.46,2.63,1.56,2.76,20260511
21,Rome,Internazionali BNL d'Italia,2026-05-11,WTA1000,Outdoor,Clay,4th Round,3,Swiatek I.,Osaka N.,3,16.0,6948,2341.0,6.0,2.0,6,1,,	,2.0,0.0,Completed,1.29,3.75,,,1.33,3.75,1.29,3.48,1.35,3.75,20260511
21,Rome,Internazionali BNL d'Italia,2026-05-11,WTA1000,Outdoor,Clay,4th Round,3,Rybakina E.,Pliskova Ka.,2,130.0,8555,590.0,6.0,0.0,6,2,,	,2.0,0.0,Completed,1.11,6.5,,,1.13,7.5,1.11,6.26,1.13,8.4,20260511
21,Rome,Internazionali BNL d'Italia,2026-05-12,WTA1000,Outdoor,Clay,Quarterfinals,3,Cirstea S.,Ostapenko J.,27,36.0,1595,1369.0,6.0,1.0,7,6,	,,2.0,0.0,Completed,1.62,2.3,,,1.65,2.38,1.62,2.26,1.69,2.42,20260512
21,Rome,Internazionali BNL d'Italia,2026-05-12,WTA1000,Outdoor,Clay,Quarterfinals,3,Gauff C.,Andreeva M.,4,7.0,6749,4181.0,4.0,6.0,6,2,6,4,2.0,1.0,Completed,1.91,1.91,,,1.98,1.91,1.91,1.85,2.04,1.94,20260512
21,Rome,Internazionali BNL d'Italia,2026-05-13,WTA1000,Outdoor,Clay,Quarterfinals,3,Swiatek I.,Pegula J.,3,5.0,6948,6136.0,6.0,1.0,6,2,,	,2.0,0.0,Completed,1.36,3.2,,,1.4,3.25,1.37,3.01,1.41,3.4,20260513
21,Rome,Internazionali BNL d'Italia,2026-05-13,WTA1000,Outdoor,Clay,Quarterfinals,3,Svitolina E.,Rybakina E.,10,2.0,3530,8555.0,2.0,6.0,6,4,6,4,2.0,1.0,Completed,3,1.4,,,3.1,1.4,2.96,1.38,3.25,1.42,20260513
21,Rome,Internazionali BNL d'Italia,2026-05-14,WTA1000,Outdoor,Clay,Semifinals,3,Gauff C.,Cirstea S.,4,27.0,6749,1595.0,6.0,4.0,6,3,,	,2.0,0.0,Completed,1.4,3.0,,,1.48,3.0,1.42,2.81,1.48,3.05,20260514
21,Rome,Internazionali BNL d'Italia,2026-05-14,WTA1000,Outdoor,Clay,Semifinals,3,Svitolina E.,Swiatek I.,10,3.0,3530,6948.0,6.0,4.0,2,6,6,2,2.0,1.0,Completed,4,1.25,,,4.0,1.29,3.8,1.25,4.5,1.28,20260514
21,Rome,Internazionali BNL d'Italia,2026-05-16,WTA1000,Outdoor,Clay,The Final,3,Svitolina E.,Gauff C.,10,4.0,3530,6749.0,6.0,4.0,6,7,6,2,2.0,1.0,Completed,2.3,1.62,,,2.3,1.7,2.2,1.65,2.36,1.72,20260516
22,Rabat,Morocco Open,2026-05-18,WTA250,Outdoor,Clay,1st Round,3,Teichmann J.,Grabher J.,207,123.0,352,661.0,6.0,4.0,7,6,	,,2.0,0.0,Completed,2,1.8,,,2.12,1.8,2.05,1.73,2.26,1.77,20260518
22,Rabat,Morocco Open,2026-05-18,WTA250,Outdoor,Clay,1st Round,3,Udvardy P.,Vandewinkel H.,68,102.0,951,790.0,6.0,4.0,6,2,,	,2.0,0.0,Completed,1.73,2.1,,,1.83,2.18,1.72,2.06,1.78,2.28,20260518
22,Rabat,Morocco Open,2026-05-18,WTA250,Outdoor,Clay,1st Round,3,Kalinina A.,Waltert S.,84,93.0,873,856.0,6.0,3.0,6,4,,	,2.0,0.0,Completed,1.44,2.75,,,1.5,2.75,1.45,2.66,1.52,2.84,20260518
22,Rabat,Morocco Open,2026-05-18,WTA250,Outdoor,Clay,1st Round,3,Marcinko P.,Zvonareva V.,76,326.0,917,201.0,6.0,2.0,6,4,	,,2.0,0.0,Completed,1.53,2.5,,,1.53,2.63,1.5,2.54,1.52,2.84,20260518
22,Rabat,Morocco Open,2026-05-18,WTA250,Outdoor,Clay,1st Round,3,Parks A.,Uchijima M.,80,110.0,902,707.0,6.0,2.0,6,4,	,,2.0,0.0,Completed,2.75,1.44,,,2.75,1.5,2.61,1.46,2.76,1.55,20260518
22,Rabat,Morocco Open,2026-05-18,WTA250,Outdoor,Clay,1st Round,3,Ferro F.,Kovinic D.,200,,370,,6.0,2.0,6,3,	,,2.0,0.0,Completed,1.11,6.5,,,1.14,7.0,1.1,6.44,1.11,8.6,20260518
22,Rabat,Morocco Open,2026-05-18,WTA250,Outdoor,Clay,1st Round,3,Bondar A.,Hercog P.,58,217.0,1023,333.0,1.0,1.0,,	,,,0.0,0.0,Retired,1.25,4.0,,,1.25,4.1,1.23,3.96,1.26,4.5,20260518
22,Rabat,Morocco Open,2026-05-19,WTA250,Outdoor,Clay,1st Round,3,Kotliar Y.,Jones F.,528,105.0,100,736.0,2.0,6.0,6,3,6,4,2.0,1.0,Completed,9,1.07,,,9.0,1.08,7.84,1.07,10.0,1.11,20260519
22,Rabat,Morocco Open,2026-05-19,WTA250,Outdoor,Clay,1st Round,3,Nahimana S.,Tomljanovic A.,231,90.0,309,857.0,6.0,3.0,7,5,	,,2.0,0.0,Completed,4.33,1.22,,,4.33,1.25,4.06,1.23,4.8,1.25,20260519
22,Rabat,Morocco Open,2026-05-19,WTA250,Outdoor,Clay,1st Round,3,Tjen J.,Hennemann C.W.,41,292.0,1292,234.0,6.0,1.0,7,5,	,,2.0,0.0,Completed,1.5,2.63,,,1.5,2.75,1.45,2.68,1.49,3.0,20260519
22,Rabat,Morocco Open,2026-05-19,WTA250,Outdoor,Clay,1st Round,3,Kabbaj Y.,Cengiz B.,334,429.0,195,136.0,7.0,6.0,6,3,	,,2.0,0.0,Completed,2.75,1.44,,,2.8,1.53,2.6,1.47,2.64,1.6,20260519
22,Rabat,Morocco Open,2026-05-19,WTA250,Outdoor,Clay,1st Round,3,Bouzas Maneiro J.,Zaar L.,51,335.0,1200,195.0,6.0,0.0,7,5,,	,2.0,0.0,Completed,1.3,3.5,,,1.3,3.75,1.28,3.57,1.33,4.0,20260519
22,Rabat,Morocco Open,2026-05-19,WTA250,Outdoor,Clay,1st Round,3,Osorio M.,Martincova T.,77,250.0,912,287.0,6.0,0.0,6,4,,	,2.0,0.0,Completed,1.17,5.0,,,1.17,6.0,1.14,5.4,1.16,6.8,20260519
22,Rabat,Morocco Open,2026-05-19,WTA250,Outdoor,Clay,1st Round,3,Maria T.,El Jardi D.,52,1023.0,1111,19.0,6.0,2.0,6,4,,	,2.0,0.0,Completed,1.01,21.0,,,1.02,21.0,1.01,16.91,1.02,26.0,20260519
22,Rabat,Morocco Open,2026-05-19,WTA250,Outdoor,Clay,1st Round,3,Starodubtseva Y.,Fita Boluda A.,54,192.0,1078,383.0,6.0,4.0,6,2,	,,2.0,0.0,Completed,1.22,4.33,,,1.22,4.75,1.19,4.42,1.23,5.0,20260519
22,Rabat,Morocco Open,2026-05-19,WTA250,Outdoor,Clay,1st Round,3,Arango E.,Seidel E.,98,97.0,813,818.0,6.0,3.0,4,6,6,1,2.0,1.0,Completed,2.1,1.73,,,2.12,1.8,2.05,1.74,2.16,1.84,20260519
22,Rabat,Morocco Open,2026-05-20,WTA250,Outdoor,Clay,2nd Round,3,Bouzas Maneiro J.,Ferro F.,51,200.0,1200,370.0,2.0,6.0,7,6,6,3,2.0,1.0,Completed,1.62,2.3,,,1.63,2.38,1.59,2.29,1.68,2.44,20260520
22,Rabat,Morocco Open,2026-05-20,WTA250,Outdoor,Clay,2nd Round,3,Teichmann J.,Parks A.,207,80.0,352,902.0,6.0,3.0,6,4,,	,2.0,0.0,Completed,2.1,1.73,,,2.1,1.8,2.04,1.74,2.12,1.87,20260520
22,Rabat,Morocco Open,2026-05-20,WTA250,Outdoor,Clay,2nd Round,3,Udvardy P.,Nahimana S.,68,231.0,951,309.0,6.0,4.0,6,1,,	,2.0,0.0,Completed,1.25,4.0,,,1.26,4.0,1.24,3.88,1.26,4.7,20260520
22,Rabat,Morocco Open,2026-05-20,WTA250,Outdoor,Clay,2nd Round,3,Marcinko P.,Kotliar Y.,76,528.0,917,100.0,5.0,7.0,6,2,7,6,2.0,1.0,Completed,1.08,8.0,,,1.12,8.0,1.1,6.67,1.13,8.2,20260520
22,Rabat,Morocco Open,2026-05-20,WTA250,Outdoor,Clay,2nd Round,3,Kabbaj Y.,Maria T.,334,52.0,195,1111.0,6.0,2.0,6,4,	,,2.0,0.0,Completed,4,1.25,,,4.1,1.57,3.72,1.28,4.1,1.3,20260520
22,Rabat,Morocco Open,2026-05-20,WTA250,Outdoor,Clay,2nd Round,3,Osorio M.,Tjen J.,77,41.0,912,1292.0,6.0,3.0,3,6,6,0,2.0,1.0,Completed,1.3,3.5,,,1.33,3.75,1.29,3.52,1.31,4.1,20260520
22,Rabat,Morocco Open,2026-05-20,WTA250,Outdoor,Clay,2nd Round,3,Bondar A.,Arango E.,58,98.0,1023,813.0,7.0,6.0,1,6,6,0,2.0,1.0,Completed,1.3,3.5,,,1.32,4.0,1.27,3.63,1.29,4.3,20260520
22,Rabat,Morocco Open,2026-05-20,WTA250,Outdoor,Clay,2nd Round,3,Kalinina A.,Starodubtseva Y.,84,54.0,873,1078.0,6.0,3.0,7,6,,	,2.0,0.0,Completed,1.62,2.3,,,1.83,2.3,1.66,2.17,1.71,2.4,20260520
22,Rabat,Morocco Open,2026-05-21,WTA250,Outdoor,Clay,Quarterfinals,3,Udvardy P.,Osorio M.,68,77.0,951,912.0,7.0,5.0,6,3,,	,2.0,0.0,Completed,3,1.4,,,3.25,1.4,3.05,1.36,3.3,1.42,20260521
22,Rabat,Morocco Open,2026-05-21,WTA250,Outdoor,Clay,Quarterfinals,3,Marcinko P.,Bouzas Maneiro J.,76,51.0,917,1200.0,6.0,3.0,6,4,	,,2.0,0.0,Completed,2.38,1.57,,,2.38,1.67,2.28,1.6,2.36,1.71,20260521
22,Rabat,Morocco Open,2026-05-21,WTA250,Outdoor,Clay,Quarterfinals,3,Kalinina A.,Bondar A.,84,58.0,873,1023.0,6.0,4.0,7,5,	,,2.0,0.0,Completed,1.8,2.0,,,1.8,2.18,1.75,2.03,1.81,2.2,20260521
22,Rabat,Morocco Open,2026-05-21,WTA250,Outdoor,Clay,Quarterfinals,3,Teichmann J.,Kabbaj Y.,207,334.0,352,195.0,6.0,1.0,5,7,7,6,2.0,1.0,Completed,1.2,4.5,,,1.25,4.5,1.22,4.1,1.26,4.7,20260521
22,Rabat,Morocco Open,2026-05-22,WTA250,Outdoor,Clay,Semifinals,3,Kalinina A.,Udvardy P.,84,68.0,873,951.0,6.0,0.0,6,3,,	,2.0,0.0,Completed,1.4,3.0,,,1.41,3.1,1.38,2.93,1.44,3.15,20260522
22,Rabat,Morocco Open,2026-05-22,WTA250,Outdoor,Clay,Semifinals,3,Marcinko P.,Teichmann J.,76,207.0,917,352.0,7.0,6.0,6,3,,	,2.0,0.0,Completed,1.44,2.75,,,1.53,2.75,1.45,2.68,1.5,2.94,20260522
22,Rabat,Morocco Open,2026-05-23,WTA250,Outdoor,Clay,The Final,3,Marcinko P.,Kalinina A.,76,84.0,917,873.0,6.0,2.0,3,0,,	,1.0,0.0,Retired,3.2,1.36,,,3.2,1.4,3.0,1.37,3.35,1.41,20260523
23,Strasbourg,Internationaux de Strasbourg,2026-05-17,WTA500,Outdoor,Clay,1st Round,3,Li A.,Joint M.,30,34.0,1460,1370.0,6.0,1.0,6,2,,	,2.0,0.0,Completed,1.4,3.0,,,1.42,3.0,1.4,2.87,1.44,3.15,20260517
23,Strasbourg,Internationaux de Strasbourg,2026-05-17,WTA500,Outdoor,Clay,1st Round,3,Stearns P.,Sakkari M.,92,48.0,856,1208.0,6.0,3.0,6,1,,	,2.0,0.0,Completed,2,1.8,,,2.0,2.0,1.92,1.85,2.06,1.89,20260517
23,Strasbourg,Internationaux de Strasbourg,2026-05-17,WTA500,Outdoor,Clay,1st Round,3,Navarro E.,Bejlek S.,39,35.0,1327,1369.0,6.0,1.0,6,4,,	,2.0,0.0,Completed,2.3,1.62,,,2.3,1.73,2.18,1.66,2.32,1.74,20260517
23,Strasbourg,Internationaux de Strasbourg,2026-05-17,WTA500,Outdoor,Clay,1st Round,3,Boisson L.,Wang Xin.,50,32.0,1204,1401.0,6.0,3.0,7,6,,	,2.0,0.0,Completed,2.2,1.67,,,2.25,1.68,2.17,1.66,2.22,1.79,20260517
23,Strasbourg,Internationaux de Strasbourg,2026-05-17,WTA500,Outdoor,Clay,1st Round,3,Fernandez L.A.,Jeanjean L.,24,124.0,1796,653.0,6.0,1.0,7,5,,	,2.0,0.0,Completed,1.36,3.2,,,1.36,3.4,1.32,3.28,1.38,3.5,20260517
23,Strasbourg,Internationaux de Strasbourg,2026-05-18,WTA500,Outdoor,Clay,1st Round,3,Frech M.,Gibson T.,49,55.0,1208,1036.0,7.0,6.0,6,3,	,,2.0,0.0,Completed,2,1.8,,,2.05,1.81,2.0,1.77,2.14,1.84,20260518
23,Strasbourg,Internationaux de Strasbourg,2026-05-18,WTA500,Outdoor,Clay,1st Round,3,Kasatkina D.,Samsonova L.,62,20.0,987,1950.0,7.0,5.0,6,3,	,,2.0,0.0,Completed,1.8,2.0,,,1.81,2.02,1.78,1.98,1.9,2.08,20260518
23,Strasbourg,Internationaux de Strasbourg,2026-05-18,WTA500,Outdoor,Clay,1st Round,3,Cristian J.,Kessler M.,33,47.0,1382,1229.0,6.0,1.0,6,1,,	,2.0,0.0,Completed,1.91,1.91,,,1.91,2.12,1.81,1.95,1.88,2.12,20260518
23,Strasbourg,Internationaux de Strasbourg,2026-05-18,WTA500,Outdoor,Clay,1st Round,3,Oliynykova O.,Eala A.,66,38.0,970,1340.0,3.0,6.0,7,5,6,3,2.0,1.0,Completed,1.8,2.0,,,1.84,2.0,1.8,1.97,1.84,2.14,20260518
23,Strasbourg,Internationaux de Strasbourg,2026-05-18,WTA500,Outdoor,Clay,1st Round,3,Bouzkova M.,Siniakova K.,27,36.0,1596,1362.0,7.0,6.0,6,3,	,,2.0,0.0,Completed,2.3,1.62,,,2.3,1.72,2.17,1.66,2.28,1.75,20260518
23,Strasbourg,Internationaux de Strasbourg,2026-05-19,WTA500,Outdoor,Clay,1st Round,3,Zhang S.,Bucsa C.,74,31.0,919,1406.0,2.0,6.0,7,6,7,5,2.0,1.0,Completed,2.2,1.67,,,2.4,1.67,2.3,1.59,2.52,1.63,20260519
23,Strasbourg,Internationaux de Strasbourg,2026-05-19,WTA500,Outdoor,Clay,1st Round,3,Parry D.,Raducanu E.,94,37.0,853,1360.0,6.0,4.0,7,6,	,,2.0,0.0,Completed,1.91,1.91,,,1.95,1.91,1.89,1.87,1.97,2.02,20260519
23,Strasbourg,Internationaux de Strasbourg,2026-05-19,WTA500,Outdoor,Clay,2nd Round,3,Li A.,Alexandrova E.,30,14.0,1460,2679.0,4.0,6.0,6,4,6,3,2.0,1.0,Completed,1.8,2.0,,,1.83,2.0,1.8,1.97,1.85,2.16,20260519
23,Strasbourg,Internationaux de Strasbourg,2026-05-19,WTA500,Outdoor,Clay,2nd Round,3,Kasatkina D.,Stearns P.,62,92.0,987,856.0,6.0,1.0,6,3,,	,2.0,0.0,Completed,1.8,2.0,,,2.0,2.0,1.86,1.9,1.94,2.04,20260519
23,Strasbourg,Internationaux de Strasbourg,2026-05-19,WTA500,Outdoor,Clay,2nd Round,3,Fernandez L.A.,Frech M.,24,49.0,1796,1208.0,6.0,4.0,3,6,6,4,2.0,1.0,Completed,1.4,3.0,,,1.4,3.1,1.37,3.0,1.43,3.2,20260519
23,Strasbourg,Internationaux de Strasbourg,2026-05-19,WTA500,Outdoor,Clay,2nd Round,3,Mboko V.,Boisson L.,9,50.0,3395,1204.0,6.0,4.0,6,3,	,,2.0,0.0,Completed,1.4,3.0,,,1.4,3.0,1.38,2.92,1.44,3.2,20260519
23,Strasbourg,Internationaux de Strasbourg,2026-05-20,WTA500,Outdoor,Clay,2nd Round,3,Bouzkova M.,Oliynykova O.,27,66.0,1596,970.0,3.0,1.0,	,,,,0.0,0.0,Retired,1.67,2.2,,,1.75,2.2,1.67,2.15,1.74,2.3,20260520
23,Strasbourg,Internationaux de Strasbourg,2026-05-20,WTA500,Outdoor,Clay,2nd Round,3,Cristian J.,Tauson C.,33,21.0,1382,1920.0,6.0,1.0,7,5,,	,2.0,0.0,Completed,1.53,2.5,,,1.55,2.7,1.5,2.55,1.51,2.9,20260520
23,Strasbourg,Internationaux de Strasbourg,2026-05-20,WTA500,Outdoor,Clay,2nd Round,3,Zhang S.,Parry D.,74,94.0,919,853.0,6.0,2.0,7,5,	,,2.0,0.0,Completed,2.38,1.57,,,2.54,1.57,2.44,1.53,2.56,1.62,20260520
23,Strasbourg,Internationaux de Strasbourg,2026-05-20,WTA500,Outdoor,Clay,2nd Round,3,Navarro E.,Jovic I.,39,17.0,1327,2306.0,6.0,4.0,4,6,6,1,2.0,1.0,Completed,2.75,1.44,,,2.9,1.44,2.82,1.41,3.1,1.46,20260520
23,Strasbourg,Internationaux de Strasbourg,2026-05-21,WTA500,Outdoor,Clay,Quarterfinals,3,Li A.,Bouzkova M.,30,27.0,1460,1596.0,6.0,3.0,7,5,,	,2.0,0.0,Completed,2,1.8,,,2.0,1.85,1.96,1.81,2.08,1.91,20260521
23,Strasbourg,Internationaux de Strasbourg,2026-05-21,WTA500,Outdoor,Clay,Quarterfinals,3,Cristian J.,Kasatkina D.,33,62.0,1382,987.0,7.0,6.0,3,6,6,2,2.0,1.0,Completed,2.3,1.62,,,2.5,1.7,2.28,1.61,2.44,1.68,20260521
23,Strasbourg,Internationaux de Strasbourg,2026-05-21,WTA500,Outdoor,Clay,Quarterfinals,3,Navarro E.,Zhang S.,39,74.0,1327,919.0,2.0,6.0,7,6,6,2,2.0,1.0,Completed,1.3,3.5,,,1.34,3.5,1.31,3.37,1.35,3.75,20260521
23,Strasbourg,Internationaux de Strasbourg,2026-05-21,WTA500,Outdoor,Clay,Quarterfinals,3,Mboko V.,Fernandez L.A.,9,24.0,3395,1796.0,6.0,4.0,6,4,	,,2.0,0.0,Completed,1.57,2.38,,,1.6,2.45,1.55,2.38,1.64,2.52,20260521
23,Strasbourg,Internationaux de Strasbourg,2026-05-22,WTA500,Outdoor,Clay,Semifinals,3,Navarro E.,Li A.,39,30.0,1327,1460.0,6.0,1.0,6,3,	,,2.0,0.0,Completed,2.2,1.67,,,2.25,1.73,2.17,1.66,2.4,1.7,20260522
23,Strasbourg,Internationaux de Strasbourg,2026-05-22,WTA500,Outdoor,Clay,Semifinals,3,Mboko V.,Cristian J.,9,33.0,3395,1382.0,7.0,6.0,3,6,6,2,2.0,1.0,Completed,1.33,3.4,,,1.35,3.5,1.33,3.24,1.38,3.55,20260522
23,Strasbourg,Internationaux de Strasbourg,2026-05-23,WTA500,Outdoor,Clay,The Final,3,Navarro E.,Mboko V.,39,9.0,1327,3395.0,6.0,0.0,5,7,6,2,2.0,1.0,Completed,2.5,1.53,,,2.63,1.55,2.49,1.51,2.66,1.58,20260523
24,Paris,French Open,2026-05-24,Grand Slam,Outdoor,Clay,1st Round,3,McNally C.,Tomljanovic A.,63,100.0,1018,784.0,3.0,6.0,7,6,6,3,2.0,1.0,Completed,1.3,3.5,,,1.4,3.5,1.35,3.13,1.39,3.5,20260524
24,Paris,French Open,2026-05-24,Grand Slam,Outdoor,Clay,1st Round,3,Kostyuk M.,Selekhmeteva O.,15,88.0,2387,865.0,6.0,2.0,6,3,	,,2.0,0.0,Completed,1.06,10.0,,,1.07,10.0,1.06,8.77,1.08,12.5,20260524
24,Paris,French Open,2026-05-24,Grand Slam,Outdoor,Clay,1st Round,3,Bouzkova M.,Bronzetti L.,28,172.0,1631,448.0,6.0,3.0,6,1,,	,2.0,0.0,Completed,1.22,4.33,,,1.25,4.4,1.22,4.17,1.24,4.8,20260524
24,Paris,French Open,2026-05-24,Grand Slam,Outdoor,Clay,1st Round,3,Wang Xin.,Tagger L.,34,90.0,1371,857.0,6.0,3.0,3,6,6,4,2.0,1.0,Completed,2.3,1.62,,,2.5,1.62,2.33,1.58,2.5,1.65,20260524
24,Paris,French Open,2026-05-24,Grand Slam,Outdoor,Clay,1st Round,3,Bencic B.,Kraus S.,11,98.0,3145,795.0,6.0,2.0,6,3,,	,2.0,0.0,Completed,1.22,4.33,,,1.29,4.33,1.25,3.9,1.28,4.5,20260524
24,Paris,French Open,2026-05-24,Grand Slam,Outdoor,Clay,1st Round,3,Volynets K.,Burel C.,108,1486.0,705,3.0,6.0,3.0,6,1,	,,2.0,0.0,Completed,1.2,4.5,,,1.2,4.8,1.19,4.51,1.23,5.1,20260524
24,Paris,French Open,2026-05-24,Grand Slam,Outdoor,Clay,1st Round,3,Starodubtseva Y.,Blinkova A.,55,103.0,1093,733.0,6.0,3.0,6,1,,	,2.0,0.0,Completed,1.29,3.75,,,1.36,3.75,1.32,3.33,1.38,3.55,20260524
24,Paris,French Open,2026-05-24,Grand Slam,Outdoor,Clay,1st Round,3,Wang Xiy.,Kovinic D.,148,,516,,6.0,3.0,6,1,,	,2.0,0.0,Completed,1.04,13.0,,,1.04,15.0,1.03,11.75,1.04,17.5,20260524
24,Paris,French Open,2026-05-24,Grand Slam,Outdoor,Clay,1st Round,3,Linette M.,Valentova T.,73,42.0,931,1265.0,5.0,7.0,6,4,7,6,2.0,1.0,Completed,3.75,1.29,,,4.1,1.3,3.75,1.26,4.1,1.32,20260524
24,Paris,French Open,2026-05-24,Grand Slam,Outdoor,Clay,1st Round,3,Baptiste H.,Krejcikova B.,26,41.0,1683,1271.0,6.0,7.0,7,6,6,2,2.0,1.0,Completed,1.73,2.1,,,1.8,2.12,1.73,2.07,1.83,2.16,20260524
24,Paris,French Open,2026-05-24,Grand Slam,Outdoor,Clay,1st Round,3,Korpatsch T.,Sorribes Tormo S.,95,304.0,829,226.0,6.0,4.0,6,2,,	,2.0,0.0,Completed,1.73,2.1,,,1.73,2.2,1.71,2.1,1.81,2.22,20260524
24,Paris,French Open,2026-05-24,Grand Slam,Outdoor,Clay,1st Round,3,Jones F.,Haddad Maia B.,102,105.0,736,724.0,1.0,6.0,7,6,6,2,2.0,1.0,Completed,1.62,2.3,,,1.68,2.38,1.61,2.28,1.64,2.5,20260524
24,Paris,French Open,2026-05-24,Grand Slam,Outdoor,Clay,1st Round,3,Frech M.,Ruse E.G.,46,77.0,1238,918.0,7.0,6.0,2,1,	,,1.0,0.0,Retired,2.3,1.62,,,2.34,1.63,2.25,1.61,2.4,1.7,20260524
24,Paris,French Open,2026-05-24,Grand Slam,Outdoor,Clay,1st Round,3,Andreeva M.,Ferro F.,8,181.0,4181,418.0,6.0,3.0,6,3,	,,2.0,0.0,Completed,1.04,13.0,,,1.05,14.0,1.04,11.25,1.05,18.5,20260524
24,Paris,French Open,2026-05-24,Grand Slam,Outdoor,Clay,1st Round,3,Sierra S.,Raducanu E.,68,39.0,974,1301.0,6.0,0.0,7,6,,	,2.0,0.0,Completed,1.57,2.38,,,1.58,2.63,1.53,2.46,1.6,2.6,20260524
24,Paris,French Open,2026-05-24,Grand Slam,Outdoor,Clay,1st Round,3,Snigur D.,Tauson C.,93,20.0,839,1920.0,3.0,6.0,7,5,6,2,2.0,1.0,Completed,2.38,1.57,,,2.5,1.57,2.41,1.55,2.62,1.61,20260524
24,Paris,French Open,2026-05-24,Grand Slam,Outdoor,Clay,1st Round,3,Bejlek S.,Stephens S.,35,363.0,1369,173.0,6.0,3.0,6,2,	,,2.0,0.0,Completed,1.57,2.38,,,1.62,2.42,1.58,2.33,1.69,2.42,20260524
24,Paris,French Open,2026-05-24,Grand Slam,Outdoor,Clay,1st Round,3,Stearns P.,Kenin S.,78,87.0,915,867.0,6.0,3.0,6,3,,	,2.0,0.0,Completed,1.44,2.75,,,1.5,2.75,1.47,2.64,,,20260524
24,Paris,French Open,2026-05-24,Grand Slam,Outdoor,Clay,1st Round,3,Bassols M.,Arango E.,175,94.0,438,833.0,6.0,3.0,6,4,	,,2.0,0.0,Completed,2,1.8,,,2.0,1.95,1.86,1.9,1.94,2.02,20260524
24,Paris,French Open,2026-05-24,Grand Slam,Outdoor,Clay,1st Round,3,Cirstea S.,Efremova K.,18,623.0,1985,75.0,6.0,3.0,6,1,,	,2.0,0.0,Completed,1.03,15.0,,,1.04,17.0,1.03,12.75,1.07,14.5,20260524
24,Paris,French Open,2026-05-25,Grand Slam,Outdoor,Clay,1st Round,3,Teichmann J.,Samsonova L.,170,27.0,449,1635.0,6.0,4.0,6,4,,	,2.0,0.0,Completed,3.75,1.29,,,4.0,1.3,3.58,1.28,4.1,1.31,20260525
24,Paris,French Open,2026-05-25,Grand Slam,Outdoor,Clay,1st Round,3,Chwalinska M.,Zheng Q.,114,56.0,693,1080.0,6.0,4.0,6,0,	,,2.0,0.0,Completed,3.5,1.3,,,3.75,1.33,3.48,1.3,4.0,1.31,20260525
24,Paris,French Open,2026-05-25,Grand Slam,Outdoor,Clay,1st Round,3,Kasatkina D.,Sonmez Z.,53,66.0,1119,1003.0,6.0,4.0,6,4,	,,2.0,0.0,Completed,1.4,3.0,,,1.42,3.0,1.4,2.91,1.42,3.35,20260525
24,Paris,French Open,2026-05-25,Grand Slam,Outdoor,Clay,1st Round,3,Paolini J.,Yastremska D.,13,45.0,2787,1246.0,7.0,5.0,6,3,	,,2.0,0.0,Completed,1.53,2.5,,,1.57,2.55,1.53,2.47,1.61,2.58,20260525
24,Paris,French Open,2026-05-25,Grand Slam,Outdoor,Clay,1st Round,3,Bandecchi S.,Bucsa C.,215,33.0,337,1406.0,6.0,4.0,2,6,6,4,2.0,1.0,Completed,3.2,1.36,,,3.3,1.4,3.13,1.35,3.35,1.41,20260525
24,Paris,French Open,2026-05-25,Grand Slam,Outdoor,Clay,1st Round,3,Swiatek I.,Jones E.,3,136.0,7273,557.0,6.0,1.0,6,2,,	,2.0,0.0,Completed,-,34.0,,,1.01,51.0,1.01,25.25,1.01,50.0,20260525
24,Paris,French Open,2026-05-25,Grand Slam,Outdoor,Clay,1st Round,3,Grabher J.,Sramkova R.,121,125.0,661,640.0,6.0,2.0,6,2,	,,2.0,0.0,Completed,2.63,1.5,,,2.63,1.53,2.55,1.5,2.74,1.56,20260525
24,Paris,French Open,2026-05-25,Grand Slam,Outdoor,Clay,1st Round,3,Mertens E.,Maria T.,21,54.0,1858,1111.0,7.0,5.0,6,0,,	,2.0,0.0,Completed,1.05,11.0,,,1.07,11.0,1.06,9.45,1.07,13.0,20260525
24,Paris,French Open,2026-05-25,Grand Slam,Outdoor,Clay,1st Round,3,Rybakina E.,Erjavec V.,2,84.0,8313,873.0,6.0,2.0,6,2,,	,2.0,0.0,Completed,1.01,21.0,,,1.03,34.0,1.02,18.25,1.02,34.0,20260525
24,Paris,French Open,2026-05-25,Grand Slam,Outdoor,Clay,1st Round,3,Lys E.,Marcinko P.,81,51.0,901,1140.0,6.0,3.0,6,0,,	,2.0,0.0,Completed,2.1,1.73,,,2.15,1.8,2.06,1.73,2.28,1.76,20260525
24,Paris,French Open,2026-05-25,Grand Slam,Outdoor,Clay,1st Round,3,Svitolina E.,Bondar A.,7,57.0,4315,1047.0,3.0,6.0,6,1,7,6,2.0,1.0,Completed,1.14,5.5,,,1.17,6.0,1.14,5.44,1.16,6.8,20260525
24,Paris,French Open,2026-05-25,Grand Slam,Outdoor,Clay,1st Round,3,Potapova A.,Joint M.,30,52.0,1470,1130.0,6.0,1.0,6,2,,	,2.0,0.0,Completed,1.11,6.5,,,1.14,7.0,1.12,6.1,,,20260525
24,Paris,French Open,2026-05-25,Grand Slam,Outdoor,Clay,1st Round,3,Putintseva Y.,Gibson T.,76,58.0,918,1040.0,4.0,6.0,6,4,6,1,2.0,1.0,Completed,1.36,3.2,,,1.4,3.3,1.35,3.13,1.4,3.45,20260525
24,Paris,French Open,2026-05-25,Grand Slam,Outdoor,Clay,1st Round,3,Quevedo K.,Jeanjean L.,126,122.0,622,653.0,7.0,6.0,7,6,	,,2.0,0.0,Completed,2,1.8,,,2.07,1.88,1.98,1.8,,,20260525
24,Paris,French Open,2026-05-25,Grand Slam,Outdoor,Clay,1st Round,3,Golubic V.,Udvardy P.,82,59.0,901,1029.0,6.0,0.0,6,2,,	,2.0,0.0,Completed,2.1,1.73,,,2.18,1.75,2.09,1.71,2.28,1.77,20260525
24,Paris,French Open,2026-05-25,Grand Slam,Outdoor,Clay,1st Round,3,Anisimova A.,Rakotomanga Rajaonah T.,6,153.0,5958,494.0,6.0,3.0,6,1,,	,2.0,0.0,Completed,1.06,10.0,,,1.08,11.0,1.06,9.07,1.08,12.0,20260525
24,Paris,French Open,2026-05-25,Grand Slam,Outdoor,Clay,1st Round,3,Rakhimova K.,Cristian J.,89,32.0,860,1414.0,6.0,3.0,4,6,6,4,2.0,1.0,Completed,3.5,1.3,,,3.75,1.32,3.54,1.28,,,20260525
24,Paris,French Open,2026-05-25,Grand Slam,Outdoor,Clay,1st Round,3,Ostapenko J.,Seidel E.,31,96.0,1464,818.0,6.0,4.0,6,4,	,,2.0,0.0,Completed,1.17,5.0,,,1.22,5.0,1.2,4.35,1.21,5.4,20260525
24,Paris,French Open,2026-05-25,Grand Slam,Outdoor,Clay,1st Round,3,Boulter K.,Urhobo A.,71,185.0,941,403.0,6.0,4.0,4,6,6,4,2.0,1.0,Completed,1.4,3.0,,,1.4,3.15,1.37,3.03,1.41,3.35,20260525
24,Paris,French Open,2026-05-25,Grand Slam,Outdoor,Clay,1st Round,3,Osorio M.,Alexandrova E.,86,14.0,868,2679.0,6.0,2.0,6,4,	,,2.0,0.0,Completed,1.73,2.1,,,1.73,2.2,1.67,2.16,1.75,2.3,20260525
24,Paris,French Open,2026-05-25,Grand Slam,Outdoor,Clay,1st Round,3,Kessler M.,Guo H.,48,166.0,1229,454.0,4.0,6.0,7,6,7,5,2.0,1.0,Completed,1.36,3.2,,,1.5,3.2,1.37,2.99,,,20260525
24,Paris,French Open,2026-05-25,Grand Slam,Outdoor,Clay,1st Round,3,Shnaider D.,Zarazua R.,23,74.0,1796,925.0,6.0,4.0,6,1,	,,2.0,0.0,Completed,1.13,6.0,,,1.14,6.0,1.13,5.69,1.15,6.8,20260525
24,Paris,French Open,2026-05-25,Grand Slam,Outdoor,Clay,1st Round,3,Parks A.,Fernandez L.A.,79,22.0,905,1844.0,6.0,4.0,6,4,	,,2.0,0.0,Completed,3.75,1.29,,,4.0,1.29,3.72,1.26,4.1,1.3,20260525
24,Paris,French Open,2026-05-25,Grand Slam,Outdoor,Clay,1st Round,3,Muchova K.,Zakharova A.,10,80.0,3318,903.0,7.0,5.0,6,2,,	,2.0,0.0,Completed,1.11,6.5,,,1.12,7.5,1.11,6.2,1.14,7.6,20260525
24,Paris,French Open,2026-05-26,Grand Slam,Outdoor,Clay,1st Round,3,Liu C.,Uchijima M.,182,107.0,417,707.0,3.0,6.0,6,0,4,1,1.0,1.0,Retired,1.67,2.2,,,1.73,2.2,1.7,2.11,1.78,2.26,20260526
24,Paris,French Open,2026-05-26,Grand Slam,Outdoor,Clay,1st Round,3,Jovic I.,Eala A.,17,37.0,2306,1340.0,6.0,4.0,6,2,	,,2.0,0.0,Completed,1.36,3.2,,,1.37,3.25,1.36,3.08,1.39,3.5,20260526
24,Paris,French Open,2026-05-26,Grand Slam,Outdoor,Clay,1st Round,3,Navarro E.,Tjen J.,25,40.0,1719,1292.0,6.0,4.0,6,3,	,,2.0,0.0,Completed,1.3,3.5,,,1.3,4.1,1.25,3.81,1.26,4.7,20260526
24,Paris,French Open,2026-05-26,Grand Slam,Outdoor,Clay,1st Round,3,Vekic D.,Tubello A.,72,226.0,933,317.0,6.0,3.0,6,2,	,,2.0,0.0,Completed,1.3,3.5,,,1.33,3.75,1.3,3.46,1.34,3.9,20260526
24,Paris,French Open,2026-05-26,Grand Slam,Outdoor,Clay,1st Round,3,Sabalenka A.,Bouzas Maneiro J.,1,50.0,9960,1200.0,6.0,4.0,6,2,	,,2.0,0.0,Completed,1.03,15.0,,,1.05,19.0,1.03,12.63,1.04,25.0,20260526
24,Paris,French Open,2026-05-26,Grand Slam,Outdoor,Clay,1st Round,3,Sakkari M.,Noskova L.,49,12.0,1208,3054.0,7.0,5.0,7,6,,	,2.0,0.0,Completed,3,1.4,,,3.1,1.4,2.95,1.38,3.35,1.41,20260526
24,Paris,French Open,2026-05-26,Grand Slam,Outdoor,Clay,1st Round,3,Li A.,Zhang S.,29,61.0,1601,1025.0,6.0,4.0,6,2,	,,2.0,0.0,Completed,1.36,3.2,,,1.37,3.75,1.34,3.17,1.39,3.5,20260526
24,Paris,French Open,2026-05-26,Grand Slam,Outdoor,Clay,1st Round,3,Sherif M.,Galfi D.,129,115.0,593,691.0,7.0,5.0,6,4,,	,2.0,0.0,Completed,2.1,1.73,,,2.2,1.75,2.09,1.71,2.18,1.82,20260526
24,Paris,French Open,2026-05-26,Grand Slam,Outdoor,Clay,1st Round,3,Osaka N.,Siegemund L.,16,47.0,2341,1230.0,6.0,3.0,7,6,,	,2.0,0.0,Completed,1.29,3.75,,,1.3,3.8,1.28,3.58,1.29,4.3,20260526
24,Paris,French Open,2026-05-26,Grand Slam,Outdoor,Clay,1st Round,3,Gauff C.,Townsend T.,4,75.0,6749,919.0,6.0,4.0,6,0,	,,2.0,0.0,Completed,1.1,7.0,,,1.12,7.5,1.1,6.59,1.12,8.6,20260526
24,Paris,French Open,2026-05-26,Grand Slam,Outdoor,Clay,1st Round,3,Ruzic A.,Krueger A.,64,120.0,1011,663.0,3.0,6.0,6,2,6,2,2.0,1.0,Completed,2.5,1.53,,,2.55,1.57,2.47,1.52,2.72,1.57,20260526
24,Paris,French Open,2026-05-26,Grand Slam,Outdoor,Clay,1st Round,3,Jacquemot E.,Fruhvirtova L.,67,149.0,984,506.0,6.0,4.0,6,3,,	,2.0,0.0,Completed,1.8,2.0,,,1.8,2.1,1.76,2.01,1.86,2.14,20260526
24,Paris,French Open,2026-05-26,Grand Slam,Outdoor,Clay,1st Round,3,Korneeva A.,Cocciaretto E.,117,38.0,685,1320.0,6.0,3.0,6,3,	,,2.0,0.0,Completed,2.75,1.44,,,2.8,1.47,2.69,1.45,2.96,1.5,20260526
24,Paris,French Open,2026-05-26,Grand Slam,Outdoor,Clay,1st Round,3,Parry D.,Kalinina A.,92,60.0,853,1026.0,0.0,6.0,6,2,6,4,2.0,1.0,Completed,3,1.4,,,3.0,1.41,2.89,1.4,3.05,1.47,20260526
24,Paris,French Open,2026-05-26,Grand Slam,Outdoor,Clay,1st Round,3,Kalinskaya A.,Boisson L.,24,43.0,1792,1264.0,6.0,2.0,6,2,	,,2.0,0.0,Completed,1.53,2.5,,,1.57,2.55,1.53,2.45,,,20260526
24,Paris,French Open,2026-05-26,Grand Slam,Outdoor,Clay,1st Round,3,Siniakova K.,Waltert S.,36,91.0,1362,856.0,6.0,4.0,7,6,,	,2.0,0.0,Completed,1.44,2.75,,,1.45,2.9,1.42,2.77,1.5,2.96,20260526
24,Paris,French Open,2026-05-26,Grand Slam,Outdoor,Clay,1st Round,3,Oliynykova O.,Pridankina E.,65,218.0,1005,330.0,6.0,1.0,6,2,,	,2.0,0.0,Completed,1.44,2.75,,,1.48,2.88,1.44,2.71,1.48,3.0,20260526
24,Paris,French Open,2026-05-26,Grand Slam,Outdoor,Clay,1st Round,3,Keys M.,Vandewinkel H.,19,99.0,1962,790.0,6.0,3.0,6,0,,	,2.0,0.0,Completed,1.14,5.5,,,1.17,7.0,1.13,5.93,1.17,6.6,20260526
24,Paris,French Open,2026-05-26,Grand Slam,Outdoor,Clay,1st Round,3,Mboko V.,Bartunkova N.,9,69.0,3710,970.0,6.0,1.0,6,2,	,,2.0,0.0,Completed,1.25,4.0,,,1.3,4.0,1.28,3.6,1.31,4.1,20260526
24,Paris,French Open,2026-05-26,Grand Slam,Outdoor,Clay,1st Round,3,Birrell K.,Pegula J.,83,5.0,880,6286.0,1.0,6.0,6,3,6,3,2.0,1.0,Completed,19,1.02,,,23.0,1.05,12.9,1.03,18.0,1.08,20260526
24,Paris,French Open,2026-05-27,Grand Slam,Outdoor,Clay,2nd Round,3,Bencic B.,McNally C.,11,63.0,3145,1018.0,6.0,4.0,6,0,,	,2.0,0.0,Completed,1.29,3.75,,,1.3,3.75,1.29,3.54,1.31,4.1,20260527
24,Paris,French Open,2026-05-27,Grand Slam,Outdoor,Clay,2nd Round,3,Korpatsch T.,Wang Xin.,95,34.0,829,1371.0,6.0,2.0,2,6,6,3,2.0,1.0,Completed,1.91,1.91,,,1.95,1.95,1.89,1.88,1.98,2.0,20260527
24,Paris,French Open,2026-05-27,Grand Slam,Outdoor,Clay,2nd Round,3,Swiatek I.,Bejlek S.,3,35.0,7273,1369.0,6.0,2.0,6,3,,	,2.0,0.0,Completed,1.02,17.0,,,1.04,17.0,1.03,13.44,1.04,21.0,20260527
24,Paris,French Open,2026-05-27,Grand Slam,Outdoor,Clay,2nd Round,3,Stearns P.,Snigur D.,78,93.0,915,839.0,6.0,4.0,6,0,,	,2.0,0.0,Completed,1.44,2.75,,,1.57,2.88,1.44,2.74,1.49,3.0,20260527
24,Paris,French Open,2026-05-27,Grand Slam,Outdoor,Clay,2nd Round,3,Linette M.,Ostapenko J.,73,31.0,931,1464.0,6.0,2.0,2,6,6,2,2.0,1.0,Completed,4,1.25,,,4.0,1.29,3.78,1.26,4.1,1.3,20260527
24,Paris,French Open,2026-05-27,Grand Slam,Outdoor,Clay,2nd Round,3,Svitolina E.,Quevedo K.,7,126.0,4315,622.0,6.0,0.0,6,4,	,,2.0,0.0,Completed,1.06,10.0,,,1.07,12.0,1.06,9.08,,,20260527
24,Paris,French Open,2026-05-27,Grand Slam,Outdoor,Clay,2nd Round,3,Golubic V.,Parks A.,82,79.0,901,905.0,6.0,2.0,6,2,	,,2.0,0.0,Completed,1.91,1.91,,,1.95,1.91,1.9,1.86,2.0,1.98,20260527
24,Paris,French Open,2026-05-27,Grand Slam,Outdoor,Clay,2nd Round,3,Kostyuk M.,Volynets K.,15,108.0,2387,705.0,6.0,7.0,6,3,6,3,2.0,1.0,Completed,1.11,6.5,,,1.14,6.5,1.13,5.9,1.14,7.8,20260527
24,Paris,French Open,2026-05-27,Grand Slam,Outdoor,Clay,2nd Round,3,Bouzkova M.,Jones F.,28,102.0,1631,736.0,6.0,0.0,7,6,,	,2.0,0.0,Completed,1.29,3.75,,,1.29,3.9,1.27,3.68,1.3,4.2,20260527
24,Paris,French Open,2026-05-27,Grand Slam,Outdoor,Clay,2nd Round,3,Starodubtseva Y.,Rybakina E.,55,2.0,1093,8313.0,3.0,6.0,6,1,7,6,2.0,1.0,Completed,9,1.06,,,9.5,1.08,8.2,1.07,8.6,1.12,20260527
24,Paris,French Open,2026-05-27,Grand Slam,Outdoor,Clay,2nd Round,3,Teichmann J.,Frech M.,170,46.0,449,1238.0,7.0,5.0,6,4,	,,2.0,0.0,Completed,2.38,1.57,,,2.4,1.64,2.34,1.58,2.66,1.6,20260527
24,Paris,French Open,2026-05-27,Grand Slam,Outdoor,Clay,2nd Round,3,Sierra S.,Paolini J.,68,13.0,974,2787.0,3.0,6.0,6,4,6,3,2.0,1.0,Completed,2.5,1.53,,,2.6,1.67,2.45,1.54,2.72,1.57,20260527
24,Paris,French Open,2026-05-27,Grand Slam,Outdoor,Clay,2nd Round,3,Wang Xiy.,Baptiste H.,148,26.0,516,1683.0,5.0,4.0,,	,,,0.0,0.0,Retired,2.75,1.44,,,2.88,1.48,2.73,1.44,1.43,1.18,20260527
24,Paris,French Open,2026-05-27,Grand Slam,Outdoor,Clay,2nd Round,3,Cirstea S.,Lys E.,18,81.0,1985,901.0,6.0,3.0,6,0,,	,2.0,0.0,Completed,1.22,4.33,,,1.23,4.4,1.21,4.23,1.27,4.6,20260527
24,Paris,French Open,2026-05-27,Grand Slam,Outdoor,Clay,2nd Round,3,Andreeva M.,Bassols M.,8,175.0,4181,438.0,3.0,6.0,6,1,6,1,2.0,1.0,Completed,1.07,9.0,,,1.08,9.5,1.07,8.33,1.09,11.0,20260527
24,Paris,French Open,2026-05-27,Grand Slam,Outdoor,Clay,2nd Round,3,Muchova K.,Rakhimova K.,10,89.0,3318,860.0,6.0,2.0,6,2,,	,2.0,0.0,Completed,1.08,8.0,,,1.11,8.0,1.08,7.3,1.12,8.6,20260527
24,Paris,French Open,2026-05-28,Grand Slam,Outdoor,Clay,2nd Round,3,Osaka N.,Vekic D.,16,72.0,2341,933.0,7.0,6.0,6,4,,	,2.0,0.0,Completed,1.29,3.75,,,1.3,3.75,1.29,3.53,1.33,3.95,20260528
24,Paris,French Open,2026-05-28,Grand Slam,Outdoor,Clay,2nd Round,3,Oliynykova O.,Birrell K.,65,83.0,1005,880.0,6.0,3.0,0,6,7,6,2.0,1.0,Completed,1.44,2.75,,,1.45,2.88,1.42,2.77,1.46,3.1,20260528
24,Paris,French Open,2026-05-28,Grand Slam,Outdoor,Clay,2nd Round,3,Jovic I.,Navarro E.,17,25.0,2306,1719.0,6.0,0.0,6,3,	,,2.0,0.0,Completed,1.8,2.0,,,1.83,2.02,1.8,1.97,1.88,2.12,20260528
24,Paris,French Open,2026-05-28,Grand Slam,Outdoor,Clay,2nd Round,3,Shnaider D.,Kessler M.,23,48.0,1796,1229.0,7.0,6.0,6,1,	,,2.0,0.0,Completed,1.22,4.33,,,1.29,4.33,1.25,3.91,,,20260528
24,Paris,French Open,2026-05-28,Grand Slam,Outdoor,Clay,2nd Round,3,Chwalinska M.,Mertens E.,114,21.0,693,1858.0,6.0,4.0,6,0,	,,2.0,0.0,Completed,2.63,1.5,,,2.75,1.5,2.71,1.45,2.9,1.51,20260528
24,Paris,French Open,2026-05-28,Grand Slam,Outdoor,Clay,2nd Round,3,Osorio M.,Putintseva Y.,86,76.0,868,918.0,7.0,5.0,6,7,7,5,2.0,1.0,Completed,1.62,2.3,,,1.7,2.3,1.65,2.2,1.68,2.44,20260528
24,Paris,French Open,2026-05-28,Grand Slam,Outdoor,Clay,2nd Round,3,Kalinskaya A.,Korneeva A.,24,117.0,1792,685.0,7.0,6.0,6,4,	,,2.0,0.0,Completed,1.4,3.0,,,1.4,3.1,1.39,2.94,1.45,3.1,20260528
24,Paris,French Open,2026-05-28,Grand Slam,Outdoor,Clay,2nd Round,3,Sakkari M.,Liu C.,49,182.0,1208,417.0,6.0,7.0,6,3,6,3,2.0,1.0,Completed,1.44,2.75,,,1.5,2.8,1.46,2.67,1.5,2.96,20260528
24,Paris,French Open,2026-05-28,Grand Slam,Outdoor,Clay,2nd Round,3,Kasatkina D.,Bandecchi S.,53,215.0,1119,337.0,7.0,5.0,7,6,	,,2.0,0.0,Completed,1.1,7.0,,,1.13,7.5,1.1,6.7,1.13,8.0,20260528
24,Paris,French Open,2026-05-28,Grand Slam,Outdoor,Clay,2nd Round,3,Parry D.,Li A.,92,29.0,853,1601.0,6.0,3.0,6,4,,	,2.0,0.0,Completed,3,1.4,,,3.2,1.4,3.0,1.38,3.3,1.42,20260528
24,Paris,French Open,2026-05-28,Grand Slam,Outdoor,Clay,2nd Round,3,Anisimova A.,Grabher J.,6,121.0,5958,661.0,6.0,0.0,,	,,,1.0,0.0,Retired,1.14,5.5,,,1.18,5.5,1.16,5.03,1.18,6.2,20260528
24,Paris,French Open,2026-05-28,Grand Slam,Outdoor,Clay,2nd Round,3,Gauff C.,Sherif M.,4,129.0,6749,593.0,6.0,3.0,6,2,	,,2.0,0.0,Completed,1.03,15.0,,,1.04,15.0,1.03,12.38,1.05,18.0,20260528
24,Paris,French Open,2026-05-28,Grand Slam,Outdoor,Clay,2nd Round,3,Keys M.,Ruzic A.,19,64.0,1962,1011.0,6.0,4.0,6,4,,	,2.0,0.0,Completed,1.13,6.0,,,1.15,6.0,1.13,5.7,1.16,7.0,20260528
24,Paris,French Open,2026-05-28,Grand Slam,Outdoor,Clay,2nd Round,3,Sabalenka A.,Jacquemot E.,1,67.0,9960,984.0,7.0,5.0,6,2,	,,2.0,0.0,Completed,1.01,23.0,,,1.03,26.0,1.02,18.41,1.03,27.0,20260528
24,Paris,French Open,2026-05-28,Grand Slam,Outdoor,Clay,2nd Round,3,Potapova A.,Boulter K.,30,71.0,1470,941.0,5.0,7.0,6,4,6,2,2.0,1.0,Completed,1.2,4.5,,,1.23,4.5,1.21,4.25,1.23,5.1,20260528
24,Paris,French Open,2026-05-28,Grand Slam,Outdoor,Clay,2nd Round,3,Mboko V.,Siniakova K.,9,36.0,3710,1362.0,5.0,7.0,6,4,6,2,2.0,1.0,Completed,1.3,3.5,,,1.3,3.75,1.29,3.51,1.35,3.75,20260528
24,Paris,French Open,2026-05-29,Grand Slam,Outdoor,Clay,3rd Round,3,Kostyuk M.,Golubic V.,15,82.0,2387,901.0,6.0,4.0,6,3,	,,2.0,0.0,Completed,1.08,8.0,,,1.09,9.5,1.07,8.14,1.09,11.5,20260529
24,Paris,French Open,2026-05-29,Grand Slam,Outdoor,Clay,3rd Round,3,Wang Xiy.,Starodubtseva Y.,148,55.0,516,1093.0,6.0,3.0,7,5,	,,2.0,0.0,Completed,2.5,1.53,,,2.55,1.54,2.49,1.52,,,20260529
24,Paris,French Open,2026-05-29,Grand Slam,Outdoor,Clay,3rd Round,3,Swiatek I.,Linette M.,3,73.0,7273,931.0,6.0,4.0,6,4,,	,2.0,0.0,Completed,1.03,15.0,,,1.04,21.0,1.03,14.0,1.05,17.5,20260529
24,Paris,French Open,2026-05-29,Grand Slam,Outdoor,Clay,3rd Round,3,Andreeva M.,Bouzkova M.,8,28.0,4181,1631.0,6.0,4.0,6,2,	,,2.0,0.0,Completed,1.13,6.0,,,1.14,6.0,1.13,5.6,1.17,6.6,20260529
24,Paris,French Open,2026-05-29,Grand Slam,Outdoor,Clay,3rd Round,3,Teichmann J.,Muchova K.,170,10.0,449,3318.0,6.0,1.0,7,5,	,,2.0,0.0,Completed,7,1.1,,,7.0,1.13,6.31,1.11,7.6,1.14,20260529
24,Paris,French Open,2026-05-29,Grand Slam,Outdoor,Clay,3rd Round,3,Cirstea S.,Sierra S.,18,68.0,1985,974.0,6.0,0.0,6,0,,	,2.0,0.0,Completed,1.25,4.0,,,1.3,4.0,1.27,3.65,1.33,4.0,20260529
24,Paris,French Open,2026-05-29,Grand Slam,Outdoor,Clay,3rd Round,3,Svitolina E.,Korpatsch T.,7,95.0,4315,829.0,6.0,2.0,6,3,	,,2.0,0.0,Completed,1.05,11.0,,,1.06,15.0,1.05,10.58,1.1,10.0,20260529
24,Paris,French Open,2026-05-29,Grand Slam,Outdoor,Clay,3rd Round,3,Bencic B.,Stearns P.,11,78.0,3145,915.0,6.0,3.0,6,3,,	,2.0,0.0,Completed,1.4,3.0,,,1.44,3.3,1.37,3.03,1.39,3.5,20260529
24,Paris,French Open,2026-05-30,Grand Slam,Outdoor,Clay,3rd Round,3,Osaka N.,Jovic I.,16,17.0,2341,2306.0,7.0,6.0,6,7,6,4,2.0,1.0,Completed,1.8,2.0,,,1.84,2.02,1.8,1.99,1.86,2.12,20260530
24,Paris,French Open,2026-05-30,Grand Slam,Outdoor,Clay,3rd Round,3,Chwalinska M.,Sakkari M.,114,49.0,693,1208.0,1.0,6.0,6,3,6,2,2.0,1.0,Completed,1.73,2.1,,,1.73,2.2,1.7,2.12,1.8,2.24,20260530
24,Paris,French Open,2026-05-30,Grand Slam,Outdoor,Clay,3rd Round,3,Shnaider D.,Oliynykova O.,23,65.0,1796,1005.0,7.0,5.0,6,1,	,,2.0,0.0,Completed,1.33,3.4,,,1.34,3.4,1.33,3.28,1.37,3.65,20260530
24,Paris,French Open,2026-05-30,Grand Slam,Outdoor,Clay,3rd Round,3,Parry D.,Anisimova A.,92,6.0,853,5958.0,6.0,3.0,4,6,7,6,2.0,1.0,Completed,4.5,1.2,,,4.7,1.24,4.39,1.21,5.1,1.23,20260530
24,Paris,French Open,2026-05-30,Grand Slam,Outdoor,Clay,3rd Round,3,Sabalenka A.,Kasatkina D.,1,53.0,9960,1119.0,6.0,0.0,7,5,	,,2.0,0.0,Completed,1.06,10.0,,,1.08,10.0,1.07,8.61,1.08,12.5,20260530
24,Paris,French Open,2026-05-30,Grand Slam,Outdoor,Clay,3rd Round,3,Kalinskaya A.,Osorio M.,24,86.0,1792,868.0,6.0,3.0,0,6,6,2,2.0,1.0,Completed,1.8,2.0,,,1.85,2.1,1.79,1.98,1.85,2.14,20260530
24,Paris,French Open,2026-05-30,Grand Slam,Outdoor,Clay,3rd Round,3,Potapova A.,Gauff C.,30,4.0,1470,6749.0,4.0,6.0,7,6,6,4,2.0,1.0,Completed,4,1.25,,,4.0,1.33,3.78,1.26,4.1,1.3,20260530
24,Paris,French Open,2026-05-30,Grand Slam,Outdoor,Clay,3rd Round,3,Keys M.,Mboko V.,19,9.0,1962,3710.0,6.0,3.0,5,7,7,5,2.0,1.0,Completed,1.91,1.91,,,1.92,2.05,1.86,1.9,1.98,1.98,20260530
24,Paris,French Open,2026-05-31,Grand Slam,Outdoor,Clay,4th Round,3,Cirstea S.,Wang Xiy.,18,148.0,1985,516.0,6.0,3.0,7,6,	,,2.0,0.0,Completed,1.2,4.5,,,1.21,4.75,1.2,4.44,1.23,5.1,20260531
24,Paris,French Open,2026-05-31,Grand Slam,Outdoor,Clay,4th Round,3,Kostyuk M.,Swiatek I.,15,3.0,2387,7273.0,7.0,5.0,6,1,	,,2.0,0.0,Completed,3.2,1.36,,,3.5,1.37,3.22,1.34,3.7,1.35,20260531
24,Paris,French Open,2026-05-31,Grand Slam,Outdoor,Clay,4th Round,3,Svitolina E.,Bencic B.,7,11.0,4315,3145.0,4.0,6.0,6,4,6,0,2.0,1.0,Completed,1.53,2.5,,,1.54,2.63,1.51,2.51,1.56,2.74,20260531
24,Paris,French Open,2026-05-31,Grand Slam,Outdoor,Clay,4th Round,3,Andreeva M.,Teichmann J.,8,170.0,4181,449.0,6.0,3.0,6,2,	,,2.0,0.0,Completed,1.08,8.0,,,1.13,8.0,1.1,6.84,1.12,9.0,20260531
24,Paris,French Open,2026-06-01,Grand Slam,Outdoor,Clay,4th Round,3,Kalinskaya A.,Potapova A.,24,30.0,1792,1470.0,6.0,4.0,2,6,7,6,2.0,1.0,Completed,2.75,1.44,,,2.75,1.55,2.59,1.49,2.78,1.55,20260601
24,Paris,French Open,2026-06-01,Grand Slam,Outdoor,Clay,4th Round,3,Shnaider D.,Keys M.,23,19.0,1796,1962.0,6.0,3.0,3,6,6,0,2.0,1.0,Completed,2.2,1.67,,,2.24,1.7,2.17,1.67,2.38,1.71,20260601
24,Paris,French Open,2026-06-01,Grand Slam,Outdoor,Clay,4th Round,3,Chwalinska M.,Parry D.,114,92.0,693,853.0,6.0,3.0,6,2,	,,2.0,0.0,Completed,1.53,2.5,,,1.56,2.63,1.53,2.48,1.59,2.66,20260601
24,Paris,French Open,2026-06-01,Grand Slam,Outdoor,Clay,4th Round,3,Sabalenka A.,Osaka N.,1,16.0,9960,2341.0,7.0,5.0,6,3,	,,2.0,0.0,Completed,1.2,4.5,,,1.24,4.5,1.22,4.2,1.24,5.0,20260601
24,Paris,French Open,2026-06-02,Grand Slam,Outdoor,Clay,Quarterfinals,3,Andreeva M.,Cirstea S.,8,18.0,4181,1985.0,6.0,0.0,6,3,	,,2.0,0.0,Completed,1.5,2.63,,,1.5,2.8,1.47,2.64,1.51,2.94,20260602
24,Paris,French Open,2026-06-02,Grand Slam,Outdoor,Clay,Quarterfinals,3,Kostyuk M.,Svitolina E.,15,7.0,2387,4315.0,6.0,3.0,2,6,6,2,2.0,1.0,Completed,1.8,2.0,,,1.83,2.02,1.78,1.99,1.9,2.1,20260602
24,Paris,French Open,2026-06-03,Grand Slam,Outdoor,Clay,Quarterfinals,3,Chwalinska M.,Kalinskaya A.,114,24.0,693,1792.0,7.0,6.0,6,3,,	,2.0,0.0,Completed,2.1,1.73,,,2.1,1.78,2.08,1.73,2.18,1.83,20260603
24,Paris,French Open,2026-06-03,Grand Slam,Outdoor,Clay,Quarterfinals,3,Shnaider D.,Sabalenka A.,23,1.0,1796,9960.0,3.0,6.0,7,5,6,0,2.0,1.0,Completed,8,1.08,,,8.5,1.1,7.45,1.08,9.0,1.12,20260603
24,Paris,French Open,2026-06-04,Grand Slam,Outdoor,Clay,Semifinals,3,Andreeva M.,Kostyuk M.,8,15.0,4181,2387.0,6.0,1.0,6,3,,	,2.0,0.0,Completed,2.1,1.73,,,2.1,1.8,2.06,1.74,2.16,1.84,20260604
24,Paris,French Open,2026-06-04,Grand Slam,Outdoor,Clay,Semifinals,3,Chwalinska M.,Shnaider D.,114,23.0,693,1796.0,7.0,6.0,6,4,,	,2.0,0.0,Completed,2.5,1.53,,,2.53,1.57,2.42,1.55,2.56,1.63,20260604
24,Paris,French Open,2026-06-06,Grand Slam,Outdoor,Clay,The Final,3,Andreeva M.,Chwalinska M.,8,114.0,4181,693.0,6.0,3.0,6,2,,	,2.0,0.0,Completed,1.2,4.8,,,1.25,4.8,1.22,4.36,1.21,5.5,20260606
25,'s-Hertogenbosch,Rosmalen Grass Court Championships,2026-06-08,WTA250,Outdoor,Grass,1st Round,3,Udvardy P.,Alexandrova E.,65,17.0,1012,2449.0,6.0,4.0,7,6,,,2.0,0.0,Completed,4.5,1.2,,,4.9,1.22,4.54,1.19,5.9,1.2,20260608
25,'s-Hertogenbosch,Rosmalen Grass Court Championships,2026-06-08,WTA250,Outdoor,Grass,1st Round,3,Linette M.,Birrell K.,60,74.0,1051,940.0,2.0,6.0,6,1,6,2,2.0,1.0,Completed,1.67,2.2,,,1.75,2.2,1.71,2.08,1.8,2.22,20260608
25,'s-Hertogenbosch,Rosmalen Grass Court Championships,2026-06-08,WTA250,Outdoor,Grass,1st Round,3,Montgomery R.,Kasatkina D.,484,66.0,116,1009.0,5.0,7.0,6,0,6,4,2.0,1.0,Completed,2.75,1.44,,,2.8,1.5,2.64,1.46,2.78,1.55,20260608
25,'s-Hertogenbosch,Rosmalen Grass Court Championships,2026-06-08,WTA250,Outdoor,Grass,1st Round,3,Mertens E.,Andreescu B.,22,158.0,1918,479.0,6.0,1.0,6,2,,,2.0,0.0,Completed,1.33,3.4,,,1.36,3.4,1.34,3.15,1.4,3.45,20260608
25,'s-Hertogenbosch,Rosmalen Grass Court Championships,2026-06-08,WTA250,Outdoor,Grass,1st Round,3,Snigur D.,Badosa P.,84,141.0,889,546.0,6.0,1.0,7,6,,,2.0,0.0,Completed,1.8,2.0,,,1.8,2.2,1.75,2.04,1.8,2.22,20260608
25,'s-Hertogenbosch,Rosmalen Grass Court Championships,2026-06-08,WTA250,Outdoor,Grass,1st Round,3,Pohankova M.,Tauson C.,280,24.0,253,1800.0,6.0,4.0,6,4,,,2.0,0.0,Completed,2.75,1.44,,,2.9,1.45,2.74,1.43,3.0,1.49,20260608
25,'s-Hertogenbosch,Rosmalen Grass Court Championships,2026-06-09,WTA250,Outdoor,Grass,1st Round,3,Yastremska D.,Bejlek S.,49,46.0,1126,1205.0,6.0,1.0,6,2,,,2.0,0.0,Completed,1.53,2.5,,,1.53,2.75,1.46,2.63,1.52,2.88,20260609
25,'s-Hertogenbosch,Rosmalen Grass Court Championships,2026-06-09,WTA250,Outdoor,Grass,1st Round,3,Sonmez Z.,Volynets K.,67,101.0,1001,765.0,6.0,3.0,2,6,6,3,2.0,1.0,Completed,2.38,1.57,,,2.55,1.67,2.28,1.6,2.32,1.73,20260609
25,'s-Hertogenbosch,Rosmalen Grass Court Championships,2026-06-09,WTA250,Outdoor,Grass,1st Round,3,Minnen G.,Tjen J.,202,40.0,361,1267.0,7.0,6.0,6,1,,,2.0,0.0,Completed,1.53,2.5,,,1.53,2.75,1.47,2.61,1.51,2.94,20260609
25,'s-Hertogenbosch,Rosmalen Grass Court Championships,2026-06-09,WTA250,Outdoor,Grass,1st Round,3,Krejcikova B.,Zarazua R.,45,77.0,1211,925.0,6.0,1.0,6,2,,,2.0,0.0,Completed,1.14,5.5,,,1.15,5.6,1.14,5.43,1.17,6.2,20260609
25,'s-Hertogenbosch,Rosmalen Grass Court Championships,2026-06-09,WTA250,Outdoor,Grass,1st Round,3,Ruse E.G.,Korpatsch T.,88,79.0,858,919.0,6.0,4.0,7,6,,,2.0,0.0,Completed,1.3,3.5,,,1.3,4.0,1.28,3.59,1.32,4.1,20260609
25,'s-Hertogenbosch,Rosmalen Grass Court Championships,2026-06-10,WTA250,Outdoor,Grass,1st Round,3,Sierra S.,Boisson L.,56,155.0,1064,494.0,6.0,4.0,5,7,6,3,2.0,1.0,Completed,1.5,2.63,,,1.5,3.0,1.42,2.77,1.5,2.96,20260610
25,'s-Hertogenbosch,Rosmalen Grass Court Championships,2026-06-10,WTA250,Outdoor,Grass,1st Round,3,Potapova A.,Lamens S.,27,125.0,1640,624.0,6.0,7.0,6,4,6,4,2.0,1.0,Completed,1.17,5.0,,,1.2,5.0,1.18,4.63,1.24,5.0,20260610
25,'s-Hertogenbosch,Rosmalen Grass Court Championships,2026-06-10,WTA250,Outdoor,Grass,1st Round,3,Tomljanovic A.,Bouzas Maneiro J.,109,54.0,724,1080.0,6.0,3.0,6,1,,,2.0,0.0,Completed,2,1.8,,,2.04,1.85,1.98,1.79,2.0,1.96,20260610
25,'s-Hertogenbosch,Rosmalen Grass Court Championships,2026-06-10,WTA250,Outdoor,Grass,1st Round,3,Vandewinkel H.,Bartunkova N.,97,61.0,785,1048.0,4.0,6.0,7,6,7,5,2.0,1.0,Completed,2.1,1.73,,,2.23,1.73,2.18,1.66,2.44,1.68,20260610
25,'s-Hertogenbosch,Rosmalen Grass Court Championships,2026-06-10,WTA250,Outdoor,Grass,1st Round,3,McNally C.,Navarro E.,59,25.0,1056,1779.0,4.0,6.0,6,0,6,4,2.0,1.0,Completed,2.3,1.62,,,2.3,1.67,2.23,1.63,2.32,1.74,20260610
25,'s-Hertogenbosch,Rosmalen Grass Court Championships,2026-06-11,WTA250,Outdoor,Grass,2nd Round,3,Sonmez Z.,Potapova A.,67,27.0,1001,1640.0,6.0,1.0,2,0,,,1.0,0.0,Retired,2.63,1.5,,,2.88,1.53,2.58,1.48,2.66,1.59,20260611
25,'s-Hertogenbosch,Rosmalen Grass Court Championships,2026-06-11,WTA250,Outdoor,Grass,2nd Round,3,Montgomery R.,Minnen G.,484,202.0,116,361.0,6.0,4.0,7,6,,,2.0,0.0,Completed,2.3,1.62,,,2.31,1.65,2.25,1.61,2.42,1.69,20260611
25,'s-Hertogenbosch,Rosmalen Grass Court Championships,2026-06-11,WTA250,Outdoor,Grass,2nd Round,3,Ruse E.G.,Mertens E.,88,22.0,858,1918.0,6.0,3.0,6,3,,,2.0,0.0,Completed,4,1.25,,,4.0,1.32,3.68,1.26,4.3,1.29,20260611
25,'s-Hertogenbosch,Rosmalen Grass Court Championships,2026-06-11,WTA250,Outdoor,Grass,2nd Round,3,Linette M.,Pohankova M.,60,280.0,1051,253.0,6.0,2.0,6,2,,,2.0,0.0,Completed,1.8,2.0,,,2.0,2.07,1.8,1.97,1.89,2.1,20260611
25,'s-Hertogenbosch,Rosmalen Grass Court Championships,2026-06-11,WTA250,Outdoor,Grass,2nd Round,3,Snigur D.,Udvardy P.,84,65.0,889,1012.0,6.0,4.0,3,6,6,4,2.0,1.0,Completed,1.3,3.5,,,1.3,3.75,1.27,3.61,1.29,4.3,20260611
25,'s-Hertogenbosch,Rosmalen Grass Court Championships,2026-06-11,WTA250,Outdoor,Grass,2nd Round,3,Krejcikova B.,Vandewinkel H.,45,97.0,1211,785.0,6.0,1.0,6,4,,,2.0,0.0,Completed,1.22,4.33,,,1.24,4.33,1.22,4.1,1.27,4.7,20260611
25,'s-Hertogenbosch,Rosmalen Grass Court Championships,2026-06-12,WTA250,Outdoor,Grass,2nd Round,3,McNally C.,Sierra S.,59,56.0,1056,1064.0,6.0,4.0,6,3,,,2.0,0.0,Completed,1.4,3.0,,,1.4,3.25,1.35,3.1,1.43,3.25,20260612
25,'s-Hertogenbosch,Rosmalen Grass Court Championships,2026-06-12,WTA250,Outdoor,Grass,2nd Round,3,Tomljanovic A.,Yastremska D.,109,49.0,724,1126.0,4.0,6.0,6,4,7,5,2.0,1.0,Completed,2.3,1.62,,,2.3,1.67,2.23,1.62,2.26,1.78,20260612
25,'s-Hertogenbosch,Rosmalen Grass Court Championships,2026-06-12,WTA250,Outdoor,Grass,Quarterfinals,3,Krejcikova B.,Ruse E.G.,45,88.0,1211,858.0,6.0,1.0,6,2,,,2.0,0.0,Completed,1.44,2.75,,,1.5,2.75,1.47,2.62,1.53,2.84,20260612
25,'s-Hertogenbosch,Rosmalen Grass Court Championships,2026-06-12,WTA250,Outdoor,Grass,Quarterfinals,3,Linette M.,Sonmez Z.,60,67.0,1051,1001.0,6.0,4.0,6,2,,,2.0,0.0,Completed,2,1.8,,,2.1,1.83,1.98,1.79,2.12,1.87,20260612
25,'s-Hertogenbosch,Rosmalen Grass Court Championships,2026-06-12,WTA250,Outdoor,Grass,Quarterfinals,3,Montgomery R.,Snigur D.,484,84.0,116,889.0,6.0,4.0,6,4,,,2.0,0.0,Completed,2.1,1.73,,,2.11,1.75,2.08,1.72,2.2,1.82,20260612
25,'s-Hertogenbosch,Rosmalen Grass Court Championships,2026-06-13,WTA250,Outdoor,Grass,Quarterfinals,3,Tomljanovic A.,McNally C.,109,59.0,724,1056.0,6.0,4.0,6,4,,,2.0,0.0,Completed,2.5,1.53,,,2.62,1.55,2.48,1.51,2.68,1.57,20260613
25,'s-Hertogenbosch,Rosmalen Grass Court Championships,2026-06-13,WTA250,Outdoor,Grass,Semifinals,3,Krejcikova B.,Linette M.,45,60.0,1211,1051.0,6.0,3.0,7,6,,,2.0,0.0,Completed,1.33,3.4,,,1.35,3.5,1.33,3.21,1.36,3.65,20260613
25,'s-Hertogenbosch,Rosmalen Grass Court Championships,2026-06-13,WTA250,Outdoor,Grass,Semifinals,3,Montgomery R.,Tomljanovic A.,484,109.0,116,724.0,6.0,4.0,6,2,,,2.0,0.0,Completed,1.8,2.0,,,1.91,2.05,1.81,1.95,1.94,2.04,20260613
25,'s-Hertogenbosch,Rosmalen Grass Court Championships,2026-06-14,WTA250,Outdoor,Grass,The Final,3,Montgomery R.,Krejcikova B.,484,45.0,116,1211.0,,,,,,,,,Walkover,3.2,1.36,,,3.25,1.4,3.12,1.35,3.5,1.39,20260614
26,Queens Club,Queen's Club Championships,2026-06-08,WTA500,Outdoor,Grass,1st Round,3,Dart H.,Samsonova L.,160,35.0,467,1405.0,5.0,7.0,6,4,6,3,2.0,1.0,Completed,2.75,1.44,,,2.85,1.44,2.77,1.42,3.0,1.49,20260608
26,Queens Club,Queen's Club Championships,2026-06-08,WTA500,Outdoor,Grass,1st Round,3,Pliskova Ka.,Kessler M.,106,39.0,730,1289.0,6.0,7.0,6,3,6,4,2.0,1.0,Completed,1.73,2.1,,,1.76,2.2,1.7,2.1,1.81,2.2,20260608
26,Queens Club,Queen's Club Championships,2026-06-08,WTA500,Outdoor,Grass,1st Round,3,Cristian J.,Zheng Q.,38,122.0,1294,660.0,6.0,4.0,7,6,,,2.0,0.0,Completed,3.4,1.33,,,3.4,1.35,3.21,1.33,3.65,1.37,20260608
26,Queens Club,Queen's Club Championships,2026-06-09,WTA500,Outdoor,Grass,1st Round,3,Cirstea S.,Inglis M.,18,151.0,2415,516.0,6.0,4.0,5,7,6,2,2.0,1.0,Completed,1.2,4.5,,,1.22,4.5,1.2,4.31,1.23,5.1,20260609
26,Queens Club,Queen's Club Championships,2026-06-09,WTA500,Outdoor,Grass,1st Round,3,Raducanu E.,Blinkova A.,42,105.0,1241,733.0,6.0,0.0,6,3,,,2.0,0.0,Completed,1.44,2.75,,,1.55,2.75,1.51,2.51,1.64,2.52,20260609
26,Queens Club,Queen's Club Championships,2026-06-09,WTA500,Outdoor,Grass,1st Round,3,Jovic I.,Ruzic A.,19,58.0,2366,1061.0,6.0,3.0,6,4,,,2.0,0.0,Completed,1.29,3.75,,,1.29,3.9,1.26,3.73,1.31,4.1,20260609
26,Queens Club,Queen's Club Championships,2026-06-09,WTA500,Outdoor,Grass,1st Round,3,Boulter K.,Fernandez L.A.,73,23.0,941,1844.0,3.0,6.0,7,6,7,5,2.0,1.0,Completed,1.73,2.1,,,1.85,2.1,1.77,2.0,1.97,2.02,20260609
26,Queens Club,Queen's Club Championships,2026-06-09,WTA500,Outdoor,Grass,1st Round,3,Siegemund L.,Jones F.,44,98.0,1230,776.0,6.0,2.0,6,3,,,2.0,0.0,Completed,1.4,3.0,,,1.4,3.15,1.37,2.98,1.43,3.3,20260609
26,Queens Club,Queen's Club Championships,2026-06-09,WTA500,Outdoor,Grass,1st Round,3,Eala A.,Zhang S.,33,64.0,1416,1015.0,6.0,3.0,6,2,,,2.0,0.0,Completed,1.5,2.63,,,1.54,2.63,1.49,2.58,1.57,2.72,20260609
26,Queens Club,Queen's Club Championships,2026-06-09,WTA500,Outdoor,Grass,1st Round,3,Maria T.,Sakkari M.,52,37.0,1111,1328.0,6.0,3.0,6,3,,,2.0,0.0,Completed,1.91,1.91,,,1.91,1.95,1.83,1.92,1.9,2.08,20260609
26,Queens Club,Queen's Club Championships,2026-06-09,WTA500,Outdoor,Grass,1st Round,3,Bouzkova M.,Kudermetova P.,28,121.0,1631,668.0,6.0,0.0,6,3,,,2.0,0.0,Completed,1.44,2.75,,,1.44,2.9,1.41,2.78,1.47,3.05,20260609
26,Queens Club,Queen's Club Championships,2026-06-09,WTA500,Outdoor,Grass,1st Round,3,Vekic D.,Stojsavljevic M.,76,261.0,933,270.0,6.0,2.0,6,3,,,2.0,0.0,Completed,1.3,3.5,,,1.36,3.5,1.32,3.28,1.38,3.5,20260609
26,Queens Club,Queen's Club Championships,2026-06-10,WTA500,Outdoor,Grass,2nd Round,3,Jovic I.,Eala A.,19,33.0,2366,1416.0,6.0,2.0,6,2,,,2.0,0.0,Completed,1.57,2.38,,,1.57,2.45,1.54,2.4,1.72,2.38,20260610
26,Queens Club,Queen's Club Championships,2026-06-10,WTA500,Outdoor,Grass,2nd Round,3,Anisimova A.,Siegemund L.,5,44.0,5848,1230.0,6.0,1.0,6,3,,,2.0,0.0,Completed,1.3,3.5,,,1.33,3.75,1.29,3.5,1.3,4.2,20260610
26,Queens Club,Queen's Club Championships,2026-06-10,WTA500,Outdoor,Grass,2nd Round,3,Pliskova Ka.,Mboko V.,106,9.0,730,3670.0,6.0,2.0,3,4,,,1.0,0.0,Retired,2.75,1.44,,,2.85,1.5,2.67,1.45,3.0,1.49,20260610
26,Queens Club,Queen's Club Championships,2026-06-12,WTA500,Outdoor,Grass,2nd Round,3,Vekic D.,Bouzkova M.,76,28.0,933,1631.0,7.0,6.0,6,3,,,2.0,0.0,Completed,2.3,1.62,,,2.31,1.65,2.24,1.62,2.3,1.75,20260612
26,Queens Club,Queen's Club Championships,2026-06-12,WTA500,Outdoor,Grass,2nd Round,3,Boulter K.,Cristian J.,73,38.0,941,1294.0,6.0,1.0,6,3,,,2.0,0.0,Completed,1.44,2.75,,,1.47,2.9,1.43,2.74,1.44,3.2,20260612
26,Queens Club,Queen's Club Championships,2026-06-12,WTA500,Outdoor,Grass,2nd Round,3,Rybakina E.,Maria T.,2,52.0,8143,1111.0,6.0,7.0,7,5,6,0,2.0,1.0,Completed,1.17,5.0,,,1.21,5.0,1.18,4.56,1.21,5.6,20260612
26,Queens Club,Queen's Club Championships,2026-06-12,WTA500,Outdoor,Grass,2nd Round,3,Rakhimova K.,Dart H.,78,160.0,920,467.0,5.0,7.0,6,1,7,5,2.0,1.0,Completed,2.1,1.73,,,2.1,1.8,2.05,1.74,2.2,1.82,20260612
26,Queens Club,Queen's Club Championships,2026-06-12,WTA500,Outdoor,Grass,2nd Round,3,Raducanu E.,Cirstea S.,42,18.0,1241,2415.0,6.0,4.0,6,2,,,2.0,0.0,Completed,1.8,2.0,,,1.91,2.0,1.86,1.89,1.94,2.04,20260612
26,Queens Club,Queen's Club Championships,2026-06-12,WTA500,Outdoor,Grass,Quarterfinals,3,Jovic I.,Anisimova A.,19,5.0,2366,5848.0,6.0,2.0,3,6,6,3,2.0,1.0,Completed,2.2,1.67,,,2.24,1.67,2.19,1.65,2.36,1.72,20260612
26,Queens Club,Queen's Club Championships,2026-06-12,WTA500,Outdoor,Grass,Quarterfinals,3,Vekic D.,Pliskova Ka.,76,106.0,933,730.0,6.0,4.0,4,6,6,3,2.0,1.0,Completed,1.67,2.2,,,1.73,2.21,1.67,2.16,1.73,2.34,20260612
26,Queens Club,Queen's Club Championships,2026-06-12,WTA500,Outdoor,Grass,Quarterfinals,3,Boulter K.,Rybakina E.,73,2.0,941,8143.0,7.0,5.0,2,6,6,4,2.0,1.0,Completed,4,1.25,,,4.0,1.29,3.83,1.25,4.7,1.26,20260612
26,Queens Club,Queen's Club Championships,2026-06-13,WTA500,Outdoor,Grass,Quarterfinals,3,Raducanu E.,Rakhimova K.,42,78.0,1241,920.0,6.0,3.0,7,5,,,2.0,0.0,Completed,1.2,4.5,,,1.2,5.0,1.19,4.44,1.23,5.1,20260613
26,Queens Club,Queen's Club Championships,2026-06-13,WTA500,Outdoor,Grass,Semifinals,3,Vekic D.,Boulter K.,76,73.0,933,941.0,6.0,1.0,6,3,,,2.0,0.0,Completed,2.1,1.73,,,2.2,1.75,2.1,1.7,2.34,1.72,20260613
26,Queens Club,Queen's Club Championships,2026-06-13,WTA500,Outdoor,Grass,Semifinals,3,Raducanu E.,Jovic I.,42,19.0,1241,2366.0,6.0,2.0,6,2,,,2.0,0.0,Completed,3.75,1.29,,,4.0,1.3,3.67,1.27,4.3,1.29,20260613
26,Queens Club,Queen's Club Championships,2026-06-14,WTA500,Outdoor,Grass,The Final,3,Vekic D.,Raducanu E.,76,42.0,933,1241.0,6.0,0.0,7,6,,,2.0,0.0,Completed,2.2,1.67,,,2.25,1.68,2.19,1.66,2.34,1.72,20260614
27,Berlin,German Open,2026-06-15,WTA500,Outdoor,Grass,1st Round,3,Alexandrova E.,Potapova A.,19,26.0,2411,1669.0,6.0,1.0,,,,,1.0,0.0,Retired,1.8,2.0,,,1.81,2.02,1.78,1.99,1.9,2.08,20260615
27,Berlin,German Open,2026-06-15,WTA500,Outdoor,Grass,1st Round,3,Bartunkova N.,Shnaider D.,62,16.0,1041,2458.0,6.0,2.0,6,7,6,3,2.0,1.0,Completed,2.63,1.5,,,2.7,1.5,2.6,1.48,2.78,1.55,20260615
27,Berlin,German Open,2026-06-15,WTA500,Outdoor,Grass,1st Round,3,Mertens E.,Samsonova L.,24,37.0,1698,1405.0,1.0,6.0,6,3,6,0,2.0,1.0,Completed,1.53,2.5,,,1.53,2.65,1.5,2.53,1.59,2.66,20260615
27,Berlin,German Open,2026-06-16,WTA500,Outdoor,Grass,1st Round,3,Lys E.,Frech M.,80,45.0,901,1238.0,7.0,6.0,6,3,,,2.0,0.0,Completed,2.1,1.73,,,2.38,1.8,2.09,1.71,2.16,1.84,20260616
27,Berlin,German Open,2026-06-16,WTA500,Outdoor,Grass,1st Round,3,Keys M.,Wang Xin.,28,32.0,1642,1431.0,7.0,6.0,6,1,,,2.0,0.0,Completed,1.36,3.2,,,1.36,3.75,1.32,3.29,1.39,3.5,20260616
27,Berlin,German Open,2026-06-16,WTA500,Outdoor,Grass,1st Round,3,Noskova L.,Zarazua R.,13,77.0,3054,925.0,6.0,1.0,6,4,,,2.0,0.0,Completed,1.2,4.5,,,1.22,4.9,1.2,4.41,1.23,5.2,20260616
27,Berlin,German Open,2026-06-16,WTA500,Outdoor,Grass,1st Round,3,Muchova K.,Zhang S.,10,67.0,3388,1015.0,6.0,1.0,6,3,,,2.0,0.0,Completed,1.33,3.4,,,1.34,3.5,1.33,3.27,1.37,3.6,20260616
27,Berlin,German Open,2026-06-16,WTA500,Outdoor,Grass,1st Round,3,Siniakova K.,Masarova R.,34,141.0,1422,550.0,6.0,2.0,6,4,,,2.0,0.0,Completed,1.44,2.75,,,1.53,2.75,1.47,2.59,1.54,2.8,20260616
27,Berlin,German Open,2026-06-16,WTA500,Outdoor,Grass,1st Round,3,Svitolina E.,Kalinskaya A.,8,20.0,4315,2212.0,6.0,1.0,4,1,,,1.0,0.0,Retired,1.44,2.75,,,1.45,3.5,1.41,2.8,1.47,3.05,20260616
27,Berlin,German Open,2026-06-16,WTA500,Outdoor,Grass,1st Round,3,Parry D.,Tauson C.,60,23.0,1045,1800.0,6.0,3.0,6,4,,,2.0,0.0,Completed,1.73,2.1,,,1.73,2.2,1.7,2.11,1.76,2.28,20260616
27,Berlin,German Open,2026-06-16,WTA500,Outdoor,Grass,1st Round,3,Badosa P.,Lamens S.,142,134.0,546,572.0,6.0,3.0,6,2,,,2.0,0.0,Completed,1.67,2.2,,,1.73,2.2,1.67,2.16,1.74,2.34,20260616
27,Berlin,German Open,2026-06-17,WTA500,Outdoor,Grass,1st Round,3,Eala A.,Vekic D.,35,33.0,1422,1431.0,7.0,5.0,6,4,,,2.0,0.0,Completed,2.1,1.73,,,2.2,1.81,2.04,1.75,2.28,1.77,20260617
27,Berlin,German Open,2026-06-17,WTA500,Outdoor,Grass,2nd Round,3,Bartunkova N.,Mertens E.,62,24.0,1041,1698.0,6.0,1.0,6,4,,,2.0,0.0,Completed,3.2,1.36,,,3.2,1.4,3.02,1.37,3.4,1.41,20260617
27,Berlin,German Open,2026-06-17,WTA500,Outdoor,Grass,2nd Round,3,Pegula J.,Siniakova K.,4,34.0,6056,1422.0,6.0,2.0,6,4,,,2.0,0.0,Completed,1.57,2.38,,,1.62,2.5,1.55,2.38,1.65,2.5,20260617
27,Berlin,German Open,2026-06-17,WTA500,Outdoor,Grass,2nd Round,3,Badosa P.,Gauff C.,142,7.0,546,4879.0,1.0,6.0,6,3,6,2,2.0,1.0,Completed,3.5,1.3,,,3.5,1.33,3.35,1.31,3.9,1.32,20260617
27,Berlin,German Open,2026-06-17,WTA500,Outdoor,Grass,2nd Round,3,Sabalenka A.,Alexandrova E.,1,19.0,9090,2411.0,6.0,4.0,6,4,,,2.0,0.0,Completed,1.22,4.33,,,1.25,4.6,1.22,4.11,1.25,4.7,20260617
27,Berlin,German Open,2026-06-18,WTA500,Outdoor,Grass,2nd Round,3,Noskova L.,Parry D.,13,60.0,3054,1045.0,6.0,2.0,6,2,,,2.0,0.0,Completed,1.33,3.4,,,1.36,3.4,1.34,3.13,1.4,3.4,20260618
27,Berlin,German Open,2026-06-18,WTA500,Outdoor,Grass,2nd Round,3,Svitolina E.,Lys E.,8,80.0,4315,901.0,6.0,3.0,6,2,,,2.0,0.0,Completed,1.17,5.0,,,1.22,5.0,1.19,4.48,1.22,5.3,20260618
27,Berlin,German Open,2026-06-18,WTA500,Outdoor,Grass,2nd Round,3,Keys M.,Muchova K.,28,10.0,1642,3388.0,6.0,4.0,7,5,,,2.0,0.0,Completed,2,1.8,,,2.0,1.85,1.97,1.8,2.08,1.89,20260618
27,Berlin,German Open,2026-06-18,WTA500,Outdoor,Grass,2nd Round,3,Eala A.,Rybakina E.,35,2.0,1422,8143.0,7.0,5.0,6,4,,,2.0,0.0,Completed,5,1.17,,,5.25,1.2,4.7,1.17,5.2,1.23,20260618
27,Berlin,German Open,2026-06-19,WTA500,Outdoor,Grass,Quarterfinals,3,Pegula J.,Keys M.,4,28.0,6056,1642.0,7.0,6.0,7,6,,,2.0,0.0,Completed,1.67,2.2,,,1.73,2.2,1.67,2.15,1.72,2.36,20260619
27,Berlin,German Open,2026-06-19,WTA500,Outdoor,Grass,Quarterfinals,3,Noskova L.,Badosa P.,13,142.0,3054,546.0,6.0,1.0,6,3,,,2.0,0.0,Completed,1.44,2.75,,,1.45,3.2,1.41,2.79,1.46,3.1,20260619
27,Berlin,German Open,2026-06-19,WTA500,Outdoor,Grass,Quarterfinals,3,Sabalenka A.,Bartunkova N.,1,62.0,9090,1041.0,2.0,6.0,7,6,6,4,2.0,1.0,Completed,1.11,6.5,,,1.12,7.5,1.1,6.48,1.15,7.4,20260619
27,Berlin,German Open,2026-06-19,WTA500,Outdoor,Grass,Quarterfinals,3,Eala A.,Svitolina E.,35,8.0,1422,4315.0,6.0,3.0,6,4,,,2.0,0.0,Completed,3,1.4,,,3.1,1.4,2.92,1.39,3.1,1.46,20260619
27,Berlin,German Open,2026-06-20,WTA500,Outdoor,Grass,Semifinals,3,Pegula J.,Sabalenka A.,4,1.0,6056,9090.0,6.0,4.0,6,7,6,0,2.0,1.0,Completed,2.5,1.53,,,2.63,1.57,2.43,1.54,2.5,1.64,20260620
27,Berlin,German Open,2026-06-20,WTA500,Outdoor,Grass,Semifinals,3,Noskova L.,Eala A.,13,35.0,3054,1422.0,6.0,2.0,6,4,,,2.0,0.0,Completed,1.62,2.3,,,1.64,2.5,1.59,2.27,1.71,2.38,20260620
27,Berlin,German Open,2026-06-21,WTA500,Outdoor,Grass,The Final,3,Noskova L.,Pegula J.,13,4.0,3054,6056.0,6.0,4.0,4,6,6,3,2.0,1.0,Completed,2.38,1.57,,,2.5,1.62,2.38,1.56,2.66,1.59,20260621
28,Nottingham,Nottingham Open,2026-06-15,WTA250,Outdoor,Grass,1st Round,3,Bouzkova M.,Valentova T.,27,63.0,1659,1040.0,6.0,3.0,6,3,,,2.0,0.0,Completed,1.57,2.38,,,1.58,2.5,1.55,2.39,1.58,2.68,20260615
28,Nottingham,Nottingham Open,2026-06-15,WTA250,Outdoor,Grass,1st Round,3,Maria T.,Tjen J.,117,43.0,671,1267.0,6.0,3.0,6,2,,,2.0,0.0,Completed,1.53,2.5,,,1.62,2.5,1.55,2.39,1.71,2.42,20260615
28,Nottingham,Nottingham Open,2026-06-15,WTA250,Outdoor,Grass,1st Round,3,Zheng Q.,Sakkari M.,160,41.0,466,1299.0,4.0,6.0,7,6,6,4,2.0,1.0,Completed,1.57,2.38,,,1.62,2.38,1.59,2.28,1.67,2.46,20260615
28,Nottingham,Nottingham Open,2026-06-15,WTA250,Outdoor,Grass,1st Round,3,Navarro E.,Bondar A.,25,74.0,1681,936.0,6.0,7.0,6,3,6,2,2.0,1.0,Completed,1.3,3.5,,,1.3,3.5,1.3,3.5,,,20260615
28,Nottingham,Nottingham Open,2026-06-15,WTA250,Outdoor,Grass,1st Round,3,Starodubtseva Y.,Joint M.,59,53.0,1063,1096.0,6.0,7.0,7,5,6,4,2.0,1.0,Completed,1.62,2.3,,,1.62,2.5,1.54,2.4,1.55,2.76,20260615
28,Nottingham,Nottingham Open,2026-06-15,WTA250,Outdoor,Grass,1st Round,3,Gibson T.,Jones F.,66,99.0,1023,776.0,6.0,3.0,5,7,7,6,2.0,1.0,Completed,1.3,3.5,,,1.3,3.75,1.28,3.53,1.31,4.1,20260615
28,Nottingham,Nottingham Open,2026-06-15,WTA250,Outdoor,Grass,1st Round,3,Bouzas Maneiro J.,Sakatsume H.,55,125.0,1080,612.0,7.0,5.0,6,2,,,2.0,0.0,Completed,1.5,2.63,,,1.5,2.65,1.48,2.59,1.61,2.6,20260615
28,Nottingham,Nottingham Open,2026-06-15,WTA250,Outdoor,Grass,1st Round,3,Preston T.,Blinkova A.,124,106.0,624,728.0,4.0,6.0,6,3,6,3,2.0,1.0,Completed,2.5,1.53,,,2.6,1.54,2.49,1.51,2.5,1.66,20260615
28,Nottingham,Nottingham Open,2026-06-16,WTA250,Outdoor,Grass,1st Round,3,Li A.,Birrell K.,29,73.0,1601,939.0,4.0,6.0,7,6,6,4,2.0,1.0,Completed,2.2,1.67,,,2.25,1.67,2.18,1.66,2.24,1.78,20260616
28,Nottingham,Nottingham Open,2026-06-16,WTA250,Outdoor,Grass,1st Round,3,Volynets K.,Kessler M.,102,44.0,765,1261.0,6.0,3.0,6,3,,,2.0,0.0,Completed,2.2,1.67,,,2.2,1.73,2.12,1.69,2.18,1.83,20260616
28,Nottingham,Nottingham Open,2026-06-16,WTA250,Outdoor,Grass,1st Round,3,Sonmez Z.,Fernandez L.A.,61,22.0,1042,1844.0,6.0,4.0,7,6,,,2.0,0.0,Completed,2.1,1.73,,,2.28,1.73,2.2,1.64,2.34,1.72,20260616
28,Nottingham,Nottingham Open,2026-06-16,WTA250,Outdoor,Grass,1st Round,3,Yastremska D.,Dudeney A.,50,248.0,1126,286.0,6.0,4.0,7,6,,,2.0,0.0,Completed,1.2,4.5,,,1.25,5.5,1.2,4.4,1.23,4.9,20260616
28,Nottingham,Nottingham Open,2026-06-16,WTA250,Outdoor,Grass,1st Round,3,McNally C.,Ruzic A.,54,57.0,1095,1071.0,6.0,3.0,6,0,,,2.0,0.0,Completed,1.5,2.63,,,1.53,2.75,1.47,2.62,1.5,2.9,20260616
28,Nottingham,Nottingham Open,2026-06-16,WTA250,Outdoor,Grass,1st Round,3,Klugman H.,Dart H.,509,152.0,107,512.0,6.0,2.0,6,4,,,2.0,0.0,Completed,3,1.4,,,3.0,1.44,2.87,1.4,3.0,1.48,20260616
28,Nottingham,Nottingham Open,2026-06-16,WTA250,Outdoor,Grass,1st Round,3,Golubic V.,Kenin S.,76,104.0,927,747.0,6.0,2.0,4,6,6,3,2.0,1.0,Completed,1.62,2.3,,,1.8,2.3,1.63,2.23,,,20260616
28,Nottingham,Nottingham Open,2026-06-16,WTA250,Outdoor,Grass,1st Round,3,Pliskova Ka.,Bejlek S.,87,47.0,838,1179.0,2.0,6.0,7,6,6,2,2.0,1.0,Completed,1.29,3.75,,,1.3,3.8,1.27,3.64,1.3,4.2,20260616
28,Nottingham,Nottingham Open,2026-06-17,WTA250,Outdoor,Grass,2nd Round,3,Navarro E.,Starodubtseva Y.,25,59.0,1681,1063.0,6.0,4.0,6,7,6,4,2.0,1.0,Completed,1.44,2.75,,,1.5,2.85,1.44,2.73,1.54,2.78,20260617
28,Nottingham,Nottingham Open,2026-06-17,WTA250,Outdoor,Grass,2nd Round,3,Bouzas Maneiro J.,Volynets K.,55,102.0,1080,765.0,7.0,5.0,1,0,,,1.0,0.0,Retired,2.3,1.62,,,2.38,1.67,2.26,1.62,2.32,1.74,20260617
28,Nottingham,Nottingham Open,2026-06-17,WTA250,Outdoor,Grass,2nd Round,3,Maria T.,Yastremska D.,117,50.0,671,1126.0,6.0,1.0,6,2,,,2.0,0.0,Completed,1.91,1.91,,,1.91,2.02,1.84,1.93,1.92,2.06,20260617
28,Nottingham,Nottingham Open,2026-06-17,WTA250,Outdoor,Grass,2nd Round,3,Gibson T.,Zheng Q.,66,160.0,1023,466.0,6.0,3.0,7,6,,,2.0,0.0,Completed,2.75,1.44,,,3.0,1.47,2.75,1.42,3.0,1.47,20260617
28,Nottingham,Nottingham Open,2026-06-18,WTA250,Outdoor,Grass,2nd Round,3,Golubic V.,Sonmez Z.,76,61.0,927,1042.0,7.0,5.0,4,6,6,4,2.0,1.0,Completed,2.38,1.57,,,2.38,1.67,2.27,1.59,2.44,1.68,20260618
28,Nottingham,Nottingham Open,2026-06-18,WTA250,Outdoor,Grass,2nd Round,3,Pliskova Ka.,McNally C.,87,54.0,838,1095.0,6.0,4.0,7,6,,,2.0,0.0,Completed,2,1.8,,,2.0,1.83,1.97,1.79,2.04,1.94,20260618
28,Nottingham,Nottingham Open,2026-06-18,WTA250,Outdoor,Grass,2nd Round,3,Bouzkova M.,Klugman H.,27,509.0,1659,107.0,7.0,5.0,6,2,,,2.0,0.0,Completed,1.14,5.5,,,1.17,5.5,1.15,5.13,1.19,6.0,20260618
28,Nottingham,Nottingham Open,2026-06-18,WTA250,Outdoor,Grass,2nd Round,3,Li A.,Preston T.,29,124.0,1601,624.0,5.0,7.0,6,2,6,2,2.0,1.0,Completed,1.44,2.75,,,1.5,2.75,1.45,2.68,1.51,2.92,20260618
28,Nottingham,Nottingham Open,2026-06-19,WTA250,Outdoor,Grass,Quarterfinals,3,Bouzkova M.,Maria T.,27,117.0,1659,671.0,7.0,5.0,6,0,,,2.0,0.0,Completed,1.67,2.2,,,1.67,2.3,1.62,2.23,1.69,2.42,20260619
28,Nottingham,Nottingham Open,2026-06-19,WTA250,Outdoor,Grass,Quarterfinals,3,Pliskova Ka.,Gibson T.,87,66.0,838,1023.0,7.0,5.0,6,4,,,2.0,0.0,Completed,1.62,2.3,,,1.62,2.38,1.59,2.27,1.66,2.48,20260619
28,Nottingham,Nottingham Open,2026-06-19,WTA250,Outdoor,Grass,Quarterfinals,3,Navarro E.,Bouzas Maneiro J.,25,55.0,1681,1080.0,7.0,6.0,6,2,,,2.0,0.0,Completed,1.5,2.63,,,1.53,2.65,1.48,2.57,1.53,2.82,20260619
28,Nottingham,Nottingham Open,2026-06-19,WTA250,Outdoor,Grass,Quarterfinals,3,Golubic V.,Li A.,76,29.0,927,1601.0,6.0,3.0,2,6,6,3,2.0,1.0,Completed,2,1.8,,,2.12,1.87,2.0,1.77,2.14,1.85,20260619
28,Nottingham,Nottingham Open,2026-06-20,WTA250,Outdoor,Grass,Semifinals,3,Bouzkova M.,Pliskova Ka.,27,87.0,1659,838.0,6.0,4.0,6,1,,,2.0,0.0,Completed,1.8,2.0,,,1.87,2.0,1.81,1.96,1.91,2.06,20260620
28,Nottingham,Nottingham Open,2026-06-20,WTA250,Outdoor,Grass,Semifinals,3,Navarro E.,Golubic V.,25,76.0,1681,927.0,7.0,6.0,6,2,,,2.0,0.0,Completed,1.4,3.0,,,1.42,3.0,1.4,2.88,1.43,3.25,20260620
28,Nottingham,Nottingham Open,2026-06-21,WTA250,Outdoor,Grass,The Final,3,Bouzkova M.,Navarro E.,27,25.0,1659,1681.0,7.0,6.0,4,6,6,2,2.0,1.0,Completed,1.91,1.91,,,2.0,2.0,1.84,1.92,1.9,2.08,20260621
29,Bad Homburg,Bad Homburg Open,2026-06-21,WTA250,Outdoor,Grass,1st Round,3,Samsonova L.,Siniakova K.,42,34.0,1220,1422.0,6.0,3.0,7,5,,,2.0,0.0,Completed,2.38,1.57,,,2.5,1.57,2.42,1.54,2.72,1.56,20260621
29,Bad Homburg,Bad Homburg Open,2026-06-21,WTA250,Outdoor,Grass,1st Round,3,Fernandez L.A.,Boulter K.,23,59.0,1844,1047.0,6.0,7.0,6,3,6,3,2.0,1.0,Completed,2,1.8,,,2.2,1.8,2.05,1.74,2.14,1.85,20260621
29,Bad Homburg,Bad Homburg Open,2026-06-22,WTA250,Outdoor,Grass,1st Round,3,Tauson C.,Shnaider D.,25,16.0,1756,2458.0,6.0,4.0,6,4,,,2.0,0.0,Completed,2.38,1.57,,,2.7,1.57,2.6,1.48,2.68,1.58,20260622
29,Bad Homburg,Bad Homburg Open,2026-06-22,WTA250,Outdoor,Grass,1st Round,3,Wang Xin.,Zarazua R.,52,76.0,1096,935.0,6.0,1.0,6,2,,,2.0,0.0,Completed,,,,,1.08,7.5,1.08,7.0,,,20260622
29,Bad Homburg,Bad Homburg Open,2026-06-22,WTA250,Outdoor,Grass,1st Round,3,Osaka N.,Frech M.,15,43.0,2571,1208.0,6.0,4.0,6,1,,,2.0,0.0,Completed,1.3,3.5,,,1.33,3.65,1.29,3.53,1.3,4.2,20260622
29,Bad Homburg,Bad Homburg Open,2026-06-22,WTA250,Outdoor,Grass,1st Round,3,Kalinskaya A.,Kraus S.,20,93.0,2212,808.0,6.0,4.0,6,1,,,2.0,0.0,Completed,1.36,3.2,,,1.42,3.25,1.36,3.03,1.41,3.4,20260622
29,Bad Homburg,Bad Homburg Open,2026-06-22,WTA250,Outdoor,Grass,1st Round,3,Zheng Q.,Sierra S.,153,56.0,496,1067.0,7.0,5.0,4,6,6,4,2.0,1.0,Completed,1.44,2.75,,,1.46,2.75,1.44,2.68,1.51,2.96,20260622
29,Bad Homburg,Bad Homburg Open,2026-06-22,WTA250,Outdoor,Grass,1st Round,3,Begu I.,Williams V.,211,471.0,352,123.0,6.0,2.0,4,6,7,6,2.0,1.0,Completed,1.29,3.75,,,1.29,4.5,1.25,3.84,1.26,4.7,20260622
29,Bad Homburg,Bad Homburg Open,2026-06-22,WTA250,Outdoor,Grass,1st Round,3,Mertens E.,Eala A.,26,30.0,1728,1557.0,6.0,3.0,6,3,,,2.0,0.0,Completed,1.73,2.1,,,1.74,2.2,1.69,2.11,1.74,2.32,20260622
29,Bad Homburg,Bad Homburg Open,2026-06-23,WTA250,Outdoor,Grass,1st Round,3,Navarro E.,Lys E.,24,77.0,1784,931.0,7.0,6.0,6,3,,,2.0,0.0,Completed,1.53,2.5,,,1.57,2.63,1.53,2.44,1.66,2.5,20260623
29,Bad Homburg,Bad Homburg Open,2026-06-23,WTA250,Outdoor,Grass,1st Round,3,Alexandrova E.,Li A.,19,29.0,2411,1625.0,6.0,1.0,6,7,6,1,2.0,1.0,Completed,1.62,2.3,,,1.67,2.3,1.62,2.23,1.74,2.32,20260623
29,Bad Homburg,Bad Homburg Open,2026-06-23,WTA250,Outdoor,Grass,1st Round,3,Ruse E.G.,Noskova L.,105,10.0,731,3489.0,6.0,1.0,6,3,,,2.0,0.0,Completed,2.75,1.44,,,2.88,1.45,2.76,1.42,3.0,1.47,20260623
29,Bad Homburg,Bad Homburg Open,2026-06-23,WTA250,Outdoor,Grass,2nd Round,3,Wang Xin.,Fernandez L.A.,52,23.0,1096,1844.0,6.0,3.0,6,4,,,2.0,0.0,Completed,2.1,1.73,,,2.1,1.76,2.08,1.72,2.22,1.8,20260623
29,Bad Homburg,Bad Homburg Open,2026-06-23,WTA250,Outdoor,Grass,2nd Round,3,Osaka N.,Mertens E.,15,26.0,2571,1728.0,6.0,3.0,6,3,,,2.0,0.0,Completed,1.8,2.0,,,1.91,2.02,1.8,1.96,1.91,2.06,20260623
29,Bad Homburg,Bad Homburg Open,2026-06-23,WTA250,Outdoor,Grass,2nd Round,3,Svitolina E.,Samsonova L.,8,42.0,4423,1220.0,3.0,6.0,6,3,6,2,2.0,1.0,Completed,1.36,3.2,,,1.4,3.2,1.37,2.97,1.41,3.35,20260623
29,Bad Homburg,Bad Homburg Open,2026-06-24,WTA250,Outdoor,Grass,2nd Round,3,Alexandrova E.,Andreeva M.,19,5.0,2411,5751.0,6.0,3.0,6,4,,,2.0,0.0,Completed,3,1.4,,,3.0,1.4,2.94,1.38,3.25,1.43,20260624
29,Bad Homburg,Bad Homburg Open,2026-06-24,WTA250,Outdoor,Grass,2nd Round,3,Tauson C.,Zheng Q.,25,153.0,1756,496.0,5.0,7.0,6,4,6,2,2.0,1.0,Completed,2.1,1.73,,,2.14,1.75,2.08,1.72,2.2,1.81,20260624
29,Bad Homburg,Bad Homburg Open,2026-06-24,WTA250,Outdoor,Grass,2nd Round,3,Ruse E.G.,Kalinskaya A.,105,20.0,731,2212.0,7.0,5.0,6,2,,,2.0,0.0,Completed,2,1.8,,,2.1,1.91,1.96,1.81,2.08,1.91,20260624
29,Bad Homburg,Bad Homburg Open,2026-06-24,WTA250,Outdoor,Grass,2nd Round,3,Navarro E.,Swiatek I.,24,3.0,1784,6733.0,7.0,5.0,2,6,6,3,2.0,1.0,Completed,3.2,1.36,,,3.2,1.42,2.98,1.37,3.4,1.4,20260624
29,Bad Homburg,Bad Homburg Open,2026-06-24,WTA250,Outdoor,Grass,2nd Round,3,Muchova K.,Begu I.,11,211.0,3438,352.0,6.0,1.0,6,1,,,2.0,0.0,Completed,1.13,6.0,,,1.14,6.0,1.13,5.67,1.15,7.0,20260624
29,Bad Homburg,Bad Homburg Open,2026-06-25,WTA250,Outdoor,Grass,Quarterfinals,3,Wang Xin.,Svitolina E.,52,8.0,1096,4423.0,,,,,,,,,Walkover,3,1.4,,,3.25,1.44,2.98,1.37,3.25,1.43,20260625
29,Bad Homburg,Bad Homburg Open,2026-06-25,WTA250,Outdoor,Grass,Quarterfinals,3,Osaka N.,Alexandrova E.,15,19.0,2571,2411.0,6.0,2.0,6,2,,,2.0,0.0,Completed,1.62,2.3,,,1.62,2.33,1.6,2.27,1.68,2.42,20260625
29,Bad Homburg,Bad Homburg Open,2026-06-25,WTA250,Outdoor,Grass,Quarterfinals,3,Ruse E.G.,Navarro E.,105,24.0,731,1784.0,6.0,4.0,6,2,,,2.0,0.0,Completed,2.2,1.67,,,2.5,1.67,2.24,1.62,2.32,1.75,20260625
29,Bad Homburg,Bad Homburg Open,2026-06-25,WTA250,Outdoor,Grass,Quarterfinals,3,Muchova K.,Tauson C.,11,25.0,3438,1756.0,1.0,6.0,6,2,6,4,2.0,1.0,Completed,1.44,2.75,,,1.5,2.8,1.43,2.74,1.51,2.96,20260625
29,Bad Homburg,Bad Homburg Open,2026-06-26,WTA250,Outdoor,Grass,Semifinals,3,Osaka N.,Wang Xin.,15,52.0,2571,1096.0,6.0,3.0,6,3,,,2.0,0.0,Completed,1.25,4.0,,,1.3,4.0,1.26,3.69,1.3,4.1,20260626
29,Bad Homburg,Bad Homburg Open,2026-06-26,WTA250,Outdoor,Grass,Semifinals,3,Muchova K.,Ruse E.G.,11,105.0,3438,731.0,6.0,4.0,6,4,,,2.0,0.0,Completed,1.44,2.75,,,1.5,2.88,1.43,2.74,1.53,2.84,20260626
29,Bad Homburg,Bad Homburg Open,2026-06-27,WTA250,Outdoor,Grass,The Final,3,Osaka N.,Muchova K.,15,11.0,2571,3438.0,1.0,6.0,0,1,,,0.0,1.0,Retired,1.57,2.38,,,1.62,2.45,1.58,2.33,1.65,2.5,20260627
30,Eastbourne,Eastbourne Open,2026-06-22,WTA250,Outdoor,Grass,1st Round,3,Kalinina A.,Snigur D.,70,78.0,978,928.0,7.0,6.0,7,5,,,2.0,0.0,Completed,2.5,1.53,,,2.5,1.54,2.47,1.52,2.66,1.59,20260622
30,Eastbourne,Eastbourne Open,2026-06-22,WTA250,Outdoor,Grass,1st Round,3,Valentova T.,Klugman H.,61,412.0,1041,148.0,7.0,5.0,5,7,7,5,2.0,1.0,Completed,1.36,3.2,,,1.36,3.4,1.33,3.22,1.37,3.65,20260622
30,Eastbourne,Eastbourne Open,2026-06-22,WTA250,Outdoor,Grass,1st Round,3,Marcinko P.,Ruzic A.,51,60.0,1101,1041.0,7.0,6.0,4,6,7,6,2.0,1.0,Completed,2.3,1.62,,,2.35,1.67,2.26,1.61,2.5,1.65,20260622
30,Eastbourne,Eastbourne Open,2026-06-22,WTA250,Outdoor,Grass,1st Round,3,Arango E.,Joint M.,101,53.0,773,1096.0,7.0,6.0,6,4,,,2.0,0.0,Completed,2.5,1.53,,,2.5,1.58,2.35,1.56,2.56,1.62,20260622
30,Eastbourne,Eastbourne Open,2026-06-22,WTA250,Outdoor,Grass,1st Round,3,Tomljanovic A.,Cocciaretto E.,98,44.0,797,1192.0,6.0,2.0,6,7,7,5,2.0,1.0,Completed,1.53,2.5,,,1.75,2.5,1.64,2.22,1.82,2.18,20260622
30,Eastbourne,Eastbourne Open,2026-06-22,WTA250,Outdoor,Grass,1st Round,3,Ostapenko J.,Jones F.,35,103.0,1404,747.0,6.0,2.0,6,2,,,2.0,0.0,Completed,1.25,4.0,,,1.25,4.0,1.24,3.85,1.25,4.8,20260622
30,Eastbourne,Eastbourne Open,2026-06-22,WTA250,Outdoor,Grass,1st Round,3,Kessler M.,Kasatkina D.,62,68.0,1038,1009.0,6.0,3.0,7,6,,,2.0,0.0,Completed,2,1.8,,,2.05,1.83,1.99,1.78,2.14,1.87,20260622
30,Eastbourne,Eastbourne Open,2026-06-23,WTA250,Outdoor,Grass,1st Round,3,Bouzas Maneiro J.,Dudeney A.,48,246.0,1124,293.0,6.0,0.0,6,3,,,2.0,0.0,Completed,1.4,3.0,,,1.45,3.0,1.4,2.86,1.42,3.25,20260623
30,Eastbourne,Eastbourne Open,2026-06-23,WTA250,Outdoor,Grass,1st Round,3,McNally C.,Tjen J.,50,41.0,1107,1247.0,7.0,5.0,6,7,6,3,2.0,1.0,Completed,1.33,3.4,,,1.36,3.4,1.32,3.27,1.35,3.85,20260623
30,Eastbourne,Eastbourne Open,2026-06-23,WTA250,Outdoor,Grass,1st Round,3,Maria T.,Paolini J.,112,14.0,695,2617.0,6.0,4.0,6,3,,,2.0,0.0,Completed,2,1.8,,,2.0,2.0,1.93,1.84,2.08,1.9,20260623
30,Eastbourne,Eastbourne Open,2026-06-23,WTA250,Outdoor,Grass,1st Round,3,Zakharova A.,Starodubtseva Y.,91,55.0,828,1077.0,6.0,4.0,3,6,6,3,2.0,1.0,Completed,2.5,1.53,,,2.5,1.57,2.43,1.54,2.6,1.6,20260623
30,Eastbourne,Eastbourne Open,2026-06-23,WTA250,Outdoor,Grass,1st Round,3,Bejlek S.,Siegemund L.,45,40.0,1179,1272.0,3.0,6.0,7,6,7,6,2.0,1.0,Completed,2,1.8,,,2.1,1.85,2.01,1.76,2.28,1.76,20260623
30,Eastbourne,Eastbourne Open,2026-06-23,WTA250,Outdoor,Grass,1st Round,3,Keys M.,Gibson T.,27,57.0,1685,1056.0,6.0,4.0,6,4,,,2.0,0.0,Completed,1.22,4.33,,,1.23,4.4,1.22,4.11,1.27,4.6,20260623
30,Eastbourne,Eastbourne Open,2026-06-23,WTA250,Outdoor,Grass,1st Round,3,Udvardy P.,Bondar A.,71,75.0,967,936.0,7.0,6.0,3,2,,,1.0,0.0,Retired,2.3,1.62,,,2.5,1.67,2.28,1.61,2.26,1.78,20260623
30,Eastbourne,Eastbourne Open,2026-06-23,WTA250,Outdoor,Grass,1st Round,3,Sonmez Z.,Dart H.,54,151.0,1077,512.0,4.0,6.0,6,2,7,5,2.0,1.0,Completed,1.4,3.0,,,1.43,3.0,1.39,2.89,1.44,3.2,20260623
30,Eastbourne,Eastbourne Open,2026-06-23,WTA250,Outdoor,Grass,1st Round,3,Birrell K.,Krejcikova B.,73,37.0,939,1373.0,6.0,3.0,7,6,,,2.0,0.0,Completed,3,1.4,,,3.1,1.4,3.0,1.37,3.3,1.41,20260623
30,Eastbourne,Eastbourne Open,2026-06-24,WTA250,Outdoor,Grass,2nd Round,3,Keys M.,Bouzas Maneiro J.,27,48.0,1685,1124.0,6.0,0.0,6,1,,,2.0,0.0,Completed,1.2,4.5,,,1.2,4.6,1.2,4.36,1.24,4.9,20260624
30,Eastbourne,Eastbourne Open,2026-06-24,WTA250,Outdoor,Grass,2nd Round,3,Maria T.,Zakharova A.,112,91.0,695,828.0,6.0,2.0,6,1,,,2.0,0.0,Completed,1.44,2.75,,,1.45,3.0,1.43,2.76,1.48,3.05,20260624
30,Eastbourne,Eastbourne Open,2026-06-24,WTA250,Outdoor,Grass,2nd Round,3,Ostapenko J.,Udvardy P.,35,71.0,1404,967.0,3.0,6.0,6,1,6,2,2.0,1.0,Completed,1.2,4.5,,,1.2,4.6,1.19,4.51,1.22,5.5,20260624
30,Eastbourne,Eastbourne Open,2026-06-24,WTA250,Outdoor,Grass,2nd Round,3,Kessler M.,Kalinina A.,62,70.0,1038,978.0,6.0,4.0,6,3,,,2.0,0.0,Completed,1.73,2.1,,,1.73,2.2,1.7,2.11,1.8,2.2,20260624
30,Eastbourne,Eastbourne Open,2026-06-24,WTA250,Outdoor,Grass,2nd Round,3,Valentova T.,Tomljanovic A.,61,98.0,1041,797.0,6.0,2.0,5,7,6,4,2.0,1.0,Completed,2.38,1.57,,,2.38,1.71,2.27,1.6,2.52,1.64,20260624
30,Eastbourne,Eastbourne Open,2026-06-24,WTA250,Outdoor,Grass,2nd Round,3,McNally C.,Arango E.,50,101.0,1107,773.0,6.0,3.0,6,0,,,2.0,0.0,Completed,1.29,3.75,,,1.29,3.75,1.28,3.56,1.31,4.1,20260624
30,Eastbourne,Eastbourne Open,2026-06-24,WTA250,Outdoor,Grass,2nd Round,3,Sonmez Z.,Bejlek S.,54,45.0,1077,1179.0,,,,,,,,,Walkover,1.57,2.38,,,1.58,2.63,1.54,2.43,1.56,2.76,20260624
30,Eastbourne,Eastbourne Open,2026-06-24,WTA250,Outdoor,Grass,2nd Round,3,Marcinko P.,Birrell K.,51,73.0,1101,939.0,6.0,1.0,6,4,,,2.0,0.0,Completed,2.75,1.44,,,3.1,1.44,2.9,1.39,3.25,1.43,20260624
30,Eastbourne,Eastbourne Open,2026-06-25,WTA250,Outdoor,Grass,Quarterfinals,3,Ostapenko J.,Sonmez Z.,35,54.0,1404,1077.0,6.0,3.0,6,0,,,2.0,0.0,Completed,1.5,2.63,,,1.54,2.65,1.5,2.54,1.64,2.52,20260625
30,Eastbourne,Eastbourne Open,2026-06-25,WTA250,Outdoor,Grass,Quarterfinals,3,Keys M.,Kessler M.,27,62.0,1685,1038.0,6.0,3.0,6,1,,,2.0,0.0,Completed,1.25,4.0,,,1.29,4.0,1.26,3.77,1.28,4.4,20260625
30,Eastbourne,Eastbourne Open,2026-06-25,WTA250,Outdoor,Grass,Quarterfinals,3,Maria T.,Valentova T.,112,61.0,695,1041.0,6.0,3.0,7,5,,,2.0,0.0,Completed,1.67,2.2,,,1.67,2.25,1.65,2.2,1.68,2.44,20260625
30,Eastbourne,Eastbourne Open,2026-06-25,WTA250,Outdoor,Grass,Quarterfinals,3,Marcinko P.,McNally C.,51,50.0,1101,1107.0,6.0,3.0,4,6,6,4,2.0,1.0,Completed,3,1.4,,,3.3,1.4,3.14,1.35,3.5,1.39,20260625
30,Eastbourne,Eastbourne Open,2026-06-26,WTA250,Outdoor,Grass,Semifinals,3,Maria T.,Ostapenko J.,112,35.0,695,1404.0,6.0,1.0,1,2,,,1.0,0.0,Retired,2.63,1.5,,,2.63,1.53,2.5,1.51,2.68,1.59,20260626
30,Eastbourne,Eastbourne Open,2026-06-26,WTA250,Outdoor,Grass,Semifinals,3,Keys M.,Marcinko P.,27,51.0,1685,1101.0,6.0,1.0,,,,,1.0,0.0,Retired,1.17,5.0,,,1.19,6.1,1.15,5.22,1.22,5.4,20260626
30,Eastbourne,Eastbourne Open,2026-06-27,WTA250,Outdoor,Grass,The Final,3,Keys M.,Maria T.,27,112.0,1685,695.0,7.0,5.0,6,4,,,2.0,0.0,Completed,1.29,3.75,,,1.32,3.75,1.29,3.48,1.34,3.85,20260627
31,London,Wimbledon,2026-06-29,Grand Slam,Outdoor,Grass,1st Round,3,Jovic I.,Cristian J.,16,37.0,2436,1324.0,7.0,6.0,6,0,,	,2.0,0.0,Completed,1.17,5.0,,,1.2,5.0,1.18,4.66,1.18,6.2,20260629
31,London,Wimbledon,2026-06-29,Grand Slam,Outdoor,Grass,1st Round,3,Bencic B.,Stojsavljevic M.,11,276.0,3385,258.0,6.0,2.0,6,1,	,,2.0,0.0,Completed,1.08,8.0,,,1.11,8.0,1.1,6.89,1.11,9.2,20260629
31,London,Wimbledon,2026-06-29,Grand Slam,Outdoor,Grass,1st Round,3,Sorribes Tormo S.,Jimenez Kasintseva V.,253,110.0,285,698.0,6.0,2.0,6,3,	,,2.0,0.0,Completed,1.67,2.2,,,1.68,2.32,1.65,2.22,1.75,2.3,20260629
31,London,Wimbledon,2026-06-29,Grand Slam,Outdoor,Grass,1st Round,3,Pegula J.,Vidmanova D.,4,92.0,5881,831.0,7.0,5.0,6,3,	,,2.0,0.0,Completed,1.04,13.0,,,1.05,13.0,1.04,11.02,1.07,13.5,20260629
31,London,Wimbledon,2026-06-29,Grand Slam,Outdoor,Grass,1st Round,3,Sawangkaew M.,Chwalinska M.,164,21.0,462,1996.0,2.0,6.0,7,5,6,2,2.0,1.0,Completed,2.1,1.73,,,2.2,1.8,2.09,1.72,2.32,1.73,20260629
31,London,Wimbledon,2026-06-29,Grand Slam,Outdoor,Grass,1st Round,3,Wang Xin.,Cocciaretto E.,39,46.0,1276,1192.0,6.0,3.0,2,6,6,2,2.0,1.0,Completed,1.67,2.2,,,1.68,2.3,1.63,2.22,1.77,2.28,20260629
31,London,Wimbledon,2026-06-29,Grand Slam,Outdoor,Grass,1st Round,3,Sonmez Z.,Li A.,51,29.0,1134,1625.0,7.0,5.0,1,6,6,4,2.0,1.0,Completed,1.67,2.2,,,1.75,2.3,1.68,2.14,1.71,2.36,20260629
31,London,Wimbledon,2026-06-29,Grand Slam,Outdoor,Grass,1st Round,3,Ostapenko J.,Dart H.,31,152.0,1472,512.0,6.0,3.0,3,6,6,4,2.0,1.0,Completed,1.29,3.75,,,1.36,3.95,1.29,3.56,1.31,4.1,20260629
31,London,Wimbledon,2026-06-29,Grand Slam,Outdoor,Grass,1st Round,3,Maria T.,Putintseva Y.,96,84.0,809,855.0,6.0,4.0,6,4,,	,2.0,0.0,Completed,1.44,2.75,,,1.47,2.8,1.44,2.73,1.51,2.9,20260629
31,London,Wimbledon,2026-06-29,Grand Slam,Outdoor,Grass,1st Round,3,Zhang S.,Andreescu B.,64,180.0,1015,426.0,7.0,6.0,7,6,,	,2.0,0.0,Completed,2.2,1.67,,,2.33,1.67,2.23,1.63,2.32,1.74,20260629
31,London,Wimbledon,2026-06-29,Grand Slam,Outdoor,Grass,1st Round,3,Parks A.,Dudeney A.,81,245.0,905,293.0,6.0,3.0,6,3,	,,2.0,0.0,Completed,1.5,2.63,,,1.5,2.65,1.48,2.61,1.54,2.8,20260629
31,London,Wimbledon,2026-06-29,Grand Slam,Outdoor,Grass,1st Round,3,Ruzic A.,Semenistaja D.,61,104.0,1041,755.0,6.0,3.0,3,6,6,3,2.0,1.0,Completed,1.44,2.75,,,1.45,3.2,1.41,2.82,1.51,2.92,20260629
31,London,Wimbledon,2026-06-29,Grand Slam,Outdoor,Grass,1st Round,3,Liu C.,Vandewinkel H.,146,103.0,526,784.0,4.0,6.0,6,3,6,4,2.0,1.0,Completed,1.62,2.3,,,1.68,2.3,1.63,2.23,1.72,2.36,20260629
31,London,Wimbledon,2026-06-29,Grand Slam,Outdoor,Grass,1st Round,3,Osaka N.,Jacquemot E.,14,80.0,2846,908.0,6.0,1.0,7,5,,	,2.0,0.0,Completed,1.14,5.5,,,1.15,6.0,1.13,5.66,1.18,6.2,20260629
31,London,Wimbledon,2026-06-29,Grand Slam,Outdoor,Grass,1st Round,3,Tararudee L.,Tagger L.,99,82.0,799,866.0,7.0,6.0,5,7,6,4,2.0,1.0,Completed,2.1,1.73,,,2.11,1.78,2.09,1.72,2.18,1.83,20260629
31,London,Wimbledon,2026-06-29,Grand Slam,Outdoor,Grass,1st Round,3,Bartunkova N.,Stearns P.,48,63.0,1140,1017.0,6.0,4.0,3,6,7,5,2.0,1.0,Completed,1.4,3.0,,,1.42,3.0,1.39,2.93,1.41,3.35,20260629
31,London,Wimbledon,2026-06-29,Grand Slam,Outdoor,Grass,1st Round,3,Tjen J.,Fernandez L.A.,42,24.0,1247,1844.0,6.0,1.0,7,6,,	,2.0,0.0,Completed,2.75,1.44,,,3.25,1.44,2.91,1.4,3.05,1.47,20260629
31,London,Wimbledon,2026-06-29,Grand Slam,Outdoor,Grass,1st Round,3,Kasatkina D.,Xu M.,65,326.0,1009,204.0,6.0,2.0,3,6,6,2,2.0,1.0,Completed,1.11,6.5,,,1.12,7.0,1.1,6.61,1.15,7.2,20260629
31,London,Wimbledon,2026-06-29,Grand Slam,Outdoor,Grass,1st Round,3,Krejcikova B.,Klugman H.,38,416.0,1320,148.0,6.0,1.0,6,4,	,,2.0,0.0,Completed,1.07,9.0,,,1.08,9.5,1.07,8.38,1.11,9.4,20260629
31,London,Wimbledon,2026-06-29,Grand Slam,Outdoor,Grass,1st Round,3,Sabalenka A.,Kostovic T.,1,184.0,9090,415.0,6.0,2.0,6,3,	,,2.0,0.0,Completed,1.03,15.0,,,1.03,23.0,1.02,14.38,1.04,23.0,20260629
31,London,Wimbledon,2026-06-29,Grand Slam,Outdoor,Grass,1st Round,3,Kalinskaya A.,Frech M.,20,44.0,2240,1208.0,7.0,6.0,6,4,,	,2.0,0.0,Completed,1.4,3.0,,,1.4,3.05,1.39,2.9,1.43,3.25,20260629
31,London,Wimbledon,2026-06-29,Grand Slam,Outdoor,Grass,1st Round,3,Kessler M.,Oliynykova O.,57,53.0,1065,1114.0,6.0,0.0,6,0,,	,2.0,0.0,Completed,1.13,6.0,,,1.17,6.0,1.14,5.49,1.18,6.2,20260629
31,London,Wimbledon,2026-06-29,Grand Slam,Outdoor,Grass,1st Round,3,Yastremska D.,Ito A.,67,228.0,995,328.0,7.0,6.0,4,6,7,5,2.0,1.0,Completed,1.17,5.0,,,1.19,5.5,1.16,4.95,1.21,5.6,20260629
31,London,Wimbledon,2026-06-29,Grand Slam,Outdoor,Grass,1st Round,3,Sierra S.,Bondar A.,56,74.0,1067,936.0,6.0,3.0,5,7,7,5,2.0,1.0,Completed,1.5,2.63,,,1.53,2.65,1.51,2.5,1.59,2.62,20260629
31,London,Wimbledon,2026-06-29,Grand Slam,Outdoor,Grass,1st Round,3,Andreeva M.,Linette M.,5,59.0,5653,1051.0,7.0,5.0,6,4,,	,2.0,0.0,Completed,1.17,5.0,,,1.2,5.1,1.18,4.66,1.21,5.5,20260629
31,London,Wimbledon,2026-06-29,Grand Slam,Outdoor,Grass,1st Round,3,Siniakova K.,Zheng Q.,36,138.0,1338,556.0,6.0,4.0,6,4,	,,2.0,0.0,Completed,1.67,2.2,,,1.67,2.38,1.6,2.29,1.66,2.48,20260629
31,London,Wimbledon,2026-06-29,Grand Slam,Outdoor,Grass,1st Round,3,Muchova K.,Zakharova A.,9,85.0,3878,849.0,6.0,3.0,6,2,	,,2.0,0.0,Completed,1.13,6.0,,,1.14,6.1,1.13,5.75,1.16,7.0,20260629
31,London,Wimbledon,2026-06-29,Grand Slam,Outdoor,Grass,1st Round,3,Alexandrova E.,Udvardy P.,19,69.0,2411,970.0,6.0,4.0,6,2,	,,2.0,0.0,Completed,1.2,4.5,,,1.22,4.9,1.2,4.41,1.26,4.8,20260629
31,London,Wimbledon,2026-06-29,Grand Slam,Outdoor,Grass,1st Round,3,Gauff C.,Korpatsch T.,7,78.0,4879,919.0,6.0,2.0,6,1,,	,2.0,0.0,Completed,1.03,15.0,,,1.04,15.0,1.03,12.66,1.05,17.0,20260629
31,London,Wimbledon,2026-06-29,Grand Slam,Outdoor,Grass,1st Round,3,Gasanova A.,Arango E.,225,97.0,332,808.0,6.0,3.0,6,1,	,,2.0,0.0,Completed,1.91,1.91,,,1.95,1.91,1.89,1.87,2.0,1.99,20260629
31,London,Wimbledon,2026-06-29,Grand Slam,Outdoor,Grass,1st Round,3,Parry D.,Jones F.,49,106.0,1139,718.0,6.0,4.0,6,4,,	,2.0,0.0,Completed,1.29,3.75,,,1.32,3.75,1.29,3.48,1.3,4.2,20260629
31,London,Wimbledon,2026-06-29,Grand Slam,Outdoor,Grass,1st Round,3,Bouzas Maneiro J.,Potapova A.,52,28.0,1124,1657.0,6.0,2.0,6,3,	,,2.0,0.0,Completed,2.2,1.67,,,2.21,1.73,2.13,1.68,2.36,1.72,20260629
31,London,Wimbledon,2026-06-30,Grand Slam,Outdoor,Grass,1st Round,3,Swan K.,Begu I.,196,173.0,379,437.0,6.0,4.0,6,4,,	,2.0,0.0,Completed,1.91,1.91,,,1.92,1.95,1.87,1.89,1.94,2.02,20260630
31,London,Wimbledon,2026-06-30,Grand Slam,Outdoor,Grass,1st Round,3,Bouzkova M.,Gibson T.,23,58.0,1849,1056.0,6.0,1.0,3,6,6,2,2.0,1.0,Completed,1.33,3.4,,,1.44,3.4,1.35,3.13,1.35,3.7,20260630
31,London,Wimbledon,2026-06-30,Grand Slam,Outdoor,Grass,1st Round,3,Rakhimova K.,Kalinina A.,70,66.0,966,1008.0,4.0,6.0,6,4,7,5,2.0,1.0,Completed,2.2,1.67,,,2.38,1.67,2.26,1.61,2.34,1.74,20260630
31,London,Wimbledon,2026-06-30,Grand Slam,Outdoor,Grass,1st Round,3,Sakkari M.,Tauson C.,43,25.0,1240,1804.0,6.0,3.0,6,3,	,,2.0,0.0,Completed,2.63,1.5,,,2.7,1.5,2.61,1.48,2.8,1.54,20260630
31,London,Wimbledon,2026-06-30,Grand Slam,Outdoor,Grass,1st Round,3,Grant T.C.,Boulter K.,172,60.0,438,1047.0,6.0,4.0,6,2,,	,2.0,0.0,Completed,3.2,1.36,,,3.3,1.37,3.16,1.34,3.6,1.37,20260630
31,London,Wimbledon,2026-06-30,Grand Slam,Outdoor,Grass,1st Round,3,Kenin S.,Marcinko P.,105,47.0,734,1184.0,7.0,6.0,6,4,,	,2.0,0.0,Completed,2.2,1.67,,,2.24,1.73,2.13,1.69,2.26,1.79,20260630
31,London,Wimbledon,2026-06-30,Grand Slam,Outdoor,Grass,1st Round,3,Pliskova Ka.,Valentova T.,73,54.0,936,1094.0,6.0,3.0,6,4,,	,2.0,0.0,Completed,1.62,2.3,,,1.68,2.31,1.63,2.23,1.67,2.46,20260630
31,London,Wimbledon,2026-06-30,Grand Slam,Outdoor,Grass,1st Round,3,Keys M.,Day K.,22,137.0,1854,563.0,6.0,7.0,6,4,6,3,2.0,1.0,Completed,1.07,9.0,,,1.07,9.5,1.07,8.36,1.09,11.5,20260630
31,London,Wimbledon,2026-06-30,Grand Slam,Outdoor,Grass,1st Round,3,Anisimova A.,Gjorcheska L.,6,222.0,5523,333.0,6.0,3.0,6,2,	,,2.0,0.0,Completed,1.04,13.0,,,1.05,14.0,1.04,11.22,1.05,18.5,20260630
31,London,Wimbledon,2026-06-30,Grand Slam,Outdoor,Grass,1st Round,3,Paolini J.,Montgomery R.,17,195.0,2423,384.0,0.0,6.0,6,4,7,5,2.0,1.0,Completed,2.3,1.62,,,2.38,1.63,2.28,1.6,2.38,1.71,20260630
31,London,Wimbledon,2026-06-30,Grand Slam,Outdoor,Grass,1st Round,3,Golubic V.,Shymanovich I.,62,215.0,1028,344.0,6.0,2.0,2,6,6,1,2.0,1.0,Completed,1.29,3.75,,,1.29,4.0,1.27,3.66,1.3,4.2,20260630
31,London,Wimbledon,2026-06-30,Grand Slam,Outdoor,Grass,1st Round,3,Swiatek I.,Townsend T.,3,79.0,6409,911.0,6.0,1.0,2,6,6,3,2.0,1.0,Completed,1.14,5.5,,,1.2,5.75,1.15,5.27,1.16,6.8,20260630
31,London,Wimbledon,2026-06-30,Grand Slam,Outdoor,Grass,1st Round,3,Birrell K.,Korneeva A.,72,98.0,939,806.0,6.0,3.0,0,6,6,2,2.0,1.0,Completed,1.91,1.91,,,1.91,1.98,1.85,1.92,1.96,2.0,20260630
31,London,Wimbledon,2026-06-30,Grand Slam,Outdoor,Grass,1st Round,3,Timofeeva M.,Haddad Maia B.,95,134.0,810,567.0,6.0,3.0,6,2,,	,2.0,0.0,Completed,1.36,3.2,,,1.4,3.2,1.37,3.0,1.39,3.45,20260630
31,London,Wimbledon,2026-06-30,Grand Slam,Outdoor,Grass,1st Round,3,Jeanjean L.,Erjavec V.,132,89.0,577,841.0,6.0,4.0,4,6,7,6,2.0,1.0,Completed,1.53,2.5,,,1.57,2.63,1.52,2.49,1.61,2.6,20260630
31,London,Wimbledon,2026-06-30,Grand Slam,Outdoor,Grass,1st Round,3,Rybakina E.,Boisson L.,2,154.0,8143,495.0,6.0,4.0,1,6,6,3,2.0,1.0,Completed,1.01,23.0,,,1.02,34.0,1.02,19.16,1.02,38.0,20260630
31,London,Wimbledon,2026-06-30,Grand Slam,Outdoor,Grass,1st Round,3,Blinkova A.,Starodubtseva Y.,114,55.0,675,1077.0,6.0,7.0,6,4,6,1,2.0,1.0,Completed,2.2,1.67,,,2.28,1.73,2.19,1.66,2.24,1.79,20260630
31,London,Wimbledon,2026-06-30,Grand Slam,Outdoor,Grass,1st Round,3,Navarro E.,Badosa P.,26,141.0,1784,546.0,4.0,6.0,6,3,7,5,2.0,1.0,Completed,1.57,2.38,,,1.6,2.5,1.56,2.38,1.59,2.66,20260630
31,London,Wimbledon,2026-06-30,Grand Slam,Outdoor,Grass,1st Round,3,McNally C.,Ruse E.G.,50,71.0,1136,941.0,7.0,5.0,6,3,,	,2.0,0.0,Completed,2.2,1.67,,,2.2,1.73,2.15,1.68,2.3,1.75,20260630
31,London,Wimbledon,2026-06-30,Grand Slam,Outdoor,Grass,1st Round,3,Selekhmeteva O.,Kraus S.,91,93.0,835,818.0,6.0,1.0,7,5,	,,2.0,0.0,Completed,2,1.8,,,2.07,1.83,2.0,1.79,2.1,1.89,20260630
31,London,Wimbledon,2026-06-30,Grand Slam,Outdoor,Grass,1st Round,3,Mertens E.,Siegemund L.,27,40.0,1758,1272.0,6.0,2.0,6,4,	,,2.0,0.0,Completed,1.3,3.5,,,1.32,3.6,1.3,3.44,1.34,3.85,20260630
31,London,Wimbledon,2026-06-30,Grand Slam,Outdoor,Grass,1st Round,3,Snigur D.,Svitolina E.,77,8.0,928,4471.0,7.0,5.0,6,2,,	,2.0,0.0,Completed,3.5,1.3,,,3.5,1.33,3.36,1.31,3.75,1.35,20260630
31,London,Wimbledon,2026-06-30,Grand Slam,Outdoor,Grass,1st Round,3,Bolkvadze M.,Tomljanovic A.,545,94.0,96,815.0,6.0,2.0,2,6,6,4,2.0,1.0,Completed,5.5,1.14,,,6.0,1.17,5.5,1.14,6.6,1.17,20260630
31,London,Wimbledon,2026-06-30,Grand Slam,Outdoor,Grass,1st Round,3,Eala A.,Zarazua R.,32,75.0,1436,935.0,6.0,1.0,6,2,	,,2.0,0.0,Completed,1.14,5.5,,,1.15,6.0,1.13,5.61,1.15,7.2,20260630
31,London,Wimbledon,2026-06-30,Grand Slam,Outdoor,Grass,1st Round,3,Cirstea S.,Bejlek S.,18,45.0,2415,1208.0,6.0,1.0,7,6,	,,2.0,0.0,Completed,1.33,3.4,,,1.33,3.75,1.29,3.53,1.29,4.2,20260630
31,London,Wimbledon,2026-06-30,Grand Slam,Outdoor,Grass,1st Round,3,Krueger A.,Vekic D.,102,34.0,787,1386.0,3.0,6.0,7,6,6,4,2.0,1.0,Completed,2.3,1.62,,,2.38,1.64,2.29,1.6,2.44,1.67,20260630
31,London,Wimbledon,2026-06-30,Grand Slam,Outdoor,Grass,1st Round,3,Shnaider D.,Lys E.,15,76.0,2458,931.0,7.0,5.0,6,1,	,,2.0,0.0,Completed,1.5,2.63,,,1.52,3.0,1.43,2.76,1.5,2.9,20260630
31,London,Wimbledon,2026-06-30,Grand Slam,Outdoor,Grass,1st Round,3,Samsonova L.,Kudermetova P.,41,113.0,1270,678.0,6.0,3.0,6,3,,	,2.0,0.0,Completed,1.53,2.5,,,1.57,2.55,1.53,2.46,1.6,2.6,20260630
31,London,Wimbledon,2026-06-30,Grand Slam,Outdoor,Grass,1st Round,3,Noskova L.,Seidel E.,12,100.0,3359,797.0,6.0,4.0,6,3,,	,2.0,0.0,Completed,1.08,8.0,,,1.1,10.0,1.08,7.61,1.09,11.0,20260630
31,London,Wimbledon,2026-06-30,Grand Slam,Outdoor,Grass,1st Round,3,Kostyuk M.,Podoroska N.,13,574.0,3156,89.0,6.0,1.0,6,2,,	,2.0,0.0,Completed,1.01,21.0,,,1.03,21.0,1.02,18.0,1.03,26.0,20260630
31,London,Wimbledon,2026-06-30,Grand Slam,Outdoor,Grass,1st Round,3,Joint M.,Williams S.,87,471.0,847,124.0,6.0,3.0,6,7,6,3,2.0,1.0,Completed,1.91,1.91,,,1.95,2.0,1.84,1.92,1.95,2.02,20260630
31,London,Wimbledon,2026-06-30,Grand Slam,Outdoor,Grass,1st Round,3,Osorio M.,Waltert S.,68,90.0,988,836.0,6.0,2.0,6,1,	,,2.0,0.0,Completed,1.5,2.63,,,1.52,2.63,1.49,2.56,1.52,2.9,20260630
31,London,Wimbledon,2026-07-01,Grand Slam,Outdoor,Grass,2nd Round,3,Osaka N.,Gasanova A.,14,225.0,2846,332.0,6.0,3.0,6,2,,	,2.0,0.0,Completed,1.05,11.0,,,1.06,14.0,1.04,10.75,1.07,14.0,20260701
31,London,Wimbledon,2026-07-01,Grand Slam,Outdoor,Grass,2nd Round,3,Sawangkaew M.,Parks A.,164,81.0,462,905.0,7.0,5.0,6,0,,	,2.0,0.0,Completed,2.2,1.67,,,2.25,1.73,2.16,1.67,2.26,1.77,20260701
31,London,Wimbledon,2026-07-01,Grand Slam,Outdoor,Grass,2nd Round,3,Kasatkina D.,Tjen J.,65,42.0,1009,1247.0,6.0,7.0,6,1,6,4,2.0,1.0,Completed,1.8,2.0,,,1.89,2.1,1.81,1.96,1.87,2.12,20260701
31,London,Wimbledon,2026-07-01,Grand Slam,Outdoor,Grass,2nd Round,3,Ostapenko J.,Ruzic A.,31,61.0,1472,1041.0,6.0,2.0,6,0,	,,2.0,0.0,Completed,1.2,4.5,,,1.26,4.5,1.23,4.0,1.26,4.8,20260701
31,London,Wimbledon,2026-07-01,Grand Slam,Outdoor,Grass,2nd Round,3,Liu C.,Sonmez Z.,146,51.0,526,1134.0,7.0,5.0,6,3,,	,2.0,0.0,Completed,2.75,1.44,,,2.75,1.5,2.68,1.46,2.86,1.53,20260701
31,London,Wimbledon,2026-07-01,Grand Slam,Outdoor,Grass,2nd Round,3,Sabalenka A.,Kessler M.,1,57.0,9090,1065.0,6.0,1.0,7,6,	,,2.0,0.0,Completed,1.1,7.0,,,1.11,7.5,1.1,6.59,1.11,9.4,20260701
31,London,Wimbledon,2026-07-01,Grand Slam,Outdoor,Grass,2nd Round,3,Bouzas Maneiro J.,Yastremska D.,52,67.0,1124,995.0,6.0,3.0,6,7,6,2,2.0,1.0,Completed,1.73,2.1,,,1.8,2.11,1.75,2.04,1.87,2.12,20260701
31,London,Wimbledon,2026-07-01,Grand Slam,Outdoor,Grass,2nd Round,3,Muchova K.,Zhang S.,9,64.0,3878,1015.0,6.0,3.0,6,2,	,,2.0,0.0,Completed,1.11,6.5,,,1.12,7.5,1.11,6.45,1.13,8.2,20260701
31,London,Wimbledon,2026-07-01,Grand Slam,Outdoor,Grass,2nd Round,3,Kalinskaya A.,Parry D.,20,49.0,2240,1139.0,6.0,4.0,3,6,7,6,2.0,1.0,Completed,1.53,2.5,,,1.54,2.63,1.51,2.53,1.57,2.72,20260701
31,London,Wimbledon,2026-07-01,Grand Slam,Outdoor,Grass,2nd Round,3,Gauff C.,Sierra S.,7,56.0,4879,1067.0,6.0,3.0,3,6,7,6,2.0,1.0,Completed,1.1,7.0,,,1.13,7.0,1.11,6.25,1.12,8.6,20260701
31,London,Wimbledon,2026-07-01,Grand Slam,Outdoor,Grass,2nd Round,3,Bartunkova N.,Siniakova K.,48,36.0,1140,1338.0,6.0,2.0,6,4,,	,2.0,0.0,Completed,2.38,1.57,,,2.5,1.57,2.41,1.55,2.58,1.62,20260701
31,London,Wimbledon,2026-07-01,Grand Slam,Outdoor,Grass,2nd Round,3,Krejcikova B.,Andreeva M.,38,5.0,1320,5653.0,4.0,6.0,7,5,6,4,2.0,1.0,Completed,2.63,1.5,,,2.65,1.52,2.58,1.49,2.84,1.53,20260701
31,London,Wimbledon,2026-07-01,Grand Slam,Outdoor,Grass,2nd Round,3,Pegula J.,Sorribes Tormo S.,4,253.0,5881,285.0,7.0,6.0,6,1,	,,2.0,0.0,Completed,1.05,11.0,,,1.06,14.0,1.05,10.09,1.06,17.0,20260701
31,London,Wimbledon,2026-07-01,Grand Slam,Outdoor,Grass,2nd Round,3,Jovic I.,Maria T.,16,96.0,2436,809.0,6.0,1.0,6,2,,	,2.0,0.0,Completed,1.4,3.0,,,1.4,3.05,1.39,2.92,1.45,3.1,20260701
31,London,Wimbledon,2026-07-01,Grand Slam,Outdoor,Grass,2nd Round,3,Bencic B.,Wang Xin.,11,39.0,3385,1276.0,7.0,5.0,6,0,	,,2.0,0.0,Completed,1.3,3.5,,,1.33,3.6,1.3,3.46,1.33,3.85,20260701
31,London,Wimbledon,2026-07-01,Grand Slam,Outdoor,Grass,2nd Round,3,Alexandrova E.,Tararudee L.,19,99.0,2411,799.0,7.0,5.0,7,5,	,,2.0,0.0,Completed,1.17,5.0,,,1.2,5.0,1.19,4.59,1.21,5.4,20260701
31,London,Wimbledon,2026-07-02,Grand Slam,Outdoor,Grass,2nd Round,3,Bouzkova M.,Grant T.C.,23,172.0,1849,438.0,7.0,5.0,6,3,,	,2.0,0.0,Completed,1.25,4.0,,,1.29,4.0,1.26,3.77,1.29,4.3,20260702
31,London,Wimbledon,2026-07-02,Grand Slam,Outdoor,Grass,2nd Round,3,Samsonova L.,Shnaider D.,41,15.0,1270,2458.0,6.0,4.0,4,6,6,2,2.0,1.0,Completed,2.2,1.67,,,2.2,1.73,2.12,1.7,2.14,1.87,20260702
31,London,Wimbledon,2026-07-02,Grand Slam,Outdoor,Grass,2nd Round,3,Snigur D.,Jeanjean L.,77,132.0,928,577.0,6.0,4.0,6,3,	,,2.0,0.0,Completed,1.17,5.0,,,1.2,5.25,1.18,4.74,1.19,6.0,20260702
31,London,Wimbledon,2026-07-02,Grand Slam,Outdoor,Grass,2nd Round,3,Navarro E.,Selekhmeteva O.,26,91.0,1784,835.0,3.0,6.0,6,4,6,1,2.0,1.0,Completed,1.17,5.0,,,1.2,5.0,1.18,4.68,1.2,5.7,20260702
31,London,Wimbledon,2026-07-02,Grand Slam,Outdoor,Grass,2nd Round,3,Krueger A.,Bolkvadze M.,102,545.0,787,96.0,6.0,1.0,6,0,,	,2.0,0.0,Completed,1.14,5.5,,,1.17,6.0,1.15,5.18,1.18,6.2,20260702
31,London,Wimbledon,2026-07-02,Grand Slam,Outdoor,Grass,2nd Round,3,Keys M.,Swan K.,22,196.0,1854,379.0,6.0,1.0,6,4,,	,2.0,0.0,Completed,1.08,8.0,,,1.09,9.0,1.07,7.73,1.09,11.0,20260702
31,London,Wimbledon,2026-07-02,Grand Slam,Outdoor,Grass,2nd Round,3,Eala A.,Joint M.,32,87.0,1436,847.0,3.0,6.0,6,2,6,0,2.0,1.0,Completed,1.22,4.33,,,1.25,4.4,1.22,4.05,1.24,4.9,20260702
31,London,Wimbledon,2026-07-02,Grand Slam,Outdoor,Grass,2nd Round,3,Swiatek I.,Pliskova Ka.,3,73.0,6409,936.0,6.0,1.0,6,3,,	,2.0,0.0,Completed,1.25,4.0,,,1.29,4.33,1.26,3.78,1.3,4.3,20260702
31,London,Wimbledon,2026-07-02,Grand Slam,Outdoor,Grass,2nd Round,3,Kostyuk M.,Blinkova A.,13,114.0,3156,675.0,6.0,7.0,6,3,6,3,2.0,1.0,Completed,1.14,5.5,,,1.15,6.0,1.14,5.59,1.17,6.4,20260702
31,London,Wimbledon,2026-07-02,Grand Slam,Outdoor,Grass,2nd Round,3,Anisimova A.,Kenin S.,6,105.0,5523,734.0,6.0,2.0,4,6,7,6,2.0,1.0,Completed,1.13,6.0,,,1.14,6.5,1.13,5.71,1.15,7.2,20260702
31,London,Wimbledon,2026-07-02,Grand Slam,Outdoor,Grass,2nd Round,3,Sakkari M.,Rakhimova K.,43,70.0,1240,966.0,6.0,3.0,0,6,7,6,2.0,1.0,Completed,1.53,2.5,,,1.58,2.53,1.55,2.42,1.63,2.52,20260702
31,London,Wimbledon,2026-07-02,Grand Slam,Outdoor,Grass,2nd Round,3,Mertens E.,Timofeeva M.,27,95.0,1758,810.0,2.0,6.0,6,3,6,0,2.0,1.0,Completed,1.2,4.5,,,1.21,4.9,1.19,4.5,1.25,4.8,20260702
31,London,Wimbledon,2026-07-02,Grand Slam,Outdoor,Grass,2nd Round,3,Cirstea S.,Birrell K.,18,72.0,2415,939.0,6.0,3.0,6,4,	,,2.0,0.0,Completed,1.4,3.0,,,1.44,3.0,1.42,2.79,1.48,3.0,20260702
31,London,Wimbledon,2026-07-02,Grand Slam,Outdoor,Grass,2nd Round,3,Paolini J.,Golubic V.,17,62.0,2423,1028.0,7.0,6.0,6,4,	,,2.0,0.0,Completed,1.73,2.1,,,1.83,2.15,1.72,2.08,1.77,2.26,20260702
31,London,Wimbledon,2026-07-02,Grand Slam,Outdoor,Grass,2nd Round,3,Rybakina E.,McNally C.,2,50.0,8143,1136.0,6.0,1.0,6,2,,	,2.0,0.0,Completed,1.2,4.5,,,1.22,4.7,1.21,4.3,1.22,5.3,20260702
31,London,Wimbledon,2026-07-02,Grand Slam,Outdoor,Grass,2nd Round,3,Noskova L.,Osorio M.,12,68.0,3359,988.0,6.0,3.0,4,6,6,2,2.0,1.0,Completed,1.2,4.5,,,1.22,4.6,1.21,4.32,1.24,4.8,20260702
31,London,Wimbledon,2026-07-03,Grand Slam,Outdoor,Grass,3rd Round,3,Bencic B.,Kalinskaya A.,11,20.0,3385,2240.0,6.0,4.0,4,6,7,6,2.0,1.0,Completed,1.33,3.4,,,1.35,3.5,1.33,3.29,1.38,3.55,20260703
31,London,Wimbledon,2026-07-03,Grand Slam,Outdoor,Grass,3rd Round,3,Osaka N.,Kasatkina D.,14,65.0,2846,1009.0,6.0,1.0,6,3,,	,2.0,0.0,Completed,1.17,5.0,,,1.2,5.5,1.17,4.85,1.19,6.2,20260703
31,London,Wimbledon,2026-07-03,Grand Slam,Outdoor,Grass,3rd Round,3,Jovic I.,Alexandrova E.,16,19.0,2436,2411.0,6.0,3.0,3,6,6,4,2.0,1.0,Completed,1.44,2.75,,,1.5,2.75,1.46,2.67,1.48,3.0,20260703
31,London,Wimbledon,2026-07-03,Grand Slam,Outdoor,Grass,3rd Round,3,Pegula J.,Bouzas Maneiro J.,4,52.0,5881,1124.0,6.0,1.0,6,3,	,,2.0,0.0,Completed,1.11,6.5,,,1.12,7.0,1.11,6.47,1.13,8.4,20260703
31,London,Wimbledon,2026-07-03,Grand Slam,Outdoor,Grass,3rd Round,3,Krejcikova B.,Bartunkova N.,38,48.0,1320,1140.0,6.0,3.0,7,5,,	,2.0,0.0,Completed,1.53,2.5,,,1.55,2.6,1.52,2.49,1.58,2.66,20260703
31,London,Wimbledon,2026-07-03,Grand Slam,Outdoor,Grass,3rd Round,3,Sabalenka A.,Ostapenko J.,1,31.0,9090,1472.0,6.0,4.0,6,4,	,,2.0,0.0,Completed,1.25,4.0,,,1.29,4.1,1.24,3.86,1.28,4.5,20260703
31,London,Wimbledon,2026-07-03,Grand Slam,Outdoor,Grass,3rd Round,3,Gauff C.,Liu C.,7,146.0,4879,526.0,6.0,3.0,6,7,6,2,2.0,1.0,Completed,1.13,6.0,,,1.14,6.5,1.13,5.81,1.17,6.4,20260703
31,London,Wimbledon,2026-07-03,Grand Slam,Outdoor,Grass,3rd Round,3,Muchova K.,Sawangkaew M.,9,164.0,3878,462.0,6.0,2.0,7,6,	,,2.0,0.0,Completed,1.07,9.0,,,1.08,10.0,1.07,8.37,1.09,10.0,20260703
31,London,Wimbledon,2026-07-04,Grand Slam,Outdoor,Grass,3rd Round,3,Kostyuk M.,Navarro E.,13,26.0,3156,1784.0,6.0,2.0,4,6,6,1,2.0,1.0,Completed,1.73,2.1,,,1.73,2.2,1.69,2.15,1.72,2.36,20260704
31,London,Wimbledon,2026-07-04,Grand Slam,Outdoor,Grass,3rd Round,3,Bouzkova M.,Samsonova L.,23,41.0,1849,1270.0,4.0,6.0,7,6,6,4,2.0,1.0,Completed,1.67,2.2,,,1.67,2.38,1.63,2.26,1.67,2.46,20260704
31,London,Wimbledon,2026-07-04,Grand Slam,Outdoor,Grass,3rd Round,3,Krueger A.,Snigur D.,102,77.0,787,928.0,6.0,3.0,6,2,,	,2.0,0.0,Completed,2.1,1.73,,,2.11,1.79,2.06,1.74,2.16,1.83,20260704
31,London,Wimbledon,2026-07-04,Grand Slam,Outdoor,Grass,3rd Round,3,Mertens E.,Rybakina E.,27,2.0,1758,8143.0,7.0,6.0,6,1,	,,2.0,0.0,Completed,4.5,1.2,,,4.5,1.25,4.3,1.21,4.8,1.25,20260704
31,London,Wimbledon,2026-07-04,Grand Slam,Outdoor,Grass,3rd Round,3,Eala A.,Swiatek I.,32,3.0,1436,6409.0,7.0,6.0,6,2,	,,2.0,0.0,Completed,4,1.25,,,4.0,1.29,3.8,1.25,4.5,1.27,20260704
31,London,Wimbledon,2026-07-04,Grand Slam,Outdoor,Grass,3rd Round,3,Paolini J.,Sakkari M.,17,43.0,2423,1240.0,6.0,1.0,6,2,	,,2.0,0.0,Completed,1.8,2.0,,,1.8,2.12,1.74,2.05,1.87,2.14,20260704
31,London,Wimbledon,2026-07-04,Grand Slam,Outdoor,Grass,3rd Round,3,Noskova L.,Cirstea S.,12,18.0,3359,2415.0,2.0,6.0,6,3,7,6,2.0,1.0,Completed,1.53,2.5,,,1.53,2.63,1.5,2.54,1.6,2.66,20260704
31,London,Wimbledon,2026-07-04,Grand Slam,Outdoor,Grass,3rd Round,3,Keys M.,Anisimova A.,22,6.0,1854,5523.0,3.0,6.0,6,2,6,3,2.0,1.0,Completed,1.57,2.38,,,1.62,2.42,1.58,2.35,1.63,2.56,20260704
31,London,Wimbledon,2026-07-05,Grand Slam,Outdoor,Grass,4th Round,3,Pegula J.,Jovic I.,4,16.0,5881,2436.0,4.0,6.0,6,3,6,1,2.0,1.0,Completed,1.36,3.2,,,1.41,3.25,1.37,3.03,1.4,3.4,20260705
31,London,Wimbledon,2026-07-05,Grand Slam,Outdoor,Grass,4th Round,3,Muchova K.,Krejcikova B.,9,38.0,3878,1320.0,7.0,5.0,5,7,6,3,2.0,1.0,Completed,1.53,2.5,,,1.58,2.63,1.53,2.48,1.59,2.68,20260705
31,London,Wimbledon,2026-07-05,Grand Slam,Outdoor,Grass,4th Round,3,Osaka N.,Sabalenka A.,14,1.0,2846,9090.0,6.0,2.0,7,6,,	,2.0,0.0,Completed,2.75,1.44,,,2.95,1.44,2.84,1.41,3.15,1.45,20260705
31,London,Wimbledon,2026-07-05,Grand Slam,Outdoor,Grass,4th Round,3,Gauff C.,Bencic B.,7,11.0,4879,3385.0,4.0,6.0,6,3,6,4,2.0,1.0,Completed,1.91,1.91,,,2.0,1.91,1.92,1.85,2.06,1.93,20260705
31,London,Wimbledon,2026-07-06,Grand Slam,Outdoor,Grass,4th Round,3,Kostyuk M.,Krueger A.,13,102.0,3156,787.0,6.0,4.0,6,4,,	,2.0,0.0,Completed,1.4,3.0,,,1.4,3.2,1.37,2.99,1.42,3.3,20260706
31,London,Wimbledon,2026-07-06,Grand Slam,Outdoor,Grass,4th Round,3,Mertens E.,Bouzkova M.,27,23.0,1758,1849.0,6.0,4.0,6,4,,	,2.0,0.0,Completed,1.73,2.1,,,1.8,2.1,1.75,2.04,1.87,2.12,20260706
31,London,Wimbledon,2026-07-06,Grand Slam,Outdoor,Grass,4th Round,3,Paolini J.,Eala A.,17,32.0,2423,1436.0,6.0,4.0,4,6,6,3,2.0,1.0,Completed,2.3,1.62,,,2.38,1.63,2.3,1.59,2.48,1.65,20260706
31,London,Wimbledon,2026-07-06,Grand Slam,Outdoor,Grass,4th Round,3,Noskova L.,Keys M.,12,22.0,3359,1854.0,6.0,4.0,7,6,,	,2.0,0.0,Completed,2.2,1.67,,,2.43,1.68,2.23,1.64,2.4,1.7,20260706
31,London,Wimbledon,2026-07-07,Grand Slam,Outdoor,Grass,Quarterfinals,3,Gauff C.,Pegula J.,7,4.0,4879,5881.0,4.0,6.0,6,3,6,3,2.0,1.0,Completed,2.5,1.53,,,2.5,1.67,2.39,1.56,2.68,1.58,20260707
31,London,Wimbledon,2026-07-07,Grand Slam,Outdoor,Grass,Quarterfinals,3,Muchova K.,Osaka N.,9,14.0,3878,2846.0,7.0,6.0,6,4,,	,2.0,0.0,Completed,2.2,1.67,,,2.25,1.7,2.19,1.66,2.28,1.77,20260707
31,London,Wimbledon,2026-07-08,Grand Slam,Outdoor,Grass,Quarterfinals,3,Noskova L.,Mertens E.,12,27.0,3359,1758.0,6.0,3.0,7,5,	,,2.0,0.0,Completed,1.57,2.38,,,1.6,2.45,1.56,2.38,1.64,2.52,20260708
31,London,Wimbledon,2026-07-08,Grand Slam,Outdoor,Grass,Quarterfinals,3,Kostyuk M.,Paolini J.,13,17.0,3156,2423.0,6.0,3.0,6,2,	,,2.0,0.0,Completed,1.36,3.2,,,1.38,3.25,1.36,3.08,1.41,3.4,20260708
31,London,Wimbledon,2026-07-09,Grand Slam,Outdoor,Grass,Semifinals,3,Muchova K.,Gauff C.,9,7.0,3878,4879.0,6.0,2.0,1,6,7,6,2.0,1.0,Completed,1.8,2.0,,,1.85,2.1,1.8,1.99,1.86,2.14,20260709
31,London,Wimbledon,2026-07-09,Grand Slam,Outdoor,Grass,Semifinals,3,Noskova L.,Kostyuk M.,12,13.0,3359,3156.0,6.0,4.0,6,4,,	,2.0,0.0,Completed,2.1,1.73,,,2.3,1.77,2.12,1.71,2.28,1.77,20260709
31,London,Wimbledon,2026-07-11,Grand Slam,Outdoor,Grass,The Final,3,Noskova L.,Muchova K.,12,9.0,3359,3878.0,6.0,2.0,5,7,6,3,2.0,1.0,Completed,2.3,1.67,,,2.3,1.7,2.25,1.65,2.4,1.71,20260711
32,Athens,Athens Open,2026-07-13,WTA250,Outdoor,Hard,1st Round,3,Hontama M.,Linette M.,202,51.0,379,1051.0,6.0,4.0,7,5,,,2.0,0.0,Completed,5,1.17,,,5.25,1.19,4.86,1.16,5.2,1.22,20260713
32,Athens,Athens Open,2026-07-13,WTA250,Outdoor,Hard,1st Round,3,Tagger L.,Argyrokastriti M.,84,725.0,875,53.0,6.0,1.0,6,1,,,2.0,0.0,Completed,1.03,15.0,,,1.03,19.0,1.02,14.54,1.04,21.0,20260713
32,Athens,Athens Open,2026-07-13,WTA250,Outdoor,Hard,1st Round,3,Zheng Q.,Bouzas Maneiro J.,135,62.0,556,1014.0,7.0,5.0,6,1,,,2.0,0.0,Completed,1.4,3.0,,,1.44,3.15,1.39,2.92,1.46,3.15,20260713
32,Athens,Athens Open,2026-07-13,WTA250,Outdoor,Hard,1st Round,3,Bejlek S.,Morvayova V.,42,300.0,1217,229.0,6.0,0.0,7,5,,,2.0,0.0,Completed,1.08,8.0,,,1.1,8.0,1.08,7.18,1.13,8.4,20260713
32,Athens,Athens Open,2026-07-13,WTA250,Outdoor,Hard,1st Round,3,Dart H.,Hodzic M.,152,334.0,512,196.0,6.0,3.0,3,6,7,6,2.0,1.0,Completed,1.25,4.0,,,1.27,4.0,1.24,3.81,1.32,4.1,20260713
32,Athens,Athens Open,2026-07-13,WTA250,Outdoor,Hard,1st Round,3,Sakkari M.,Kudermetova P.,37,109.0,1300,708.0,6.0,0.0,7,6,,,2.0,0.0,Completed,1.4,3.0,,,1.4,3.0,1.39,2.88,1.46,3.1,20260713
32,Athens,Athens Open,2026-07-13,WTA250,Outdoor,Hard,1st Round,3,Micic E.,Matoula M.,302,301.0,222,228.0,7.0,5.0,6,3,,,2.0,0.0,Completed,1.62,2.3,,,1.67,2.3,1.61,2.24,1.78,2.26,20260713
32,Athens,Athens Open,2026-07-13,WTA250,Outdoor,Hard,1st Round,3,Parks A.,Grammatikopoulou V.,70,500.0,965,113.0,7.0,6.0,6,4,,,2.0,0.0,Completed,1.08,8.0,,,1.11,8.0,1.08,7.16,1.11,8.8,20260713
32,Athens,Athens Open,2026-07-14,WTA250,Outdoor,Hard,1st Round,3,Korneeva A.,Ito A.,90,246.0,840,296.0,6.0,2.0,6,1,,,2.0,0.0,Completed,1.2,4.5,,,1.22,4.75,1.19,4.44,1.25,4.8,20260714
32,Athens,Athens Open,2026-07-14,WTA250,Outdoor,Hard,1st Round,3,Krejcikova B.,Tomova V.,32,207.0,1430,367.0,6.0,3.0,6,3,,,2.0,0.0,Completed,1.08,8.0,,,1.1,8.5,1.07,7.81,1.11,10.0,20260714
32,Athens,Athens Open,2026-07-14,WTA250,Outdoor,Hard,1st Round,3,Monnet C.,Masarova R.,205,166.0,368,460.0,4.0,6.0,6,2,7,6,2.0,1.0,Completed,5,1.17,,,5.25,1.17,4.96,1.16,5.8,1.2,20260714
32,Athens,Athens Open,2026-07-14,WTA250,Outdoor,Hard,1st Round,3,Tona M.,Sakellaridi S.,384,442.0,162,134.0,7.0,6.0,5,7,6,2,2.0,1.0,Completed,2.38,1.57,,,2.5,1.58,2.33,1.56,2.52,1.64,20260714
32,Athens,Athens Open,2026-07-14,WTA250,Outdoor,Hard,1st Round,3,Tauson C.,Hibino N.,30,235.0,1574,324.0,7.0,5.0,6,4,,,2.0,0.0,Completed,1.25,4.0,,,1.25,4.33,1.22,4.03,1.23,5.1,20260714
32,Athens,Athens Open,2026-07-14,WTA250,Outdoor,Hard,1st Round,3,Sasnovich A.,Blinkova A.,143,102.0,546,749.0,3.0,6.0,6,2,6,2,2.0,1.0,Completed,1.67,2.2,,,1.68,2.2,1.66,2.15,1.73,2.32,20260714
32,Athens,Athens Open,2026-07-14,WTA250,Outdoor,Hard,1st Round,3,Li A.,Timofeeva M.,31,79.0,1565,897.0,6.0,2.0,6,1,,,2.0,0.0,Completed,1.67,2.2,,,1.67,2.28,1.64,2.18,1.78,2.28,20260714
32,Athens,Athens Open,2026-07-14,WTA250,Outdoor,Hard,1st Round,3,Valentova T.,Costoulas S.,49,157.0,1074,489.0,6.0,1.0,6,2,,,2.0,0.0,Completed,1.17,5.0,,,1.19,5.0,1.17,4.62,1.24,5.0,20260714
32,Athens,Athens Open,2026-07-15,WTA250,Outdoor,Hard,2nd Round,3,Zheng Q.,Micic E.,135,302.0,556,222.0,6.0,4.0,6,1,,,2.0,0.0,Completed,1.05,11.0,,,1.05,11.0,1.04,10.03,1.06,15.5,20260715
32,Athens,Athens Open,2026-07-15,WTA250,Outdoor,Hard,2nd Round,3,Sakkari M.,Dart H.,37,152.0,1300,512.0,6.0,1.0,6,2,,,2.0,0.0,Completed,1.22,4.33,,,1.24,4.5,1.21,4.19,1.24,4.8,20260715
32,Athens,Athens Open,2026-07-15,WTA250,Outdoor,Hard,2nd Round,3,Parks A.,Hontama M.,70,202.0,965,379.0,6.0,7.0,6,2,7,5,2.0,1.0,Completed,1.62,2.3,,,1.65,2.33,1.6,2.25,1.68,2.44,20260715
32,Athens,Athens Open,2026-07-15,WTA250,Outdoor,Hard,2nd Round,3,Bejlek S.,Tagger L.,42,84.0,1217,875.0,6.0,2.0,6,2,,,2.0,0.0,Completed,1.73,2.1,,,1.75,2.1,1.72,2.07,1.87,2.1,20260715
32,Athens,Athens Open,2026-07-16,WTA250,Outdoor,Hard,2nd Round,3,Korneeva A.,Li A.,90,31.0,840,1565.0,6.0,2.0,6,2,,,2.0,0.0,Completed,2,1.8,,,2.0,1.9,1.94,1.81,2.0,1.98,20260716
32,Athens,Athens Open,2026-07-16,WTA250,Outdoor,Hard,2nd Round,3,Valentova T.,Sasnovich A.,49,143.0,1074,546.0,6.0,3.0,6,2,,,2.0,0.0,Completed,1.4,3.0,,,1.42,3.0,1.39,2.85,1.48,2.98,20260716
32,Athens,Athens Open,2026-07-16,WTA250,Outdoor,Hard,2nd Round,3,Krejcikova B.,Monnet C.,32,205.0,1430,368.0,6.0,0.0,6,2,,,2.0,0.0,Completed,1.04,13.0,,,1.05,13.0,1.04,10.14,1.06,15.0,20260716
32,Athens,Athens Open,2026-07-16,WTA250,Outdoor,Hard,2nd Round,3,Tauson C.,Tona M.,30,384.0,1574,162.0,6.0,4.0,6,0,,,2.0,0.0,Completed,1.05,11.0,,,1.05,14.0,1.03,11.59,1.05,19.0,20260716
32,Athens,Athens Open,2026-07-17,WTA250,Outdoor,Hard,Quarterfinals,3,Krejcikova B.,Zheng Q.,32,135.0,1430,556.0,6.0,4.0,6,4,,,2.0,0.0,Completed,1.8,2.0,,,1.86,2.0,1.79,1.96,1.84,2.16,20260717
32,Athens,Athens Open,2026-07-17,WTA250,Outdoor,Hard,Quarterfinals,3,Korneeva A.,Valentova T.,90,49.0,840,1074.0,7.0,5.0,6,3,,,2.0,0.0,Completed,2.1,1.73,,,2.11,1.76,2.07,1.72,2.12,1.87,20260717
32,Athens,Athens Open,2026-07-17,WTA250,Outdoor,Hard,Quarterfinals,3,Sakkari M.,Parks A.,37,70.0,1300,965.0,6.0,4.0,6,3,,,2.0,0.0,Completed,1.25,4.0,,,1.29,4.0,1.26,3.68,1.3,4.2,20260717
32,Athens,Athens Open,2026-07-17,WTA250,Outdoor,Hard,Quarterfinals,3,Tauson C.,Bejlek S.,30,42.0,1574,1217.0,6.0,2.0,6,3,,,2.0,0.0,Completed,1.8,2.0,,,1.81,2.1,1.76,2.0,1.87,2.14,20260717
32,Athens,Athens Open,2026-07-18,WTA250,Outdoor,Hard,Semifinals,3,Sakkari M.,Korneeva A.,37,90.0,1300,840.0,6.0,1.0,7,5,,,2.0,0.0,Completed,1.67,2.2,,,1.67,2.28,1.63,2.21,1.75,2.3,20260718
32,Athens,Athens Open,2026-07-18,WTA250,Outdoor,Hard,Semifinals,3,Krejcikova B.,Tauson C.,32,30.0,1430,1574.0,6.0,1.0,4,6,6,3,2.0,1.0,Completed,1.67,2.2,,,1.67,2.25,1.63,2.21,1.72,2.38,20260718
32,Athens,Athens Open,2026-07-19,WTA250,Outdoor,Hard,The Final,3,Krejcikova B.,Sakkari M.,32,37.0,1430,1300.0,7.0,6.0,6,3,,,2.0,0.0,Completed,1.67,2.2,,,1.71,2.2,1.66,2.15,1.75,2.3,20260719
33,Iasi,Iasi Open,2026-07-13,WTA250,Outdoor,Clay,1st Round,3,Charaeva A.,Jimenez Kasintseva V.,118,114.0,640,674.0,6.0,0.0,6,1,,,2.0,0.0,Completed,1.44,2.75,,,1.5,2.75,1.45,2.66,1.58,2.72,20260713
33,Iasi,Iasi Open,2026-07-13,WTA250,Outdoor,Clay,1st Round,3,Bondar A.,Sorribes Tormo S.,73,212.0,936,355.0,7.0,5.0,6,4,,,2.0,0.0,Completed,1.67,2.2,,,1.67,2.5,1.58,2.32,1.62,2.58,20260713
33,Iasi,Iasi Open,2026-07-13,WTA250,Outdoor,Clay,1st Round,3,Marcinko P.,Podoroska N.,45,533.0,1145,99.0,6.0,2.0,3,6,6,4,2.0,1.0,Completed,1.29,3.75,,,1.3,3.8,1.26,3.64,1.29,4.2,20260713
33,Iasi,Iasi Open,2026-07-13,WTA250,Outdoor,Clay,1st Round,3,Burel C.,Lepchenko V.,630,172.0,72,447.0,2.0,6.0,7,5,6,3,2.0,1.0,Completed,1.5,2.63,,,1.53,2.63,1.48,2.58,1.54,2.76,20260713
33,Iasi,Iasi Open,2026-07-14,WTA250,Outdoor,Clay,1st Round,3,Zidansek T.,Arango E.,148,96.0,525,808.0,5.0,7.0,6,2,6,3,2.0,1.0,Completed,2,1.8,,,2.1,1.83,2.02,1.75,2.18,1.82,20260714
33,Iasi,Iasi Open,2026-07-14,WTA250,Outdoor,Clay,1st Round,3,Avanesyan E.,Uchijima M.,224,108.0,342,713.0,6.0,2.0,6,4,,,2.0,0.0,Completed,1.73,2.1,,,1.73,2.12,1.71,2.09,1.76,2.28,20260714
33,Iasi,Iasi Open,2026-07-14,WTA250,Outdoor,Clay,1st Round,3,Quevedo K.,Ruse E.G.,100,72.0,757,941.0,6.0,3.0,6,1,,,2.0,0.0,Completed,3,1.4,,,3.0,1.4,2.87,1.39,3.15,1.45,20260714
33,Iasi,Iasi Open,2026-07-14,WTA250,Outdoor,Clay,1st Round,3,Sherif M.,Galfi D.,97,137.0,787,552.0,6.0,2.0,6,0,,,2.0,0.0,Completed,1.57,2.38,,,1.6,2.38,1.57,2.33,1.62,2.58,20260714
33,Iasi,Iasi Open,2026-07-14,WTA250,Outdoor,Clay,1st Round,3,Putintseva Y.,Liu C.,82,111.0,877,695.0,7.0,5.0,6,2,,,2.0,0.0,Completed,1.62,2.3,,,1.62,2.38,1.59,2.29,1.66,2.46,20260714
33,Iasi,Iasi Open,2026-07-14,WTA250,Outdoor,Clay,1st Round,3,Ibragimova A.,Salkova D.,275,127.0,262,590.0,6.0,2.0,7,5,,,2.0,0.0,Completed,2.2,1.67,,,2.21,1.68,2.17,1.65,2.3,1.76,20260714
33,Iasi,Iasi Open,2026-07-14,WTA250,Outdoor,Clay,1st Round,3,Oliynykova O.,Oz I.,52,424.0,1049,145.0,7.0,6.0,7,6,,,2.0,0.0,Completed,1.2,4.5,,,1.22,4.5,1.2,4.29,1.24,5.0,20260714
33,Iasi,Iasi Open,2026-07-14,WTA250,Outdoor,Clay,1st Round,3,Pridankina E.,Bulgaru M.,201,248.0,379,296.0,7.0,5.0,6,1,,,2.0,0.0,Completed,1.22,4.33,,,1.22,4.5,1.2,4.27,1.22,5.4,20260714
33,Iasi,Iasi Open,2026-07-14,WTA250,Outdoor,Clay,1st Round,3,Udvardy P.,Romero Gormaz L.,71,146.0,950,536.0,6.0,3.0,4,6,6,3,2.0,1.0,Completed,1.8,2.0,,,1.85,2.0,1.81,1.96,1.9,2.08,20260714
33,Iasi,Iasi Open,2026-07-14,WTA250,Outdoor,Clay,1st Round,3,Badosa P.,Kalinina A.,115,59.0,670,1018.0,6.0,3.0,6,1,,,2.0,0.0,Completed,1.57,2.38,,,1.62,2.5,1.57,2.34,1.7,2.38,20260714
33,Iasi,Iasi Open,2026-07-14,WTA250,Outdoor,Clay,1st Round,3,Jacquemot E.,Amariei I.D.,107,586.0,728,83.0,6.0,4.0,7,6,,,2.0,0.0,Completed,1.17,5.0,,,1.17,5.25,1.16,4.96,1.21,5.5,20260714
33,Iasi,Iasi Open,2026-07-14,WTA250,Outdoor,Clay,1st Round,3,Kawa K.,Waltert S.,142,81.0,547,880.0,6.0,1.0,6,4,,,2.0,0.0,Completed,2.75,1.44,,,2.9,1.44,2.8,1.41,3.2,1.44,20260714
33,Iasi,Iasi Open,2026-07-15,WTA250,Outdoor,Clay,2nd Round,3,Putintseva Y.,Charaeva A.,82,118.0,877,640.0,6.0,3.0,6,3,,,2.0,0.0,Completed,1.57,2.38,,,1.58,2.5,1.55,2.37,1.63,2.58,20260715
33,Iasi,Iasi Open,2026-07-15,WTA250,Outdoor,Clay,2nd Round,3,Zidansek T.,Bondar A.,148,73.0,525,936.0,7.0,6.0,6,7,7,5,2.0,1.0,Completed,3.4,1.33,,,3.4,1.38,3.15,1.34,3.5,1.39,20260715
33,Iasi,Iasi Open,2026-07-15,WTA250,Outdoor,Clay,2nd Round,3,Burel C.,Jacquemot E.,630,107.0,72,728.0,6.0,1.0,6,1,,,2.0,0.0,Completed,1.57,2.38,,,1.58,2.5,1.56,2.37,1.64,2.52,20260715
33,Iasi,Iasi Open,2026-07-15,WTA250,Outdoor,Clay,2nd Round,3,Marcinko P.,Avanesyan E.,45,224.0,1145,342.0,7.0,6.0,7,6,,,2.0,0.0,Completed,1.57,2.38,,,1.58,2.45,1.54,2.4,1.63,2.54,20260715
33,Iasi,Iasi Open,2026-07-16,WTA250,Outdoor,Clay,2nd Round,3,Sherif M.,Quevedo K.,97,100.0,787,757.0,6.0,3.0,7,6,,,2.0,0.0,Completed,1.57,2.38,,,1.58,2.5,1.55,2.41,1.61,2.6,20260716
33,Iasi,Iasi Open,2026-07-16,WTA250,Outdoor,Clay,2nd Round,3,Oliynykova O.,Pridankina E.,52,201.0,1049,379.0,6.0,1.0,6,2,,,2.0,0.0,Completed,1.73,2.1,,,1.75,2.15,1.7,2.09,1.76,2.28,20260716
33,Iasi,Iasi Open,2026-07-16,WTA250,Outdoor,Clay,2nd Round,3,Badosa P.,Ibragimova A.,115,275.0,670,262.0,7.0,6.0,1,6,6,4,2.0,1.0,Completed,1.13,6.0,,,1.13,6.5,1.12,5.81,1.16,7.2,20260716
33,Iasi,Iasi Open,2026-07-16,WTA250,Outdoor,Clay,2nd Round,3,Udvardy P.,Kawa K.,71,142.0,950,547.0,1.0,6.0,7,5,6,2,2.0,1.0,Completed,1.73,2.1,,,1.81,2.1,1.73,2.05,1.74,2.3,20260716
33,Iasi,Iasi Open,2026-07-17,WTA250,Outdoor,Clay,Quarterfinals,3,Sherif M.,Putintseva Y.,97,82.0,787,877.0,6.0,2.0,3,6,7,6,2.0,1.0,Completed,2.2,1.67,,,2.32,1.73,2.19,1.65,2.28,1.76,20260717
33,Iasi,Iasi Open,2026-07-17,WTA250,Outdoor,Clay,Quarterfinals,3,Oliynykova O.,Burel C.,52,630.0,1049,72.0,6.0,4.0,7,5,,,2.0,0.0,Completed,1.67,2.2,,,1.73,2.3,1.68,2.14,1.75,2.3,20260717
33,Iasi,Iasi Open,2026-07-17,WTA250,Outdoor,Clay,Quarterfinals,3,Badosa P.,Udvardy P.,115,71.0,670,950.0,6.0,4.0,7,6,,,2.0,0.0,Completed,1.33,3.4,,,1.36,3.4,1.33,3.16,1.41,3.35,20260717
33,Iasi,Iasi Open,2026-07-17,WTA250,Outdoor,Clay,Quarterfinals,3,Zidansek T.,Marcinko P.,148,45.0,525,1145.0,6.0,3.0,7,5,,,2.0,0.0,Completed,2.63,1.5,,,2.65,1.5,2.61,1.47,2.92,1.51,20260717
33,Iasi,Iasi Open,2026-07-18,WTA250,Outdoor,Clay,Semifinals,3,Sherif M.,Oliynykova O.,97,52.0,787,1049.0,6.0,3.0,6,1,,,2.0,0.0,Completed,1.8,2.0,,,1.8,2.1,1.75,2.02,1.92,2.08,20260718
33,Iasi,Iasi Open,2026-07-18,WTA250,Outdoor,Clay,Semifinals,3,Badosa P.,Zidansek T.,115,148.0,670,525.0,3.0,6.0,7,5,7,6,2.0,1.0,Completed,1.29,3.75,,,1.29,3.9,1.27,3.63,1.3,4.2,20260718
33,Iasi,Iasi Open,2029-07-20,WTA250,Outdoor,Clay,The Final,3,Sherif M.,Badosa P.,97,115.0,787,670.0,6.0,4.0,4,0,,,1.0,0.0,Retired,2.75,1.44,,,2.75,1.54,2.56,1.49,1.78,1.54,20290720
34,Hamburg,Hamburg European Open,2026-07-20,WTA250,Outdoor,Clay,1st Round,3,Kalinina A.,Quevedo K.,56,101.0,1019,771.0,7.0,5.0,6,4,,,2.0,0.0,Completed,1.44,2.75,,,1.44,3.1,1.4,2.86,1.43,3.25,20260720
34,Hamburg,Hamburg European Open,2026-07-20,WTA250,Outdoor,Clay,1st Round,3,Stusek J.,Podoroska N.,435,537.0,138,100.0,4.0,6.0,6,3,6,4,2.0,1.0,Completed,4,1.25,,,4.0,1.29,3.77,1.25,4.4,1.27,20260720
34,Hamburg,Hamburg European Open,2026-07-20,WTA250,Outdoor,Clay,1st Round,3,Bondar A.,Uchijima M.,97,110.0,803,713.0,7.0,5.0,6,4,,,2.0,0.0,Completed,1.33,3.4,,,1.33,3.8,1.29,3.48,1.34,3.9,20260720
34,Hamburg,Hamburg European Open,2026-07-21,WTA250,Outdoor,Clay,1st Round,3,Udvardy P.,Pridankina E.,71,184.0,950,419.0,6.0,4.0,6,2,,,2.0,0.0,Completed,1.62,2.3,,,1.64,2.3,1.61,2.24,1.69,2.42,20260721
34,Hamburg,Hamburg European Open,2026-07-21,WTA250,Outdoor,Clay,1st Round,3,Kraus S.,Semenistaja D.,80,109.0,904,714.0,3.0,6.0,6,3,6,2,2.0,1.0,Completed,1.29,3.75,,,1.34,3.75,1.3,3.43,1.33,4.0,20260721
34,Hamburg,Hamburg European Open,2026-07-21,WTA250,Outdoor,Clay,1st Round,3,Putintseva Y.,Barthel M.,79,223.0,904,345.0,6.0,2.0,7,6,,,2.0,0.0,Completed,1.08,8.0,,,1.11,8.0,1.1,6.55,1.12,8.6,20260721
34,Hamburg,Hamburg European Open,2026-07-21,WTA250,Outdoor,Clay,1st Round,3,Romero Gormaz L.,Erjavec V.,153,100.0,500,775.0,6.0,2.0,6,2,,,2.0,0.0,Completed,2.1,1.73,,,2.11,2.0,2.05,1.75,2.22,1.8,20260721
34,Hamburg,Hamburg European Open,2026-07-21,WTA250,Outdoor,Clay,1st Round,3,Noha Akugue N.,Steiner V.,144,544.0,539,97.0,6.0,3.0,2,6,6,2,2.0,1.0,Completed,1.25,4.0,,,1.29,4.2,1.24,3.9,1.25,4.9,20260721
34,Hamburg,Hamburg European Open,2026-07-21,WTA250,Outdoor,Clay,1st Round,3,Carle M.,Niemeier J.,231,566.0,319,87.0,7.0,5.0,6,2,,,2.0,0.0,Completed,1.5,2.63,,,1.5,2.65,1.47,2.61,1.54,2.8,20260721
34,Hamburg,Hamburg European Open,2026-07-21,WTA250,Outdoor,Clay,1st Round,3,Charaeva A.,Sorribes Tormo S.,117,212.0,655,356.0,3.0,6.0,7,5,6,1,2.0,1.0,Completed,1.73,2.1,,,1.75,2.17,1.7,2.1,1.78,2.26,20260721
34,Hamburg,Hamburg European Open,2026-07-21,WTA250,Outdoor,Clay,1st Round,3,Korpatsch T.,Jimenez Kasintseva V.,81,119.0,899,645.0,4.0,6.0,7,5,1,0,1.0,1.0,Retired,1.4,3.0,,,1.42,3.0,1.39,2.89,1.46,3.15,20260721
34,Hamburg,Hamburg European Open,2026-07-21,WTA250,Outdoor,Clay,1st Round,3,Avanesyan E.,Rus A.,208,187.0,360,412.0,6.0,2.0,6,1,,,2.0,0.0,Completed,1.36,3.2,,,1.37,3.2,1.35,3.09,1.4,3.4,20260721
34,Hamburg,Hamburg European Open,2026-07-21,WTA250,Outdoor,Clay,1st Round,3,Oliynykova O.,Schunk N.,45,418.0,1132,147.0,6.0,2.0,3,6,7,5,2.0,1.0,Completed,1.33,3.4,,,1.37,3.6,1.32,3.26,1.37,3.6,20260721
34,Hamburg,Hamburg European Open,2026-07-22,WTA250,Outdoor,Clay,1st Round,3,Sherif M.,Waltert S.,73,91.0,935,846.0,5.0,7.0,6,4,7,6,2.0,1.0,Completed,1.57,2.38,,,1.65,2.38,1.59,2.27,1.64,2.52,20260722
34,Hamburg,Hamburg European Open,2026-07-22,WTA250,Outdoor,Clay,1st Round,3,Jacquemot E.,Brockmann T.J.,104,267.0,757,270.0,7.0,5.0,6,1,,,2.0,0.0,Completed,1.57,2.38,,,1.57,2.55,1.53,2.43,1.59,2.66,20260722
34,Hamburg,Hamburg European Open,2026-07-22,WTA250,Outdoor,Clay,1st Round,3,Badosa P.,Kawa K.,93,131.0,832,576.0,7.0,5.0,6,4,,,2.0,0.0,Completed,1.5,2.63,,,1.53,2.75,1.46,2.62,1.54,2.8,20260722
34,Hamburg,Hamburg European Open,2026-07-22,WTA250,Outdoor,Clay,2nd Round,3,Kalinina A.,Carle M.,56,231.0,1019,319.0,6.0,1.0,6,3,,,2.0,0.0,Completed,1.17,5.0,,,1.2,5.3,1.17,4.79,1.21,5.4,20260722
34,Hamburg,Hamburg European Open,2026-07-22,WTA250,Outdoor,Clay,2nd Round,3,Charaeva A.,Kraus S.,117,80.0,655,904.0,5.0,7.0,7,5,7,5,2.0,1.0,Completed,2.38,1.57,,,2.48,1.62,2.37,1.55,2.5,1.65,20260722
34,Hamburg,Hamburg European Open,2026-07-22,WTA250,Outdoor,Clay,2nd Round,3,Korpatsch T.,Stusek J.,81,435.0,899,138.0,6.0,0.0,3,6,6,3,2.0,1.0,Completed,1.17,5.0,,,1.21,5.5,1.16,5.03,1.17,6.6,20260722
34,Hamburg,Hamburg European Open,2026-07-22,WTA250,Outdoor,Clay,2nd Round,3,Bondar A.,Noha Akugue N.,97,144.0,803,539.0,6.0,1.0,3,6,7,5,2.0,1.0,Completed,1.25,4.0,,,1.25,4.2,1.22,3.97,1.25,4.8,20260722
34,Hamburg,Hamburg European Open,2026-07-23,WTA250,Outdoor,Clay,2nd Round,3,Sherif M.,Jacquemot E.,73,104.0,935,757.0,6.0,2.0,6,3,,,2.0,0.0,Completed,1.4,3.0,,,1.44,3.1,1.39,2.86,1.42,3.35,20260723
34,Hamburg,Hamburg European Open,2026-07-23,WTA250,Outdoor,Clay,2nd Round,3,Oliynykova O.,Romero Gormaz L.,45,153.0,1132,500.0,7.0,6.0,3,6,6,2,2.0,1.0,Completed,1.53,2.5,,,1.58,2.5,1.55,2.39,1.64,2.52,20260723
34,Hamburg,Hamburg European Open,2026-07-23,WTA250,Outdoor,Clay,2nd Round,3,Badosa P.,Udvardy P.,93,71.0,832,950.0,6.0,4.0,6,1,,,2.0,0.0,Completed,1.57,2.38,,,1.58,2.42,1.56,2.35,1.68,2.46,20260723
34,Hamburg,Hamburg European Open,2026-07-23,WTA250,Outdoor,Clay,2nd Round,3,Avanesyan E.,Putintseva Y.,208,79.0,360,904.0,6.0,3.0,2,6,6,2,2.0,1.0,Completed,2.63,1.5,,,2.65,1.57,2.54,1.49,2.92,1.5,20260723
34,Hamburg,Hamburg European Open,2026-07-24,WTA250,Outdoor,Clay,Quarterfinals,3,Bondar A.,Charaeva A.,97,117.0,803,655.0,6.0,1.0,7,6,,,2.0,0.0,Completed,1.53,2.5,,,1.57,2.5,1.54,2.42,1.57,2.62,20260724
34,Hamburg,Hamburg European Open,2026-07-24,WTA250,Outdoor,Clay,Quarterfinals,3,Sherif M.,Badosa P.,73,93.0,935,832.0,7.0,6.0,6,7,6,4,2.0,1.0,Completed,2.3,1.62,,,2.3,1.63,2.25,1.61,2.46,1.67,20260724
34,Hamburg,Hamburg European Open,2026-07-24,WTA250,Outdoor,Clay,Quarterfinals,3,Avanesyan E.,Oliynykova O.,208,45.0,360,1132.0,,,,,,,,,Walkover,2,1.8,,,2.1,1.91,1.93,1.83,1.95,2.02,20260724
34,Hamburg,Hamburg European Open,2026-07-24,WTA250,Outdoor,Clay,Quarterfinals,3,Korpatsch T.,Kalinina A.,81,56.0,899,1019.0,6.0,3.0,1,6,6,1,2.0,1.0,Completed,3.75,1.29,,,3.8,1.29,3.6,1.27,3.85,1.34,20260724
34,Hamburg,Hamburg European Open,2026-07-25,WTA250,Outdoor,Clay,Semifinals,3,Bondar A.,Avanesyan E.,97,208.0,803,360.0,7.0,6.0,4,6,7,6,2.0,1.0,Completed,1.5,2.63,,,1.54,2.63,1.51,2.5,1.58,2.7,20260725
34,Hamburg,Hamburg European Open,2026-07-25,WTA250,Outdoor,Clay,Semifinals,3,Korpatsch T.,Sherif M.,81,73.0,899,935.0,6.0,1.0,2,0,,,1.0,0.0,Retired,2.38,1.57,,,2.4,1.6,2.34,1.56,2.5,1.66,20260725
34,Hamburg,Hamburg European Open,2026-07-26,WTA250,Outdoor,Clay,The Final,3,Korpatsch T.,Bondar A.,81,97.0,899,803.0,6.0,3.0,6,3,,,2.0,0.0,Completed,2,1.8,,,2.1,1.85,2.01,1.77,2.16,1.84,20260726
35,Prague,Prague Open,2026-07-20,WTA250,Outdoor,Hard,1st Round,3,Dodin O.,Oktiabreva A.,362,403.0,175,155.0,6.0,3.0,6,3,,,2.0,0.0,Completed,3.4,1.33,,,3.4,1.44,2.99,1.38,3.35,1.41,20260720
35,Prague,Prague Open,2026-07-20,WTA250,Outdoor,Hard,1st Round,3,Snigur D.,Seidel E.,54,103.0,1027,767.0,7.0,5.0,3,6,6,3,2.0,1.0,Completed,1.2,4.5,,,1.24,4.5,1.21,4.28,1.25,4.8,20260720
35,Prague,Prague Open,2026-07-20,WTA250,Outdoor,Hard,1st Round,3,Bouzkova M.,Bouzas Maneiro J.,21,59.0,2019,1014.0,7.0,5.0,7,5,,,2.0,0.0,Completed,1.3,3.5,,,1.34,3.5,1.32,3.28,1.36,3.7,20260720
35,Prague,Prague Open,2026-07-20,WTA250,Outdoor,Hard,1st Round,3,Lee C.Y.,Podrez V.,179,140.0,428,553.0,6.0,1.0,5,7,6,2,2.0,1.0,Completed,1.67,2.2,,,1.73,2.28,1.66,2.17,1.88,2.12,20260720
35,Prague,Prague Open,2026-07-20,WTA250,Outdoor,Hard,1st Round,3,Havlickova L.,Parks A.,226,66.0,338,989.0,6.0,2.0,6,4,,,2.0,0.0,Completed,2.63,1.5,,,2.8,1.5,2.7,1.44,3.0,1.48,20260720
35,Prague,Prague Open,2026-07-20,WTA250,Outdoor,Hard,1st Round,3,Aksu A.,Costoulas S.,216,155.0,352,489.0,2.0,6.0,6,3,6,4,2.0,1.0,Completed,2.75,1.44,,,3.1,1.44,2.91,1.39,2.72,1.58,20260720
35,Prague,Prague Open,2026-07-20,WTA250,Outdoor,Hard,1st Round,3,Salkova D.,Ruzic A.,127,50.0,590,1062.0,7.0,6.0,6,4,,,2.0,0.0,Completed,2.1,1.73,,,2.1,1.76,2.06,1.73,2.22,1.8,20260720
35,Prague,Prague Open,2026-07-21,WTA250,Outdoor,Hard,1st Round,3,Hontama M.,Parry D.,203,60.0,382,1011.0,6.0,4.0,6,0,,,2.0,0.0,Completed,2.63,1.5,,,2.7,1.5,2.59,1.48,2.78,1.55,20260721
35,Prague,Prague Open,2026-07-21,WTA250,Outdoor,Hard,1st Round,3,Timofeeva M.,Sasnovich A.,84,133.0,881,574.0,6.0,3.0,6,4,,,2.0,0.0,Completed,2,1.8,,,2.1,1.81,2.02,1.76,2.12,1.88,20260721
35,Prague,Prague Open,2026-07-21,WTA250,Outdoor,Hard,1st Round,3,Bartunkova N.,Yuan Y.,44,121.0,1202,621.0,3.0,6.0,6,4,6,1,2.0,1.0,Completed,1.3,3.5,,,1.3,3.6,1.3,3.43,1.31,4.1,20260721
35,Prague,Prague Open,2026-07-21,WTA250,Outdoor,Hard,1st Round,3,Joint M.,Samson L.,77,150.0,907,503.0,6.0,4.0,3,6,6,2,2.0,1.0,Completed,1.53,2.5,,,1.62,2.5,1.54,2.41,1.71,2.38,20260721
35,Prague,Prague Open,2026-07-21,WTA250,Outdoor,Hard,1st Round,3,Tagger L.,Gao X.,74,244.0,922,298.0,6.0,2.0,6,4,,,2.0,0.0,Completed,1.5,2.63,,,1.57,2.63,1.53,2.46,1.62,2.48,20260721
35,Prague,Prague Open,2026-07-21,WTA250,Outdoor,Hard,1st Round,3,Valentova T.,Hon P.,63,158.0,1003,477.0,6.0,3.0,6,1,,,2.0,0.0,Completed,1.08,8.0,,,1.12,8.0,1.09,6.77,1.12,8.6,20260721
35,Prague,Prague Open,2026-07-21,WTA250,Outdoor,Hard,1st Round,3,Tararudee L.,Kovackova J.,82,553.0,883,92.0,6.0,3.0,5,7,6,2,2.0,1.0,Completed,1.25,4.0,,,1.29,4.0,1.26,3.68,1.28,4.5,20260721
35,Prague,Prague Open,2026-07-21,WTA250,Outdoor,Hard,1st Round,3,Bejlek S.,Blinkova A.,40,105.0,1269,749.0,7.0,6.0,3,6,6,1,2.0,1.0,Completed,1.5,2.63,,,1.57,2.63,1.51,2.5,1.63,2.58,20260721
35,Prague,Prague Open,2026-07-21,WTA250,Outdoor,Hard,1st Round,3,Krejcikova B.,Fruhvirtova L.,26,180.0,1679,426.0,6.0,2.0,6,4,,,2.0,0.0,Completed,1.14,5.5,,,1.14,6.1,1.13,5.6,1.16,7.0,20260721
35,Prague,Prague Open,2026-07-22,WTA250,Outdoor,Hard,2nd Round,3,Snigur D.,Aksu A.,54,216.0,1027,352.0,6.0,3.0,6,2,,,2.0,0.0,Completed,1.1,7.0,,,1.1,7.5,1.1,6.7,1.12,8.8,20260722
35,Prague,Prague Open,2026-07-22,WTA250,Outdoor,Hard,2nd Round,3,Bouzkova M.,Lee C.Y.,21,179.0,2019,428.0,7.0,5.0,6,4,,,2.0,0.0,Completed,1.17,5.0,,,1.19,5.5,1.17,4.87,1.18,6.4,20260722
35,Prague,Prague Open,2026-07-22,WTA250,Outdoor,Hard,2nd Round,3,Valentova T.,Joint M.,63,77.0,1003,907.0,1.0,6.0,6,0,6,3,2.0,1.0,Completed,1.3,3.5,,,1.34,3.5,1.31,3.35,1.34,3.85,20260722
35,Prague,Prague Open,2026-07-22,WTA250,Outdoor,Hard,2nd Round,3,Salkova D.,Dodin O.,127,362.0,590,175.0,6.0,1.0,6,1,,,2.0,0.0,Completed,1.33,3.4,,,1.38,3.5,1.34,3.16,1.35,3.75,20260722
35,Prague,Prague Open,2026-07-23,WTA250,Outdoor,Hard,2nd Round,3,Tararudee L.,Bartunkova N.,82,44.0,883,1202.0,7.0,6.0,3,6,7,6,2.0,1.0,Completed,2.63,1.5,,,2.75,1.57,2.65,1.46,3.0,1.49,20260723
35,Prague,Prague Open,2026-07-23,WTA250,Outdoor,Hard,2nd Round,3,Tagger L.,Hontama M.,74,203.0,922,382.0,6.0,4.0,6,4,,,2.0,0.0,Completed,1.36,3.2,,,1.4,3.2,1.37,2.98,1.45,3.15,20260723
35,Prague,Prague Open,2026-07-23,WTA250,Outdoor,Hard,2nd Round,3,Bejlek S.,Timofeeva M.,40,84.0,1269,881.0,6.0,1.0,6,1,,,2.0,0.0,Completed,1.62,2.3,,,1.74,2.63,1.63,2.24,1.75,2.28,20260723
35,Prague,Prague Open,2026-07-23,WTA250,Outdoor,Hard,2nd Round,3,Krejcikova B.,Havlickova L.,26,226.0,1679,338.0,6.0,4.0,6,2,,,2.0,0.0,Completed,1.08,8.0,,,1.11,8.0,1.08,7.11,1.11,9.2,20260723
35,Prague,Prague Open,2026-07-24,WTA250,Outdoor,Hard,Quarterfinals,3,Snigur D.,Tararudee L.,54,82.0,1027,883.0,6.0,0.0,6,3,,,2.0,0.0,Completed,1.44,2.75,,,1.5,2.75,1.45,2.67,1.54,2.84,20260724
35,Prague,Prague Open,2026-07-24,WTA250,Outdoor,Hard,Quarterfinals,3,Valentova T.,Bouzkova M.,63,21.0,1003,2019.0,2.0,6.0,6,4,7,6,2.0,1.0,Completed,2.5,1.53,,,2.5,1.57,2.43,1.53,2.58,1.62,20260724
35,Prague,Prague Open,2026-07-24,WTA250,Outdoor,Hard,Quarterfinals,3,Tagger L.,Bejlek S.,74,40.0,922,1269.0,6.0,3.0,6,4,,,2.0,0.0,Completed,3,1.4,,,3.0,1.45,2.83,1.4,3.05,1.47,20260724
35,Prague,Prague Open,2026-07-24,WTA250,Outdoor,Hard,Quarterfinals,3,Krejcikova B.,Salkova D.,26,127.0,1679,590.0,6.0,3.0,6,3,,,2.0,0.0,Completed,1.1,7.0,,,1.12,7.5,1.1,6.52,1.13,8.4,20260724
35,Prague,Prague Open,2026-07-25,WTA250,Outdoor,Hard,Semifinals,3,Snigur D.,Valentova T.,54,63.0,1027,1003.0,7.0,6.0,6,3,,,2.0,0.0,Completed,2.2,1.67,,,2.21,1.7,2.17,1.66,2.38,1.71,20260725
35,Prague,Prague Open,2026-07-25,WTA250,Outdoor,Hard,Semifinals,3,Tagger L.,Krejcikova B.,74,26.0,922,1679.0,6.0,7.0,6,3,7,6,2.0,1.0,Completed,5,1.17,,,5.5,1.17,5.14,1.15,6.0,1.19,20260725
35,Prague,Prague Open,2026-07-26,WTA250,Outdoor,Hard,The Final,3,Tagger L.,Snigur D.,74,54.0,922,1027.0,7.0,6.0,6,2,,,2.0,0.0,Completed,2.3,1.62,,,2.3,1.66,2.25,1.62,2.44,1.68,20260726
36,Memphis,Memphis Classic,2026-07-27,WTA250,Outdoor,Hard,1st Round,3,Joint M.,Osuigwe W.,76,197.0,936,388.0,6.0,4.0,6,1,	,,2.0,0.0,Completed,1.22,4.33,,,1.23,4.33,1.22,4.07,1.26,4.7,20260727
36,Memphis,Memphis Classic,2026-07-27,WTA250,Outdoor,Hard,1st Round,3,Volynets K.,Golubic V.,93,51.0,814,1088.0,7.0,5.0,2,6,7,6,2.0,1.0,Completed,1.62,2.3,,,1.62,2.55,1.56,2.38,1.68,2.46,20260727
36,Memphis,Memphis Classic,2026-07-27,WTA250,Outdoor,Hard,1st Round,3,Zakharova A.,Fruhvirtova L.,101,176.0,768,437.0,7.0,6.0,6,1,	,,2.0,0.0,Completed,1.5,2.63,,,1.54,2.63,1.48,2.55,1.56,2.72,20260727
36,Memphis,Memphis Classic,2026-07-27,WTA250,Outdoor,Hard,1st Round,3,Maria T.,Gibson T.,79,72.0,913,958.0,6.0,0.0,6,3,,	,2.0,0.0,Completed,2.38,1.57,,,2.4,1.65,2.3,1.58,2.48,1.65,20260727
36,Memphis,Memphis Classic,2026-07-27,WTA250,Outdoor,Hard,1st Round,3,Shymanovich I.,Brantmeier R.,205,486.0,378,118.0,6.0,4.0,6,3,	,,2.0,0.0,Completed,1.8,2.0,,,1.8,2.1,1.76,2.01,1.91,2.08,20260727
36,Memphis,Memphis Classic,2026-07-28,WTA250,Outdoor,Hard,1st Round,3,Prozorova T.,Sierra S.,181,86.0,433,867.0,6.0,1.0,5,7,6,2,2.0,1.0,Completed,1.8,2.0,,,1.8,2.1,1.75,2.02,1.86,2.14,20260728
36,Memphis,Memphis Classic,2026-07-28,WTA250,Outdoor,Hard,1st Round,3,Osorio M.,Hunter S.,56,180.0,1048,433.0,7.0,5.0,7,5,	,,2.0,0.0,Completed,1.36,3.2,,,1.41,3.2,1.36,3.03,1.4,3.45,20260728
36,Memphis,Memphis Classic,2026-07-28,WTA250,Outdoor,Hard,1st Round,3,Kalieva E.,Sebov K.,132,231.0,568,331.0,6.0,1.0,7,6,,	,2.0,0.0,Completed,1.44,2.75,,,1.57,2.8,1.46,2.64,1.52,2.86,20260728
36,Memphis,Memphis Classic,2026-07-28,WTA250,Outdoor,Hard,1st Round,3,Liutova K.,Alexandrova E.,229,19.0,336,2301.0,7.0,6.0,4,6,5,4,1.0,1.0,Retired,3,1.4,,,3.0,1.44,2.81,1.41,3.1,1.46,20260728
36,Memphis,Memphis Classic,2026-07-28,WTA250,Outdoor,Hard,1st Round,3,Sonmez Z.,Brace C.,52,254.0,1074,286.0,6.0,4.0,3,6,6,3,2.0,1.0,Completed,1.14,5.5,,,1.15,6.0,1.14,5.44,1.15,7.4,20260728
36,Memphis,Memphis Classic,2026-07-28,WTA250,Outdoor,Hard,1st Round,3,McNally C.,Wang Xiy.,73,94.0,954,808.0,4.0,6.0,6,3,7,6,2.0,1.0,Completed,1.53,2.5,,,1.57,2.63,1.53,2.45,1.52,2.84,20260728
36,Memphis,Memphis Classic,2026-07-28,WTA250,Outdoor,Hard,1st Round,3,Stearns P.,Stoiana M.,58,124.0,1017,603.0,6.0,7.0,6,0,6,4,2.0,1.0,Completed,1.57,2.38,,,1.6,2.4,1.56,2.35,1.64,2.52,20260728
36,Memphis,Memphis Classic,2026-07-28,WTA250,Outdoor,Hard,1st Round,3,Stephens S.,Starodubtseva Y.,320,62.0,213,1008.0,6.0,4.0,5,7,6,2,2.0,1.0,Completed,2.75,1.44,,,2.9,1.44,2.79,1.41,3.1,1.46,20260728
36,Memphis,Memphis Classic,2026-07-28,WTA250,Outdoor,Hard,1st Round,3,Vidmanova D.,Bassols M.,114,130.0,691,579.0,6.0,2.0,3,6,6,4,2.0,1.0,Completed,1.5,2.63,,,1.5,2.85,1.46,2.65,1.56,2.78,20260728
36,Memphis,Memphis Classic,2026-07-29,WTA250,Outdoor,Hard,1st Round,3,Ma Y.,Birrell K.,194,66.0,395,999.0,7.0,6.0,6,4,	,,2.0,0.0,Completed,5,1.17,,,5.0,1.22,4.78,1.17,5.3,1.2,20260729
36,Memphis,Memphis Classic,2026-07-29,WTA250,Outdoor,Hard,1st Round,3,Zarazua R.,Kessler M.,83,47.0,894,1125.0,6.0,4.0,6,1,	,,2.0,0.0,Completed,4,1.25,,,4.0,1.29,3.69,1.25,4.4,1.28,20260729
36,Memphis,Memphis Classic,2026-07-29,WTA250,Outdoor,Hard,2nd Round,3,Volynets K.,Shymanovich I.,93,205.0,814,378.0,6.0,4.0,6,2,,	,2.0,0.0,Completed,1.29,3.75,,,1.29,4.0,1.25,3.77,1.27,4.6,20260729
36,Memphis,Memphis Classic,2026-07-29,WTA250,Outdoor,Hard,2nd Round,3,Zakharova A.,Osorio M.,101,56.0,768,1048.0,6.0,4.0,6,3,,	,2.0,0.0,Completed,2.75,1.44,,,2.9,1.44,2.79,1.41,2.96,1.5,20260729
36,Memphis,Memphis Classic,2026-07-29,WTA250,Outdoor,Hard,2nd Round,3,Kalieva E.,Sonmez Z.,132,52.0,568,1074.0,3.0,6.0,7,5,7,5,2.0,1.0,Completed,2.63,1.5,,,2.65,1.5,2.57,1.49,2.88,1.52,20260729
36,Memphis,Memphis Classic,2026-07-30,WTA250,Outdoor,Hard,2nd Round,3,Zarazua R.,Maria T.,83,79.0,894,913.0,6.0,4.0,6,4,,	,2.0,0.0,Completed,2.38,1.57,,,2.42,1.62,2.31,1.58,2.44,1.68,20260730
36,Memphis,Memphis Classic,2026-07-30,WTA250,Outdoor,Hard,2nd Round,3,Liutova K.,Joint M.,229,76.0,336,936.0,3.0,6.0,6,3,6,3,2.0,1.0,Completed,2.3,1.62,,,2.5,1.66,2.29,1.6,2.44,1.68,20260730
36,Memphis,Memphis Classic,2026-07-30,WTA250,Outdoor,Hard,2nd Round,3,McNally C.,Ma Y.,73,194.0,954,395.0,6.0,2.0,6,3,,	,2.0,0.0,Completed,1.14,5.5,,,1.17,6.1,1.13,5.52,1.19,6.0,20260730
36,Memphis,Memphis Classic,2026-07-30,WTA250,Outdoor,Hard,2nd Round,3,Stearns P.,Prozorova T.,58,181.0,1017,433.0,6.0,1.0,6,2,,	,2.0,0.0,Completed,1.57,2.38,,,1.58,2.38,1.56,2.36,1.63,2.56,20260730
36,Memphis,Memphis Classic,2026-07-31,WTA250,Outdoor,Hard,2nd Round,3,Vidmanova D.,Stephens S.,114,320.0,691,213.0,6.0,2.0,6,4,,	,2.0,0.0,Completed,1.62,2.3,,,1.62,2.45,1.58,2.31,1.72,2.36,20260731
36,Memphis,Memphis Classic,2026-07-31,WTA250,Outdoor,Hard,Quarterfinals,3,Liutova K.,McNally C.,229,73.0,336,954.0,6.0,3.0,6,4,	,,2.0,0.0,Completed,3,1.4,,,3.0,1.4,2.91,1.38,3.2,1.44,20260731
36,Memphis,Memphis Classic,2026-07-31,WTA250,Outdoor,Hard,Quarterfinals,3,Kalieva E.,Stearns P.,132,58.0,568,1017.0,6.0,1.0,2,6,6,3,2.0,1.0,Completed,3.5,1.3,,,3.5,1.33,3.39,1.3,3.7,1.36,20260731
36,Memphis,Memphis Classic,2026-08-01,WTA250,Outdoor,Hard,Quarterfinals,3,Zarazua R.,Zakharova A.,83,101.0,894,768.0,6.0,4.0,6,0,,	,2.0,0.0,Completed,2.3,1.62,,,2.38,1.63,2.3,1.59,2.48,1.65,20260801
36,Memphis,Memphis Classic,2026-08-01,WTA250,Outdoor,Hard,Quarterfinals,3,Vidmanova D.,Volynets K.,114,93.0,691,814.0,6.0,4.0,6,7,6,1,2.0,1.0,Completed,2.75,1.44,,,2.75,1.47,2.67,1.45,2.72,1.57,20260801
36,Memphis,Memphis Classic,2026-08-01,WTA250,Outdoor,Hard,Semifinals,3,Liutova K.,Kalieva E.,229,132.0,336,568.0,7.0,5.0,6,1,	,,2.0,0.0,Completed,1.73,2.1,,,1.73,2.25,1.66,2.16,1.74,2.3,20260801
36,Memphis,Memphis Classic,2026-08-01,WTA250,Outdoor,Hard,Semifinals,3,Vidmanova D.,Zarazua R.,114,83.0,691,894.0,6.0,3.0,6,3,	,,2.0,0.0,Completed,1.67,2.2,,,1.7,2.28,1.65,2.18,1.77,2.26,20260801
36,Memphis,Memphis Classic,2026-08-02,WTA250,Outdoor,Hard,The Final,3,Liutova K.,Vidmanova D.,229,114.0,336,691.0,1.0,6.0,6,1,6,3,2.0,1.0,Completed,1.8,2.0,,,1.91,2.0,1.84,1.91,1.92,2.08,20260802
37,Washington,Citi Open,2026-07-27,WTA500,Outdoor,Hard,1st Round,3,Cocciaretto E.,Tauson C.,71,30.0,967,1564.0,4.0,6.0,7,6,7,6,2.0,1.0,Completed,3,1.4,,,3.15,1.4,2.99,1.37,3.4,1.41,20260727
37,Washington,Citi Open,2026-07-27,WTA500,Outdoor,Hard,1st Round,3,Fernandez L.A.,Linette M.,34,65.0,1344,1001.0,6.0,1.0,6,4,	,,2.0,0.0,Completed,1.53,2.5,,,1.53,2.63,1.51,2.52,1.55,2.76,20260727
37,Washington,Citi Open,2026-07-27,WTA500,Outdoor,Hard,1st Round,3,Navarro E.,Kenin S.,26,116.0,1674,684.0,6.0,0.0,7,5,	,,2.0,0.0,Completed,1.36,3.2,,,1.37,3.2,1.35,3.07,1.41,3.35,20260727
37,Washington,Citi Open,2026-07-27,WTA500,Outdoor,Hard,1st Round,3,Samsonova L.,Keys M.,70,22.0,970,1964.0,3.0,6.0,6,4,6,4,2.0,1.0,Completed,3.75,1.29,,,3.75,1.3,3.5,1.29,4.0,1.32,20260727
37,Washington,Citi Open,2026-07-28,WTA500,Outdoor,Hard,1st Round,3,Tjen J.,Sramkova R.,37,141.0,1282,549.0,6.0,4.0,6,2,	,,2.0,0.0,Completed,1.53,2.5,,,1.62,2.5,1.56,2.36,1.62,2.56,20260728
37,Washington,Citi Open,2026-07-28,WTA500,Outdoor,Hard,1st Round,3,Krueger A.,Boulter K.,67,69.0,997,987.0,3.0,6.0,6,2,6,2,2.0,1.0,Completed,1.57,2.38,,,1.58,2.5,1.55,2.41,1.6,2.62,20260728
37,Washington,Citi Open,2026-07-28,WTA500,Outdoor,Hard,1st Round,3,Kudermetova P.,Bucsa C.,108,40.0,708,1244.0,5.0,7.0,7,6,6,0,2.0,1.0,Completed,1.67,2.2,,,1.75,2.2,1.68,2.14,1.71,2.38,20260728
37,Washington,Citi Open,2026-07-28,WTA500,Outdoor,Hard,1st Round,3,Wang Xin.,Pareja J.,42,308.0,1193,224.0,7.0,6.0,6,3,,	,2.0,0.0,Completed,1.67,2.2,,,1.74,2.33,1.65,2.19,1.68,2.44,20260728
37,Washington,Citi Open,2026-07-28,WTA500,Outdoor,Hard,1st Round,3,Eala A.,Zheng Q.,28,123.0,1666,610.0,4.0,6.0,6,4,6,1,2.0,1.0,Completed,2.1,1.73,,,2.23,1.75,2.13,1.68,2.18,1.82,20260728
37,Washington,Citi Open,2026-07-28,WTA500,Outdoor,Hard,1st Round,3,Kalinskaya A.,Kasatkina D.,20,61.0,2007,1009.0,6.0,4.0,6,1,,	,2.0,0.0,Completed,1.5,2.63,,,1.52,3.2,1.44,2.7,1.51,2.88,20260728
37,Washington,Citi Open,2026-07-28,WTA500,Outdoor,Hard,1st Round,3,Frech M.,Li A.,48,31.0,1120,1541.0,6.0,4.0,6,3,	,,2.0,0.0,Completed,2.75,1.44,,,3.5,1.47,2.8,1.4,3.05,1.47,20260728
37,Washington,Citi Open,2026-07-29,WTA500,Outdoor,Hard,1st Round,3,Potapova A.,Williams V.,27,664.0,1667,64.0,6.0,3.0,6,3,	,,2.0,0.0,Completed,1.13,6.0,,,1.15,6.5,1.13,5.7,1.12,8.6,20260729
37,Washington,Citi Open,2026-07-29,WTA500,Outdoor,Hard,2nd Round,3,Eala A.,Fernandez L.A.,28,34.0,1666,1344.0,6.0,2.0,7,6,,	,2.0,0.0,Completed,1.8,2.0,,,1.8,2.02,1.77,2.0,1.87,2.12,20260729
37,Washington,Citi Open,2026-07-29,WTA500,Outdoor,Hard,2nd Round,3,Samsonova L.,Wang Xin.,70,42.0,970,1193.0,6.0,2.0,6,2,,	,2.0,0.0,Completed,1.53,2.5,,,1.55,2.63,1.51,2.5,1.58,2.68,20260729
37,Washington,Citi Open,2026-07-29,WTA500,Outdoor,Hard,2nd Round,3,Cocciaretto E.,Navarro E.,71,26.0,967,1674.0,6.0,3.0,4,6,6,3,2.0,1.0,Completed,2.75,1.44,,,2.8,1.53,2.64,1.46,2.98,1.49,20260729
37,Washington,Citi Open,2026-07-29,WTA500,Outdoor,Hard,2nd Round,3,Osaka N.,Krueger A.,13,67.0,3086,997.0,6.0,3.0,3,1,,	,1.0,0.0,Retired,1.3,3.5,,,1.41,3.5,1.37,3.02,1.43,3.25,20260729
37,Washington,Citi Open,2026-07-30,WTA500,Outdoor,Hard,2nd Round,3,Kalinskaya A.,Tjen J.,20,37.0,2007,1282.0,1.0,6.0,6,3,7,6,2.0,1.0,Completed,1.36,3.2,,,1.37,3.25,1.35,3.08,1.38,3.55,20260730
37,Washington,Citi Open,2026-07-30,WTA500,Outdoor,Hard,2nd Round,3,Pegula J.,Frech M.,3,48.0,6300,1120.0,3.0,6.0,6,3,6,0,2.0,1.0,Completed,1.07,9.0,,,1.09,9.0,1.08,7.38,1.1,10.0,20260730
37,Washington,Citi Open,2026-07-31,WTA500,Outdoor,Hard,2nd Round,3,Shnaider D.,Potapova A.,18,27.0,2458,1667.0,6.0,1.0,6,2,	,,2.0,0.0,Completed,1.8,2.0,,,1.83,2.01,1.79,1.97,1.89,2.08,20260731
37,Washington,Citi Open,2026-07-31,WTA500,Outdoor,Hard,2nd Round,3,Svitolina E.,Kudermetova P.,10,108.0,4351,708.0,7.0,6.0,6,4,,	,2.0,0.0,Completed,1.17,5.0,,,1.29,5.0,1.22,4.14,1.26,4.7,20260731
37,Washington,Citi Open,2026-07-31,WTA500,Outdoor,Hard,Quarterfinals,3,Pegula J.,Kalinskaya A.,3,20.0,6300,2007.0,6.0,3.0,7,5,	,,2.0,0.0,Completed,1.33,3.4,,,1.36,3.4,1.33,3.23,1.36,3.75,20260731
37,Washington,Citi Open,2026-07-31,WTA500,Outdoor,Hard,Quarterfinals,3,Osaka N.,Cocciaretto E.,13,71.0,3086,967.0,4.0,6.0,6,4,6,3,2.0,1.0,Completed,1.14,5.5,,,1.19,5.75,1.15,5.22,1.18,6.2,20260731
37,Washington,Citi Open,2026-07-31,WTA500,Outdoor,Hard,Quarterfinals,3,Shnaider D.,Samsonova L.,18,70.0,2458,970.0,6.0,3.0,6,4,	,,2.0,0.0,Completed,1.8,2.0,,,1.8,2.03,1.77,2.0,1.91,2.06,20260731
37,Washington,Citi Open,2026-08-01,WTA500,Outdoor,Hard,Quarterfinals,3,Eala A.,Svitolina E.,28,10.0,1666,4351.0,6.0,3.0,6,4,	,,2.0,0.0,Completed,2.3,1.62,,,2.3,1.67,2.23,1.62,2.38,1.7,20260801
37,Washington,Citi Open,2026-08-01,WTA500,Outdoor,Hard,Semifinals,3,Pegula J.,Shnaider D.,3,18.0,6300,2458.0,7.0,5.0,6,4,	,,2.0,0.0,Completed,1.25,4.0,,,1.25,4.0,1.24,3.84,1.3,4.2,20260801
37,Washington,Citi Open,2026-08-01,WTA500,Outdoor,Hard,Semifinals,3,Eala A.,Osaka N.,28,13.0,1666,3086.0,6.0,4.0,6,2,,	,2.0,0.0,Completed,2.3,1.62,,,2.4,1.62,2.32,1.57,2.5,1.66,20260801
37,Washington,Citi Open,2026-08-03,WTA500,Outdoor,Hard,The Final,3,Eala A.,Pegula J.,28,3.0,1666,6300.0,4.0,6.0,6,4,6,0,2.0,1.0,Completed,2.3,1.62,,,2.6,1.62,2.36,1.56,2.64,1.6,20260803
